category,split,query_id,candidate,target,reason,caption_1,caption_2
dress,train,dress_train_00002,B00EVKYJAC,B008KZR6WM,missing_candidate,3/4 sleeve black and white dress and more top covered,has short sleeve and is black color
dress,train,dress_train_00017,B00BBL2AM8,B007EBPVAW,missing_candidate,is brighter in color,is green and more revealing
dress,train,dress_train_00022,B00A8FA0IE,B00DGP705O,missing_target,is lighter and has shorter sleeves,is sleeveless and pink
dress,train,dress_train_00024,B00DRDIZFY,B00438R7EM,missing_candidate,strapless and more red.,puffier
dress,train,dress_train_00043,B00FNJDPNW,B008ULB33O,missing_candidate,is more colorful and revealing,is sleeveless and more fitted
dress,train,dress_train_00050,B008CO888C,B00E9MS2ZK,missing_target,has black and white pattern,is more plain
dress,train,dress_train_00081,B007CDYAAE,B00DJQN0MW,missing_target,has straps and is orange, more modern solid red
dress,train,dress_train_00088,B00A8FAI86,B00DH7DDRU,missing_target,is longer and has more design,is longer and lighter colored pattern
dress,train,dress_train_00091,B00CTA0NEW,B00CTA12Q0,missing_target,is long and strapless.,has striped pink near the bottom and a white top. Fit is a lot longer..
dress,train,dress_train_00101,B009LIFE80,B00DR8UJ08,missing_target,is patterned and more flowy.,Is less colorful
dress,train,dress_train_00119,B009EU9GHA,B007KJ0I3I,missing_candidate,is pink with short sleeves,is pink and long-sleeve
dress,train,dress_train_00124,B008006EU2,B00BN3FOA4,missing_target, is more casual,is in solid black.
dress,train,dress_train_00141,B004IK9BLC,B00BBUQZXO,missing_target,has yellow floral prints,is more colorful and longer
dress,train,dress_train_00144,B005LBYG4Y,B009YKC8DY,missing_target,is sleeveless and printed,no sleeves and a grey pattern
dress,train,dress_train_00153,B00AVWT55S,B00BP0WKPW,missing_candidate,is shorter,is white and shorter length with belt
dress,train,dress_train_00162,B00C65Y800,B00E1BG4Y0,missing_target,is tighter and no collar,is shorter
dress,train,dress_train_00164,B00D503P5Y,B00AHGAONU,missing_target,is short and black,darker and shorter
dress,train,dress_train_00165,B00F0K4N4O,B003VYAV5Q,missing_candidate,has thinner straps and is black,is darker and has thin straps
dress,train,dress_train_00174,B00CSI12W2,B009MPNO98,missing_candidate;missing_target,is a longer solid black sleeveless,is longer and all black
dress,train,dress_train_00186,B005SGATXE,B00D7847ZQ,missing_target,long black dress,is much longer and has no sleeves
dress,train,dress_train_00198,B00APC9I8S,B009KQVPPE,missing_candidate,has very short sleeves,is cap sleeved two piece outfit.
dress,train,dress_train_00227,B00AHGCAW8,B00DQ08TOK,missing_candidate,is a turtleneck dress,is warmer
dress,train,dress_train_00255,B00DN2E5UI,B006QQPFPW,missing_candidate,This dress has a tropical feel,hawaiian pattern and shallower neck
dress,train,dress_train_00264,B00AO1VSVK,B0055QA5JK,missing_candidate,is an off shoulder and floral,is darker and one-armed
dress,train,dress_train_00275,B003XIHXW4,B009H29KIU,missing_target,Is more evening and less whimsical, patterned and has sleeves
dress,train,dress_train_00279,B008LR38J4,B00AKB3ZC4,missing_candidate;missing_target,is striped,has black and white stripes and fits similarly.
dress,train,dress_train_00288,B00AHGAAUW,B007Z37CJC,missing_candidate,has longer sleeves,is grey and white with a tie waist
dress,train,dress_train_00293,B00DFW140K,B0050JBWCQ,missing_candidate,has longer sleeves in a darker color,Is a lighter coloring with flowers and no sleeves.
dress,train,dress_train_00299,B00C6XKSYW,B008CO7ODM,missing_candidate,is red with longer sleeves,is red with a bow tied in the front
dress,train,dress_train_00302,B00307RLL6,B00BBKYSJM,missing_target,is lighter,is bright yellow
dress,train,dress_train_00304,B00DSI8OQS,B008LRMY26,missing_candidate,is similar but more coloured with more blues and black,is more blue
dress,train,dress_train_00317,B0084YEHGC,B00CUALGAQ,missing_target,has longer sleeves and has a pattern,is more patterned and flowy
dress,train,dress_train_00328,B00BLHGQRC,B00BNRLBA2,missing_candidate;missing_target,Darker and see through,is darker and has shorter sleeves
dress,train,dress_train_00359,B00AO1VSVK,B00ANK78WK,missing_candidate,is more wordy and less of a dress,is not a dress
dress,train,dress_train_00366,B0032XUKTI,B00BCQR6DA,missing_target,chevron print spaghetti strap long dress,has spagetti straps and is much longer
dress,train,dress_train_00375,B007SV9DBQ,B00DI7BZI8,missing_target,is grey colored and has longer sleeves,is lighter colored and has long sleeves
dress,train,dress_train_00379,B009MB1LMO,B007C7J5KK,missing_candidate,is white with a black belt,is lighter in color
dress,train,dress_train_00420,B00C92NRNY,B004LLIRZE,missing_candidate,is younger looking and more revealing,is more flowery and shorter
dress,train,dress_train_00431,B00DPECFW4,B00A1AJCV2,missing_candidate,Is more lace and premium,is white on top half of it
dress,train,dress_train_00465,B00CC88A5U,B00A17VTVG,missing_candidate,is lighter,hot pink
dress,train,dress_train_00466,B00C6XKSYW,B0080BCXPQ,missing_candidate,is more of a solid black color,Has a different neckline and is a solid black color.
dress,train,dress_train_00467,B00BP407TO,B00AJLDUHA,missing_target,N/A,has lace overlay and a narrow belt
dress,train,dress_train_00468,B00DOYXC36,B00BXB7S5A,missing_candidate, and colorful with sleeves, dolem sleeved
dress,train,dress_train_00478,B009YMA3DY,B00FFYR9Q4,missing_target,is shinier,is more shiny
dress,train,dress_train_00485,B00C2PT60Q,B007VP29VU,missing_candidate,has long sleeves and shiny,Is brown and lace
dress,train,dress_train_00488,B00BNH2M1E,B00BNH3QAA,missing_target,is printed and has banded waist,is sleeveless and is a lighter solid color
dress,train,dress_train_00493,B007EDU8PS,B00AKR46Y4,missing_target,is black with a low neck and no sleeves,Sleeveless and looser with deeper v-neck
dress,train,dress_train_00496,B00BG3NNWM,B006WM4OCU,missing_candidate, and it's a solid red. That has no train,It is more colorful and stripped
dress,train,dress_train_00498,B00BX9IHQG,B0073QR7U0,missing_candidate,is a tube top and has a stripy pattern,is strapless and lighter colored
dress,train,dress_train_00527,B009PA4EN0,B00EE0Y4AY,missing_target,is longer and has shorter sleeves,has a pattern design
dress,train,dress_train_00547,B00APC9I8S,B009KQV00E,missing_candidate,v neck black and blue dress,Is more fitted and shorter sleeved
dress,train,dress_train_00556,B005G0TSRU,B00CE91NDS,missing_target,black one is more party wear,is blue
dress,train,dress_train_00558,B006YLWBN8,B008Q7SIJY,missing_candidate, longer with no sleeves,is a printed long summer dress
dress,train,dress_train_00562,B00936522I,B00E96GL9U,missing_target,has longer sleeves,has longer length and more rounded neck
dress,train,dress_train_00577,B007FP788K,B00CV183OG,missing_target,Is more traditional and less colorful,is solid black
dress,train,dress_train_00578,B0076IKKBS,B00FIEC49S,missing_target,Is darker with long sleeves and no prints.,is darker
dress,train,dress_train_00579,B002O177TK,B00CP3D1EW,missing_target,has a belt,is lighter with a layered
dress,train,dress_train_00581,B008OW2YQ4,B00DUQ6H0S,missing_target,is black and white,is more animal-like and patterned
dress,train,dress_train_00620,B00CJRV1HI,B00A88GD64,missing_candidate,is a multi colored striped dress,Is a lighter orange and bottom is striped.
dress,train,dress_train_00622,B00D8X9MQO,B007IR1SFE,missing_candidate,is skimpier and more romper-like,is sleeveless
dress,train,dress_train_00623,B0065WE3J6,B00A3G8R9C,missing_target,is more printed and lighter,Is shorter and more whimsical
dress,train,dress_train_00624,B006WM44AM,B00BG3NNWM,missing_target,is a floor lenght light blue dress,is blue with no straps
dress,train,dress_train_00627,B00APC9I8S,B00DRAYTPC,missing_candidate;missing_target,is much lighter and sleevless,is tan and sleeveless
dress,train,dress_train_00628,B00D86UK80,B00CPIZG7C,missing_candidate;missing_target, u shapes neck and has short sleeves,deeper neck and darker
dress,train,dress_train_00655,B00ASR7A1M,B00CXMLGT2,missing_target,has longer sleeves and more pink,has long sleeves and a v-neck
dress,train,dress_train_00671,B007RBHQGG,B00CJ5O9GK,missing_target,is sleeveless and colorblock top,is grey and white without sleeves
dress,train,dress_train_00687,B00DRDIY2I,B00CN3YPIU,missing_candidate,has leggings and boots,is more emo
dress,train,dress_train_00697,B00AZJJK6Q,B0069J53JY,missing_candidate,has more scoop neckline and is darker,has no sleeves and is dark colored
dress,train,dress_train_00712,B005XDB9WC,B00AHGAAUW,missing_target,is darker and has longer sleeves,short with grey front
dress,train,dress_train_00715,B00313IZ0U,B00EM639HO,missing_target,Is lighter and less structured,more plain and white
dress,train,dress_train_00718,B00E96GL9U,B0096NMCNU,missing_candidate,more fashioanble and looks perfect,has animal print
dress,train,dress_train_00719,B008LR38J4,B00CBDQ90E,missing_candidate,This pink dress is less delihtful and casual wear,Is more whimsical and colorful
dress,train,dress_train_00736,B00AKB3ZC4,B00AKB3TUC,missing_candidate,is teal with half sleeves,is lighter and professional
dress,train,dress_train_00740,B006ZHT4ZO,B00BEOJLKQ,missing_target,is long with black designs,is white
dress,train,dress_train_00753,B008E6IBEY,B00FGQRKMO,missing_target,is redder with longer sleeves,has more red and is a solid color
dress,train,dress_train_00755,B00AM2HT78,B00DEO1VD4,missing_target,is blue mini dress with long sleeves,is darker colored and longer sleeves
dress,train,dress_train_00767,B00AR9F3ZG,B007V8LCTC,missing_candidate,is a scoop neck with print and longer backside,is printed and long scouped neck
dress,train,dress_train_00768,B007GP61H8,B00D6E5RXW,missing_target,is slightly shorter,is shorter and solid
dress,train,dress_train_00785,B009ANVFZW,B00AJLDL24,missing_target,cross neck short black dress,shows cleveage
dress,train,dress_train_00835,B00D86UK80,B00A3ITMJE,missing_candidate,All white with a tapered hem,has spaghetti straps and is a brighter color
dress,train,dress_train_00851,B007U4S7O0,B00CJQ0RQA,missing_target,is purple with no sleeves and peplum on the hips,is purple and sleeveless
dress,train,dress_train_00861,B00COQ7RZY,B0015PZ018,missing_target,is pink and casual.,is orange with a keyhole neck
dress,train,dress_train_00871,B006WM44AM,B0010VF36E,missing_target,is darker with no ruffles,black with sheer portions
dress,train,dress_train_00882,B00BG3NNWM,B008BDR6IC,missing_candidate,has cap sleeves and is shorter,is short sleeved and black
dress,train,dress_train_00897,B008VPXVTS,B00E0WOXFM,missing_target,has longer sleeves,has longer sleeves
dress,train,dress_train_00901,B00CIQFBQW,B00BQX40X8,missing_candidate,is green and white and dotted,is a different color and is more colorful
dress,train,dress_train_00902,B00BLHYSFE,B00CIUJ5A6,missing_candidate,has a pattern and no sleeves,Is more colorful and whimsical
dress,train,dress_train_00909,B009VJ1TBA,B00A17ENFK,missing_target,is white with a single strap on the left shoulder,is short sleeved and red on top
dress,train,dress_train_00918,B004G8QNVC,B00DKMZ31G,missing_target,is solid pink and has long sleeves,is pink and covers shoulders
dress,train,dress_train_00922,B009ASCDLC,B00C1YX1AO,missing_target,is black with short sleeves,is black with red pattern
dress,train,dress_train_00939,B00CLE8SNE,B009E2DURU,missing_candidate,is sleeveless and black in color,is brown with a belt
dress,train,dress_train_00940,B009ZZI55I,B008BPVI9S,missing_candidate,has thin straps,is brown with a black belt and shorter length
dress,train,dress_train_00945,B00DSI8OQS,B00DSI8NNW,missing_candidate,is a long sleeved floral dress,is looser fitting
dress,train,dress_train_00952,B009NER9T4,B00ELQUS88,missing_candidate;missing_target,is black and gray with cap sleeves,is grey and black
dress,train,dress_train_00963,B00D4LVAWE,B002TKJL68,missing_candidate, short,hits at mid thigh
dress,train,dress_train_00969,B00CIPLGAS,B00DH8XYF0,missing_target,is white and black in color,is sleeveless and bold stripes
dress,train,dress_train_01003,B00BYN092Q,B00B1TODH0,missing_target,Is more charcoal and more chic,is black with shorter sleeves and more slimming
dress,train,dress_train_01007,B00ANK6LT6,B00C87GHPU,missing_candidate,Is more whimsical and blue,has no sleeves and multicolored
dress,train,dress_train_01023,B0073ETG7Y,B00DPE1DD6,missing_target,Darker and longer,has no sleeves
dress,train,dress_train_01026,B009ZZI55I,B00BL4T93S,missing_candidate,is purple with short sleeves,is purple with sleeves
dress,train,dress_train_01028,B0090KHAU4,B00EPYRBHW,missing_target,is floral print dress with longer sleeves,has longer sleeves and darker black
dress,train,dress_train_01041,B00FIEC49S,B00E9SDZVU,missing_candidate;missing_target,is orange with a shorter length,is brighter coloured with a higher neck
dress,train,dress_train_01054,B00AJLDUHA,B0092Z2HSC,missing_candidate,has longer sleeves and is a solid color,is darker colored and has longer sleeves
dress,train,dress_train_01063,B00BNRB788,B00CLE8SNE,missing_target,Pink and business attire, more casual and yellow
dress,train,dress_train_01077,B008L0LH7G,B00ARODRCM,missing_target,is darker with less metallic highlights,is sexier and less shiney
dress,train,dress_train_01104,B00AVWT55S,B004TLF0BK,missing_candidate,Is darker with a belted waist.,is darker and blacker
dress,train,dress_train_01118,B00A6WAFLG,B00EM4SIPO,missing_target,has thin straps and solid black,is tight
dress,train,dress_train_01125,B00CIUJ5A6,B00EM95BWW,missing_target,a gray 3/4 sleeve dress,has longer sleeves
dress,train,dress_train_01133,B00BG3NNWM,B00DHD4JI6,missing_candidate;missing_target,is darker blue in color and has straps, shorter and sexier
dress,train,dress_train_01135,B009YK9DK0,B00767QEWI,missing_candidate,Longer and looser,is maroon with cap sleeves
dress,train,dress_train_01141,B004TJ2XC6,B00CTA2XBI,missing_target,has thin straps with white and light blue tone,is small straps with two toned top and bottom
dress,train,dress_train_01166,B0091XASDQ,B007FGVUDI,missing_candidate,is not strapless and is a lighter color,has a higher neck
dress,train,dress_train_01186,B00EEGIN3W,B007C7IA7E,missing_candidate,is white and strapless,is longer
dress,train,dress_train_01189,B006ZU2B06,B00DUR5CF8,missing_target,has long sleeves and an animal print,has an animal print
dress,train,dress_train_01192,B00AJLDL24,B00AW8XGH4,missing_candidate,white in color with black straps,has no sleeves and black and white colored
dress,train,dress_train_01194,B009NER9V2,B00DGKFAMO,missing_target,more casual with no design,is red and short sleeved
dress,train,dress_train_01202,B00AO1VSVK,B00BQCJYQ2,missing_candidate,is more wordy and less of a dress,is not a dress
dress,train,dress_train_01203,B009MB1LMO,B005LCD0QI,missing_candidate,has spaghetti straps,is more black and white striped and has straps
dress,train,dress_train_01206,B007N1LUP8,B00BNRH1O2,missing_target,is shorter and blue toned,has a shorter length and is more blue
dress,train,dress_train_01215,B00A4CHBZQ,B009KQUIDY,missing_candidate,is purple with long sleeves, with longer sleeves
dress,train,dress_train_01218,B0066CUWUO,B009YK9DK0,missing_target,is solid blacl,Is black
dress,train,dress_train_01221,B00BXB7DC8,B00DEDN4EY,missing_target,is a white tube dress,is more revealing
dress,train,dress_train_01228,B00CN4Y228,B00E9OQU66,missing_candidate;missing_target, patterned and has more colours, round neckline and patterned design
dress,train,dress_train_01235,B00APYB2SU,B00BBUR6P0,missing_candidate,has no sleeves and is solid blue,is sleeveless
dress,train,dress_train_01270,B00EM4SIPO,B00AKIDAFY,missing_candidate,Is more colorful and strapless,has a multi colored top pattern
dress,train,dress_train_01290,B00DEDN4EY,B00E0EP8TA,missing_candidate;missing_target,is red and has half sleeves,is 3/4 sleeved and red
dress,train,dress_train_01298,B00AZYXPDA,B008CVS7EK,missing_target,is shorter and is green and blue,has a blue and green pattern and a belt
dress,train,dress_train_01324,B008CPTBIC,B00BX9A3M2,missing_target,has a scoop neck and is a darker blue,is slightly flared and animal printed
dress,train,dress_train_01393,B007HI744S,B00CWGEQS2,missing_target,is black and more fitted,IS black and goes around the neck.
dress,train,dress_train_01407,B00CDBSZHY,B00E9926XC,missing_candidate;missing_target,is more classy,is red with frills
dress,train,dress_train_01423,B008KZR6WM,B00ARFVRP0,missing_target,Is less form fitting and has pattern.,is more flowing and patterned
dress,train,dress_train_01432,B00DM2H6EQ,B00DM2HWFO,missing_target,is red with longer sleeves,has longer sleeves and red in color
dress,train,dress_train_01440,B002YX01MS,B00BQWYOSK,missing_target,is green and white,is green with two sleeves
dress,train,dress_train_01444,B002TYZH6W,B00A16E7TS,missing_target,Is lighter and has longer sleeves,is more blue and has longer sleeves
dress,train,dress_train_01472,B009LEFUD8,B00DMZTOMK,missing_target,is black and white diamond plaid with black short sleeves,short sleeves
dress,train,dress_train_01485,B003QCISDK,B00CBWVP7M,missing_target,has no belt and is orange,is orange and not fitted at waist
dress,train,dress_train_01486,B007TUE70S,B00A76OZZI,missing_target, white,is solid black and has lace
dress,train,dress_train_01500,B004W4YRD6,B00AO1VSVK,missing_target,has red Yoana Baraschi and shorter knee,is lighter and shorter
dress,train,dress_train_01515,B00ASK6R2W,B0094E3N2U,missing_candidate,is a blue dress with sleeves,is turquoise with long sleeves
dress,train,dress_train_01525,B009CSUZ4C,B00CLMBJEQ,missing_target,less sexy,solid white and has a higher neckline
dress,train,dress_train_01531,B008LR38J4,B00AMYTS52,missing_candidate,has a v neck and solid black,is darker and has shorter sleeves
dress,train,dress_train_01576,B00B2JINEI,B007ZKC37G,missing_candidate,lighter color and has a V neck,is black and white with longer sleeves
dress,train,dress_train_01577,B00CQ0A0FC,B004FN1UFC,missing_candidate,is sleeveless and one color with a v neck,is in a more blue coloring.
dress,train,dress_train_01585,B00BLG3A7M,B00EVKYJAC,missing_target, black and shorter sleeves,is purple with patterns
dress,train,dress_train_01606,B00CTA12Q0,B0053WRGB6,missing_candidate,is shorter,has spaghetti straps and is striped with a shorter length
dress,train,dress_train_01617,B00D6E5YAS,B007WR2QDS,missing_candidate,has narrower shoulder straps with longer skirt,has a longer train in back and no sleeves
dress,train,dress_train_01620,B00BCX9IX4,B00AK9KZSI,missing_candidate,has shoulder free cut and is long,is sleeveless and longer
dress,train,dress_train_01623,B00C2PT60Q,B007ZWRCC0,missing_candidate;missing_target,is solid white and shiner,is lighter
dress,train,dress_train_01629,B00FLNS92C,B00DGP0NIK,missing_candidate;missing_target,has a higher neck and has designs,is darker
dress,train,dress_train_01637,B00CP3D1EW,B00BW9LSCC,missing_candidate,is strapless and white,is longer and flowing
dress,train,dress_train_01642,B0094QXA5S,B00DPEC2JU,missing_target,is a long green dress,has shorter sleeves and is slightly longer
dress,train,dress_train_01654,B00A2X78HI,B00BG0TKHW,missing_target,collared black dress with belt,has less sleeves and comes in all black.
dress,train,dress_train_01656,B00BXZ1ZWI,B00BXZ24SM,missing_candidate;missing_target,has no black belt,has short sleeves and no belt
dress,train,dress_train_01657,B00CN4XVGG,B00B81XW5A,missing_candidate;missing_target,has a busier print with less solids,has more pattern
dress,train,dress_train_01665,B0036MEHQ2,B00ASK6R2W,missing_target,black dress looks casual,Is more sexy and shorter
dress,train,dress_train_01679,B00CPIZG7C,B00EXFP9N6,missing_candidate,is more modest and red polka dots of white,Is longer with with a shell type top.
dress,train,dress_train_01689,B00ARV26FY,B0087YZEES,missing_candidate,is a darker color,is black and rounded neck
dress,train,dress_train_01727,B008LR38J4,B008HUMHLA,missing_candidate,is darker, ruffled
dress,train,dress_train_01729,B00C6XKSYW,B007E9XB88,missing_candidate,is darker and has longer sleeves,is a solid and yellow stripe
dress,train,dress_train_01734,B00E0WOHDK,B006M3UPFY,missing_candidate,is military green colored with a v neck,should have a V neck and sleeveless
dress,train,dress_train_01736,B00EE0Y4AY,B0058ZAYAS,missing_candidate,Is more long sleeved and less revealing,is long sleeved and black
dress,train,dress_train_01770,B005Z4JT26,B00D86UK80,missing_target,has no sleeves and a lighter color,is shorter
dress,train,dress_train_01772,B00DPE1OIA,B006QSEFXS,missing_candidate,is an olive green skirt,is shorter and darker in color
dress,train,dress_train_01777,B009ZRKV6W,B00CB08Y50,missing_target,is a long sleeve mini shirt dress light in color, more fitted
dress,train,dress_train_01786,B0091GQPVM,B00EETDREE,missing_target,a dress and is light in color,is a short sleeve dress
dress,train,dress_train_01808,B009MB1LMO,B008HSWX4I,missing_candidate,is teal colored,has a turquoise top
dress,train,dress_train_01811,B006YLW0XE,B006YLWBN8,missing_target,has longer sleeves and plain pattern and is beige colored,it tan with short sleeves
dress,train,dress_train_01823,B00DO9PN6U,B00CM73M3Q,missing_target,Has bright stripes and long sleeves.,is shorter and more patterned
dress,train,dress_train_01835,B00EEGIN3W,B005LCB7MC,missing_candidate,is more revealing,is more flowing and summery
dress,train,dress_train_01853,B00ABF083S,B006GF7OUW,missing_candidate,is green and longer,has no sleeves and is green colored
dress,train,dress_train_01857,B00AKW5QKW,B00CN5KY10,missing_candidate,is more darker,slimmer and more flowy
dress,train,dress_train_01871,B0077SLJEE,B00EKT1M18,missing_target,is less revealing and longer,is longer in length and less revealing
dress,train,dress_train_01872,B00A76ZL3S,B00A7729BE,missing_target,has longer sleeves and a subtler pattern,is shorter and has longer sleeves
dress,train,dress_train_01898,B00715G3US,B00CJR1MMW,missing_target,is more form fitted with metallic accents,is more fitted
dress,train,dress_train_01902,B00CN4Y42Q,B00C4Q2RO0,missing_candidate,is blue colored,is a darker color and has a black belt
dress,train,dress_train_01944,B00E1BGLAM,B0014WW0CY,missing_candidate,is pink in color and has shorter sleeves,has a collar and short sleeves
dress,train,dress_train_01949,B00BN5IZJE,B008622KSO,missing_candidate,is less open at the cleavage,is black with a higher neckline
dress,train,dress_train_01956,B00DPE1OIA,B009EONFVO,missing_candidate,more patterened with a looser skirt,is purple and patterned
dress,train,dress_train_01969,B00E5ASVWU,B00AJLDMC8,missing_candidate,Has Jax written on it,is not a dress
dress,train,dress_train_01972,B00CTA12Q0,B000IIXZ74,missing_candidate,has a halter top and is longer,has spaghetti straps
dress,train,dress_train_01975,B00AFDJ0KS,B00AV5J6YK,missing_candidate,is darker and has sleeves,The desired product has long sleeves and the provided product does not.
dress,train,dress_train_02009,B00CJ5O9GK,B007RBHPOE,missing_candidate,is strongly paterned,has more of a busy pattern
dress,train,dress_train_02012,B00EEGIN3W,B009MB2V1E,missing_candidate,Is shorter with colorful stripes.,is colorful with straps
dress,train,dress_train_02017,B008AHK4C4,B00DVFJCY6,missing_target, and it's pale pink,It is more dotted and less flowery
dress,train,dress_train_02019,B0053Y6UKC,B00EW87WZC,missing_target,is black with thin straps,Light & Dark color
dress,train,dress_train_02033,B00E0WOHDK,B005AQCH6E,missing_candidate,is purple and sleeveless,has less components
dress,train,dress_train_02040,B00DRCJ4HI,B00AFDJ0KS,missing_target,is shorter and has straps,has a deep v neckline and is patterned and sleeveless
dress,train,dress_train_02043,B006PA8A9W,B00C40UACM,missing_target,has a floral pattern,cuter with long sleeves
dress,train,dress_train_02048,B00D1KROY6,B00A3NBGAM,missing_candidate,is sleeveless with a black,has no sleeves
dress,train,dress_train_02059,B007FP788K,B00DW5F84I,missing_target,shorter sleeves and more red,is red and shorter
dress,train,dress_train_02060,B0094S5PW2,B00A7VL7X6,missing_target,Is  sexier and more fitted,is darker
dress,train,dress_train_02065,B00CJRV1HI,B008FXBB9I,missing_candidate,is less colourful,is solid black with striped upper body
dress,train,dress_train_02074,B00CIQFBQW,B007ZXM7BK,missing_candidate,has a cowl neck and is lighter,is too thin looking
dress,train,dress_train_02081,B009YK9DK0,B009T6W8HY,missing_candidate,is more business formal maroon,has a red top
dress,train,dress_train_02118,B0091XASDQ,B0086U706S,missing_candidate,not sleevless and casual,is not revealing and not shiny
dress,train,dress_train_02119,B00816HLAC,B00BUU18Q4,missing_target,is solid navy blue,darker and has better shoulders
dress,train,dress_train_02124,B00858G64S,B00D4K2YAM,missing_target,is solid black with longer sleeves,longer
dress,train,dress_train_02126,B00C1YX1AO,B008Z91E3U,missing_candidate,is more blue,has shorter sleeves and more blue
dress,train,dress_train_02136,B00AHGAAUW,B004NRNCA6,missing_candidate,is longer and a darker color,is black with a belt and ankle length
dress,train,dress_train_02140,B00D9OXFE2,B002X7A3SC,missing_candidate,is longer and more elegant,has contrast stitching and narrower neckline
dress,train,dress_train_02148,B006MQT4BM,B00BEDAQUQ,missing_target,Is shorter with long sleeves,has longer sleeves and is shorter
dress,train,dress_train_02149,B00C4Q2RPE,B00D4K44SC,missing_candidate;missing_target,is a red and black dress and not tight,is red with a black top
dress,train,dress_train_02152,B00C40Y85W,B00B2CG7RK,missing_candidate;missing_target,is the same,is exactly the same
dress,train,dress_train_02155,B0088IFDH6,B00E0EPP4I,missing_target,Is a short,is more vibrant mint green
dress,train,dress_train_02165,B00B2JINEI,B007JLQFEI,missing_candidate,is a shimmering green.,is a green velvet coloring.
dress,train,dress_train_02167,B00A6X2EXM,B00BC8PHRK,missing_target,is all white toned,is more brighter
dress,train,dress_train_02174,B00ANK6LT6,B00AO1VIBA,missing_candidate;missing_target,is the purple dress,is purple with sleeves
dress,train,dress_train_02179,B008VTIUV8,B009ZZI55I,missing_target,is more solid and more off the shoulder,Is more plain with shorter  sleeves
dress,train,dress_train_02181,B009CRVL8W,B00CX7YU0Y,missing_target,Is more frilly,is black with long sleeves
dress,train,dress_train_02184,B00D7MZJEA,B004ZWQGYI,missing_candidate,is red in color and sleeveless and longer,is longer and red
dress,train,dress_train_02195,B00943P1VW,B00D7EJJDU,missing_target,is black with a gold pattern and is more dressy,is black short and has long sleeve
dress,train,dress_train_02214,B00BNRLBA2,B004YHIHK0,missing_candidate,is black with three quarter length sleeves,is darker and has sleeves
dress,train,dress_train_02216,B00CZ8VQ8K,B00BXYRABY,missing_candidate;missing_target,has wider straps and is less sexy,is more simple and is green in colour
dress,train,dress_train_02218,B007SV9DBQ,B00DH787SK,missing_target,is lighter and defined,Is more casual and chic
dress,train,dress_train_02219,B00DI7BZI8,B008BKYQXS,missing_candidate,is darker and more animal print,has an animal print and is darker
dress,train,dress_train_02225,B00BYSRPM8,B0060F8FC4,missing_candidate,is plain white and more fitted,is tighter and has a higher neckline
dress,train,dress_train_02231,B0050A70S0,B00CY92VPW,missing_target,is blue and has two straps,Has more 2 shoulders and is more blue
dress,train,dress_train_02241,B00AM2KWGI,B0089Y8R68,missing_candidate,is black and sleeveless,is tighter and black
dress,train,dress_train_02246,B00D7MZJEA,B008DGYVU8,missing_candidate,is solid in color,is solid black and rounded neckline
dress,train,dress_train_02247,B00DQ449W2,B00EAIX7VC,missing_target,ist a lighter red with shorter sleeves,is more vibrant red
dress,train,dress_train_02268,B0091XASDQ,B0070DTUM4,missing_candidate,has scooped neck and polka dot pattern,has colorful dots and has straps
dress,train,dress_train_02276,B0093ZDMXK,B00E4HGK4A,missing_target,is shorter and longer sleeved,is magenta with shorter length and longer sleeves
dress,train,dress_train_02299,B00F0K4N4O,B003VYAVI8,missing_candidate,is black colored and longer sleeves,is black with long sleeves
dress,train,dress_train_02302,B00CPKGWDW,B00DMWKZ3K,missing_target,is a more solid blue color,has longer sleeves and is darker in color
dress,train,dress_train_02312,B00C2PSYJK,B00ABXKHXG,missing_candidate,Has a different color,is gray and less revealing up top
dress,train,dress_train_02313,B00DS1BSH2,B003W3DRWK,missing_candidate,v neck knee length black dress,is black and sleeveless
dress,train,dress_train_02333,B00BIY352M,B00DLU0VO6,missing_candidate,light blue and shorter,is periwinkle blue
dress,train,dress_train_02354,B008PASLO4,B00DI1NPLO,missing_target,is not white and has more texture.,is shorter
dress,train,dress_train_02355,B00AM2KWGI,B00ARNSPT8,missing_candidate,is a brighter color with no pockets,has lots of red
dress,train,dress_train_02359,B0058W6Q5S,B00A8KZIC2,missing_target,is not casual and in a solid color,is long sleeve dress and more dressy
dress,train,dress_train_02371,B00APC9I8S,B00DS1BUFW,missing_candidate,is longer and a lighter color,is longer and tan
dress,train,dress_train_02387,B00816HLAC,B00B1EZAS6,missing_target,long sleeved and less fitted,Is completely black
dress,train,dress_train_02389,B008AK0IWW,B00B6D99ZW,missing_target,Is a babydoll cut silver dress,is shorter
dress,train,dress_train_02394,B008LR38J4,B007KZHMZO,missing_candidate,aztec cap sleeve and shorter,is stripe and has shorter sleeve
dress,train,dress_train_02405,B00C61I82I,B00DUGA0KG,missing_candidate,is more colorful and revealing,has spaghetti straps and is a darker dolor
dress,train,dress_train_02418,B0035WTC7C,B00E5ASNDW,missing_target,Is more sexy,is black with gold trim at the top
dress,train,dress_train_02421,B00CTA12Q0,B004QGY0Q4,missing_candidate,Is shorter with ruffled straps and busy print,is shorter with a floral pattern
dress,train,dress_train_02437,B00A88ZTO6,B00A2WSXMS,missing_candidate,is darker and more busy,is darker
dress,train,dress_train_02454,B00816HLAC,B00E0H3K4C,missing_target,has long sleves and is solid black,is a darker solid color and has longer sleeves
dress,train,dress_train_02464,B0032XUKTI,B00BD42AS2,missing_target,is white and gray and longer,Is longer and lighter in color
dress,train,dress_train_02496,B00DME430E,B00CO36PKK,missing_candidate;missing_target,has no sleeves,is darker in color with shorter sleeves
dress,train,dress_train_02505,B003U6XV2A,B00COJ5X5M,missing_target,is darker,is darker and more solid
dress,train,dress_train_02527,B00BQMZIE4,B00CY7OLMK,missing_candidate,Is longer with a paisley pattern.,is much longer and darker in color
dress,train,dress_train_02534,B00DCTM83I,B009NEAHX4,missing_candidate,is a metallic gold color, has square pattern and less revealing
dress,train,dress_train_02535,B007Y3CO3C,B00DM2FZMQ,missing_target,is black with longer sleeves,has no sleeves and has art patterns
dress,train,dress_train_02541,B007T9HN1Y,B00BC8O8X4,missing_target,is longer and more black,is spaghetti strap and longer in length and less dressy
dress,train,dress_train_02546,B00CE8UA42,B00E96MOW8,missing_target, and more form fitted,is black and white
dress,train,dress_train_02557,B00CC9W6Z4,B00EKTYVUC,missing_candidate;missing_target,has longer sleeves and dark shades with prints inside, tan colored
dress,train,dress_train_02576,B00COJ5X5M,B00ARH0THA,missing_candidate,has slits and is bright in color,more white with floral pattern
dress,train,dress_train_02578,B00B1TNWSG,B00BYNDWIO,missing_target,is blue with short sleeves,Is more blue and has a v neck cut
dress,train,dress_train_02586,B00CTA0NEW,B009MB1LMO,missing_target,has no straps,is red with stripes at the bottom.
dress,train,dress_train_02602,B00CE91NDS,B004QGY51Y,missing_candidate,has no collar and is lighter in color,is printed and shorter
dress,train,dress_train_02618,B008LR38J4,B008R9FD2G,missing_candidate,is tighter at the bottom,is black with long sleeves
dress,train,dress_train_02619,B0090JSKRW,B00DM2FVOS,missing_target,is solid black,is darker in color
dress,train,dress_train_02622,B0074H8JR8,B0095G99DO,missing_target,is white and shorter sleeves,is solid white and shorter
dress,train,dress_train_02642,B00AM2HT78,B00D4LVAWE,missing_target,is patterned with a belt,has a pattern
dress,train,dress_train_02645,B00DPECFW4,B007PMBZHS,missing_candidate,has less print with straps,has a bright pattern and thicker straps
dress,train,dress_train_02670,B00DGKFAMO,B0092K9XV6,missing_candidate,is black in color and has a bow tie,is blacker
dress,train,dress_train_02685,B00AM2KWGI,B0033WS7NE,missing_candidate,is red with shorter sleeves,is red with short sleeves
dress,train,dress_train_02711,B008OW2YQ4,B00D3F802E,missing_target,has a green and blue pattern,is in floral blue and black print only.
dress,train,dress_train_02747,B006YLWBN8,B0065URZ7U,missing_candidate,is longer with no sleeves,a little longer and striped
dress,train,dress_train_02751,B007HI6WV4,B00AHOYZR8,missing_target,has a small sleeve and less flared skirt in black,is shorter and black
dress,train,dress_train_02785,B00CM5VFQ4,B00CSX162I,missing_candidate,sleeveless and all black,black and tighter
dress,train,dress_train_02786,B00CZ8VQ8K,B00BQTNDLW,missing_candidate;missing_target,has wider straps and is less sexy,is more simple and is green in colour
dress,train,dress_train_02795,B00DPE1DD6,B006WM43S0,missing_candidate,purple red brown and white dress,is shorter and striped
dress,train,dress_train_02808,B0065WE3J6,B00A1ATYHY,missing_target,is more printed and lighter,Is shorter and more whimsical
dress,train,dress_train_02813,B00DMZV946,B00D4K4D56,missing_candidate;missing_target,is bold black and white,is black and white
dress,train,dress_train_02819,B00BX9I73Y,B00C2PSYJK,missing_candidate;missing_target,is black with high black lace,Black see-through designs
dress,train,dress_train_02843,B00CC88A5U,B00CKJY7V2,missing_candidate,is more plain with a v shaped neck,is more red and more slim
dress,train,dress_train_02844,B008BRFCDO,B00D7MZJEA,missing_target,is long sleeves and black with some white strips,black and whte
dress,train,dress_train_02869,B00FGQRMTK,B00FXIGRJM,missing_candidate,is sleeveless with a brighter red and different neckline,is in solid deep red.
dress,train,dress_train_02878,B009V1LHRE,B009VJ1JT2,missing_candidate,is orange with long sleeves,Its much bigger in width and orange while the provided product is black and short.
dress,train,dress_train_02890,B00DF21VDU,B005KOYR4Q,missing_candidate,is darker and sleeveless,It is more plain and less colorful
dress,train,dress_train_02904,B00CSI12W2,B00359GB42,missing_candidate,is black and sleeveless,is solid black
dress,train,dress_train_02907,B008YRA7PO,B00EZQH3HS,missing_target,has more pattern and colour,is shorter and has a halter sleeve
dress,train,dress_train_02918,B009NER9T4,B00DJQMU2S,missing_candidate;missing_target,is a darker color,Is a dark dress with a similar top
dress,train,dress_train_02924,B00CHNIWHG,B009WPTHK8,missing_candidate,is tighter,is more shiny
dress,train,dress_train_02927,B00BEJ31HU,B009VDCOEW,missing_candidate,is completely black and white with black belt,has less blue and more white with a loose arm fitting.
dress,train,dress_train_02928,B0076IKDSI,B00CTLHGFU,missing_target,is more tight and has a consistent deign throughout,is less colorful
dress,train,dress_train_02929,B008OVOKQM,B00EURQL9S,missing_target,its black with long sleeves,is black with long sleeves
dress,train,dress_train_02931,B0071N0U4U,B00BYSRPM8,missing_target,is lighter blue with pink patterns,no pattern down front and looser
dress,train,dress_train_02938,B007R1VASQ,B00DN49HKO,missing_target,has more contrasting colors,Has longer sleeves and is more brown.
dress,train,dress_train_02941,B008006EU2,B00DJM8GGG,missing_target,is black and grey,has a halter top and is a darker color
dress,train,dress_train_02943,B00D3F802E,B00CBDQWM4,missing_candidate;missing_target, green,has longer sleeves and is lighter colored
dress,train,dress_train_02946,B00C6XKSYW,B00DM16TSG,missing_candidate,longer sleeved and blue,is blue and gray with sleeves
dress,train,dress_train_02959,B00EKT2ELU,B0087Y21F8,missing_candidate,Is darker and has an empire waist.,is much darker
dress,train,dress_train_02985,B008A6AU2Y,B00DJQMQB8,missing_target,Tighter and black and white,is more beige
dress,train,dress_train_03001,B0087Y21F8,B00DRD079G,missing_target,is white,is white and more pencil-like
dress,train,dress_train_03003,B00A88ZTO6,B003COZFCO,missing_candidate,is darker,is multicolored with a low neckline.
dress,train,dress_train_03004,B0033WS3OC,B00AM2KWGI,missing_target,has longer sleeves and is a lighter color,has longer sleeves
dress,train,dress_train_03005,B00DB0R63K,B00DJ4AEXM,missing_candidate,is long with no straps and sleeves. Bright,is a longer peach dress.
dress,train,dress_train_03030,B00E9OR1YG,B00D4K4C0W,missing_candidate;missing_target,is lighter,is grey with black trim
dress,train,dress_train_03039,B00DPEC2JU,B00898BAPE,missing_candidate,is more orange with longer sleeves,is more purple and has sleeves
dress,train,dress_train_03089,B00DGP705O,B00A8FA0IE,missing_candidate,is shorter and sexier,is more form fitting with longer sleeves
dress,train,dress_train_03093,B00BEJ31HU,B0091GQPVM,missing_candidate,is a black v shaped neck top with black pants,is a black jacket and trousers set
dress,train,dress_train_03097,B00B2IY1KY,B00DX5WFS4,missing_target,is blue with short sleeves,more formed and lightly colored
dress,train,dress_train_03107,B00DYVECX8,B006QUEIYC,missing_candidate,u shaped neck pale with shorter sleeves,is more solid and has shorter sleeves
dress,train,dress_train_03115,B00BQX4C3Q,B00E0WRNXG,missing_target,Has sleeves and is a solid color.,is red and more open at the bottom
dress,train,dress_train_03125,B008LR38J4,B005QNE6TW,missing_candidate,is a maroon sleeveless dress,is sleeveless and fitted
dress,train,dress_train_03138,B0017YRD1M,B00EM4UKMS,missing_target,has long sleeves,has more of a print to it
dress,train,dress_train_03140,B005U94BGK,B00CBV3XZK,missing_target,is more white toned with 3/4 sleeves,is white and black with shorter sleeves
dress,train,dress_train_03154,B007FP4YBO,B00B3PUJDE,missing_target,is light colored and sleeveless,is more pink and more sparkly.
dress,train,dress_train_03158,B008FXBEBS,B00CJRV1HI,missing_target,it looks like a two piece and has floral print,is below the knee and muted colors
dress,train,dress_train_03164,B00C40Y85W,B00AKR43JC,missing_candidate,has no sleeves and is shorter,is much shorter
dress,train,dress_train_03184,B008VUZF92,B00BWISZDS,missing_target,is lighter and longer,is sleeveless and is red higher cut collar
dress,train,dress_train_03194,B00CGYK8OG,B00CGYJZXG,missing_target,is a white dress with a closed top part,is lighter and has longer sleeves
dress,train,dress_train_03196,B003AM874G,B00BCMG914,missing_target,has straps, blus with scoop neckline
dress,train,dress_train_03201,B00DZ7D3WM,B007OWTBB6,missing_candidate,is a white and black form fitting with a cutout dress, yellow
dress,train,dress_train_03214,B008OW31Y8,B00BJTTVUG,missing_target,is longer and has floral,is longer with more blue color
dress,train,dress_train_03236,B005KILUWO,B00CXWW43E,missing_target,shorter sleeves and striped,is sleeveless and black and white striped.
dress,train,dress_train_03243,B004IWRIMY,B00BIDT5XG,missing_target,has short front and long back and more casual,is pink and longer
dress,train,dress_train_03265,B0088D23DS,B00E3MKG14,missing_target,A short mint dress with long sleeves.,is light blue with long sleeves
dress,train,dress_train_03276,B00B1TOMZS,B00DGP741Y,missing_target,is long pink color and open wide neck,is in pink
dress,train,dress_train_03280,B00AQCICS4,B00DW1ZN06,missing_target,is a high-low dress,is more pink with gray print
dress,train,dress_train_03283,B00DN2EQVG,B00AYWXFLK,missing_candidate,is a black london times, pink flowers on sides
dress,train,dress_train_03285,B00AOI31O0,B00BNH2M1E,missing_candidate,is longer and transparent at the bottom,is longer and darker
dress,train,dress_train_03301,B00BIXZVW0,B00DRCIW26,missing_candidate;missing_target,Is more business like and more simple, solid blue
dress,train,dress_train_03303,B00CYA781I,B009E2E0RE,missing_candidate,3/4 sleeved knee length black dress,is a black and pleaded
dress,train,dress_train_03341,B007P04FX6,B00ASI8AR4,missing_target,sleeveless and dark colored,is black and more casual
dress,train,dress_train_03344,B00A890DQY,B00APYBNR0,missing_candidate,is a short sleeved floral dress,is a company name and not a dress
dress,train,dress_train_03345,B008PQIE8G,B00BJTZ95C,missing_target,is more american,has longer sleeves and is patterned
dress,train,dress_train_03373,B00AVWT7Q0,B00C92NS88,missing_target,is black with a solid cardigan,Blue and white dot dress with Dark blue jacket.
dress,train,dress_train_03383,B00CHNIWHG,B009WPTE06,missing_candidate,has a blue print and longer sleeves,is more blue with longer sleeves
dress,train,dress_train_03391,B00BUUR43K,B0085YGZB6,missing_candidate,is more official,is more form fitting
dress,train,dress_train_03392,B0091XASDQ,B007PXPKO6,missing_candidate,has sexy large neck and more orange color,has cold shoulder sleeves
dress,train,dress_train_03394,B00EEGIN3W,B004P5P024,missing_candidate,is a rainbow stripped skirt,has a halter neckline and is a zebra pattern
dress,train,dress_train_03395,B007RB7LP2,B00DIXJEN0,missing_target,knee length dress with black belt,has a leopard design
dress,train,dress_train_03414,B00APC9I8S,B00ABXKTJI,missing_candidate,Has short sleeves and a scoop neck,has shorter sleeves and is darker
dress,train,dress_train_03425,B009OB36BG,B00APSRH44,missing_candidate;missing_target, shorter,is pink and shorter
dress,train,dress_train_03452,B00CX7YU0Y,B00FW6GN62,missing_candidate,is shorter sleeves andfitted,is lighter grey with less sleeves.
dress,train,dress_train_03456,B00BNRPI24,B006SFCEX2,missing_candidate,a short black dress,is black and shorter
dress,train,dress_train_03515,B007FP788K,B00BZTCGY8,missing_target,Is shorter and more shiney,is purple and shorter.
dress,train,dress_train_03516,B0087Y21F8,B00APFQOD2,missing_target,Is brighter with a geometric pattern.,has longer sleeves and bright colored
dress,train,dress_train_03531,B009RWA2DC,B007CLSXNG,missing_candidate,has long sleeves,has long sleeves
dress,train,dress_train_03543,B005XID8J4,B00361FM12,missing_target,has tank top and flowing bottom,is more blue and has straps
dress,train,dress_train_03549,B004JHXEQ2,B00DMW339I,missing_target,has three quarter sleeves and is blue and black,has long sleeves and is black and blue
dress,train,dress_train_03556,B00CEX5WV8,B00ATCB1KM,missing_target, red at bottom and shorter,is shorter
dress,train,dress_train_03563,B00D7MZJEA,B007M8PB3O,missing_candidate,is longer and flowy,is red and longer
dress,train,dress_train_03576,B00DJM8EYU,B008U8XQQO,missing_candidate,has longer sleeves with black and white pattern,has longer sleeves
dress,train,dress_train_03586,B003YKEZLI,B00APYBS8Y,missing_target,has shorter sleeves and less shiner,is shorter and tigher
dress,train,dress_train_03589,B004071WF6,B00BRE22OU,missing_target, has a diagonal hemline,has shorter sleeves and has more design to it.
dress,train,dress_train_03593,B00BSNKK62,B00CV18O18,missing_target,has longer sleeves and solid blue,is blue and less revealing
dress,train,dress_train_03597,B00AM2KWGI,B0033WS6EE,missing_candidate,has a faded floral pattern,has shorter sleeves and patterns
dress,train,dress_train_03602,B00AUBH9BW,B00C6WTPX8,missing_candidate;missing_target,is darker in color with short sleeves, shinier and has smaller straps
dress,train,dress_train_03606,B00AAILTPW,B00BWPQISA,missing_candidate,has tank top with pattern,is purple and less revealing
dress,train,dress_train_03615,B00C6XKSYW,B007RAEQ24,missing_candidate,is yellow and shorter,is more colrful
dress,train,dress_train_03616,B008AJ092M,B00BUUR43K,missing_target,is black with short sleeves,is black and more revealing
dress,train,dress_train_03621,B00BM9KPSK,B00DS24QZ2,missing_target,is darker with longer sleeves,is black and shorter
dress,train,dress_train_03627,B00CYA7GEC,B009LIFCA0,missing_candidate,is grey in colour,is light grey and longer
dress,train,dress_train_03644,B00AHGCAW8,B00D6JCCNK,missing_candidate,Is a blue a line dress with a bow.,is all blue with a belt around the waist
dress,train,dress_train_03652,B004IK9BLC,B00AO1VEYG,missing_target,is black with lace top close neckline,is less tight and darker
dress,train,dress_train_03655,B00DN3FFCE,B005FDSKAY,missing_candidate,The First one looks less mature,is shorter with a belt and shorter sleeves
dress,train,dress_train_03677,B00AHOYT0G,B003BT62JU,missing_candidate,is shiny white with thin straps,is shinier and not cinched at waist
dress,train,dress_train_03713,B00A76U0NY,B00GX9SPR2,missing_candidate,has longer sleeves and a blue pattern,has longer sleeves
dress,train,dress_train_03717,B00BUUR43K,B004JHXEQ2,missing_candidate,is white in color,has a lower neckline and is more junior
dress,train,dress_train_03740,B009R74S6O,B00DUR6GQ2,missing_target,has shorter sleeves,has shorter sleeves
dress,train,dress_train_03743,B00EURQL9S,B009ESAKHC,missing_candidate,white top and light pink skirt dress,is a pink skirt
dress,train,dress_train_03785,B00C4110EI,B00C40ZL8U,missing_candidate;missing_target,is more form fitting in the sleeves,is tighter around the waist
dress,train,dress_train_03792,B00DRCJ270,B00CJJXCBY,missing_candidate;missing_target,is shinier and shorter sleeved,has no sleeves and is light blue
dress,train,dress_train_03812,B00AVWT55S,B007H3HUZ6,missing_candidate,has open v neck with black belt and beige skirt,is a tan skirt with brown belt
dress,train,dress_train_03840,B007FP4YBO,B00BNRPI24,missing_target,printed and longer,lighter color with pattern ankle length
dress,train,dress_train_03845,B00D7MZJEA,B00C6T4SF6,missing_candidate;missing_target,is a skater black dress,is black and more revealing
dress,train,dress_train_03848,B005MN4UCO,B00C9C70T6,missing_target,Black over white and more revealing,is lighter and more revealing
dress,train,dress_train_03852,B006WM4QGY,B00CYA7GEC,missing_target,has a square shap,has tiered skirt and V-neckline
dress,train,dress_train_03863,B00CY92VPW,B006PDWT82,missing_candidate,is teal colored,is longer and more green
dress,train,dress_train_03864,B006MPVXAS,B00DJM8EYU,missing_target,is less complicated and pink,is pink ans slightly more flaired.
dress,train,dress_train_03885,B00DSI8Y2C,B006JYB5JG,missing_candidate,This dress has a more flattering pattern,is printed and 3/4 sleeves
dress,train,dress_train_03896,B00EVKYJAC,B008GSEC0W,missing_candidate,has a u shaped neck and is black,is shortsleeve and black
dress,train,dress_train_03903,B00DH7E1W6,B00BYNEFC6,missing_candidate,is blue in color,is blue with only one shoulder strap
dress,train,dress_train_03914,B007XCGVH4,B00DVG0VOA,missing_target,has longer sleeves and a different pattern,Has  longer sleeves and is more elegant
dress,train,dress_train_03920,B00CJRV1HI,B008FXBEBS,missing_candidate,Is a pattern dress with blue jacket., not as shiny
dress,train,dress_train_03922,B00CY8KO48,B00DGLUMMQ,missing_candidate,has shorter sleeves and a different pattern,has no sleeves and is multicolored
dress,train,dress_train_03927,B00BUUR43K,B004JHXC8M,missing_candidate,is much longer,is longer
dress,train,dress_train_03929,B00DRZUSH0,B00B7VW5F4,missing_candidate,is longer with no sleeves,is shinier
dress,train,dress_train_03933,B003ULNDT6,B009NF4HEI,missing_target,is sleeveless and tighter,is more tight
dress,train,dress_train_03938,B009YK9DK0,B004LVO8ZM,missing_candidate,is yellow with floral designs,has ruffles and is lighter colored
dress,train,dress_train_03961,B00BCMG914,B00AKTTYFI,missing_candidate,is black in color,is black
dress,train,dress_train_03969,B00AMQUX5O,B005SN1HX8,missing_candidate,I am looking for a red dress that is a little more formal,has long sleeves in red velvet.
dress,train,dress_train_03973,B00ASK6R2W,B00606F0PI,missing_candidate,is black with no lace,has less revealing neck link
dress,train,dress_train_03992,B007N0BY8W,B00AMQUX5O,missing_target,is more revealing in a darker color,is darker
dress,train,dress_train_03993,B0067LQGYK,B00ASUZ8TK,missing_target,is less sexy,is sleeveless and is darker grey
dress,train,dress_train_04025,B00767LE8W,B00E4M1KAE,missing_target,is shorter with more colors,has patterns
dress,train,dress_train_04030,B00BJ0Q3II,B00APSRFO6,missing_candidate;missing_target,is solid grey in color,is grey with wide bottom
dress,train,dress_train_04050,B00F0K4N4O,B0073O9B7E,missing_candidate,is darker in color and has a belt,is darker
dress,train,dress_train_04054,B00D76NBIM,B00A4CHL56,missing_candidate,Is more satin and has more coverage,is shinier and more silver
dress,train,dress_train_04085,B00AYWQSL4,B003RI360I,missing_candidate,is longer with a v neck and printed,is looser and patterned
dress,train,dress_train_04109,B00DUO9F3Q,B00FPIGCQS,missing_candidate;missing_target,is solid red with long sleeves,has longer sleeves and less revealing
dress,train,dress_train_04116,B00A4CHBZQ,B00BX9IHQG,missing_candidate;missing_target,is purple with rhinestones,is darker and more fitting
dress,train,dress_train_04117,B00DH9Y2JQ,B00BGM35XK,missing_candidate,has a black and pink pattern,a longer striped dress without arms.
dress,train,dress_train_04120,B00APYB2SU,B00BXZ1ZWI,missing_candidate;missing_target,is belted and plain red,is red and has a belt
dress,train,dress_train_04155,B0088D23DS,B00DGJZAY8,missing_target,is frillier and has a belt,is more flowy
dress,train,dress_train_04159,B00BN5IZJE,B008YF593G,missing_candidate,is half sleeved. It's dark magenta,has a dark coloring with a tinge of red.
dress,train,dress_train_04180,B00AKTD2BU,B007NGI998,missing_candidate,is white with a lower neck,is white and short
dress,train,dress_train_04184,B00EE0Y4AY,B008PFWYZ6,missing_candidate,is shorter and has sleeves,Is shorter and less patterned.
dress,train,dress_train_04185,B00AV5J6YK,B00DSI8Y2C,missing_target,is gray and black with checkers,is darker
dress,train,dress_train_04200,B00BXB7DC8,B00DOYXC36,missing_target,is a plain red dress,is solid hot pink
dress,train,dress_train_04217,B00A2Y31TG,B00CPKJP54,missing_candidate;missing_target,sleeveless and black,is all black
dress,train,dress_train_04218,B006YLWBN8,B00CP7JZNY,missing_candidate, plain blue and a slim fit,is animal print and fitted
dress,train,dress_train_04247,B00APC9I8S,B00APFQOP0,missing_candidate,is sleeveless and has a black gray and pink pattern,more pink and angled skirt
dress,train,dress_train_04248,B00B3PUJDE,B004Z5COA0,missing_candidate,is tighter and darker,is black with longer sleeves
dress,train,dress_train_04329,B008DGYVU8,B00DH9Y2JQ,missing_target,is more formal,is purple and fitted
dress,train,dress_train_04358,B00AYJITFA,B00DS1BSH2,missing_candidate;missing_target,is shorter and has shorter sleeves,shorter in length and has shorter sleeves
dress,train,dress_train_04363,B00C3WOYHS,B00DRDIY2I,missing_target,is a black body con,has a strap on only one side and is black
dress,train,dress_train_04365,B00DH8Y1MK,B00B5TTFDI,missing_candidate,is shorter and more revealing,is orange and sleeveless
dress,train,dress_train_04388,B00FIEC49S,B006WM4JH0,missing_candidate,black and white with a halter top,is shorter and sleeveless
dress,train,dress_train_04391,B00BHO1FSE,B00AW8XDSG,missing_target,is more fitted and pale grey with black patterns,is a lighter color and is tighter
dress,train,dress_train_04393,B00D7MZJEA,B007N0BYDC,missing_candidate,is yellow and has short sleeves,is brighter with shorter hem
dress,train,dress_train_04396,B00EEGIN3W,B00D6CSRWC,missing_candidate;missing_target,is more revealing,lighter colored and no sleeves
dress,train,dress_train_04410,B007U4S7O0,B00DF1N35A,missing_target,has horizontal stripes and longer sleeves,has sleeves and stripes
dress,train,dress_train_04511,B00E6MFZE4,B00C75S1HK,missing_candidate,is blue with black designs,is lighter in color
dress,train,dress_train_04519,B00DPE1DD6,B009365SEK,missing_candidate,is teal colored,has short knee and is blue color
dress,train,dress_train_04534,B009KQV00E,B00AY7T38O,missing_target,is lighter blue and plainer,has a rounded neck
dress,train,dress_train_04539,B006TAM724,B00CDH26DC,missing_target,is longer with black and white strips,has more stripes
dress,train,dress_train_04567,B00CBUSHT8,B00FABP5A4,missing_candidate,is solid white with three quarter sleeves,is more simple
dress,train,dress_train_04577,B00E1BFI60,B00E1BGLAM,missing_candidate;missing_target,is black with red bands at waist and longer sleeves,is 3/4 sleeved and belted waist
dress,train,dress_train_04579,B00BLHYSFE,B009VDCY38,missing_candidate,Is lighter with a floral print and sleeveless., patterned and capped sleeved
dress,train,dress_train_04580,B00DW1ZN06,B00BCX9IX4,missing_candidate;missing_target,has a length above the knees,is longer and strapless
dress,train,dress_train_04589,B008PQIE8G,B00CSQ0J4G,missing_target,is black and is one piece,is black with shorter straps
dress,train,dress_train_04596,B00DOYXC36,B00BXB7DC8,missing_candidate,has the top white and is high low,Is a high-low style dress with pleats
dress,train,dress_train_04601,B009NF4HEI,B003ULNDT6,missing_candidate,3/4 sleeved black dress,Is black and  has longer sleeves
dress,train,dress_train_04625,B007520NXU,B00DWXNC9I,missing_target,Is a black mid length a line dress,is a little thinner.
dress,train,dress_train_04641,B00A76U0NY,B00AK7B4NK,missing_candidate, cream in color,Is more whimsical and revealing
dress,train,dress_train_04642,B00AKOTFBQ,B00DKMI0O8,missing_target,is looser and more elegant,is more flowing with long sleeves
dress,train,dress_train_04690,B00AKTDEHW,B00F8OHHPO,missing_candidate;missing_target,3/4 sleeved purple dress,is a maroon and has sleeves
dress,train,dress_train_04705,B009VYW3Y2,B00BBTAX10,missing_target,has shorter sleeves and is a solid lighter color,is white with white belt
dress,train,dress_train_04707,B0093ZDMXK,B00BL0631I,missing_target,has longer sleeves and shorter length,is blue with stripes and longer sleeves
dress,train,dress_train_04758,B00C6WTPX8,B00AUBH9BW,missing_candidate;missing_target,Is black and white,striped
dress,train,dress_train_04762,B002W5V2JO,B00DEBO3WI,missing_target,is dark and is less revealing.,is darker and has short sleeves
dress,train,dress_train_04779,B0084NN9JY,B00D6E5YAS,missing_target,has a rounder neckline with less prominent belted waist,has shorter sleeves
dress,train,dress_train_04780,B00E5ASVWU,B008OVPTBW,missing_candidate,is longer in back,has long sleeves and more revealing
dress,train,dress_train_04781,B00CSI12W2,B008HSV3Q2,missing_candidate,has a longer hem,is much longer
dress,train,dress_train_04787,B006LFOX4M,B00FLNS92C,missing_target,This dress is shorter,the dress is blue and has longer sleeves
dress,train,dress_train_04790,B002YD95KW,B00DPE1BYC,missing_target,has 3/4 length sleeve and solid color,is blue with frills
dress,train,dress_train_04816,B002UD64V4,B00DX5WE9E,missing_target,is more mature,is purple and more open
dress,train,dress_train_04845,B0087JI3TG,B00AHOYT0G,missing_target,has a high neck,sleeveless black dress.
dress,train,dress_train_04850,B00CIUJ5A6,B00BLHYSFE,missing_target,is a black and grey with no flowers,has short sleeves and is solid black on top
dress,train,dress_train_04852,B00AKTD2BU,B00AKTDEHW,missing_candidate;missing_target,is shorter with gray designs,Light & Dark color
dress,train,dress_train_04869,B0040QDX6S,B00A0BI83K,missing_target,is more patterned with symmetric neckline,is not off shoulder and is black and white
dress,train,dress_train_04887,B009RWA2DC,B00DFN5MMU,missing_candidate,is a light shade,is grey and more casual
dress,train,dress_train_04911,B00CN4Y228,B008P92PAG,missing_candidate,is black and white striped patterned,is black and v necked
dress,train,dress_train_04913,B008DSPOHA,B00AWNFU4Q,missing_target,Is more chic and western,is belted and full dress
dress,train,dress_train_04927,B008F5WQRC,B007Z3V8WO,missing_candidate,is black and shiny,is a long black dress with a leg slit and has no straps.
dress,train,dress_train_04954,B00A88ZTNW,B00A890DQY,missing_target,is short with light grey and yellow tones,has more color
dress,train,dress_train_04957,B00D7MZJEA,B00AMNYBPA,missing_candidate,is a light pink shade,is peach with spaghetti straps
dress,train,dress_train_04987,B00FB65DI2,B007ZPXM6W,missing_candidate,the white dress fits well and looks casual,has a plain pattern
dress,train,dress_train_04988,B00C6WTPX8,B00BMLUSGW,missing_candidate;missing_target,is bright and floral,has less varied colors and a longer skirt.
dress,train,dress_train_04994,B00D76NBIM,B00BUMLDF8,missing_candidate,short sleeved light pink dress,has no sleeves and is lighter and pink.
dress,train,dress_train_04999,B00777ZGMQ,B00CF1M492,missing_target,is more red,has wider sleeves
dress,train,dress_train_05003,B00CO36J8S,B00DME430E,missing_target,Has long sleeves,has longer sleeves and is purple colored
dress,train,dress_train_05019,B00DGP705O,B00EOHTR7M,missing_candidate,has a wide belt and more stripes,is shorter
dress,train,dress_train_05020,B00D992SEA,B00EAIWOPW,missing_target,Has long-sleeves and has more comfort,is more grey and has long sleeves
dress,train,dress_train_05025,B009TU7MYE,B00DPE1OIA,missing_candidate;missing_target,has only one sleeve and is shorter,is off one shoulder and shorter
dress,train,dress_train_05029,B008VPXVTS,B00E0WOHDK,missing_target,includes a jacket,is multi colored and more dressy
dress,train,dress_train_05031,B00CLMBJEQ,B007EWHDRA,missing_candidate,is shorter and more printed,has stripes and sleeves
dress,train,dress_train_05042,B00AO1VLBW,B00CANAT10,missing_candidate,has black bottom and white patterned top,is darker on the bottom half
dress,train,dress_train_05044,B00DME430E,B00CM7WYGW,missing_candidate;missing_target,Has a belted waist and dark floral pattern.,is belted
dress,train,dress_train_05047,B009OB36BG,B00BF8MH9S,missing_candidate;missing_target, shorter,is pink and shorter
dress,train,dress_train_05071,B00BG0TOEG,B00BJFFWYO,missing_candidate,its has floral print more loose,has more colors in it
dress,train,dress_train_05075,B004ISL0IQ,B00B2IY4IS,missing_target,Is more whimsical and colorful,is short and red floral printed
dress,train,dress_train_05099,B00DW5MRMO,B007EDUZQK,missing_candidate,has no straps and is black,is solid black
dress,train,dress_train_05106,B00D4K4FCM,B00C4Q2RPE,missing_candidate;missing_target,is black and white,is white and black and has a belt.
dress,train,dress_train_05109,B008QW7UFC,B00BN5IZJE,missing_target,is shorter and green in color,The desired product is a white mini dress
dress,train,dress_train_05132,B00DFW140K,B007SD7YA6,missing_candidate,is orange and longer sleeves,is solid orange in color
dress,train,dress_train_05135,B00AJLDUHA,B007RTTI5A,missing_candidate,is black with white stripe horizontally,Is more black and less v-necked
dress,train,dress_train_05146,B0087Y21F8,B00E0DI09G,missing_target,has longer sleeves,much lighter and longer sleeves
dress,train,dress_train_05162,B00CY92VPW,B00870NI2C,missing_candidate,is longer and brown and beige toned,has striped brown and white lines
dress,train,dress_train_05166,B006QUFC4M,B00B2JINEI,missing_target,Has a paisley print,is lighter and more elegant
dress,train,dress_train_05190,B0065W7AVE,B00DCTM83I,missing_target,Is brown and more free-flowing,is solid and bold
dress,train,dress_train_05196,B0087Y21F8,B00BX9I73Y,missing_target,is above the knee and colorful,is a brighter color and has a floral pattern
dress,train,dress_train_05220,B007R9JSDC,B004RKX3CQ,missing_target,is orange and has one covered shoulder,is orange with one strap
dress,train,dress_train_05231,B00DYVECX8,B00A16KVXY,missing_candidate,has less floral patterns and more lines and has brighter colors,Is moroe colorful
dress,train,dress_train_05263,B00BYNDWIO,B00A8FABSI,missing_candidate,is longer and darker in color,has long sleeves and dark color
dress,train,dress_train_05273,B00DRZUSH0,B00A89FVDY,missing_candidate,is black and sleeveless.,is more black
dress,train,dress_train_05275,B00BX9I73Y,B0077SLJEE,missing_candidate,is blacker with a lower neckline and no print,is black and v neck
dress,train,dress_train_05276,B007Y2KQHO,B00AKB3YVG,missing_target,pink vneck with a flair bottom and belt,is cotton and pink
dress,train,dress_train_05309,B009FEBCYA,B00C61P40M,missing_target,is white with black lace,is black
dress,train,dress_train_05311,B00DF21VDU,B004RM9PPI,missing_candidate,is a short gray dress with black trim,is darker
dress,train,dress_train_05319,B00A88ZTO6,B00A88ZTNW,missing_candidate,unable to compare,na
dress,train,dress_train_05322,B00BNRLBA2,B00599DYKA,missing_candidate,is darker,is sleeveless and all black
dress,train,dress_train_05323,B00C9C70T6,B00715G3US,missing_candidate,has a black and white print and long sleeves, and orange
dress,train,dress_train_05326,B0041FILHY,B00E6O0SJ4,missing_target,has shouder strap and is slightly longer,has straps
dress,train,dress_train_05327,B007520NXU,B00DWXN3U6,missing_target,has 3/4 length sleeve and blue color,has longer sleeves
dress,train,dress_train_05328,B006NUDY04,B00D7YJPXE,missing_target,A mint green sleeveless a line dress,is pastel green and lacy
dress,train,dress_train_05340,B0050A70S0,B00B7GKRRM,missing_target,is white with longer sleeves,white with sleeves
dress,train,dress_train_05344,B00CO36PKK,B009OB2F5E,missing_candidate;missing_target,is a perfect match,has no sleeves and is brighter dark colored
dress,train,dress_train_05355,B0035WTC7C,B00D9OXFE2,missing_target,Is darker with a v neck.,is darker and has longer sleeves
dress,train,dress_train_05362,B00BD7VZ1M,B00B81XSKO,missing_target,Is red with belted waist.,is orange and has a belt
dress,train,dress_train_05367,B00AE5KV6E,B00BXFG3MU,missing_target,is more fitted with longer sleeves,is grey with longer sleeves
dress,train,dress_train_05377,B00DF21VDU,B00763VR88,missing_candidate,is darker in color,is strapless and blue
dress,train,dress_train_05390,B00C65Y800,B00E1BFI60,missing_target,has shorter sleeves and is more dressy,is dark red with short sleeves
dress,train,dress_train_05394,B009OB36BG,B00EF5XTKY,missing_candidate,is green with no v-neck,is emerald and ruffled bototm
dress,train,dress_train_05395,B004ZIJEGY,B00AYWQLR0,missing_target,green white and black dress,has short sleeves and lime green on one side
dress,train,dress_train_05414,B00CLE97RK,B00DR8U87M,missing_candidate;missing_target,is darker,is above the knee with a jacket
dress,train,dress_train_05441,B006LFT3RY,B00C75RRQ6,missing_target,is lighter and sleeveless,is white and a lined
dress,train,dress_train_05444,B0074H8JR8,B00A16E8ME,missing_target,Is a shiny floral print dress,is floral and sleeveless
dress,train,dress_train_05455,B00DJM8EYU,B00C70IBXO,missing_candidate,is blue colored,is blue and has a belt
dress,train,dress_train_05469,B00AKTD2BU,B0090KHQOE,missing_candidate,this blue dress is party wear and too mature,It is more blue and less colorful
dress,train,dress_train_05473,B00ANK6LT6,B007V0LFGA,missing_candidate,has a green top and patterned bottom,is less revealing and has a pattern
dress,train,dress_train_05482,B00DF21VDU,B004RM9OZE,missing_candidate, and flowy,is longer and darker in color
dress,train,dress_train_05486,B00BQDEGQ4,B00CBUSHT8,missing_candidate;missing_target,is white and shorter,has white and black dots
dress,train,dress_train_05500,B00CTLHGFU,B00CGTC7K4,missing_candidate,is longer with no sleeves,is longer and has shorter sleeves
dress,train,dress_train_05501,B00CTLHGFU,B00CTLHCMW,missing_candidate;missing_target,is of more colors,is more colorful and printed
dress,train,dress_train_05503,B00C9C70T6,B00DFW140K,missing_candidate;missing_target,v shaped neck and light in color,has lighter colors and has wider sleeves
dress,train,dress_train_05505,B00C9C70T6,B00715FT9O,missing_candidate,has short sleeves and a v shaped neck,has more of a busy looking pattern
dress,train,dress_train_05532,B00BL063PO,B00E4HGCSO,missing_target,is darker,is a lot darker with stripes of color in reds and tans.
dress,train,dress_train_05538,B005RYOALE,B00DGJYZIK,missing_target,has a lower waist and longer sleeves,has a peach colored design with button up black up top.
dress,train,dress_train_05555,B00E9OQU66,B00CN4Y228,missing_candidate;missing_target,has no sleeves and is a solid color,is red with straps
dress,train,dress_train_05567,B00CTA12Q0,B007C7K022,missing_candidate,it red and stariht floor lenght cut,has more red and more designs
dress,train,dress_train_05570,B00D76NBIM,B00H8NFTEE,missing_candidate,is longer with a oval neck,is solid blue
dress,train,dress_train_05582,B00DN2E5UI,B000TBH0RQ,missing_candidate,is completely floral,has a floral pattern
dress,train,dress_train_05592,B009MB1LMO,B00B4L015I,missing_candidate,is longer pale with rubber shoes,is solid green and v shaped hem line
dress,train,dress_train_05625,B007RBHQGG,B009V1LHRE,missing_target,is black with shorter sleeves,is black with black belt
dress,train,dress_train_05628,B00BQMZIE4,B0074Z9W4Y,missing_candidate,is red and has straps,Is floral pattern and red with spaghetti straps
dress,train,dress_train_05644,B00BG3NNWM,B006WM4WUY,missing_candidate,is floral and shorter with straps,is more floral and elegant
dress,train,dress_train_05648,B00AM2KWGI,B00BJLK162,missing_candidate,has a more open neck without sleeves,no sleeves and more flowing
dress,train,dress_train_05653,B00ASK6R2W,B0093JB508,missing_candidate,is sleeveless and dark blue colored,is blue and more elegant
dress,train,dress_train_05665,B00E5VHFS0,B002UD64PK,missing_candidate,is a black polka dot dress with a belt,is polka-dot printed with a red belt
dress,train,dress_train_05676,B009MB1LMO,B001QCXGYI,missing_candidate,is a blue and orange print dress with no sleeves,Has more polkadots
dress,train,dress_train_05684,B00C5DY8KI,B00EU9E580,missing_target,is royal blue with longer sleeves,blue and long sleeves
dress,train,dress_train_05689,B00DEDN4EY,B00BXB6V94,missing_candidate,has straps and is blue,is blue with a yellow panel at bottom
dress,train,dress_train_05693,B00BEJ36ZW,B00DQ4AHIC,missing_candidate,is shorter with longer sleeves,has longer sleeves and is much darker
dress,train,dress_train_05716,B0010VF36E,B009NSJ8H6,missing_candidate;missing_target,is sluttier,is 3/4 sleeves and red
dress,train,dress_train_05727,B00DF21VDU,B005FOE8D6,missing_candidate,is darker,has a black top and pink bottom
dress,train,dress_train_05740,B005UXSVVM,B00D8UR7SM,missing_target,is shorter with longer sleeves,is long sleeved and outerwear
dress,train,dress_train_05742,B007JLQFEI,B00BSNKE2C,missing_target,Is darker and has longer sleeves,is a darker color and has longer sleeves
dress,train,dress_train_05754,B005KLV20Q,B00E7PLDPU,missing_target,is short bright and sexy,is off white with cinched waist
dress,train,dress_train_05765,B004ZWGGDY,B00EAIXJ06,missing_target,has longer sleeves,is more red and has full shoulders
dress,train,dress_train_05768,B00DY3XOSU,B00C635TT6,missing_candidate,is blue toned without straps,is more dynamic
dress,train,dress_train_05776,B002UHKNGM,B00E5VHFS0,missing_target,Is a short black sleeveless dress with lace,much shorter and brighter
dress,train,dress_train_05785,B00DH787SK,B00DH7BCYQ,missing_candidate,is a maroon color,more maroon with longer sleeves
dress,train,dress_train_05794,B00E5ASNDW,B00BNV76NE,missing_candidate,has orange designs and has sleeves,is pink and see through
dress,train,dress_train_05806,B00AKTD2BU,B0090KHN7E,missing_candidate,short sleeved and black,is black lace and form fitting mini dress
dress,train,dress_train_05825,B00DHD4JI6,B00CTLHDE4,missing_candidate;missing_target,is pink in color and has flower print patterns,read with floral pattern
dress,train,dress_train_05835,B007Y3CO3C,B00ATLG9VE,missing_target,is short length and plain pattern,is more slim and shorter
dress,train,dress_train_05850,B00D7MZJEA,B003U6Y7NW,missing_candidate,has one shoulder long sleeved and other short and is gren,is a mint green color
dress,train,dress_train_05854,B00C2Q8NGS,B00BR6RJWS,missing_candidate,has sleeves,is shorter and v neck
dress,train,dress_train_05871,B00D76NBIM,B008OVCJFQ,missing_candidate,has a single sleeve on the left arm,is casual and childish
dress,train,dress_train_05898,B009NER9T4,B00GCR6HZM,missing_candidate,is black and white and striped,is black and white striped
dress,train,dress_train_05907,B004W4YRD6,B00DJJIXDK,missing_target, with sleeves that puff out more to the side,is more colourfull and floral
dress,train,dress_train_05920,B00CTA0NEW,B00EEGIN3W,missing_target,is darker and less revealing,Is blacker and has longer sleeves
dress,train,dress_train_05966,B009S5Y2FM,B00CZ6FQPQ,missing_target,is shorter but is less revealing in the chest area,is shorter and has geometric prints
dress,train,dress_train_05980,B003VIVITK,B00FB79ZDU,missing_target,is shorter and has straps,is black and white with white panel round middle
dress,val,dress_val_00008,B00F4WI9H0,B0077SM1Z0,missing_candidate,is longer and more elegant,is longer and sleeveless
dress,val,dress_val_00038,B008RJZTD4,B00CRWGE5E,missing_target, more revealing and has long sleeves,is checkered and penciled
dress,val,dress_val_00043,B00B3PUKMY,B00C67CQDO,missing_candidate;missing_target, gold,is short and cap sleeved with a black print
dress,val,dress_val_00059,B00A7N4DC6,B00B5VXRTO,missing_candidate,is a short dress with a v neck,is a tan coloring with fabric overlapping on top.
dress,val,dress_val_00063,B00BG3NQE2,B004RFFHJI,missing_candidate,is gold maxi dress,is yellow and longer
dress,val,dress_val_00075,B006PA7Q4M,B00D3F80NI,missing_target,knee length sleeved purple and red dress,longer
dress,val,dress_val_00130,B004BDP1BA,B00DJJILJQ,missing_target, black and has a v shaped neck,is v necked and black
dress,val,dress_val_00141,B004LQ0GZ8,B00AKB3RA4,missing_target,The dress in peach and white in color.,has longer sleeves and is coral in color
dress,val,dress_val_00155,B00EKH5ZFY,B00F20KR4M,missing_candidate,is longer with black and white chevron print,is longer and monochrome
dress,val,dress_val_00161,B00BXB6XWE,B005X4PL1G,missing_candidate,is blue and white with tighter patterns,Is a little lighter in color with a different design and v neck.
dress,val,dress_val_00171,B00FHXBQFS,B00BW4RJKM,missing_candidate;missing_target,has shorter sleeves and less lace pattern,has a less noticeable pattern
dress,val,dress_val_00205,B008PG0SOO,B00CB2N8FY,missing_target,has long sleeves and is black,Has long sleeves and is shorter.
dress,val,dress_val_00248,B009P1MYNQ,B00D9OXH2M,missing_target,has longer sleeves and black and white with belt,is black and grey with a belt and longer sleeves
dress,val,dress_val_00267,B000AYI3L4,B00CFXV50E,missing_target,Is a brighter tiered dress.,is frilly and has more blue
dress,val,dress_val_00274,B009TM8IG8,B008DSN0BW,missing_candidate, floral and has a rectangular shaped neck,is black and light pink and sleeveless.
dress,val,dress_val_00287,B008368ZQY,B00D43UDE8,missing_target,is more of silk than cotton,is more of a satin fabric in merlot
dress,val,dress_val_00288,B00BEJ34Q8,B009TM8IG8,missing_target,has shorter black mini and long sleeves,is black.
dress,val,dress_val_00294,B00DOYXMA4,B00BXB7LRA,missing_candidate,is more revealing,brighter with floral pattern
dress,val,dress_val_00304,B0079G6CXC,B00DWXNQ2Q,missing_target,has cap sleeves and is shorter,is slightly darker and has short sleeves
dress,val,dress_val_00311,B009TM8IG8,B00BEJ34Q8,missing_candidate,is belted with shorter sleeves and is blue,has shorter sleeves
dress,val,dress_val_00359,B00FHXBQFS,B00BPS1REY,missing_candidate;missing_target,has a black lace pattern,is shorter and no sleeves
dress,val,dress_val_00371,B008PG0SOO,B00BBPWS5S,missing_target,is shorter and more blue,is teal and shorter and sassy
dress,val,dress_val_00383,B007KHTV24,B009MQBC46,missing_target,3/4 sleeved blue dress,is solid blue and less revealing
dress,val,dress_val_00411,B00BXZ1PW8,B009HK2P2A,missing_candidate,is london times,says london times
dress,val,dress_val_00416,B00AZWPQQ6,B00CJPL9I6,missing_candidate;missing_target,darker colored and longer,is longer and a darker color
dress,val,dress_val_00430,B0094QXCKQ,B00FAH8XTS,missing_target,has shorter sleeves and is lighter,is white with shorter sleeves
dress,val,dress_val_00432,B00DRDIVEO,B007G6JUHA,missing_candidate,is not strapless and is less girly,is more casual and has small sleeves
dress,val,dress_val_00448,B00BWISVXW,B009AO2IP2,missing_candidate,has longer sleeves and shorter length,is black
dress,val,dress_val_00450,B008VJ0Q2Y,B00C3I0548,missing_target,is longer and solid black,is solid black
dress,val,dress_val_00457,B00AQUZKG8,B00BXBCUQW,missing_candidate;missing_target,is more classy,has long sleeves and is a pink print
dress,val,dress_val_00467,B007KHTV24,B00DI4A1AY,missing_target,has longer sleeves and is shorter,has long sleeves
dress,val,dress_val_00470,B00ARFVZ3Y,B00ARFW8JE,missing_candidate;missing_target,has pink and thin straps,is pink and flowy and colorful
dress,val,dress_val_00471,B007V0LBW8,B00CO2NVFS,missing_target, and is less modest,is red with no stripes
dress,val,dress_val_00523,B00913N1QC,B00EM95GJK,missing_target,is shorter and has longer sleeves,is more simple looking
dress,val,dress_val_00524,B00EUVTLPK,B00715FZVG,missing_candidate,Is black and white printed with shorter red jacket,has a red shrug and a white and black pattern
dress,val,dress_val_00535,B00BDGE5DI,B00BJEV35C,missing_target,shorter sleeve and beige,is lighter in color and is tighter
dress,val,dress_val_00548,B00AMDXN2C,B00C670RXA,missing_target,is simple and white,is white and has short sleeves
dress,val,dress_val_00562,B00CLCYUCO,B00BNRBD32,missing_candidate;missing_target,Is longer and not so tight.,is more multi colored
dress,val,dress_val_00611,B00CFXUI4S,B00B2JHXOE,missing_candidate,Has more coverage,Is losser fitting and has longer sleeves.
dress,val,dress_val_00626,B008LTJG3E,B00FGQRGCS,missing_target,has a black belt with gray designs,is more revealing and darker
dress,val,dress_val_00638,B00DJHSWI8,B00BYMX1AY,missing_target,has short sleeves and is white and lacy,is all white with round neck
dress,val,dress_val_00645,B005TM5U7C,B009LJ8QR0,missing_candidate,is white and black stripes,is white with black stripe and shorter
dress,val,dress_val_00648,B00BF8B8CA,B009PXRLIW,missing_candidate,is darker,is see through
dress,val,dress_val_00682,B007NJY9XA,B00B2JIJNI,missing_target,is shorter with longer sleeves,Is blue with longer sleeves
dress,val,dress_val_00688,B00598QDJK,B00D9OXNW6,missing_target,has more lace,shorter and has sleeves
dress,val,dress_val_00698,B007520NYO,B00CFXUI4S,missing_target,is solid black and more revealing,is more black with thinner straps
dress,val,dress_val_00702,B0076IK8OC,B00BP0WWBY,missing_target,is more floral and lighter,is more flowery and slim
dress,val,dress_val_00708,B00AQUZKG8,B00DHVW5N4,missing_candidate,short sleeves orange floral long blouse,is more orange and is a blouse
dress,val,dress_val_00716,B00ARFWBTG,B00A76P278,missing_target,Is more colorful and loud,is light mint green
dress,val,dress_val_00722,B00BBOI64Q,B009ZUHNE2,missing_candidate,is black in color and slighly longer overall,is sleeveless and red
dress,val,dress_val_00735,B009VDSHKC,B008ZYMM5Y,missing_candidate,is short,Is shorter and fitted
dress,val,dress_val_00739,B00A7N4DC6,B00E1C7SZI,missing_candidate,is short sleeved a solid color flair bottom,is longer and formal
dress,val,dress_val_00744,B00BYMX1AY,B00CP3BTKU,missing_candidate;missing_target,is blue and one shouldered,one shouldered
dress,val,dress_val_00745,B00C4Q2RPO,B00C4Q356Y,missing_target, with a blet belt around the waist,is solid black
dress,val,dress_val_00759,B00BBOI64Q,B00EE0XOZA,missing_candidate,Is solid red,is white with a swing skirt
dress,val,dress_val_00765,B004U88SW0,B00DZ7AA8M,missing_target,is blue with short sleeves,is blue and has shorter sleeves
dress,val,dress_val_00773,B00AOBCAXA,B00DH8X2OI,missing_target,is black witch short sleeves,is solid black with long sleeves
dress,val,dress_val_00781,B00BG3NQE2,B004LKRWWO,missing_candidate,strapless and blue print,Is more floral and colorful
dress,val,dress_val_00801,B004EPXD9M,B0091XR6GS,missing_target,is more floral print with a shorter skirt,is shorter with a brighter colored print
dress,val,dress_val_00821,B00DH8X2OI,B00AOAQ2JO,missing_candidate,is red and sleeveless,is vibrant red with shorter sleeves
dress,val,dress_val_00825,B00AX1SATY,B00CJRV3Z8,missing_target,is a red dress with a jacket,the desiered probuct is more sexy
dress,val,dress_val_00829,B00913N1QC,B00EVKYFWO,missing_target,is more official,is shorter and striped
dress,val,dress_val_00830,B004U88SW0,B00ALSDNIM,missing_target,has short sleeves,lighter colored
dress,val,dress_val_00854,B00BNRBD32,B00BNRBLIE,missing_candidate,this dress looks more formal,has shorter sleeves
dress,val,dress_val_00855,B008H78T6K,B009YKDK9U,missing_target,is sea green blue with longer sleeves,is blue-green and has long sleeves
dress,val,dress_val_00863,B00AKR44XM,B00BWISRUE,missing_target,is red with circular designs,has shorter sleeves
dress,val,dress_val_00878,B00DOYX1VY,B00CGYJXJ2,missing_candidate,has no sleeves and is patterned,no sleeves and lighter
dress,val,dress_val_00879,B00DSSIGXO,B00BF8B8CA,missing_target,has black stripes and white shoes,orange print
dress,val,dress_val_00910,B0085F4XEG,B00FHOMIXG,missing_target,is pink and sleevless,is longer in length and shorter sleeves
dress,val,dress_val_00918,B007HZAFSI,B00DN5ZX2O,missing_target,is lighter and shorter,has longer sleeves and is brighter colored
dress,val,dress_val_00919,B009KQVCAM,B00CBBW5JA,missing_target,has 3/4 sleeved and purple colored,has longer sleeves
dress,val,dress_val_00974,B00BBKYD9C,B0066CUDNU,missing_candidate,Has a geometric pattern,is fitted and bold black/white
dress,val,dress_val_00986,B0078KOUNI,B00FHLNKM2,missing_target,has longer sleeves. It's also solid black,has long sleeves and is solid colored
dress,val,dress_val_00988,B00BSONSN8,B009E73G1U,missing_candidate,is pink with a checkered middle,is pink and more flowy
dress,val,dress_val_01016,B00F3YJH8O,B004D85XZW,missing_candidate,green with v neck and tight fit,is in all blue with a v neck top.
dress,val,dress_val_01029,B00CJRV3Z8,B0087YYYEO,missing_candidate,is black with white coat,has all blacks and white colorings.
dress,val,dress_val_01030,B00BI5R31U,B00DURAWWQ,missing_target,is red with belt and lenght above knee,is maroon and shorter
dress,val,dress_val_01043,B007520NYO,B00E3S6LH6,missing_target,has longer sleeves and is darker,is black and long sleeves
dress,val,dress_val_01044,B00CNT5AMY,B00C5XWX0K,missing_target,is longer and ligter,Is longer and has a white satin effect
dress,val,dress_val_01056,B00DJJILJQ,B004BDP0HU,missing_candidate,has collars with pockets and khaki colored,The desired product is short-sleeved and tan.
dress,val,dress_val_01063,B00EM95GJK,B00EIRMGKS,missing_candidate;missing_target,is solid black with flared skirt,is all black and has a looser bottom
dress,val,dress_val_01081,B00FHXBQFS,B009KQVCAM,missing_candidate,is green in colour with shorter sleeves, casual v neck with cut open sleeves
dress,val,dress_val_01092,B004UE9940,B00DEX03CA,missing_target,Is pink with a sheer overlay., deeper blue
dress,val,dress_val_01110,B00DRZUAJ6,B008RV69JU,missing_candidate,is less revealing,has a pattern
dress,val,dress_val_01142,B00CBBWGQW,B0066NI17E,missing_candidate,is more sexier and shorter,has a pattern
dress,val,dress_val_01152,B00C4Q2RPO,B00D4K4IJC,missing_target,has longer sleeves, halter necked
dress,val,dress_val_01186,B009KQVCAM,B00FHXBQFS,missing_target,Has longer sleeves and is a darker color,has longer sleeves and an art pattern
dress,val,dress_val_01197,B00BNH7KVQ,B007N6L9UE,missing_candidate,Is a short floral patterned blue dress,has thin straps and a colorful blue pattern
dress,val,dress_val_01198,B007ZDYK2E,B00E3S6ERI,missing_target,v-neck and longed sleeved,Longer sleeves and longer
dress,val,dress_val_01205,B00BXB7LRA,B00DOYX1VY,missing_target,Red and more party orientated,is red with quarter sleeves
dress,val,dress_val_01206,B006U07GW4,B00B5R9XQ4,missing_target,is black with a high neck,is sleeveless and black
dress,val,dress_val_01214,B00ABSUHMC,B00BCMGH6G,missing_target,is sleeveless and tighter,is sleeveless in a darker shiny fabric
dress,val,dress_val_01274,B00CC6WGQ6,B00DGNSEBK,missing_target,Has lace sleeves and is shorter.,has a v shaped neck
dress,val,dress_val_01284,B002X79Z72,B00CG5Q9XO,missing_target,is a lighter shade of purple with a belt tie belt, and is tighter fitting
dress,val,dress_val_01291,B00B3YPJY4,B00D8BR0ZQ,missing_target,has longer sleeves and is less bridal,has long sleeves and is green
dress,val,dress_val_01295,B00E95L22C,B008H1C5IE,missing_candidate,is blue with a black stripe,Has more blue and is tighter
dress,val,dress_val_01299,B006603WEE,B00BYRIGD6,missing_target,has brighter colors and a mod print,does not have a belt and is slightly longer
dress,val,dress_val_01301,B00DN2F1YM,B0074W1CWC,missing_candidate,halter neck and flower print,Is short with halter neck.
dress,val,dress_val_01311,B00F4WI9H0,B00A76UFK2,missing_candidate,has sleeves on both shoulders and printer,is blue with sleeves
dress,val,dress_val_01333,B002M3TVJ4,B00DNRAX5E,missing_target,has shorter sleeves and more color,shorter skirt and pattern
dress,val,dress_val_01336,B00EUVTLPK,B008MWER8E,missing_candidate,is longer and has long sleeves,is much longer
dress,val,dress_val_01341,B004E9SNTS,B00FHLNHK2,missing_target,has longer sleeves and a belt,is shorter
dress,val,dress_val_01352,B00FHXBQFS,B00ABXKO02,missing_candidate,is more casual,has cap sleeves and a silver skirt
dress,val,dress_val_01370,B00AYXA3G4,B006JDHC8A,missing_candidate,one shouldered printed dress,is green and white
dress,val,dress_val_01392,B00AU1U2PC,B00BQZBG4W,missing_candidate,is a pattern material with sleeves, fitted
dress,val,dress_val_01402,B00DY3XR1O,B008VIXCL2,missing_candidate,has a longer skirt and more pleats, sleeveless and more two toned
dress,val,dress_val_01429,B00428MWP2,B00DH7E7IE,missing_target,is longer and darker,is longer and animal print
dress,val,dress_val_01439,B005OOUCLE,B00CJJD4S0,missing_target,long sleeves and collar,is long sleeved and has collar
dress,val,dress_val_01453,B00CFXUI4S,B008U8XP06,missing_candidate,longer sleeved and print,has elbow length sleeves and a black print
dress,val,dress_val_01455,B007KHTV24,B00ASI7TQM,missing_target,is tighter and shorter, one blue
dress,val,dress_val_01457,B00BBOI64Q,B009P83GT0,missing_candidate,is dark blue in color and is longer,is full length
dress,val,dress_val_01473,B00E3HDPMQ,B00DRCZHJC,missing_target,is shinier and shorter,Is cream colored and fitted
dress,val,dress_val_01475,B0058ZB4L6,B00BBOI64Q,missing_target,Is more fitted and chic,is more fitting
dress,val,dress_val_01500,B00F2MA1FK,B00A7N4DC6,missing_target,Is more colorful and more floral,The dress rests lower with no straps and has floral and dark colors.
dress,val,dress_val_01506,B009CCW1XG,B0094U99S6,missing_candidate,is black and tighter,is black
dress,val,dress_val_01517,B009TM8IG8,B008A4N1YK,missing_candidate,is sleeveless, longer
dress,val,dress_val_01546,B00CJRV3Z8,B00AX1SATY,missing_candidate,is solid blue,is black
dress,val,dress_val_01552,B000NB1FAU,B00CDJZYA2,missing_target,is shorter and has no sleeves,is shorter and sleeveless
dress,val,dress_val_01596,B00ARFW8JE,B00ARFVZ3Y,missing_candidate;missing_target,has horizontal stripes,is white with black stripes
dress,val,dress_val_01606,B005XW2EJK,B00E3S6BS0,missing_target,is red with long sleeves,is solid red
dress,val,dress_val_01631,B00DHD5322,B00B6C5H9K,missing_candidate,is longer and lighter,is white and has longer sleeves
dress,val,dress_val_01636,B0087YZVNC,B00CIUH75Q,missing_target,has a black-and-white striped dress,has thinner straps and a  lower neckline
dress,val,dress_val_01641,B00ASI7TQM,B00BZ8FTB6,missing_candidate,has longer lace sleves and higher at neck,is brighter
dress,val,dress_val_01646,B00D9OXNW6,B00BG40HUW,missing_candidate,is lighter,is lighter colored and has buttons
dress,val,dress_val_01670,B005AQCKBQ,B00DM2GBQK,missing_target,is lighter,is solid red.
dress,val,dress_val_01691,B00CDJZYA2,B007TYKJ42,missing_candidate,is brighter in color,has no sleeves but has art patterns
dress,val,dress_val_01735,B007GP6PMO,B00BQX4A2O,missing_target,knee length dress,more contempary less sexy
dress,val,dress_val_01737,B006WM4LYG,B00BG3NQE2,missing_target,has blue tones,has more blue
dress,val,dress_val_01738,B0091W2E9S,B00G0PONNY,missing_candidate,is black,It is more plain and longer
dress,val,dress_val_01743,B00BG4M4BM,B00CE579WG,missing_target,is pink belted dress,n/a
dress,val,dress_val_01790,B005LC87SO,B00BBKYD9C,missing_target,is flirtier with no straps,has a lighter color
dress,val,dress_val_01814,B00DH8X2OI,B00CWGF6JK,missing_candidate;missing_target,has no sleeves and is tighter,is more v-necked
dress,val,dress_val_01816,B008GSMCEA,B00A6GXVJK,missing_target,Is black and more revealing with flowing bottom,has no sleeves and is dark colored
dress,val,dress_val_01828,B00BXBCUQW,B005XDCT7G,missing_candidate,blue and shorter,is blue and shorter
dress,val,dress_val_01831,B00DR8UEZ8,B00897AQ9G,missing_candidate,has longer sleeves with a pattern design,Is black with a lower neck and slashed sleeves
dress,val,dress_val_01837,B00B5R9XQ4,B00G3NAFFS,missing_candidate,is more grey in color and longer sleeves,is tighter
dress,val,dress_val_01843,B00CRTE6OS,B00DH7DFXC,missing_target,is striped and longer length,is longer and stripped
dress,val,dress_val_01859,B009HK2P2A,B00BXZ1PW8,missing_target,purple with no sleeves,is a dress
dress,val,dress_val_01879,B00BQX461E,B00E1XOZ3K,missing_target,is lighter and has shorter sleeves,is more grey and sleeveless
dress,val,dress_val_01880,B007ZDYK2E,B00EKTNDAQ,missing_target,is below the knee,has a print and long sleeves
dress,val,dress_val_01886,B002X79Z72,B00BG3HJKY,missing_target,is shorter,is black with a shorter skirt
dress,val,dress_val_01894,B004S0O8HO,B00EKH5ZFY,missing_target,is blue with longer sleeves,is blue and black and long sleeves
dress,val,dress_val_01900,B00CJRV3Z8,B0074H854A,missing_candidate,is almost the same but slightly different color,is darker and more summery
dress,val,dress_val_01901,B00CDJZYA2,B008L0GPLY,missing_candidate,has a u shaped neck with short sleeves,has a different coloring in darker colors.
dress,val,dress_val_01923,B0017RAI9S,B00CZ8W7UQ,missing_target,the pink dress looks more fashionable and mature,is pink with no designs on it
dress,val,dress_val_01924,B005N4KUIA,B00FMLS7PW,missing_target,is more revealing,is black and less casual
dress,val,dress_val_01928,B005QYY8F8,B00DY3XR1O,missing_target,is less bright red with black accents,has black trim with a darker red
dress,val,dress_val_01929,B005TM5U7C,B00BSONSN8,missing_candidate;missing_target,is darker and shorter,is shorter and black
dress,val,dress_val_01985,B0091E3MCE,B00AWMO2PU,missing_target,is shorter and less tighter,is striped and shorter
dress,val,dress_val_01987,B00BG3HJKY,B00CG5QJF2,missing_candidate;missing_target,is lighter blue shades,is blue with a lighter blue hem line
dress,val,dress_val_01989,B005FMSW3U,B00BF73EO6,missing_target,Is a floor length black sleeveless dress,the dress is black and long
dress,val,dress_val_01992,B00DJJILJQ,B0067G1KQY,missing_candidate,has no sleeves,is shorter sleeved
dress,val,dress_val_01997,B0075AW63M,B00CTA22JG,missing_target,has pattern and is red,is red with floral patterns
dress,val,dress_val_02000,B002M3TVJ4,B00A8KYZSK,missing_target,has longer sleeves,sweater dress above the knee
dress,val,dress_val_02003,B005PMRES4,B00BNH7KVQ,missing_target,is sleeveless and more dark coloured,is green
dress,val,dress_val_02009,B0036Z2T3C,B00EZITMBQ,missing_target,is pink in color,is more brightly colored
dress,test,dress_test_00020,B00CO2NW16,,missing_candidate,more sleeved with black belt,is dark red and shorter
dress,test,dress_test_00025,B00DDOI4HQ,,missing_candidate,has shorter hem with floral pattern,is shorter and more floral
dress,test,dress_test_00033,B00AROEC0S,,missing_candidate,is shorter and has longer sleeves, tighter and lighter
dress,test,dress_test_00038,B00CIQXH7C,,missing_candidate,is a black dress,is black and has shoulders
dress,test,dress_test_00066,B00C770EWI,,missing_candidate, with semi-striped prints and more tapered,has a black waist band and is in all dark grey.
dress,test,dress_test_00071,B00AG3XYUY,,missing_candidate,is shorter and more tight fitted and purple, shorter and solid colored
dress,test,dress_test_00090,B00DCTLG5Y,,missing_candidate,is red,is red and less shiny
dress,test,dress_test_00165,B00BXZ1K0K,,missing_candidate,is black and white,is sleeveless
dress,test,dress_test_00192,B00B0A3HJK,,missing_candidate, solid colored and has bowtie, a v neck and is a darker color
dress,test,dress_test_00198,B00BYNEDIC,,missing_candidate,is more evening and has spaghetti straps,Is a darker dress
dress,test,dress_test_00207,B00BB7FT8Y,,missing_candidate,has a darker pattern,is similar with a design print that has dark lines.
dress,test,dress_test_00211,B00C1ZZGFQ,,missing_candidate,is more monochromatic,is grey and has v-neck
dress,test,dress_test_00216,B00DDOIE12,,missing_candidate,has no leather and has gray,is looser fitting on the bottom and gray
dress,test,dress_test_00228,B00BYNEDIC,,missing_candidate,Is a long black spaghetti with straps,all black and is much longer
dress,test,dress_test_00245,B00DMZT5QK,,missing_candidate,has a solid color top half and bottom half with fitted waist line,is black
dress,test,dress_test_00257,B00DGP0TXY,,missing_candidate,is blue with v neck and shorter,is darker in color
dress,test,dress_test_00260,B00DGP0TXY,,missing_candidate,has no print with embellishment of lace,is peach with two black panels
dress,test,dress_test_00291,B00C92NNCO,,missing_candidate, with a floral looking pattern,has three colors
dress,test,dress_test_00314,B00DS3Z5SS,,missing_candidate,looks too short and bold,It is less black and less pleated
dress,test,dress_test_00338,B00BUIPSR6,,missing_candidate,is shorter and darker,has longer sleeves and is more open
dress,test,dress_test_00345,B00BSNJLSA,,missing_candidate,is longer and red,is orange with straps
dress,test,dress_test_00364,B00CUJYOLK,,missing_candidate,is shorter with straps,is much shorter
dress,test,dress_test_00398,B00C92NNCO,,missing_candidate,has thinner straps and a pattern,Is more whimsical and fitted
dress,test,dress_test_00401,B00DR8UAKM,,missing_candidate,is black in color,It has no sleeves and brighter
dress,test,dress_test_00431,B00DI7C83Y,,missing_candidate,is solid black and has slits on sleeves,Is more plain and less patterned
dress,test,dress_test_00435,B00BB7FT8Y,,missing_candidate,is light pink and v-neck,is pink with a deeper neck
dress,test,dress_test_00441,B00E5ATI1S,,missing_candidate,is more colorful,has a collar
dress,test,dress_test_00464,B00CYA7AYS,,missing_candidate,has no belt and is blue,is blue
dress,test,dress_test_00472,B008CFVRFM,,missing_candidate,is grey toned,is black and thinner
dress,test,dress_test_00505,B00CU725AE,,missing_candidate,strapless and purple,Is purple and sleeveless
dress,test,dress_test_00516,B00EM96FOA,,missing_candidate,has shorter sleeves and sheer,is white and little shorter
dress,test,dress_test_00517,B00BY5JYHK,,missing_candidate, short at front,is black
dress,test,dress_test_00529,B00A75KS3C,,missing_candidate, it also has straps,is longer and has tiny sraps
dress,test,dress_test_00558,B00ER0090A,,missing_candidate,is more elegant,The desired product has no sleeves and the provided product has a little sleeve.
dress,test,dress_test_00568,B00DVM986G,,missing_candidate,has a v shaped neck  with straps,is light grey with black belt
dress,test,dress_test_00610,B00BY5JYHK,,missing_candidate,It's the same thing,is the same
dress,test,dress_test_00626,B00AY7T492,,missing_candidate,is black and red floral print and floor lenght,is longer and black
dress,test,dress_test_00659,B00ESL21Q8,,missing_candidate,is white with black dot pattern,is white with black dots
dress,test,dress_test_00660,B00CN4XUXA,,missing_candidate,is solid blue and belted,is blue and fuller on bottom
dress,test,dress_test_00664,B00CU725AE,,missing_candidate,is yellow and belted,is darker and more slim fitting
dress,test,dress_test_00674,B00A36JJM6,,missing_candidate,is solid white with a belt,is in all white with less fabric and is shorter.
dress,test,dress_test_00691,B00BN58SJQ,,missing_candidate,is a white shinier material,is brighter and more revealing
dress,test,dress_test_00705,B00EZITKZE,,missing_candidate,Has a print on the front.,is a sold blue color
dress,test,dress_test_00711,B009VDSEO6,,missing_candidate,is a solid white color. The flows out at the sides more,is more pure white
dress,test,dress_test_00730,B009Z1VFSG,,missing_candidate,is black and white and longer,is black and white and longer
dress,test,dress_test_00738,B00DS3Z5SS,,missing_candidate,is shorter and more casual,is looser  and two toned with strip bottom half
dress,test,dress_test_00744,B00EB7V8ZE,,missing_candidate,is red and has a slit up the middle,Is more mature and longer length
dress,test,dress_test_00767,B00EM96FOA,,missing_candidate,is lighter with a different pattern,Is more whimsical
dress,test,dress_test_00774,B00BRCFTFQ,,missing_candidate,is more flowy and gray,Is more sexy and revealing
dress,test,dress_test_00802,B00DMZT5QK,,missing_candidate,has a more defined waist and different pattern,has a v neck cut out and solid black and white
dress,test,dress_test_00813,B00DMZT5QK,,missing_candidate,Is more fitted and has longer sleeves,is navy spotted and has longer sleeves
dress,test,dress_test_00818,B009ZDDPMS,,missing_candidate,has a defined waist and longer sleeves,has stripes and is black and white
dress,test,dress_test_00838,B00EIXRA2G,,missing_candidate,a short shiny gray dress,a classier color and arm-length
dress,test,dress_test_00895,B008DI1IYI,,missing_candidate,short white dress with balloon sleeves, thin fitting skirt and a drap finish.
dress,test,dress_test_00913,B00DCTLG5Y,,missing_candidate,has a darker color scheme,more colorful pattern with long sleeves
dress,test,dress_test_00940,B00CIQF1LC,,missing_candidate,has a belt and is lighter colored,is blue with black belt
dress,test,dress_test_00949,B009VDSEO6,,missing_candidate,is sleevless dark printed dress with a belt,black and white polka dots at the knee
dress,test,dress_test_00958,B00BN58SJQ,,missing_candidate,is longer with light green with slit,Is green
dress,test,dress_test_00959,B00DCTLG5Y,,missing_candidate,Is shorter and longer sleeves,geometric printed
dress,test,dress_test_00967,B00BY5JYHK,,missing_candidate,is white and sleeveless and strapless, shorter
dress,test,dress_test_00969,B00BB7FT8Y,,missing_candidate,is darker and sheerer,is black with see-through mesh on the top and bottom
dress,test,dress_test_00980,B00EETDP8M,,missing_candidate,is sleeveless and yellow,Is green and has short sleeves
dress,test,dress_test_00995,B00EZITKZE,,missing_candidate,is a free dress with thin straps,is black
dress,test,dress_test_01038,B00ER0090A,,missing_candidate,Is pink with long sleeves.,has longer sleeves and lighter in color
dress,test,dress_test_01046,B00D4K42L6,,missing_candidate,is darker and more conservative,long sleeved and black and white
dress,test,dress_test_01064,B00BY5JYHK,,missing_candidate,It's the same thing,is the same
dress,test,dress_test_01104,B00FFZTXAS,,missing_candidate,is more transparent and has more lace,is more form fitting
dress,test,dress_test_01122,B00DY3LIE2,,missing_candidate,has no straps with beige fade,is silver with black lace
dress,test,dress_test_01137,B00CTA2EV2,,missing_candidate,is black and white polka dots,has more polka dots and is more sheer
dress,test,dress_test_01139,B00CGYH3KS,,missing_candidate,has thinner straps and is solid black,Is blue and sexier
dress,test,dress_test_01143,B00BTPMSXC,,missing_candidate,is darker and slightly bigger,Has a black top and stripe skirt
dress,test,dress_test_01145,B00CIQF1LC,,missing_candidate,has a belt and is lighter colored,is blue with black belt
dress,test,dress_test_01170,B00C92NNCO,,missing_candidate,is shiny,is more shiny
dress,test,dress_test_01174,B00EM63H5I,,missing_candidate,is blue and strapless,is longer and blue
dress,test,dress_test_01185,B00EZITKZE,,missing_candidate,is black and longer,is sexier
dress,test,dress_test_01211,B00AG3XYUY,,missing_candidate,Is red with grey flowers.,is more red and strappy
dress,test,dress_test_01271,B00DCTLG5Y,,missing_candidate,is fitted and patterned,darker with v neck
dress,test,dress_test_01293,B00DRY0APG,,missing_candidate,is red and a maxi halter dress,is red-orange and longer
dress,test,dress_test_01342,B00DGP0TXY,,missing_candidate,is blue on color, white and has capped sleeves.
dress,test,dress_test_01367,B00DZ7K956,,missing_candidate,is longer and has no sleeves,has no sleeves and is beige colored
dress,test,dress_test_01378,B00CO2NW16,,missing_candidate,shorter length and darker colors,the dress is blue with designs and shorter
dress,test,dress_test_01396,B00BN58SJQ,,missing_candidate,black in color,is more solid color
dress,test,dress_test_01405,B00DCTM3IS,,missing_candidate, ruffled,is white with red and purple pattern
dress,test,dress_test_01434,B008CFVRFM,,missing_candidate,Cream colored and not as see through,The desired product is cream colored
dress,test,dress_test_01454,B009RW4QBQ,,missing_candidate, solid black with blue stripe,has less colors in it
dress,test,dress_test_01457,B00BN58SJQ,,missing_candidate, black with long sleeves.,Is orange and has wrinkles.
dress,test,dress_test_01463,B00E5ATI1S,,missing_candidate,is a blue party dress,is sleeveless and shiny
dress,test,dress_test_01484,B00BWIH23C,,missing_candidate,is darker and less form fitting,has a darker coloring.
dress,test,dress_test_01520,B00DGP0TXY,,missing_candidate,is shorter and darker,is black and white
dress,test,dress_test_01562,B00AO1CH2E,,missing_candidate,none,is identical
dress,test,dress_test_01610,B00BIXZYT0,,missing_candidate,longer and more casual,is blue and white and longer
dress,test,dress_test_01616,B00CYA7AYS,,missing_candidate,has white patterns and long sleeves,has more of a pattern
dress,test,dress_test_01643,B00CIQXH7C,,missing_candidate,Is more cropped and has more coverage,has longer sleeves
dress,test,dress_test_01653,B00A76UW2S,,missing_candidate,Has tank sleeves and is a light blue,cuter and more brightly colored
dress,test,dress_test_01683,B00AQTXZGG,,missing_candidate,has is a shorter dress and tighter,is much shorter
dress,test,dress_test_01717,B00EWKAD7Y,,missing_candidate,is more darker,is multi coloed
dress,test,dress_test_01723,B00E950OZI,,missing_candidate,is capped sleeved blue dress with black belt,is blue and less revealing
dress,test,dress_test_01744,B00CM6EEHA,,missing_candidate,has shorter sleeves with prints,is lighter and more colorful
dress,test,dress_test_01746,B00C673WNM,,missing_candidate,a darker blue and shorter,is shorter and long-sleeve
dress,test,dress_test_01766,B0093ZDO38,,missing_candidate,is white and higher neck line,is solid white in color
dress,test,dress_test_01769,B00EB7V8ZE,,missing_candidate,is sleeveless with longer hem and print,is longer
dress,test,dress_test_01776,B00EVQQR6K,,missing_candidate,has a lighter color and a gradient and is less revealing in the chest part but is shorter,is white and black
dress,test,dress_test_01791,B008DI1IYI,,missing_candidate,is black and white and not flared,is longer and is black and white
dress,test,dress_test_01792,B00EZNNU14,,missing_candidate,is shorter and darker and longer sleeves,is in blue with longer sleeves.
dress,test,dress_test_01810,B00CS1Q5N0,,missing_candidate,is white with ruffles going down,is lacy
dress,test,dress_test_01818,B00AM17IJ8,,missing_candidate,it has no sleeves and more print,is a black and white print color.
dress,test,dress_test_01837,B00C673WNM,,missing_candidate, with halter straps. It also ties to the left side,is a kid's shirt
dress,test,dress_test_01852,B00ARNRHKG,,missing_candidate,has spaghetti straps and sheer,is shorter and darker
dress,test,dress_test_01874,B00BY5JYHK,,missing_candidate, black,less fashionable and grey
dress,test,dress_test_01883,B009VDSEO6,,missing_candidate,is short and darker,is a darker color and is shorter
dress,test,dress_test_01921,B00EM96FOA,,missing_candidate,has lace,is sleeveless and white
dress,test,dress_test_01940,B00BSNJLSA,,missing_candidate,is plain black in colour and is more loosely fitting,is solid black and is sleeveless.
dress,test,dress_test_01955,B00BXZ1NWU,,missing_candidate,is plain orange,is red solid color and traditional
dress,test,dress_test_01984,B00BG0TMOI,,missing_candidate,has a scoop neck,round neck knee length with belt
dress,test,dress_test_02004,B00D4K3410,,missing_candidate,Is more plain and premium,is more fun and casual
dress,test,dress_test_02014,B00DCTM3IS,,missing_candidate,is more solid black and has less sleeve, puffy
shirt,train,shirt_train_00020,B005HJ5J1O,B00789TS04,missing_target,is grey,is darker in color
shirt,train,shirt_train_00066,B001U9SESA,B0036BXDCM,missing_target,Has more pattern and is  red,longer sleeves and is plaid
shirt,train,shirt_train_00085,B00DJ1OVF2,B000MSP9A6,missing_candidate,is darker with no zipper,is brown with black and tan stripes
shirt,train,shirt_train_00096,B0006M1TT8,B009F2SGIM,missing_candidate,is more solid and more pocketed,is white with no pattern
shirt,train,shirt_train_00108,B00B88TQCQ,B002Q98J6U,missing_candidate,is light blue with long sleeves,is lighter and has longer sleeves
shirt,train,shirt_train_00133,B009VQNPME,B004O22X9Q,missing_candidate, blue,is all yellow with a picture of a bus.
shirt,train,shirt_train_00167,B000M0HC6S,B00E201KSU,missing_target,is v neck shaped with stripes,is white blue and black with red outline
shirt,train,shirt_train_00189,B00FPHZ7NS,B0095BJJIO,missing_candidate,gray colored and rolled up sleeves,has shorter sleeves and is pale grey
shirt,train,shirt_train_00196,B003YM665E,B00DEDHH38,missing_target,is blue long sleeve polo,is more casual and has breast pockets
shirt,train,shirt_train_00215,B009MJ5G6S,B0086EJX5U,missing_candidate,is a red polo with thin black and white stripes,is red
shirt,train,shirt_train_00226,B00CBEYM16,B008AQDL4S,missing_candidate,is brown and contains a button down,is a button down shirt with a brown color
shirt,train,shirt_train_00269,B00CPZ1TWQ,B007ZNK6YK,missing_candidate,is green and black,has more green in it
shirt,train,shirt_train_00277,B00DOX2W4M,B00AH7R4YG,missing_candidate,has longer sleeves and is ligher,is gray and white with a hood
shirt,train,shirt_train_00288,B00DAO8X6G,B00C9U7Q4C,missing_candidate,has colorful stripes,Has many coloured slender stripes
shirt,train,shirt_train_00304,B007R1ERLS,B00DYRNKVW,missing_target,is a tight dark colored sleeved shirt,is grey with long sleeves
shirt,train,shirt_train_00332,B00AUV9G2W,B00EM8HC8O,missing_target,is a light plaid,is lighter colored
shirt,train,shirt_train_00339,B00A8S6B20,B00C3EZHPO,missing_target,Has a sexier logo,Is more feminine
shirt,train,shirt_train_00341,B00CXHAFC6,B009LI9206,missing_candidate,is red,is only red and white.
shirt,train,shirt_train_00350,B00B5FL260,B004H7REGK,missing_candidate,is more casual,is a white t shirt
shirt,train,shirt_train_00359,B00CQ5TZBC,B00A3SEP1O,missing_candidate,is blue colored and plain pattern,is light blue and has no button
shirt,train,shirt_train_00417,B006TC6YNA,B00ARXD8FE,missing_target,is green and says carhardt tough shirt,is a green t shirt
shirt,train,shirt_train_00442,B00B8QTY8O,B00A0MVYHQ,missing_target,Is more colorful with a pattern,is plaid and short sleeved
shirt,train,shirt_train_00482,B00C5KHSIA,B00C63MJ9E,missing_candidate,is sleeveless,has no sleeves and has more color
shirt,train,shirt_train_00497,B008KH3YUI,B00DVHOB4K,missing_target,has long sleeves and a darker color,has longer sleeves and more outdoorsy
shirt,train,shirt_train_00520,B00CTA18BE,B00D01UJO8,missing_candidate;missing_target,is dark blue and has a blue and silver graphic,is darker
shirt,train,shirt_train_00534,B00EZN2420,B003VIWHGS,missing_candidate,Is blue,has flap pockets and is brighter
shirt,train,shirt_train_00541,B0012X7OIA,B006HYLHAA,missing_candidate;missing_target,is blue in color,is a lighter denim blue
shirt,train,shirt_train_00542,B008RO4250,B004X9KR3O,missing_target,is plain black and more simple,is solid black
shirt,train,shirt_train_00546,B00A0MVYHQ,B0081RMN7C,missing_candidate,has long sleeves and a smaller print,is more formal
shirt,train,shirt_train_00551,B004U952YQ,B00EZOKDAO,missing_target,has longer sleeves with red and white boxes,It is more checked and dark
shirt,train,shirt_train_00584,B00BPBNIWA,B00EJMLN9C,missing_target,has longer sleeves and is a darker color,has long sleeves and is navy
shirt,train,shirt_train_00592,B00CRMDEM0,B0085UCDCA,missing_candidate,The shirt is white in color with black writing.,is white
shirt,train,shirt_train_00615,B00AEJQ6ZK,B00E1CQYU8,missing_target,Souls of the Street black tee,has a smaller logo and rounded collar
shirt,train,shirt_train_00618,B007CU8F1C,B00DYQEES6,missing_target,is blue with sleeves,has long sleeve and is blue color
shirt,train,shirt_train_00633,B00AHZU8OQ,B00EQ8XOMS,missing_target,is light blue color with a logo,is longer
shirt,train,shirt_train_00635,B00AX2ZAIC,B00D6QOOBQ,missing_target,is a plain blue shirt,is solid blue collared
shirt,train,shirt_train_00647,B0033HKRF0,B008F6AP8S,missing_target,Has longer sleeves and is black,has longer sleeves and is black
shirt,train,shirt_train_00663,B00CXTKN2Q,B0038KYE1K,missing_candidate,is a light blue plaid, sleevless and more casual
shirt,train,shirt_train_00683,B007VYMQJ6,B00D0XI3CQ,missing_target,is white colored with gray scale art,is white
shirt,train,shirt_train_00704,B00FA0GI38,B00BHA7QMC,missing_candidate,is red and short sleeved,has shorter sleeves
shirt,train,shirt_train_00709,B004U9F4HG,B00EZN26BY,missing_target,is solid black,is more solid colored
shirt,train,shirt_train_00734,B00DSY64SW,B004N6UVP6,missing_candidate,has shorter sleeves and beige,has more white and no designs
shirt,train,shirt_train_00741,B00D4L28IE,B00AOJG970,missing_candidate,has short sleeves and white,A solid white short sleeved buttoned shirt
shirt,train,shirt_train_00749,B00CDL1T68,B00BHSK92S,missing_candidate,is white and has short sleeves,is a pearl colored polo style
shirt,train,shirt_train_00775,B00D01UJO8,B000SZYOJU,missing_candidate,has a lighter color with a simple slogan,has shorter sleeves
shirt,train,shirt_train_00787,B0006M1TT8,B00AQAYV18,missing_candidate,has shorter sleeves,is solid gray with pockets
shirt,train,shirt_train_00798,B00CRMDEM0,B00E0HO09Q,missing_candidate;missing_target,is blue with white stripes,A bright blue shirt with white print
shirt,train,shirt_train_00831,B007TXB7GC,B005174XOQ,missing_target,is a plaid button up,is a button up with a collar.
shirt,train,shirt_train_00870,B00FPHZ7NS,B00FPHZMYW,missing_candidate;missing_target,has no pockets and light red colored,has more light red to it
shirt,train,shirt_train_00917,B008RTRHSY,B00DHCAVIO,missing_target,Has longer sleeves with a marijuana related graphic,has short sleeve and is large logo
shirt,train,shirt_train_00953,B00805EFF8,B00BCSG12U,missing_target,is lighter,is much lighter in color
shirt,train,shirt_train_01008,B00E80F7ZQ,B00DQW6A3U,missing_target,This is black t-shirt.,is black with white lettering
shirt,train,shirt_train_01018,B001C4ETZ0,B004FPH7U2,missing_target,is brighter in color,is lighter in color
shirt,train,shirt_train_01025,B0030BYZSO,B00B8YW51O,missing_target,is grey and has longer sleeves,has longer sleeves and darker colored
shirt,train,shirt_train_01035,B004D8PSHA,B000VZKCU2,missing_target,is a black long sleeve crew neck shirt,has longer sleeves
shirt,train,shirt_train_01036,B00B2I789K,B004D39JQ6,missing_candidate,is more bold, shorter sleeves
shirt,train,shirt_train_01086,B00AHZX59Q,B00EK5V0JG,missing_target,is light grey with no patterns,Has gray
shirt,train,shirt_train_01108,B00DUSAQCQ,B00A8D1260,missing_candidate,is white with a red faded design,is orange and has short sleeve
shirt,train,shirt_train_01110,B000VZKCU2,B008F34L2W,missing_candidate,short sleeves with graphic,is lighter in color
shirt,train,shirt_train_01133,B00C600Y8K,B00AY2FFJU,missing_candidate,is blue with a collared shirt,Desired item is a blue button up shirt
shirt,train,shirt_train_01142,B00BEEKTC0,B0092KIE2A,missing_candidate,is grey button collared shirt with short sleeves;ok,is solid gray and has shorter sleeves
shirt,train,shirt_train_01147,B00D9NTZ5Q,B007U3MO72,missing_candidate,has shorter sleeves and is darker colored,is lighter
shirt,train,shirt_train_01153,B00ARM3YFO,B00CJSBX34,missing_target,has longer sleeves and is checkered,is a plaid button down shirt
shirt,train,shirt_train_01163,B00ALS5DUI,B00D9M6O9M,missing_target,is gray with no printing,is a solid gray shirt
shirt,train,shirt_train_01164,B00AHZX59Q,B00BGVQW68,missing_target,is black with white words and designs,has slightly longer sleeves
shirt,train,shirt_train_01209,B00AQNPABU,B00DH7B2GO,missing_target,has no buttons and collar,has shorter sleeves and a v-neck
shirt,train,shirt_train_01210,B00CX69N3E,B00A8D2KDE,missing_candidate,its solid white with looser colar,is white with no patterns
shirt,train,shirt_train_01219,B0052W8M0G,B00D7ED3J6,missing_target,has short sleeves and is more patterned,has a much more detailed design
shirt,train,shirt_train_01221,B00BJHEB76,B00CQ2RYHM,missing_target,white version with similar logo,is white and more baggy
shirt,train,shirt_train_01223,B00B2IRBJ2,B00B2I676A,missing_candidate;missing_target,A green tee shirt with a print,is green with a design across the chest
shirt,train,shirt_train_01246,B00AEJPJ1M,B00DEYM74Q,missing_target,is white with a different logo,has a lighter color
shirt,train,shirt_train_01258,B0006M1TT8,B00CYS592U,missing_candidate,has shorter sleeves and is a lighter color,has short sleeves and has pocket
shirt,train,shirt_train_01260,B00B5FL260,B00B5FQ04Y,missing_candidate;missing_target,has shorter sleeves with prints,has a much busier looking pattern
shirt,train,shirt_train_01262,B00FE9URKK,B009ERH2W4,missing_candidate,Is a darker solid color with collar.,is collared and colorful.
shirt,train,shirt_train_01266,B00BPI91MO,B00BPJ5C44,missing_target,is grey with two animated character,is lighter in color
shirt,train,shirt_train_01268,B009XDKXQQ,B00CJRUVPQ,missing_target,has brighter color and a different checkered print,has orange trim and shorter sleeves
shirt,train,shirt_train_01286,B00C477TQ0,B005HEVJ72,missing_candidate,is green,is checkered with collar
shirt,train,shirt_train_01287,B006RDQQXY,B004HO6K22,missing_candidate,Is more pale in color,lighter colored
shirt,train,shirt_train_01303,B00BUKI1X2,B00B5BQR78,missing_candidate,is a black vest,is sleeveless and has a giraffe on it
shirt,train,shirt_train_01344,B00BI3AG66,B00CT9YENY,missing_target,is darker and more printed,dark blue shirt with print
shirt,train,shirt_train_01375,B00DUSAQCQ,B00A8D11G6,missing_candidate,is a light colored short sleeve shirt,has shorter sleeves
shirt,train,shirt_train_01428,B007YYW9X6,B00EDIF262,missing_target,The shirt is white with a colorful emblem.,is white with longer sleeves
shirt,train,shirt_train_01453,B00DAXAFTK,B00DAX14VS,missing_candidate;missing_target,is sleeveless and light blue,is a blue tank top
shirt,train,shirt_train_01454,B00D8XO41M,B000A38JR8,missing_candidate;missing_target,has a u shaped neck,is black with yellow logo
shirt,train,shirt_train_01504,B00DWWTDBK,B005U9IDLO,missing_candidate,is red with much shorter sleeves,is more formal
shirt,train,shirt_train_01520,B00AEJOWOM,B00E201REM,missing_target,is blue is white designs,is blue with a rounder neck
shirt,train,shirt_train_01525,B00CIPJ4L6,B007TXBK6O,missing_candidate,is a dark red flannel shirt,has a slightly smaller and darker pattern
shirt,train,shirt_train_01533,B008YIABE0,B00CXLGVXY,missing_target,is white with blue and red designs,has a white base with the english flag on  it
shirt,train,shirt_train_01571,B00DAO8X6G,B002WH973K,missing_candidate,is daker in color,is black small stripe and has on button
shirt,train,shirt_train_01572,B00DY384RG,B005EUU1H8,missing_candidate,is darker colored and has short sleeves,is black with no buttons
shirt,train,shirt_train_01581,B00B2IQP1M,B0015ZG378,missing_candidate,is an official wear,is long-sleeved and buttons down the front
shirt,train,shirt_train_01597,B00CYAYKEG,B0064EE3FE,missing_candidate, colors and long sleeves.,is a blue button down
shirt,train,shirt_train_01601,B009NR1B40,B00CQ7547O,missing_target,The shirt is purple in color.,is more girly
shirt,train,shirt_train_01614,B00FE9URKK,B00C2QS5E8,missing_candidate;missing_target, and long sleeved,Desired item is grey and blue with text
shirt,train,shirt_train_01623,B00B2I6HVK,B006L18ODC,missing_candidate,is dark colored with a minimal pattern,is darker black with a V-neck
shirt,train,shirt_train_01632,B00AO1G72U,B00CULPCXW,missing_target,is less casual and darker blue,is more sporty
shirt,train,shirt_train_01644,B00A9PX5Z8,B00B2JESDI,missing_candidate,is dark and has buttons,has a color and is darker in color
shirt,train,shirt_train_01672,B009VQNPME,B001GPOAPO,missing_candidate,is less gamer and more political,is more political
shirt,train,shirt_train_01711,B00AZWVVRY,B00BULZFLM,missing_target,has smaller checked box,it is lighter in color
shirt,train,shirt_train_01717,B00CRMDEM0,B001V3R1IE,missing_candidate,is a grey and black T shirt,has raglan sleeves and is darker
shirt,train,shirt_train_01740,B005ABFHX4,B005THMUXE,missing_candidate,is a short sleeved tee shirt with a tv show graphic,Is more casual with shorter sleeves.
shirt,train,shirt_train_01741,B006WQCYHI,B00B32MYAS,missing_target,is gray with a centered image,is darker
shirt,train,shirt_train_01748,B00GIN034Q,B000I7HS4Q,missing_candidate,has more puppies and less christmas,is a different color and has many dogs printed on the front
shirt,train,shirt_train_01750,B00E20IPH4,B00CI83MVQ,missing_candidate,has grey shirt,is a solid shirt
shirt,train,shirt_train_01761,B000A2G0DO,B00B1HMIYC,missing_target,Is more grey and v neck,is a solid gray v-neck t-shirt
shirt,train,shirt_train_01772,B00FLZ8EXY,B00E4NL8DM,missing_candidate;missing_target,The shirt has black sleeves and is pink in color.,is more colorful
shirt,train,shirt_train_01840,B00D9NTZ5Q,B00352M82I,missing_candidate,is a white colored shirt with images, black and white plaid shirt
shirt,train,shirt_train_01841,B00DSY64SW,B005KK6KF4,missing_candidate,green colored and crew neck,is warmer
shirt,train,shirt_train_01857,B00B2IRBJ2,B00C6011RI,missing_candidate;missing_target,is yellow in color,is lighter
shirt,train,shirt_train_01862,B00CDL1JWW,B00ATDRTJS,missing_candidate,has shorter sleeves and buttons in middle and collars,has short sleeves and buttons
shirt,train,shirt_train_01863,B004TKJ9Y0,B008BG8LUQ,missing_candidate,is a unique color belt,is a belt and a different color
shirt,train,shirt_train_01912,B00DOX30ES,B009T3RTCG,missing_candidate,has multi sleeves and an image design,has striped sleeves
shirt,train,shirt_train_01916,B00B8DJUQ8,B00BIKWMWA,missing_candidate,is more deeper hued and has shorter sleeves,has longer sleeves
shirt,train,shirt_train_01995,B00EU8ZEYK,B009ODX3SA,missing_candidate,is not long sleeved,is not a button down and has short sleeves
shirt,train,shirt_train_02001,B008KH3YUI,B00CX6DI7G,missing_target,is gray,a grey short sleeved crew neck tee with pocket imprint
shirt,train,shirt_train_02007,B00CJR01AQ,B00BP1QZ8O,missing_candidate,The color is white,is white with a different design
shirt,train,shirt_train_02009,B009WS7WBQ,B00CBRG4H8,missing_target,Is lighter with a different logo on the front,is more tighter
shirt,train,shirt_train_02020,B00AVYM1U2,B002TUTLUE,missing_candidate,is brown,has more brown colros
shirt,train,shirt_train_02024,B005BQRZQA,B0024FAZ6S,missing_target,is lighter with a 'doors' logo,is lighter
shirt,train,shirt_train_02032,B00CLI8IWQ,B00DUQBQTK,missing_target,has long sleeves and is plain white,has longer sleeves
shirt,train,shirt_train_02056,B00CIPJ4L6,B005174468,missing_candidate;missing_target,has larger checked boxes,is blue colored
shirt,train,shirt_train_02078,B00B2IMVBK,B004YUH6KO,missing_candidate,is darker,has rectangular graphic and is darker gray
shirt,train,shirt_train_02082,B00C5KHSIA,B00CSD3XBK,missing_candidate,is black in color with image of nuns,is a solid black color
shirt,train,shirt_train_02096,B00FHW5XUS,B004OYUEM2,missing_candidate,More grey,is lighter colored
shirt,train,shirt_train_02107,B00C20MEPA,B00DBXL50C,missing_candidate,is a light blue colored shirt with art in the middle,is pale blue with shorer sleeves
shirt,train,shirt_train_02126,B00DI0L6JS,B008CB3T9S,missing_candidate,is a yellow shade,is green plaid
shirt,train,shirt_train_02204,B00DOX30ES,B004R1RB2S,missing_candidate,is darker,is dark blue color with one pocket
shirt,train,shirt_train_02211,B008FX83XK,B00AVYM1U2,missing_target,is a long sleeve with more colors,is navy and blue striped and has longer sleeves
shirt,train,shirt_train_02247,B00BAW52LO,B0083RA9FI,missing_candidate,Blue and longer sleeves,is more blue with longer sleeves
shirt,train,shirt_train_02263,B00C200YDE,B00CXH9WUC,missing_target,is white with orange designs,has a color photo printed on it
shirt,train,shirt_train_02272,B00BWI555Y,B00B0LIYBU,missing_candidate,is a blue shirt with white writing,is a blue t-shirt
shirt,train,shirt_train_02366,B0010B8BZO,B00DS3FUFG,missing_target,is dark blue with white flower print,Is blue and more floral patterned.
shirt,train,shirt_train_02413,B00E201REM,B00AEJPJ1M,missing_candidate,is a dark blue T shirt with writings,is darker in color
shirt,train,shirt_train_02432,B00DVHNOMA,B000CCIQZM,missing_candidate,has shorter sleeves with prints,has shorter sleeves with a pattern
shirt,train,shirt_train_02435,B00CQI0J1O,B00B5GG106,missing_candidate;missing_target,has more plaid,it does not have pocket and it is checked
shirt,train,shirt_train_02463,B004I5RGLE,B00CBF1830,missing_target,The shirt is red plaid.,is more red
shirt,train,shirt_train_02471,B0080GTJCQ,B00C7JPU0C,missing_target,is a striped polo,is more yellow
shirt,train,shirt_train_02477,B00FA0GI38,B00BHA8BQC,missing_candidate,is red with stripes,has shorter sleeves
shirt,train,shirt_train_02491,B0029F2Q74,B00E94BPQ6,missing_target,is darker and buttons down,is more formal
shirt,train,shirt_train_02499,B00DDS9LZQ,B00756598U,missing_candidate,is red and checkered,is shorter sleeved
shirt,train,shirt_train_02501,B00DS3DWTM,B00AOJFPLG,missing_candidate,has more of a sheen and is buttonless,is lighter in color
shirt,train,shirt_train_02520,B00B2IMVBK,B0070264BU,missing_candidate,Has stripes and a collar.,black tank top style
shirt,train,shirt_train_02522,B007TXAVWS,B004L63TG6,missing_candidate,black button up with a collar,has more stripes
shirt,train,shirt_train_02536,B00B2IMVBK,B00B2IPE46,missing_candidate;missing_target,has colorful blocks on it,has more colors in it
shirt,train,shirt_train_02576,B00EMC4ZS0,B00GYL76RO,missing_candidate,is black,It is more satin
shirt,train,shirt_train_02587,B0030DFSLA,B000Y15LYU,missing_target,is more military,is darker
shirt,train,shirt_train_02597,B005DHLO4G,B00D9M4L6U,missing_target,is a black hood,is warmer
shirt,train,shirt_train_02605,B00DEYLNWS,B00CDGIFJ2,missing_candidate,Fits good and length is long,Is less colorful with more simple graphics.
shirt,train,shirt_train_02652,B009VQNPME,B004UONTUA,missing_candidate,is black,is darker and less graphic
shirt,train,shirt_train_02667,B004TKJ9Y0,B00BARYVA2,missing_candidate,Shorter Sleeved and differently patterned,has shorter sleeves and more color
shirt,train,shirt_train_02669,B00AX8FU1I,B00DGXRM72,missing_candidate,has brighter colors and a floral print,is yellow with floral pattern
shirt,train,shirt_train_02687,B00B40FMN0,B00BPER7II,missing_target,Is less patriotic,says only homeland with an eagle in background
shirt,train,shirt_train_02702,B00BQ9GPXK,B00BQ9FVT4,missing_target,is more colorful, is button up
shirt,train,shirt_train_02706,B00D0XI3CQ,B006PGEZ8Q,missing_candidate,is a blue T shirt with designs on it,is blue with colorful logo
shirt,train,shirt_train_02731,B00F4Q0TQ0,B005N6ZBCI,missing_candidate,is not formal,is darker and has shorter sleeves
shirt,train,shirt_train_02762,B00CIPJ4L6,B007TXBK5U,missing_candidate,is a dark red flannel shirt,has a slightly smaller and darker pattern
shirt,train,shirt_train_02775,B0015LKFDK,B002617RQG,missing_target,Longer sleeve,longer sleeves and two pockets
shirt,train,shirt_train_02804,B0048KTEPU,B00AZNWC6M,missing_target,contains long sleeves and has a larger checker pattern,Has longer sleeves
shirt,train,shirt_train_02806,B009I4YIBQ,B00C3NZVFG,missing_target,is green,is more brightly colored
shirt,train,shirt_train_02840,B001KY04CO,B00E5RKIG0,missing_target,Is flannel with buttons.0,is a plaid button down
shirt,train,shirt_train_02854,B003OQVMK4,B008YFUQPC,missing_candidate,has longer sleeves with black and grey strips,is darker and has longer sleeves
shirt,train,shirt_train_02873,B007JVDI4S,B00DGM09GO,missing_target,more details but lower quality than the desired product,has long sleeves
shirt,train,shirt_train_02892,B00CMPOL4C,B006O005XW,missing_candidate,is slightly the same,is darker
shirt,train,shirt_train_02943,B002L5WLSQ,B00DGRCE8A,missing_target,is lighter in color,is brown and has large painting
shirt,train,shirt_train_03009,B00BTCEVJE,B00EZCX95M,missing_candidate,has a lighter color and a print,It is more casual and more print
shirt,train,shirt_train_03035,B0001YR4FE,B000QWOXKA,missing_target,has a darker color and short sleeves,is black with shorter sleeved
shirt,train,shirt_train_03036,B00DAO8X6G,B00AREJH8K,missing_candidate,The shirt is dark blue,has larger stripes
shirt,train,shirt_train_03087,B006NA0704,B00FMRW05E,missing_target,longer sleeve and gray,is gray and western
shirt,train,shirt_train_03099,B00D9NTZ5Q,B0077Y5ULG,missing_candidate,is more green and revealing,is sleeveless with stripes
shirt,train,shirt_train_03100,B00BGVSPPO,B001JJAWZE,missing_candidate,is green colored with a logo,is green with a book graphic
shirt,train,shirt_train_03115,B00E2019VI,B004LGT20S,missing_candidate,is black with green designs,has short sleeve and is black color
shirt,train,shirt_train_03166,B00CXLGVXY,B001W8QQ8E,missing_candidate,is black in color with no sleeves,is black with shorter sleeves
shirt,train,shirt_train_03176,B00B2I6HVK,B00G0LGG06,missing_candidate,has red lettering,has more words on it
shirt,train,shirt_train_03192,B0085X1U12,B00E3R3DYG,missing_target,Is a deeper red and has longer sleeves,is solid in color
shirt,train,shirt_train_03205,B00EOM5KG4,B00485D0FA,missing_candidate,is red white and blue and has long sleeves,is a blue
shirt,train,shirt_train_03219,B00FXLCVD0,B00485DDF2,missing_candidate,is black,is dark gray
shirt,train,shirt_train_03224,B0097YXZS4,B005APHPNA,missing_target,has centered graphic and is light-colored,is white and less busy
shirt,train,shirt_train_03259,B0006M1TT8,B007RBUZKU,missing_candidate,is plain grey with shorter sleeved,Is more solid with shorter sleeves.
shirt,train,shirt_train_03265,B00CX6DCIQ,B008VRA1DK,missing_candidate,is more darker with camo print on it.,is colorful and shorter sleeves
shirt,train,shirt_train_03269,B00EDHVSW0,B00BQ8HQAC,missing_candidate,is orange and blue plaid shirt,short sleeve white different colors
shirt,train,shirt_train_03272,B00D01UJO8,B007R4OKM6,missing_candidate,blue and less patterned,is darker
shirt,train,shirt_train_03275,B003VYTCBU,B00DG7OSY8,missing_target,is orange,is orange and has no pocket
shirt,train,shirt_train_03276,B005APHPNA,B008693ZRM,missing_candidate,has a larger graphic and is more grungy,is grey with longer sleeves
shirt,train,shirt_train_03311,B009W81IMU,B004TKJ9Y0,missing_target,is white with a different logo,is more white
shirt,train,shirt_train_03324,B002JANYCU,B000A38HE8,missing_target,has short sleeves,is light and has a collar
shirt,train,shirt_train_03345,B00E3P1YZ8,B00EFV0UKU,missing_candidate;missing_target,Is white and not patterned,is white and long sleeved
shirt,train,shirt_train_03365,B00C600WDC,B00AOIBUBG,missing_candidate,is a red Quicksilver tee shirt,is red
shirt,train,shirt_train_03366,B00AOJG6XW,B00DS3G3KW,missing_target,is lighter,is white in color.
shirt,train,shirt_train_03380,B00E5RSK4W,B007B8MJ7Q,missing_candidate,is more casual and less colorful,has no buttons
shirt,train,shirt_train_03392,B00BP1PUOE,B00EVOEXLS,missing_target,Darker blue and longer sleeve,has longer sleeves and is a darker color
shirt,train,shirt_train_03408,B00DYQEES6,B00B1FK06C,missing_candidate,looks more simle and less revealing,is lighter with white lines
shirt,train,shirt_train_03412,B008G2QTCC,B00CJR01AQ,missing_target,The shirt is light gray with faded writing.,is gray with black logo
shirt,train,shirt_train_03425,B00DSQERH0,B003YGYMYM,missing_candidate,is white and a black circle,is lighter
shirt,train,shirt_train_03462,B00C3KGM7U,B00CXISGX0,missing_target,has short sleeves,Has slightly longer sleeves
shirt,train,shirt_train_03464,B00D9NTZ5Q,B004GGSWN6,missing_candidate,is grey with two black buttons,is lighter
shirt,train,shirt_train_03491,B003YM44WG,B00DEDGIC4,missing_target,has no pattern,has long sleeves
shirt,train,shirt_train_03507,B001FQ8IM0,B00C475HEQ,missing_target,Is lighter grey with a brighter logo,is gray with an orange logo
shirt,train,shirt_train_03509,B0085HB9PA,B0085HBYVY,missing_target,is darker in color and long sleeved,is grey with long sleeves
shirt,train,shirt_train_03522,B00D6QOOBQ,B009OMUN3Y,missing_candidate,has a dark color like black,is darker and has longer sleeves
shirt,train,shirt_train_03538,B00B2I789K,B00AOCAYZ0,missing_candidate,is sleeveless and smaller logo,has less sleeves
shirt,train,shirt_train_03578,B00EDHVSW0,B00B5FTMJE,missing_candidate,is light blue with no print,is a solid blue color
shirt,train,shirt_train_03587,B003Z4C8X0,B00AX8FN3S,missing_target,The shirt is black with a picture of a dog.,is darker
shirt,train,shirt_train_03602,B00F4Q0TQ0,B00BFLBXPY,missing_candidate,is less formal and more trendy,The item is short-sleeved and black with white logo
shirt,train,shirt_train_03631,B00CQI0J1O,B009ZAHUOA,missing_candidate,is darker in color and has shorter sleeves,Black plain t-shirt
shirt,train,shirt_train_03643,B00BAW52LO,B00C9S67C6,missing_candidate,is a black vest,has no sleeve and is black color
shirt,train,shirt_train_03648,B00COG6UU2,B00BFGUS50,missing_candidate,Darker colored,is darker in color
shirt,train,shirt_train_03661,B00D9LIQY4,B004C03RN6,missing_candidate,is shorter sleeved,is plaid and short
shirt,train,shirt_train_03670,B000F2H100,B003V5G988,missing_target,is orange with a dog on it,is orange and more canine
shirt,train,shirt_train_03671,B005173DQK,B009OFP7OQ,missing_candidate,is a beige plaid shirt,has longer sleeves and lighter in color
shirt,train,shirt_train_03680,B00FE9URKK,B008OUBC5A,missing_candidate,Is less casual and has longer sleeves,is darker colored long sleeve plaid design
shirt,train,shirt_train_03721,B00DY384RG,B0093HZGK0,missing_candidate, doesn't have a collar,is more athletic
shirt,train,shirt_train_03736,B00CTA18BE,B00D01UXGC,missing_candidate;missing_target,is red with the fox logo covering the whole front,is more colorful
shirt,train,shirt_train_03739,B00CIPJ4L6,B009OFPY8U,missing_candidate,is dark grey in color,blue plaid
shirt,train,shirt_train_03753,B008BSWMXG,B008BSWTK2,missing_target,plaid patterned,has a blue plaid pattern
shirt,train,shirt_train_03800,B00CHYADD6,B00CPPJY14,missing_target,has no sleeves and is gray,Is a tank top with dark stripes
shirt,train,shirt_train_03811,B0037SQLE6,B00G0JE5P6,missing_target,is a T shirt with cats on it,is a black tshirt with cats on it
shirt,train,shirt_train_03868,B00ARCZH9A,B00CBEYM16,missing_target,is darker in color with longer sleeves,is less formal
shirt,train,shirt_train_03897,B0076437RG,B00B2I7M7I,missing_target,is darker blue,is a darker blue
shirt,train,shirt_train_03899,B00CDL1RJ2,B00BEEF6I2,missing_candidate,is green and white checkered,is lighter and has more stripes
shirt,train,shirt_train_03926,B00DAXAFTK,B00DAX9G4K,missing_candidate;missing_target,is a light blue shirt with a logo,is blue with red text
shirt,train,shirt_train_03947,B00DDQB2XM,B000GA9P9Q,missing_candidate,has longer sleeves and is grey,A grey long sleeve shirt and pants combo
shirt,train,shirt_train_03950,B00DD6GDM2,B00G3ZLXVQ,missing_target,has a picture of goofy and mickey and is white,The shirt is white
shirt,train,shirt_train_03956,B00CJSBX34,B00BHNY88E,missing_candidate,is red without collars and writing on it,has no collar
shirt,train,shirt_train_03959,B00EVH0OGI,B0086UKDY4,missing_candidate,is black with short sleeves,has short sleeves and is black
shirt,train,shirt_train_03996,B00CXISOSC,B001L2Y1UQ,missing_candidate,is less sexual, blue
shirt,train,shirt_train_04010,B00B5FL260,B00B5HM26C,missing_candidate;missing_target,is a t shirt with short sleeves and is more blue in colour,is lighter and has shorter sleeves
shirt,train,shirt_train_04012,B00DDKLQ6G,B00E3OW3KO,missing_candidate,Is lighter in color with no buttons,is lighter
shirt,train,shirt_train_04022,B008FSHG6K,B004LIMCF8,missing_candidate,is a lighter beige color,is light colored with a pattern
shirt,train,shirt_train_04030,B008P8XHSG,B00FE9URKK,missing_target,is brighter,is white and grey striped
shirt,train,shirt_train_04036,B00DS3FUFG,B0010B8BZO,missing_candidate,is green colored and has leaves print on it,is green with flower patterns
shirt,train,shirt_train_04056,B006L18ODC,B00B2I6HVK,missing_target, purple,has a curved neck
shirt,train,shirt_train_04060,B00AASSUZY,B00D750JD8,missing_target,is plaid and a button down,has pockets and is checkered
shirt,train,shirt_train_04064,B00B88TQCQ,B00B8DJUQ8,missing_candidate;missing_target,is lighter with longer sleeves,is lighter and has longer sleeves
shirt,train,shirt_train_04068,B00CDL1RJ2,B007GPZDJK,missing_candidate,has short sleeves is jersey material and dark blue with yelllow stripes,is yellow and black with shorter sleeves
shirt,train,shirt_train_04069,B00DSY64SW,B004N6Y1VG,missing_candidate,has no print and is short sleeved,is an olive polo
shirt,train,shirt_train_04070,B00CX6DH6I,B002JADND0,missing_candidate,its a blue plaid button dwon shirt,is plaid with longer sleeves
shirt,train,shirt_train_04077,B00CAHOA8E,B00FAMF0LW,missing_target,is green with a santa on,has a santa graphic and is more green in colour
shirt,train,shirt_train_04082,B00D9NTZ5Q,B0080CBPLI,missing_candidate,is grey with buttons and a collar,Is button down
shirt,train,shirt_train_04088,B005LAJMOO,B00D8439QC,missing_target,Is white and less fitted,is white with black logo
shirt,train,shirt_train_04144,B00B3137W8,B004O0TRKQ,missing_candidate,is darker in color,is a darker gray
shirt,train,shirt_train_04151,B0096DYU6M,B00FXJ5ODG,missing_target,Has a different graphic,has less busy looking graphics
shirt,train,shirt_train_04156,B00EQ8XOMS,B00C2O3WU2,missing_candidate,is military,is darker colored with branded graphic
shirt,train,shirt_train_04177,B009VQNPME,B007AWFPUQ,missing_candidate,is more muted and less juvenile,is green with black text
shirt,train,shirt_train_04183,B00CQI0J1O,B00BJHCNKI,missing_candidate,is sleeveless,Blue and red multicolored pattern with tank top sleeves
shirt,train,shirt_train_04186,B00CC71R74,B00CPZ2AD8,missing_target,is less american,is more colorful
shirt,train,shirt_train_04206,B003IAQS1E,B00D4L28IE,missing_candidate;missing_target,is a white long sleeved shirt,has two pockets
shirt,train,shirt_train_04243,B0007IOSDU,B00A9PX5Z8,missing_target,is more shiney and less revealing,is more blue
shirt,train,shirt_train_04246,B00805EFF8,B00E3QER4M,missing_target,is white with black sleeves and is longer sleeved,has dark black sleeves
shirt,train,shirt_train_04259,B00425JW1C,B00AJOZ0A2,missing_target, and white plaid,Is light green
shirt,train,shirt_train_04299,B009WL2I5I,B0086UKD0I,missing_candidate,is a stripped shirt,is black and white with longer sleeves
shirt,train,shirt_train_04308,B00D0ZEGZ2,B0085WM4FO,missing_candidate,is a no sleeved tank top with art,is black with white and blue logo
shirt,train,shirt_train_04314,B006G8W1K2,B00BGVQAB0,missing_target,Has longer sleeves and more colorful,is black with red and white logo
shirt,train,shirt_train_04317,B00FLZ8EXY,B00A8NJAYQ,missing_candidate,is lighter,is a light blue button-up with a rainbow of colors on the pocket
shirt,train,shirt_train_04319,B00FHW5XUS,B00AREIUHO,missing_candidate,The short sleeve shirt is red and blue plaid.,has short sleeves and a plaid pattern
shirt,train,shirt_train_04338,B00FHW5XUS,B009MJ6KNG,missing_candidate,is lighter,is light colored
shirt,train,shirt_train_04438,B004L63SUS,B007TXAVWS,missing_target,is navy blue,is darker
shirt,train,shirt_train_04441,B009F7JK6E,B00B30K1KA,missing_target,is more plaid and has button-front,is plaid
shirt,train,shirt_train_04462,B008DZX53I,B006HZG8SA,missing_candidate, red,Is buttoned and white
shirt,train,shirt_train_04471,B00C1ETPV8,B00DYY3BBO,missing_target,is grey and has large sailboat,gray graphic shirt
shirt,train,shirt_train_04499,B0009GH0AS,B00DUQBHC6,missing_target,is white in color,has broader shoulders and is much whiter
shirt,train,shirt_train_04516,B0002MGM30,B0089G6RU4,missing_target,is a green and blue plaid,is more multi colored
shirt,train,shirt_train_04533,B00FXLCVD0,B00AJHL7E2,missing_candidate,is stripier and lighter colored,blue striped shirt with sleeves rolled up
shirt,train,shirt_train_04557,B00AJOZ0A2,B002W8IEOM,missing_candidate,is black,is darker
shirt,train,shirt_train_04584,B009MINOEA,B00BTCEVJE,missing_target,is a sweatshirt with long sleeves, shorter sleeved
shirt,train,shirt_train_04598,B008VQDHI2,B00CX6DCIQ,missing_target,is orange and white plaid,Brown and white striped button down
shirt,train,shirt_train_04629,B004U952YQ,B00EZOQK5Q,missing_target,has black image in center,has longer sleeves and a text and a graphic
shirt,train,shirt_train_04662,B009F7JK6E,B00E5RUCIO,missing_target,has a black stripe through it,is longer
shirt,train,shirt_train_04672,B008LWTPGE,B00BQ9FVQW,missing_target,is a light blue and white stripped button down shirt,is blue and white with large plaid design
shirt,train,shirt_train_04683,B00CRVUTKQ,B00080DGQW,missing_candidate,is a solid yellow and is more of a polo,A yellow short sleeved shirt
shirt,train,shirt_train_04693,B00DDPW4Q2,B00BUKI9TI,missing_candidate;missing_target,has pockets,has a small army pattrn pocket at front
shirt,train,shirt_train_04708,B00DM0QU86,B00CV2E2RW,missing_target,is black colored and more leisure,is less formal
shirt,train,shirt_train_04750,B007ZHC0DG,B00E0HGHFG,missing_target,is similar,is a black and white Fox T shirt
shirt,train,shirt_train_04762,B00CTA18BE,B0085UCDTI,missing_candidate,has a short sleeve sports logo in the right area,is blue and has a different design
shirt,train,shirt_train_04768,B00BR74XQM,B008ZBTFGQ,missing_candidate,is black and red,has brighter red tones to it
shirt,train,shirt_train_04799,B00FCM6KHS,B00BW557CI,missing_target,is a green shirt with an image,is more brighter
shirt,train,shirt_train_04818,B00CPZ2AD8,B00FDSSOHK,missing_candidate,is black with stick figure,is black and white
shirt,train,shirt_train_04820,B003K7F0L4,B00C9VXANW,missing_target,The shirt is gray plaid.,is darker
shirt,train,shirt_train_04821,B00B1AGPDY,B00DJ1OVF2,missing_target,is hooded,is long sleeve and hoody
shirt,train,shirt_train_04835,B00B2IMVBK,B00AOI8668,missing_candidate,has different pictures,has more of a busy pattern
shirt,train,shirt_train_04860,B006NNR8H6,B00DISJDI6,missing_target,Is a black t shirt with writing,is darker in color and more words on it
shirt,train,shirt_train_04917,B00FAOFIDU,B004PYED1E,missing_candidate,is more fitting,is less multi colored
shirt,train,shirt_train_04922,B008VQDHI2,B00CX6D96G,missing_target,Is less monochromatic, a collar and is white and blue
shirt,train,shirt_train_04937,B00CIPJ4L6,B00CIPIW8C,missing_candidate;missing_target,The red one looks more casual,Has a blacker pattern
shirt,train,shirt_train_04951,B00A0MVYHQ,B0089AY87O,missing_candidate,is more casual,it is plain and blue
shirt,train,shirt_train_04959,B00CSE5614,B00CSE76DA,missing_candidate;missing_target,has longer sleeves,is black with white text
shirt,train,shirt_train_04974,B005Z1IDBC,B008DZX53I,missing_target,has no image on it just a logo,has a smaller print
shirt,train,shirt_train_04978,B00EPDNTWO,B003QH14F4,missing_candidate,has short sleeves and is darker in color,is black and white with plaid
shirt,train,shirt_train_04983,B00CSE5614,B00DOG33GK,missing_candidate;missing_target,is red and says famous,Is red instead of black and has a different logo.
shirt,train,shirt_train_05012,B00D77DYQA,B00D77DP50,missing_candidate;missing_target,is exactly the same,has a collar and no hood
shirt,train,shirt_train_05027,B00B2IQP1M,B00DU8FSV0,missing_candidate;missing_target,is grey in colour and has longer sleeves,it is green and has buttons
shirt,train,shirt_train_05038,B00DY384RG,B008VATNKY,missing_candidate,has longer sleeves and is two toned,is black and gray with no buttons or collar
shirt,train,shirt_train_05044,B00C5KHSIA,B00AW8X4KS,missing_candidate,is blue,is brighter blue
shirt,train,shirt_train_05085,B00B2ZPYBC,B0075COD68,missing_candidate,is more visually aesthetic,doesn't have button ups
shirt,train,shirt_train_05108,B000BNJQJC,B00CQ755HS,missing_target,is a long sleeved white shirt,has longer sleeves and a lighter color
shirt,train,shirt_train_05122,B004TKJ9Y0,B007TMXZTA,missing_candidate,is black,is darker and more slim
shirt,train,shirt_train_05137,B00AEN3AN2,B009WVKEDG,missing_target,is a black shirt,has buttons full length
shirt,train,shirt_train_05139,B00B2IMVBK,B002TLTI38,missing_candidate,has longer sleeves,has white text and undershirt
shirt,train,shirt_train_05155,B008RJTOYE,B00D3DB3XY,missing_target,is blue with short sleeves,has shorter sleeves
shirt,train,shirt_train_05158,B008MTYHNC,B00D7EDBA2,missing_target,has more art work,is lighter in colour
shirt,train,shirt_train_05163,B00B2IRBJ2,B001CCCIP0,missing_candidate,is darker with a different graphic,is more dark with smaller logo
shirt,train,shirt_train_05165,B007XT7OYG,B00BGVQ6MS,missing_target,is darker and has different graphics,has lettering across chest and is black
shirt,train,shirt_train_05176,B00CIPJ4L6,B009OFPY94,missing_candidate,is darker,is the opposite color of the provided product.
shirt,train,shirt_train_05190,B00CAHOA8E,B00C2O3YBO,missing_target,is a black vest,is darker in color
shirt,train,shirt_train_05194,B00AZWLIXQ,B0006M1TT8,missing_target,is long sleeved plaid black and blue,has longer ssleeves
shirt,train,shirt_train_05200,B004O0TRKQ,B00B30S6CA,missing_target,Has a smaller image and is lighter colored.,Is brighter in color
shirt,train,shirt_train_05219,B008VDFV4S,B00CC7KC20,missing_target,Has a pattern,is a patterned button down
shirt,train,shirt_train_05227,B00AOJFR64,B004D3Q3XS,missing_candidate,lighter color with less pockets,is lighter blue
shirt,train,shirt_train_05238,B005SB68E8,B00DBXIAU0,missing_target,is a black and grey stripped polo,is a polo with black and grey thick stripes
shirt,train,shirt_train_05249,B00FPHZ7NS,B0077T4CXS,missing_candidate,is navy blue,Is less patterned
shirt,train,shirt_train_05265,B00A9PX5Z8,B00840XGBI,missing_candidate,The shirt is black in color.,is black and collared
shirt,train,shirt_train_05317,B00925VK7G,B00C9VZ3R8,missing_target,is more contrasting,is white and has long sleeve
shirt,train,shirt_train_05328,B005173DQK,B003OYJNBQ,missing_candidate,is darker,is darker colored and work ready
shirt,train,shirt_train_05333,B003O0N0LO,B00AIQH41E,missing_target,is solid green,Desired item is mint green with button-up neck
shirt,train,shirt_train_05341,B00B2IRBJ2,B007B8RXOU,missing_candidate,is white with blue waves,is lighter
shirt,train,shirt_train_05356,B00D6XHJ4S,B008FT736M,missing_candidate;missing_target,has a long sleeve dark black dress shirt,is black colored and gray cuffs
shirt,train,shirt_train_05394,B00B2FIFZO,B00E8DR60M,missing_target, blue,is black and white checked
shirt,train,shirt_train_05493,B002CSEYT6,B009VQNPME,missing_target,is blue with a 'sonic' logo,is more blue
shirt,train,shirt_train_05501,B00DY2FSSK,B009D9JCPI,missing_candidate,is a faded peach tshirt with a retro VW  bug as the graphic,is lighter colored and more casual
shirt,train,shirt_train_05542,B00756598U,B000T8NMVW,missing_target,is darker with longer sleeves,is more flannel and darker
shirt,train,shirt_train_05548,B00AX8FU1I,B0015VAXRI,missing_candidate,is green without a animal on it,is solid green
shirt,train,shirt_train_05559,B00DDPYVL8,B005H31WMK,missing_candidate,is light colored plaid button up with short sleeves,is short sleeve and blue
shirt,train,shirt_train_05569,B007X4DIZA,B00D8XMC5C,missing_target,has buttons going down all the way,is red plaid colored
shirt,train,shirt_train_05584,B00DTOCGWY,B005LAJNN4,missing_candidate,is black,has a darker color
shirt,train,shirt_train_05593,B008MHFO5E,B00CDL1T68,missing_target,is red black and gray,is a darker print
shirt,train,shirt_train_05607,B00B2IMVBK,B00AOI63DQ,missing_candidate,is black,Is darker with a larger logo.
shirt,train,shirt_train_05623,B00B2HE1NC,B00E20IS0I,missing_target,Longer selves and darker colored.,is darker in color and longer sleeves
shirt,train,shirt_train_05631,B00ABN7JZK,B00DGJGQRI,missing_target,has plain lettering and is less busy,is a different color and has a single word
shirt,train,shirt_train_05656,B00AH97RXC,B00FSC5LWW,missing_target,is a solid orange,Desired item is an orange sweatshirt
shirt,train,shirt_train_05715,B008KH3YUI,B00CX6C20A,missing_target,striped and colorful,has longer sleeves and multicolored
shirt,train,shirt_train_05721,B00D0XI3CQ,B00E0HJUNM,missing_candidate;missing_target,Is a black T shirt,is darker in color
shirt,train,shirt_train_05847,B00D4L28IE,B009CA8LM8,missing_candidate,Is a darker color.,is black with swirl designs
shirt,train,shirt_train_05876,B00B2IRBJ2,B004D39K1A,missing_candidate,button down collar with pockets,is more formal
shirt,train,shirt_train_05877,B00CX68S8A,B00DUSAQCQ,missing_candidate;missing_target,is more blue and patterened,is more blue and has a more complicated pattern
shirt,train,shirt_train_05887,B004R1JX1A,B00F6MTXB4,missing_target,is more visual aesthetic,Desired item is black and white plaid with long sleeves
shirt,train,shirt_train_05894,B005SB68E8,B00EM01FRQ,missing_target,is a dark colored short sleeve,has shorter sleeves
shirt,val,shirt_val_00000,B00CZ7QJUG,B005AD7WZI,missing_candidate,is solid white,is a lighter color
shirt,val,shirt_val_00009,B00EW84RMS,B00BGVUTBC,missing_candidate,has white letters, has more buttons
shirt,val,shirt_val_00025,B00AYU2QZ8,B00E3QGVFU,missing_target,is a long sleeved shirt,has long sleeve and is grey color
shirt,val,shirt_val_00041,B00BK77UC8,B00D6G9NX0,missing_target,has short sleeves,has shorter sleeves
shirt,val,shirt_val_00103,B000W7YJP8,B0096F6D6U,missing_candidate,have dark color short sleeves,Has shorter sleeves and is more brown.
shirt,val,shirt_val_00140,B00DE1BDLC,B0030BG78U,missing_candidate,Is blue with a red letter N on front,A black shirt with a red N on front
shirt,val,shirt_val_00154,B00BYQH3D6,B0081QK3A2,missing_candidate,is a loose fitting t shirt,is blue and is more animated
shirt,val,shirt_val_00186,B00DX7P1IS,B004GSOVXO,missing_candidate,is dark blue colored and plain pattern,is more simple and darker in colour
shirt,val,shirt_val_00197,B000783TCQ,B007IRL1VA,missing_candidate,is a long sleeved button up light plaid,Black t-shirt with skeleton showing muscles and organs
shirt,val,shirt_val_00202,B00A758348,B00FBBN4EW,missing_candidate,has no sleeves and is less sexy,is yellow and a tank top
shirt,val,shirt_val_00244,B00E89R5KC,B000NPJ9H2,missing_candidate,is a purple T shirt with Kittens on iy,is more gay
shirt,val,shirt_val_00246,B00B31W2TC,B00C0CMGOY,missing_target,has shorter sleeves and no pattern,is blue with shorter sleeves
shirt,val,shirt_val_00264,B00CU8PDPW,B00D7N1178,missing_candidate,is a beige colored long sleeve with text,is olive green with white logo
shirt,val,shirt_val_00290,B00A21JW60,B004L63QNW,missing_candidate,is more formal and blue,is blue with shorter sleeves
shirt,val,shirt_val_00341,B00DE1BDLC,B004RDY5LQ,missing_candidate, long sleeved and more grey,is light blue
shirt,val,shirt_val_00435,B007POLATE,B00C0CNKTE,missing_target,Is less casual and less patterned,is pink with long sleeves
shirt,val,shirt_val_00443,B00BK77UC8,B00G46E9CY,missing_target,is checked with a deeper shade of color,is bolder
shirt,val,shirt_val_00449,B00D0XHGGA,B007V9SGZE,missing_candidate,is white with a small fox logo,is white with a smaller fox logo.
shirt,val,shirt_val_00458,B00AOCAUEK,B00B2ZMJOM,missing_target,is striped long sleeves and less black,has longer sleeves
shirt,val,shirt_val_00496,B009B5O3NK,B005S2A9SI,missing_target,white and black t shirt looks more slim fir,has wider stripes
shirt,val,shirt_val_00501,B007G2OMP4,B00DDPTNS4,missing_target,is a solid color.,Solid white
shirt,val,shirt_val_00502,B0083FXVDC,B00CRVW3LY,missing_target,is lighter,has more strips
shirt,val,shirt_val_00504,B007PCKWDQ,B00DFJODD8,missing_target,is sleeveless and has contrast trim,is lighter and is a tank top
shirt,val,shirt_val_00509,B00D01V4OC,B0085UCF3M,missing_candidate,Is more black and bright,is more loose fitting and less fitted
shirt,val,shirt_val_00538,B00DE1BDLC,B006ID8WAI,missing_candidate,Is more blue and white,is more colorful and has more logos
shirt,val,shirt_val_00546,B00E3OW73M,B00EQV0784,missing_candidate,The shirt is white and black in .color,has larger graphics and lighter color
shirt,val,shirt_val_00552,B0083SDCOC,B00G37DN5S,missing_target,White and longer sleeves,is much lighter in color
shirt,val,shirt_val_00569,B006ID8WAI,B00ARFOX60,missing_target,is color blocked,has no logos
shirt,val,shirt_val_00610,B00AYU2QZ8,B00CBEYFHW,missing_target,has longer sleeves and is brown,is long sleeved
shirt,val,shirt_val_00612,B00D3DB5KU,B005FOP470,missing_candidate,is a darker blue with long sleeves,Is blue and less casual.
shirt,val,shirt_val_00643,B00CRVW3LY,B005XI84F2,missing_candidate,is dark blue with white stripes button shirt,is more formal
shirt,val,shirt_val_00650,B00G37DN5S,B00C4RULCE,missing_candidate,has shorter sleeves and is darker,is gray with shorter sleeves
shirt,val,shirt_val_00691,B00D3T6XG0,B00E5G71Z2,missing_candidate,Is more whimsical and has shorter sleeves,has more pattern to it
shirt,val,shirt_val_00692,B00G3ZMAJU,B00D9ZW3I0,missing_candidate,Is more white and simple,Is more white and has shorter sleeves
shirt,val,shirt_val_00701,B006ID8WAI,B00AFU8P2K,missing_target,is blue in color,is solid blue
shirt,val,shirt_val_00705,B00C4RULCE,B008YCX5DK,missing_target,has longer sleeves and buttons and is denim material,is a button down top
shirt,val,shirt_val_00710,B00E80PTRC,B009F7NHDQ,missing_candidate,is long sleeved and dark,A solid grey shirt with stripes across the chest
shirt,val,shirt_val_00718,B00DOV9UJY,B00DYY7QO2,missing_candidate;missing_target,has shorter sleeves with brand text,it is white and it is not plain
shirt,val,shirt_val_00736,B0053DV6AW,B00AQOFCBW,missing_target,is a gray fade color,it has a long sleeve and has pocket
shirt,val,shirt_val_00750,B0080F3536,B00D61JOKM,missing_target,is a long sleeved army type sweater,is grey with long sleeves
shirt,val,shirt_val_00812,B0028TS5X0,B00EYYBPSO,missing_target,is more lighter and patterned,A green/white plaid with long sleeves
shirt,val,shirt_val_00835,B000783T2Q,B0002X4OES,missing_candidate,is a dark orange sweater,is a yellow sweatshirt
shirt,val,shirt_val_00868,B009XDKZ3M,B00CJR3NUQ,missing_target,is a large white and black plaid,is lighter with larger plaid pattern
shirt,val,shirt_val_00882,B00BYQDJH0,B006FKPRU2,missing_candidate,is a lighter color,is lighter colored
shirt,val,shirt_val_00895,B00B7P6FBK,B007K3JLUU,missing_candidate,is red colored without collar,Is orange
shirt,val,shirt_val_00934,B008MWJ5PO,B004ISKVRW,missing_candidate,is very tight and sporty,is short sleeved and white
shirt,val,shirt_val_00965,B008YCX5DK,B0068DJYAA,missing_candidate,is lighter colored and has a larger print,Shiner and lighter blue with white stripes
shirt,val,shirt_val_00969,B008YCX5DK,B0062UBOOS,missing_candidate,has a shorter sleeve with art,is a crew neck with short sleeve and a print.
shirt,val,shirt_val_01002,B00BQ9SMYU,B00F5XVN9Y,missing_target,Is white and has a slightly smaller  graphic,it is white
shirt,val,shirt_val_01024,B00G3ZMAJU,B00DT5P9N6,missing_candidate,Is more run and grey,is gray with mickey mouse
shirt,val,shirt_val_01025,B00DS3DXJQ,B00AOJHO56,missing_candidate,is red with subtle white pattern,is red
shirt,val,shirt_val_01035,B00EASVUOI,B0086EZ6WY,missing_candidate,The shirt is green in color with short sleeves.,Is shorter sleeved
shirt,val,shirt_val_01086,B000783TCQ,B009M023QI,missing_candidate,is a sportswear,A black shirt.
shirt,val,shirt_val_01088,B00BSXLX9U,B00D2KGGOE,missing_candidate;missing_target,Is more casual and green,is more faded
shirt,val,shirt_val_01103,B000UZCE2M,B00BYQH3D6,missing_target,is multicolored,is lighter with dark horizontal stripes
shirt,val,shirt_val_01150,B00F6S5GUK,B00BW9IQBS,missing_target,has an image of a person,has a different graphic
shirt,val,shirt_val_01173,B00BW9IQBS,B005XIGCYW,missing_candidate,has image of star wars,is gray with black and red logos
shirt,val,shirt_val_01180,B00DFJODD8,B00CC0TY1W,missing_candidate,is black with white designs,is black with a white design
shirt,val,shirt_val_01185,B0058YVMDM,B006RDOWRQ,missing_target,is gray,Is grey and not buttoned
shirt,val,shirt_val_01240,B005DIJKXW,B00EDF7U2Y,missing_target,is a gray sweater cardigan,is much lighter in color
shirt,val,shirt_val_01251,B00CJRW0LO,B00DWC9QL2,missing_candidate,Is more patriotic,is black with white and red and blue logo
shirt,val,shirt_val_01258,B00D0XHGGA,B003URVV8A,missing_candidate,Grend and doesn't have logo,is more of a green color
shirt,val,shirt_val_01260,B00BSXLX9U,B008FVT5FC,missing_candidate,is a dark hoodie,is a navy blue lightweight hoodie.
shirt,val,shirt_val_01263,B008E7RDYW,B005C6B9UW,missing_target,is black with green designs,has shorter sleeves
shirt,val,shirt_val_01266,B00CDL2BX8,B00DIY0UJQ,missing_target,is a mutlicolored abstract pattern button down shirt with collar,is much more patterned and colourful
shirt,val,shirt_val_01279,B00680K0D8,B00CH59Q38,missing_target,has longer sleeves and is more colorful,is more blue and red
shirt,val,shirt_val_01301,B00F5XVN9Y,B00EQV0DC4,missing_candidate,short blue tee shirt with slight v neck,Is medium blue in color
shirt,val,shirt_val_01307,B00CX6BDFU,B005DIJJBK,missing_candidate,is solid black in color,is less sporty and more casual
shirt,val,shirt_val_01312,B00BYQDJH0,B004CR4ZC6,missing_candidate,is less formal and dark blue,is less formal
shirt,val,shirt_val_01318,B00CH59Q38,B009OFPY8A,missing_candidate,has a brighter color and no pockets,A grey/white plaid long sleeved shirt
shirt,val,shirt_val_01351,B005BSLCWQ,B00BCCMELS,missing_target,has a black top,has lower white and is black upper chest
shirt,val,shirt_val_01372,B00FDV30N0,B00A8D1Q8Y,missing_target,This is brighter in color. A bright pink.,is pink and has a collar and buttons
shirt,val,shirt_val_01395,B004I0C5XI,B00A21JW60,missing_target,has longer sleeves with plaid,is more formal
shirt,val,shirt_val_01420,B00DYY7QO2,B0048KPYFY,missing_candidate,is black with a v neck,is dark gray with a v-neck
shirt,val,shirt_val_01435,B00BW9IQBS,B005X0895K,missing_candidate,is lighter colored,is lighter and less graphic
shirt,val,shirt_val_01441,B00CJSA0L0,B00CJRUN9U,missing_candidate;missing_target,is grey with buttons,Is grey and buttoned
shirt,val,shirt_val_01474,B00CJSA0L0,B006H4LI7C,missing_candidate,has shorter sleeves and different graphic,is white and has shorter sleeves
shirt,val,shirt_val_01528,B00BYQDJH0,B008LTDW1G,missing_candidate,is more minimalist,is mainly plan brown with small amount white trim
shirt,val,shirt_val_01540,B00DU9IRGC,B009ZRV3GY,missing_candidate,is long sleeved with a plaid colorful print,is more multi colored
shirt,val,shirt_val_01544,B003AU61WI,B00D8UCM00,missing_target,Is more casual and black and white,is a black and white tshirt
shirt,val,shirt_val_01553,B0042VK7GA,B00CBVC8GA,missing_target,is blue with a collar or buttons,is less formal
shirt,val,shirt_val_01567,B00AFU8P2K,B004KIOM4S,missing_candidate,has graphic and is lighter,is a beige colored tee with a blue graphic
shirt,val,shirt_val_01576,B00EAP7JAK,B0085428H6,missing_candidate,is a gray long sleeve,is gray and long sleeved
shirt,val,shirt_val_01624,B001FBQ8L8,B0089CCDUQ,missing_target,is white,is lighter colored and has shorter sleeves
shirt,val,shirt_val_01640,B00CUA9J5A,B0065EBKS6,missing_candidate,is a button down with a plaid pattern,has a checkered pattern
shirt,val,shirt_val_01679,B0093OQREM,B00FDL73BK,missing_target,has a white crossed pattern,is darker blue with white logo
shirt,val,shirt_val_01713,B00D8YF87U,B00DVHNG2I,missing_target,is a long sleeved line patterned shirt,has longer sleeves
shirt,val,shirt_val_01731,B00E3QSK2W,B006G7OC46,missing_candidate,is and orange,red plaid shirt
shirt,val,shirt_val_01740,B008FVT2Y6,B00E8IO0VA,missing_target,Is a darker shirt with long sleeves.,is less formal
shirt,val,shirt_val_01838,B009VIGPC4,B00DR5TW2M,missing_candidate,Is more black and blue,is darker and shorter sleeves
shirt,val,shirt_val_01861,B00D9ZW3I0,B00FXJ5T22,missing_target,more dark and longer,is darker
shirt,val,shirt_val_01862,B0085HCN82,B0085HBOPA,missing_candidate,is light blue short sleeved button down and has collar,is darker
shirt,val,shirt_val_01882,B004HTURAS,B00DS5HO0S,missing_target,has longer sleeves with collar and prints,has more red
shirt,val,shirt_val_01954,B00C5KHZTM,B006Y5SM2I,missing_candidate,A blue short sleeved Famous tee shirt.,Is blue rather than black.
shirt,val,shirt_val_01966,B005G22KO6,B00D8V7G64,missing_target,is darker with a different print,is brown with long sleeves
shirt,val,shirt_val_01989,B00CH59Q38,B00AGEIWZK,missing_candidate,is black and white,is more black and white checked
shirt,val,shirt_val_02000,B00CH59Q38,B004AHLE0Y,missing_candidate, is a shirt and has a dotted pattern,has more white and wider checks
shirt,test,shirt_test_00017,B00D6QN9D0,,missing_candidate,The shirt is paisley and long sleeve.,has longer sleeves
shirt,test,shirt_test_00099,B00AQPP7SE,,missing_candidate,is stripy blue and white and more casual,Is striped and v-neck
shirt,test,shirt_test_00187,B001I0QG9U,,missing_candidate,I red in color with the word zoo.,is red with white and black lettering
shirt,test,shirt_test_00208,B00B2YILZE,,missing_candidate,is a grey t shirt with short sleeves,has a graphic on it
shirt,test,shirt_test_00251,B00E3OW9RG,,missing_candidate,blue colored and smaller print,is black and white
shirt,test,shirt_test_00254,B00E3OW9RG,,missing_candidate,is a short sleeved dress shirt with different colors,is light blue and white
shirt,test,shirt_test_00274,B00DVHO5RS,,missing_candidate,Is more casual and monochromatic,is darker
shirt,test,shirt_test_00277,B00A9PXEYA,,missing_candidate,has a zipper and longer sleeves,is black and longer sleeves
shirt,test,shirt_test_00281,B00BPIU6WI,,missing_candidate,is lighter,Is red with a circular graphic.
shirt,test,shirt_test_00351,B00DDPV0S0,,missing_candidate,is a Hawaiian short sleeve collared shirt,is floral print and button up
shirt,test,shirt_test_00451,B00BPIU6WI,,missing_candidate,Has a small picture in middle top of the shirt,has a smaller graphic
shirt,test,shirt_test_00462,B001I0QG9U,,missing_candidate,is blue in color,has black side panels and blue background
shirt,test,shirt_test_00510,B00CET37YQ,,missing_candidate,is white and gray,is plaid
shirt,test,shirt_test_00555,B00CZ6MVOU,,missing_candidate,Is less casual and more of a graphic,is white with black pattern
shirt,test,shirt_test_00569,B00A9PXEYA,,missing_candidate,is darker and plain,has white colored sleeve and shoudler trim
shirt,test,shirt_test_00591,B00CIPJBOQ,,missing_candidate,is more formal,it has a darker color
shirt,test,shirt_test_00609,B00CDQDVRS,,missing_candidate,is more t-shirt type,is less formal
shirt,test,shirt_test_00612,B0055QE7L2,,missing_candidate,is a beige color short sleeve,is lighter
shirt,test,shirt_test_00631,B00D9LHVUO,,missing_candidate,has no buttons and a graphic on the front,is a t-shirt with a design
shirt,test,shirt_test_00824,B00B2YILZE,,missing_candidate,is black,is a long-sleeve black t-shirt with no pocket
shirt,test,shirt_test_00913,B00EVOEIJ0,,missing_candidate,is more colorful,is a red tshirt
shirt,test,shirt_test_00919,B00D6X76G4,,missing_candidate,is lighter in color and has repeated pattern,is a checked white shirt
shirt,test,shirt_test_00927,B0085A491I,,missing_candidate,is a brighter color,is brighter
shirt,test,shirt_test_00930,B00EW7T79M,,missing_candidate,is lighter and has shorter sleeves,It is brighter
shirt,test,shirt_test_00948,B00B6E89EI,,missing_candidate,is black and is a sweater,is darker
shirt,test,shirt_test_00969,B00C3XYD4Q,,missing_candidate,has white buttons and pockets,it has buttons and pockets
shirt,test,shirt_test_00980,B00DVHO5RS,,missing_candidate,has chest pockets and is darker,is darker
shirt,test,shirt_test_00998,B00COG6ZAC,,missing_candidate,Is more red and less colorful,is red and navy
shirt,test,shirt_test_01053,B005DIF6E4,,missing_candidate,is a long sleeved blue and white striped shirt,is white and blue striped
shirt,test,shirt_test_01070,B00BT9LB7W,,missing_candidate,has buttons running down in middle,is more tropical
shirt,test,shirt_test_01082,B00CEQH74U,,missing_candidate,More blue and long sleeve,is long sleeved and light blue
shirt,test,shirt_test_01102,B00C0CP6S2,,missing_candidate,is darker with lighter trim,is black with yellow preppy
shirt,test,shirt_test_01149,B00D9LHVUO,,missing_candidate,is black without a collar,has bolder graphics and is darker colored
shirt,test,shirt_test_01206,B00CEQH74U,,missing_candidate,is black with light blue stripe,is darker
shirt,test,shirt_test_01214,B00DJ81QBC,,missing_candidate,is a black colored shirt with a distinct logo pattern,is more colorful
shirt,test,shirt_test_01260,B001I0QG9U,,missing_candidate,has strips on it,is v neck and striped
shirt,test,shirt_test_01283,B009P0KVAU,,missing_candidate,has a lighter logo,is darker
shirt,test,shirt_test_01301,B00D9LHVUO,,missing_candidate,is a black V neck T shirt,is black and has graphics
shirt,test,shirt_test_01310,B00D9LHVUO,,missing_candidate,has more graphics,army green with black circled designs on right side only
shirt,test,shirt_test_01338,B00E3OW9RG,,missing_candidate,is more red with patterns,has longer sleeves
shirt,test,shirt_test_01348,B00DJ81QBC,,missing_candidate,A lighter color with long sleeves.,has longer sleeves
shirt,test,shirt_test_01349,B00AY7W0HU,,missing_candidate,has stripes,has bolder striped and lighter colored
shirt,test,shirt_test_01366,B00EW7T79M,,missing_candidate,has no sleeves and text in the middle,is black with white text and no sleeves
shirt,test,shirt_test_01370,B00DDPV0S0,,missing_candidate,Lifted Brand Mens tee black saying Creative Unprofessionals,is darker
shirt,test,shirt_test_01430,B00DOXROZO,,missing_candidate,has a bigger design,Sheild around white lettering
shirt,test,shirt_test_01438,B00591XP2A,,missing_candidate,is black with shorter sleeves,has shorter sleeves and is darker colored
shirt,test,shirt_test_01449,B00DBRXQR8,,missing_candidate,is gray with a Billabong logo,is solid grey colored with a graphic
shirt,test,shirt_test_01455,B00C22WNT0,,missing_candidate,is solid black with collar,is darker and has a collar
shirt,test,shirt_test_01519,B00D9LHVUO,,missing_candidate,is a t-shirt with a graphic,is tee shirt with smokey graphic
shirt,test,shirt_test_01525,B0085A491I,,missing_candidate,is a solid color,is solid olive greend
shirt,test,shirt_test_01534,B00CBVCD4C,,missing_candidate,has longsleeves,is darker and has longer sleeves
shirt,test,shirt_test_01588,B00DBRXQR8,,missing_candidate,is lighter and is buttoned down,it has a vertical stripe and collar
shirt,test,shirt_test_01645,B00DUF8J46,,missing_candidate,is a three colored short sleeved shirt,is a red
shirt,test,shirt_test_01713,B00BB42QC4,,missing_candidate,Is more dark and musical,is darker
shirt,test,shirt_test_01715,B00CSE7I5Q,,missing_candidate,Is blue,is purple colored with a different graphic
shirt,test,shirt_test_01727,B00DUF8J46,,missing_candidate,Is more logo and less whimsical,is black with a design on front
shirt,test,shirt_test_01753,B00CET37YQ,,missing_candidate,is black and longer in length,is darker
shirt,test,shirt_test_01760,B00F617EEI,,missing_candidate,has a v shaped neckline and shorter sleeves,has short sleeve and is a bit V-neck
shirt,test,shirt_test_01801,B00DJ81QBC,,missing_candidate,a long sleeve button up with a blue plaid,is darker and has longer sleeves
shirt,test,shirt_test_01816,B00CKLHWMQ,,missing_candidate,is black and more casual with no pattern,is darker and has shorter sleeves
shirt,test,shirt_test_01863,B00AZNTS8C,,missing_candidate,is lighter and has shorter sleeves,has no sleeves
shirt,test,shirt_test_01935,B00E1ZLW16,,missing_candidate,is dressier and more buttoned,has button full lenth
shirt,test,shirt_test_01944,B00B2IOSS4,,missing_candidate,is a tank top with a bright color and a slogan,is a yellow tank top
shirt,test,shirt_test_01971,B00AY7W0HU,,missing_candidate,is white in color,is a lighter color
shirt,test,shirt_test_01981,B00AY7W0HU,,missing_candidate,Grey and doesn't have buttons,is grey and more collegiate
shirt,test,shirt_test_02024,B00BZ4RWG0,,missing_candidate,has longer sleeves and hidden buttons,is long sleeved
toptee,train,toptee_train_00044,B0048PI0PK,B00DJM9V6K,missing_target,is solid black with long sleeves,long sleeve black
toptee,train,toptee_train_00052,B007678ZVG,B00CTITZ5M,missing_target, and has a grpahic,has longer sleeves and is cream
toptee,train,toptee_train_00088,B006GZJUEU,B00CXKNGME,missing_target,has more colors,red and long sleeved.
toptee,train,toptee_train_00096,B00C83MYM4,B003ZUXY6E,missing_candidate;missing_target,The shirt is loose and black in color.,is in darker coloring and a little shorter
toptee,train,toptee_train_00113,B00CQ23XEU,B00CB20U5A,missing_candidate,is flowy with no sleeves,is more green and sleeveless
toptee,train,toptee_train_00114,B009H3SURG,B006Q6DZA4,missing_candidate,is sleeveless and and sexier,is pink
toptee,train,toptee_train_00179,B00C9WDZIG,B005HWQDD4,missing_candidate,is blue colored checkered shirt,has more blue
toptee,train,toptee_train_00230,B00BJEP9PW,B00D8WN4P0,missing_target,is a blue and white stripped button down shirt with collar,has more stripes
toptee,train,toptee_train_00258,B002N2XYKG,B005N4IIEI,missing_target,had shorter sleeves and is grey,has looser necklines
toptee,train,toptee_train_00261,B00CSKAMOY,B008S0EPEG,missing_candidate,Is lighter in color and short sleeves.,has no sleeves and is very pale green
toptee,train,toptee_train_00285,B00D1H0CXE,B00BQZBGVK,missing_candidate,is blue colored,is lighter colored and more blue
toptee,train,toptee_train_00288,B00C40T2YE,B00BDG2FBC,missing_candidate,has more colors and no sleeves,red tang-top
toptee,train,toptee_train_00316,B00APD3KA4,B00DMWE356,missing_target,is sleeveless.,has shorter sleeves
toptee,train,toptee_train_00322,B00BHZUVT2,B00B30VLCM,missing_candidate,is a lighter lighter color and loose,Has looser sleeves and a lower cut neckline
toptee,train,toptee_train_00332,B00C3CVKG6,B00FEC9WRQ,missing_candidate;missing_target,striped with longer sleeves,has horizontal stripes
toptee,train,toptee_train_00338,B00CTKZN4C,B0090U300I,missing_candidate,is yellow and loose crochet,is yellow and has sleeves
toptee,train,toptee_train_00345,B008HRN960,B00DWKC6FW,missing_target,is short sleeved white with a black graphic, is black and white
toptee,train,toptee_train_00390,B0093ADVUE,B00332FYA8,missing_target,is white with no sleeves, white design on front
toptee,train,toptee_train_00400,B00FB97WN8,B00C5X75Q2,missing_candidate,more floral,is black with blue floral print
toptee,train,toptee_train_00443,B00ANKDSBK,B000J0M6DU,missing_candidate,is more black and casual,black with white text
toptee,train,toptee_train_00510,B00462QTUS,B000RJ25T8,missing_target,is identical,has very slightly shorter sleeves
toptee,train,toptee_train_00522,B00B1AGCFA,B00C3CVKG6,missing_target,has longer sleeve and less animalistic print,is black and white pattered
toptee,train,toptee_train_00574,B00CFHV91K,B00FB7PIHW,missing_target,is black with long sleeves,is black with longer sleeves
toptee,train,toptee_train_00638,B008C01WNO,B00DEO2HQO,missing_target,its plaid and hs buttons,red and black with long sleeves
toptee,train,toptee_train_00645,B008OW0ZDI,B003E3T66Y,missing_candidate,is lighter,has V-neckline and has even hem
toptee,train,toptee_train_00671,B00EKTNITC,B00E9CELI2,missing_candidate;missing_target,The shirt is black and gray in color.,Is shorter & shinier
toptee,train,toptee_train_00691,B008KFFAQ6,B00DSK4W76,missing_target,has a shorter sleeve with polka dots,White with blue striped dots
toptee,train,toptee_train_00692,B009T57AUK,B00C7JQ2YA,missing_target,is lighter colored,is white and blue with shorter sleeves
toptee,train,toptee_train_00696,B00BQKMA6U,B007FP3PEG,missing_candidate,has colorful circle,is more colorful
toptee,train,toptee_train_00748,B00CEHLGSM,B00CEHM7NA,missing_candidate;missing_target,is black with a large flower,has one large daisy and black background
toptee,train,toptee_train_00768,B00AO3T6B2,B00ALRX2V6,missing_candidate,has a graphic on front,is white colored with 3/4 sleeve
toptee,train,toptee_train_00784,B0097ZYAA0,B00F38YF0K,missing_target,Has a scoop neck and more flowing,has a rounded collar
toptee,train,toptee_train_00826,B00D8TAQ3Q,B00987LR2G,missing_candidate,is red with longer sleeves and a lower neck,is longer sleeved with a more red brown pattern
toptee,train,toptee_train_00855,B00DHDYJ22,B00C6371J2,missing_candidate,is yellow with a high neck,is a yellow tee with a ruffled design.
toptee,train,toptee_train_00876,B004R1RFU6,B000WOR5JS,missing_target,has long sleeves with black color,has long sleeves
toptee,train,toptee_train_00904,B00F1GDDRA,B0045Y0RNC,missing_target,is sexually explicit,is a scoop neck t-shirt and has short sleeves
toptee,train,toptee_train_00906,B0085IN81M,B008E6IA4U,missing_target,is red with a flowery pattern and longer sleeves,is red and has sleeves
toptee,train,toptee_train_00933,B0088MX3RE,B00DSK4YDS,missing_target,is mostly grey and has longer sleeves,has less stripes
toptee,train,toptee_train_00939,B00A36K984,B00CSK96FU,missing_target,,has colorful patterns with long sleeves
toptee,train,toptee_train_00958,B00DY3XFDO,B008R720C4,missing_candidate,has shorter sleeves and grey crochet,is less casual and has shorter sleeves
toptee,train,toptee_train_01001,B00AO3T6B2,B00CAAP800,missing_candidate;missing_target,has longer sleeves and is brighter,is white with long sleeves
toptee,train,toptee_train_01012,B00EKH4GEU,B008D5937K,missing_candidate,has a bright red color with distinct overlay,Red with string tie collar
toptee,train,toptee_train_01022,B000RJ25T8,B001PS0QUA,missing_candidate,has longer sleeves and no v-neck, and sheer
toptee,train,toptee_train_01039,B008ERZM0Y,B00DRB4REO,missing_target,The shirt is long sleeved and tan and black in color.,has longer sleeves
toptee,train,toptee_train_01048,B00DY3XFDO,B0075SFAU0,missing_candidate,is short sleeved.,is shorter sleeve with the addition of pink and white print.
toptee,train,toptee_train_01087,B004R1RJTS,B00BI1ALOK,missing_target,has a long sleeve button up white color shirt,longer sleeves white button up girly
toptee,train,toptee_train_01132,B00D420ZME,B008YGBW4A,missing_candidate,has long sleeves and buttons,is grey with burrons
toptee,train,toptee_train_01179,B004M5I6S2,B003725RQK,missing_target,has longer sleeves and less revealing,is black and has longer sleeve
toptee,train,toptee_train_01214,B00AU8BILC,B00DVLW3L4,missing_target,is a lighter color,is lighter
toptee,train,toptee_train_01241,B00DDJK4HO,B00AV4W40E,missing_candidate,is lighter and has shorter sleeves, aqua cap sleeved
toptee,train,toptee_train_01248,B00B1AGAPW,B00EKTNITC,missing_target,does not have buttons,has round neck and is dark green color
toptee,train,toptee_train_01255,B00CWZSXDC,B00B804ASO,missing_candidate,The shirt is black and white with short sleeves.,is black with a grey design on it
toptee,train,toptee_train_01266,B00EKTNITC,B00BYOW8HY,missing_candidate,The shirt is blue in color.,has shorter sleeves
toptee,train,toptee_train_01279,B00C9WFDMM,B00C9WFI9K,missing_candidate;missing_target,has a brighter logo,longer sleeves with white graphic on it
toptee,train,toptee_train_01286,B00DYXZ2S0,B006WQX95Y,missing_candidate,The shirt is pink plaid.,is checkered with long sleeves
toptee,train,toptee_train_01384,B000OBU2MG,B009OICI8G,missing_target,has a longer sleeve,has long sleeves and is gray
toptee,train,toptee_train_01391,B00D1H0CXE,B007ZYSJ5M,missing_candidate,is just one dark color.,is black
toptee,train,toptee_train_01394,B00AV4W40E,B00DDJK4HO,missing_target,has a no sleeve jacket,is light colored with a zipper
toptee,train,toptee_train_01400,B00D420ZME,B00D41ZVX8,missing_candidate;missing_target,is red and has pocket,is red in color
toptee,train,toptee_train_01405,B00BCW5NHU,B00D2N5HHS,missing_target,is blue with mini prints,Is more brightly colored and less western
toptee,train,toptee_train_01417,B00ELC3VJU,B001IMMBIS,missing_candidate,is longer and lighter and has longer sleeves,is collored and striped
toptee,train,toptee_train_01421,B008ZBLDAW,B00CBI0UWW,missing_target,is less shiny and is blue,has shorter sleeves and is blue
toptee,train,toptee_train_01464,B00CPKJZOU,B003KYSORY,missing_candidate,The shirt has long sleeves and is gray in color.,is a blue tank with green and black design
toptee,train,toptee_train_01465,B00819Q1DW,B00BQKMA6U,missing_target, two sleeved and more fitted,is sleeveless and more everyday
toptee,train,toptee_train_01489,B00288DOEQ,B00EAR9HNA,missing_target,is orange with red designs,it is more colorful and has a long sleeve
toptee,train,toptee_train_01509,B00B19ULEY,B00CS0SSBI,missing_target,The baggy shirt is black in color with a scoop neck.,is black with long sleeves
toptee,train,toptee_train_01521,B00ETSMBSI,B00E1SSTT6,missing_candidate,The tank top is tight fitting and black.,is the same
toptee,train,toptee_train_01542,B00B6E9NZ2,B003SLRT4I,missing_candidate,collar detailed with no sleeves,is pink colored
toptee,train,toptee_train_01547,B00ESAI3HA,B00A13CZCW,missing_candidate,is longer and more flared, green graphics
toptee,train,toptee_train_01548,B0078LIZ4W,B00E8K6BZG,missing_target,is two toned and more conservative,is green and black with buttons
toptee,train,toptee_train_01576,B00DYONXF8,B00BNRFQHQ,missing_candidate,is teal colored and has two pockets,has more green and shorter sleeves
toptee,train,toptee_train_01592,B009Z1UWDU,B0070QN8OC,missing_candidate,is yellow colored,is brighter in color
toptee,train,toptee_train_01652,B00EAR9HNA,B00BLYT5ZU,missing_candidate,The shirt is loose fitting with a floral pattern.,has a floral pattern and is light blue.
toptee,train,toptee_train_01662,B00DURBH0C,B007WPMBQW,missing_candidate,is yellow and has an ascot,Desired item is yellow with ruffle and tie at neck
toptee,train,toptee_train_01678,B0097YEXG2,B00D8TAQ3Q,missing_target,is less brown and has floral,is lighter in color.
toptee,train,toptee_train_01683,B009Z1UWDU,B005QQ6K0C,missing_candidate,has longer sleeves,has slightly loner sleeves
toptee,train,toptee_train_01717,B00DEWVBPE,B00DF09LXO,missing_candidate;missing_target,has long sleeves with blue and white patterns,is blue and tighter
toptee,train,toptee_train_01727,B00EKTNITC,B00EYZ2R9Y,missing_candidate;missing_target,has more of a design,is shinier with a geometric pattern
toptee,train,toptee_train_01737,B00D8V16II,B005V9Z26M,missing_candidate,Is grey and more covered at the neck,is a turtleneck and more fitted
toptee,train,toptee_train_01770,B00BNRFQHQ,B00DURBPFO,missing_target,has a bunch of colorful patterns,earth tones flowery tunic length
toptee,train,toptee_train_01816,B00D8TAQ3Q,B00BQOY8CA,missing_candidate,is darker,has shorter sleeves
toptee,train,toptee_train_01824,B00CBQRW5C,B00D6CUE8W,missing_target,is a light blue shirt with white collar,is light green tee with a bus on front
toptee,train,toptee_train_01874,B00C5NTPCY,B0025WJH1O,missing_candidate,is all white tank top style, is totally white and is lacy
toptee,train,toptee_train_01879,B009YJULZW,B005AVZM7K,missing_target,is blue with neck pattern,has longer sleeves and a V neck
toptee,train,toptee_train_01883,B00622HINC,B00DOX4BSW,missing_target,is sleeveless and black colored,Desired item is a black and white patterned tank top
toptee,train,toptee_train_01885,B00DAOU850,B00CN7Y36U,missing_candidate,has shorter sleeves and blue colored,is navy and fitted
toptee,train,toptee_train_01895,B00DJM9V6K,B002JL71W8,missing_candidate,short sleeves with logo,has short sleeves and logo
toptee,train,toptee_train_01916,B0076J9FTK,B00DEWVQC2,missing_target,has longer sleeves and is blue, no sleeved
toptee,train,toptee_train_01932,B00BNRFCFC,B00DURBH0C,missing_target,is violet colored shirt,is plaid
toptee,train,toptee_train_01963,B006OVYTYC,B00DS5NUM4,missing_target,is long sleeves and solid brown,has longer sleeves
toptee,train,toptee_train_01964,B002CVV36U,B00FEDZYSG,missing_target,The shirt is black with an abstract picture.,is a black short-sleeved shirt
toptee,train,toptee_train_01965,B008SRKMJG,B00CSK792M,missing_target,is long sleeved,has long sleeve and is light pink color
toptee,train,toptee_train_01995,B00DY81FLS,B00CIPHZVM,missing_candidate,is casual,is more complex and shorter sleeves
toptee,train,toptee_train_02021,B00DY3BY7I,B00BG44QY0,missing_candidate,is a tank top with dots,is white with black dots
toptee,train,toptee_train_02023,B00E19ROVO,B0093ZYMMK,missing_candidate,The dress is gray in color.,is darker colored
toptee,train,toptee_train_02079,B0088D23WY,B00E3MJTR6,missing_target,is light with buttons and no print,has longer sleeves and no dot design
toptee,train,toptee_train_02084,B009VJ1CS0,B00EALTW36,missing_target,has large v neck and deeply red,is in a colorful print design
toptee,train,toptee_train_02091,B003LBSTC6,B00DIZU054,missing_target,is lighter with longer sleeves,has 3/4 sleeves beige color
toptee,train,toptee_train_02099,B009AONY8M,B00DNRB4JI,missing_target,has no sleeves,has no sleeves and has a graphic on it
toptee,train,toptee_train_02173,B00AW5QOT4,B00D7NY4UO,missing_target,is more darker,is darker colored and has two pockets
toptee,train,toptee_train_02234,B00BC6BXWK,B00C6DBJ40,missing_candidate,The shirt is white with a scooter.,is a white tshirt
toptee,train,toptee_train_02261,B00A7BBC04,B00DGKYLBK,missing_target,has no sleeves and color is green,Is striped and more sexy
toptee,train,toptee_train_02269,B000WOR5JS,B0061N1LSK,missing_candidate,is orange with short sleeves, looser neck
toptee,train,toptee_train_02293,B00DURBV1C,B00BNRGNBE,missing_candidate,The shirt is yellow,is less flannel and more striped
toptee,train,toptee_train_02321,B00DY3BY7I,B00ATNL90I,missing_candidate,The tank top is gray and pink in color.,is cut low in the front and no sleeves
toptee,train,toptee_train_02322,B00DRZVLEY,B003VIWJFW,missing_candidate,The shirt is long sleeved and white.,has longer sleeves
toptee,train,toptee_train_02339,B00E4P8G12,B0097YEXG2,missing_candidate,has a V-neck and longer sleeves,Has longer sleeves and looks more up scale
toptee,train,toptee_train_02368,B00ARRF6EQ,B00CWZSXDC,missing_target,has no sleeves and is white in color,has no sleeves
toptee,train,toptee_train_02374,B004RKMB5Q,B00D1HK1C6,missing_target,is a white color shirt with two pockets,has sleeves and a collar
toptee,train,toptee_train_02393,B00CPKGWTQ,B0094U90MQ,missing_candidate,has colorful geometric shapes.,is wavy with colorful patterns
toptee,train,toptee_train_02397,B007CFDN7I,B00DIZV5EE,missing_target,has long sleeves,is pink colored with a different pattern
toptee,train,toptee_train_02402,B005CT32V8,B00FB3B5SW,missing_target,has no sleeves,is a all black shirt with longer sleeves.
toptee,train,toptee_train_02421,B000XSGVWU,B009SGW492,missing_target,The shirt has no sleeves is blue with white polka dots.,is sleeveless and bow tie neck
toptee,train,toptee_train_02432,B0025WJH1O,B00C5NTPCY,missing_target,The long sleeved shirt is brown and gray.,is longer sleeved and flowing
toptee,train,toptee_train_02450,B00F6PTZAK,B005AVYX4I,missing_candidate,has short sleeves and color is blue,is  brighter
toptee,train,toptee_train_02494,B002LW0PVO,B00BQZ2YD4,missing_target,has no sleeves and is black,lacks sleeves and is on black with a print out.
toptee,train,toptee_train_02548,B00BGVQS44,B001THUBU2,missing_candidate,The tank top is tight fitting red with white polka dots.,is red colored with white dots
toptee,train,toptee_train_02554,B008ZB19AG,B005TBU9TC,missing_candidate,the red color looks more dark and less revealing,is red with white stripes
toptee,train,toptee_train_02586,B00DY81FLS,B00CIPPTEW,missing_candidate;missing_target,is more animalistic and less paisley,is yellow and is more animated
toptee,train,toptee_train_02594,B00CPKGLP6,B00AYDN8FM,missing_candidate,is teal colored with longer sleeves,has teal stripes on it
toptee,train,toptee_train_02595,B00DG00F06,B004XOZAUY,missing_candidate,has no sleeves with image,is dark pink and has more print
toptee,train,toptee_train_02600,B00FEC9WRQ,B00B17DMTW,missing_candidate,is lazy necked with turquoise print,is bright green patterned detail
toptee,train,toptee_train_02637,B00DWBUP40,B008FR4MF4,missing_candidate,is black with neck tie,has a more rounded collar
toptee,train,toptee_train_02664,B008C01WNO,B00BBL1MAE,missing_target,ia olive green with long sleeves,is tan with long sleeves
toptee,train,toptee_train_02671,B00AKJL00A,B00C9WF3G8,missing_target,It is a darker color and has stripes.,has stripe and is black color
toptee,train,toptee_train_02686,B00F6PTZAK,B00CXN5TLM,missing_candidate,Is blue with shorter sleeves,is a turquoise color
toptee,train,toptee_train_02713,B001CEVAEI,B00387EAMG,missing_target,The short sleeved shirt is black in color.,has shorter sleeves and is a darker color
toptee,train,toptee_train_02724,B00ETSMBSI,B00DOAU6TS,missing_candidate,has no sleeves but different transparent art,has a lighter color to it
toptee,train,toptee_train_02730,B00CJGDEQU,B004FGMOZE,missing_candidate,is white with no stripes,it has not stripe and longer sleeve
toptee,train,toptee_train_02736,B00CS0SSBI,B007P0Q3SQ,missing_candidate,is stripped and very casual,is white colored with blue stripes
toptee,train,toptee_train_02743,B00AS5JHN8,B005LVK3QO,missing_candidate,has longer sleeves and more patterns,darker longer sleeves and more form fitting
toptee,train,toptee_train_02744,B009Z1YJYS,B00CPKKXQE,missing_target,The long sleeved shirt is black and white.,is black with white long sleeves
toptee,train,toptee_train_02781,B008R720C4,B00E8JY4N8,missing_target,has a longer sleeve,Has long white sleeves and button up the front
toptee,train,toptee_train_02803,B0032Z8ONU,B00CXLBKV2,missing_target,is darker and has longer sleeves,is denim with a zipper
toptee,train,toptee_train_02815,B00AO3T6B2,B006D6A9G0,missing_candidate,The shirt is beige with a bow on the neck.,Is more printed and chic
toptee,train,toptee_train_02852,B00CEHM7NA,B00B3FQJII,missing_candidate,is white with shorter sleeves and a different graphic,is short sleeved with a different design
toptee,train,toptee_train_02902,B002R670TO,B00CA9JLY0,missing_target,is dark colored and plain pattern,is in soliid color
toptee,train,toptee_train_02951,B00B5ADOK2,B008OPMZ60,missing_candidate,The shirt has short sleeves and is black in color.,is looser and darker
toptee,train,toptee_train_02991,B004KJEJC2,B00CTKZN4C,missing_target,is darker,has no stripes
toptee,train,toptee_train_02996,B008XF7Z4I,B00CDBNALA,missing_target,The shirt has black and white stripes.,is black and white striped
toptee,train,toptee_train_03009,B0045EPZKM,B008OW0ZDI,missing_target,The shirt is black and sheer.,has short sleeves
toptee,train,toptee_train_03017,B00FEC9WRQ,B00B17DPBC,missing_candidate,is plain white with a v shaped neckline,Is cream color with lower neckline.
toptee,train,toptee_train_03029,B00FB4WDA0,B00C2IMSEO,missing_candidate;missing_target,has wider strpies and looks more casual,longer sleeves light blue stripes no extra cloth
toptee,train,toptee_train_03036,B00BQZ2YD4,B002LW0PVO,missing_candidate,has a short sleeve v-neck,is lighter and has longer sleeves
toptee,train,toptee_train_03141,B00C9WFI9K,B008H48NV4,missing_candidate,is a lighter color and less vintage, shorter sleeves
toptee,train,toptee_train_03155,B007IRMTUC,B00E6N685I,missing_target,is purple with a high neck,is more purple colored
toptee,train,toptee_train_03187,B00FB97WN8,B0074K5AEU,missing_candidate,has a plaid shirt over dark shirt,is squared and has buttons on front.
toptee,train,toptee_train_03213,B001AAZTGE,B00DZLX4Z4,missing_target,has shorter sleeves with gray scale art,has real lion picture
toptee,train,toptee_train_03238,B006L1F72I,B00DN2ECDS,missing_target,has a cooler color and is much looser,has long sleeves and has buttons.
toptee,train,toptee_train_03260,B00CTFA0RC,B00CTFAF2W,missing_candidate;missing_target,is less gothic and more formal,has a blue pattern
toptee,train,toptee_train_03263,B008U8Q6EI,B00CTFA0RC,missing_target,Is lighter in color and more faded,is black near the hemlines
toptee,train,toptee_train_03276,B0089ODSU8,B00CTXNW0Q,missing_target,is lighter and has longer sleeves,Is long sleeve and two tone.
toptee,train,toptee_train_03291,B006HSD0YC,B00CQKVFHE,missing_target,The long sleeve shirt is gray in color.,is grey with a scoop neck
toptee,train,toptee_train_03322,B007OQ94OQ,B00D8RVXT4,missing_target,The shirt is blue with brown plaid.,has a plaid pattern
toptee,train,toptee_train_03364,B00E3QZGJC,B006VES0CE,missing_candidate,is more casual,is striped and has shorter sleeves
toptee,train,toptee_train_03365,B00B5A7SHW,B009Q82JHY,missing_target,is striped and has a loose fit,is brighter in color
toptee,train,toptee_train_03366,B00DEWVJ88,B008YYBSE6,missing_candidate,The shirt is red and blue plaid.,it is checked
toptee,train,toptee_train_03411,B00CGZC6AE,B00CEHM94M,missing_candidate,Is more whimsical and has a larger pattern,is less fitted and more flowery
toptee,train,toptee_train_03416,B00D8V16II,B0069J32BA,missing_candidate,is lighter and has shorter sleeves,is sleeveless and non button up.
toptee,train,toptee_train_03440,B0075N40QA,B00DRZVLEY,missing_target,is white and more sheer,is lighter and sleeveless
toptee,train,toptee_train_03463,B00A0I8B30,B00E4M1BEO,missing_target,is more formal and longer sleeved,is all black with long sleeves
toptee,train,toptee_train_03469,B0066EDY6Q,B00ETSMBSI,missing_target,Is more flowy and has no logo,is a black loose fitting top
toptee,train,toptee_train_03470,B00E19RSN8,B008CLI65K,missing_candidate,is darker and more provacative,is a dress and is blue
toptee,train,toptee_train_03488,B00BQJVEOA,B00CIPI228,missing_target,is a short sleeve shirt with a colorful butterfly,is a lighter color
toptee,train,toptee_train_03498,B008X0H42G,B00DYXZ2S0,missing_target,has no sleeves and checker patterns,is sleeveless with black and grey coloring
toptee,train,toptee_train_03534,B00AE12RR4,B0067EYOYG,missing_candidate,The shirt is blue with Bhudda,is dark blue with white image
toptee,train,toptee_train_03562,B00BQKMA6U,B00BIZ6S84,missing_candidate,is blue colored and has sleeves,is blue striped
toptee,train,toptee_train_03611,B00DS3YUC0,B0027L32F0,missing_candidate,has short sleeves and has no animal print,has shorter sleeves and is grey with blue picture
toptee,train,toptee_train_03639,B00C9WFDMM,B0030IMHI2,missing_candidate,The tank top is black in color with white writing.,Has no sleeves
toptee,train,toptee_train_03696,B0081FPZGA,B00E0IQ40S,missing_target, short sleeved and is more casual,has shorter sleeves and zipper
toptee,train,toptee_train_03707,B00859R9QQ,B00EQ3L18C,missing_target,is black with long sleeves,is long sleeved and black
toptee,train,toptee_train_03727,B0038OTXA8,B00CQKVIGW,missing_target,is darker,is red with polka dots
toptee,train,toptee_train_03749,B00EKH4GEU,B00B3RK4F0,missing_candidate,is orange,Solid orange long no sleeves shirt.
toptee,train,toptee_train_03758,B005LVK3QO,B00AS5JHN8,missing_target,is white and embroider,is lighter and has shorter sleeves
toptee,train,toptee_train_03805,B00DQD8AZ0,B00C9WFLLU,missing_target,is lighter,is tighter fitting and white with black text
toptee,train,toptee_train_03848,B00BC6BXWK,B0061072W2,missing_candidate,is yellow and white and striped,has yeellow stribe in color and is sleeveless
toptee,train,toptee_train_03876,B00716OR1E,B00FFZTYD4,missing_target,is a long sleeve light yellow shirt,is lighter and has longer sleeves
toptee,train,toptee_train_03901,B000RJ25T8,B003JQJV7A,missing_candidate,Is more colorful and has stripes,has wider neckline and horizontal stripes
toptee,train,toptee_train_03945,B008ZB19AG,B0085J284O,missing_candidate,whiter with no pocket,is gray with longer sleeves
toptee,train,toptee_train_03952,B00B9R4YIW,B00EAIWTPC,missing_target,is a shirt with long sleeves,Is longer with mid length sleeves.
toptee,train,toptee_train_04012,B00C4PY3ZC,B00BB8VPC2,missing_candidate,The shirt has short sleeves and is orange and white in color.,is red and white patterned
toptee,train,toptee_train_04013,B00E1EM3QA,B00ESG1IF8,missing_candidate,has no sleeves with different patterns,has no sleeves
toptee,train,toptee_train_04029,B00C7XFH10,B005EUQV90,missing_candidate,has longer sleeves,Has longer sleeves and a looser fit
toptee,train,toptee_train_04039,B000WOR5JS,B002YQ2XUS,missing_candidate,is more roomy and less sleeves,Is gray and round neck with 3/4 sleeves
toptee,train,toptee_train_04057,B00DRZVLEY,B007OWSMPC,missing_candidate,has longer sleeves and pockets,has longer sleeves
toptee,train,toptee_train_04141,B00DY81FLS,B00BQHBM6M,missing_candidate,has more transparent sleeves,Is a sheer white and black with 1/2 length sleeves
toptee,train,toptee_train_04147,B00BHZVWHM,B00BHZX2FC,missing_candidate;missing_target,is cream and black with longer sleeves,has black greyish graphic and has sleeves
toptee,train,toptee_train_04173,B006VB255K,B006MRGXLA,missing_candidate,is similar but with animal print throughout,is leopard print
toptee,train,toptee_train_04194,B00EZX1Q6U,B00CPKJZOU,missing_candidate;missing_target,,is purple and zips down the front
toptee,train,toptee_train_04217,B00BJF9CRW,B008SB92G6,missing_candidate,has a long sleeve with dark brown color,is black and has long sleeves
toptee,train,toptee_train_04268,B00CSK96FU,B008SRKMJG,missing_candidate,pink and short sleeved,is lighter colored and shorter sleeved
toptee,train,toptee_train_04273,B00AE12RR4,B007PSE87Q,missing_candidate,Is less flowing and more casual,is shorter sleeved and pink
toptee,train,toptee_train_04286,B00E8F68ZO,B008TR0K7Y,missing_candidate,darker and has longer sleeves,has stripes
toptee,train,toptee_train_04293,B00D8TAQ3Q,B009XIHURG,missing_candidate,The long sleeve shirt is sheer and blue in color.,Is smaller & lacier
toptee,train,toptee_train_04310,B0031RFWUC,B00CFE0Y5K,missing_target,need to be more playful and less feminine looking without a bow.,It is green and more casual
toptee,train,toptee_train_04325,B00EKH4GEU,B0058BRZFO,missing_candidate,Is more plan and not lacy,has longer sleeves
toptee,train,toptee_train_04327,B007CFDTU4,B00B5ADOK2,missing_target,The shirt is long sleeved and pink in color.,peach button up 3/4 sleeve
toptee,train,toptee_train_04340,B00COFPKEK,B00CWX473E,missing_target,has longer sleeves,3/4 sleeve medium length not shiny
toptee,train,toptee_train_04447,B006Q6DZA4,B009H3SURG,missing_target,is longer sleeves and dark colored,has long sleeves and black pattern
toptee,train,toptee_train_04450,B009YKPAUW,B00E4P7GRW,missing_target,Is more flowing and western,it is less plain
toptee,train,toptee_train_04456,B009H3SURG,B009H3SIOQ,missing_candidate,The shirt is white and pink.,is white with red pattern
toptee,train,toptee_train_04463,B00CIPHFI0,B00BXIP2AQ,missing_candidate,is long sleeve a tourqoise,is light blue and long-sleeved
toptee,train,toptee_train_04464,B00CTKZN4C,B0064XYEHM,missing_candidate,Is more  casual and pink,it has short sleeve and less lowery
toptee,train,toptee_train_04528,B00CEHKPKM,B00CEHJNZK,missing_candidate;missing_target,has a different graphic,has a red flower on the front
toptee,train,toptee_train_04537,B00D8V16II,B004M17AXS,missing_candidate,has collar and pockets,is tan
toptee,train,toptee_train_04596,B0091E3YAY,B00FWJQ28I,missing_target,is darker,has black and red patterns
toptee,train,toptee_train_04597,B004U5G18G,B00DG00F06,missing_target,The tank top is orange in color.,has a much lighter color
toptee,train,toptee_train_04616,B00DY81FLS,B004ISLMR0,missing_candidate,has shorter sleeve and orange color,it is orange and it has a shorter sleeve
toptee,train,toptee_train_04635,B0097ZYAA0,B00EZ72FZC,missing_target,has neck embroidered and has shorter sleeves,has short sleeve and is less black
toptee,train,toptee_train_04666,B0097YF4A6,B00E4OK5ZS,missing_target,is a solid lighter blue and a scoop neck,does not have embellishment
toptee,train,toptee_train_04687,B00CFGBMKO,B00938E45M,missing_candidate,has brighter grapphics and is less sporty,Has longer sleeves and is lighter gray
toptee,train,toptee_train_04689,B00417RX5S,B00BGVQS44,missing_target,its black and red and tank top closed back,has thicker straps and red bottom
toptee,train,toptee_train_04705,B00781B08A,B00D7AU6SG,missing_target,has no pattern and is black,is tank top and black
toptee,train,toptee_train_04721,B00ATMBBN4,B00BGEOG9K,missing_candidate,is yellow in colour with shorter sleeves,has no sleeves
toptee,train,toptee_train_04739,B008LWS8NA,B005SZKTLM,missing_candidate,The tank top has a army green pattern.,is lighter in color
toptee,train,toptee_train_04781,B00AG3WXHO,B00BHZUVT2,missing_target,has a longer waistline,has no design on it and features a black top and white sleeves.
toptee,train,toptee_train_04801,B00DGVXUSE,B00DX5YJI8,missing_target,has black and white strips,is black and white striped detail
toptee,train,toptee_train_04808,B00C3CVKG6,B00DE07R7M,missing_candidate,has art and text and no sleeves,strap sleeves crop shirt new york logo
toptee,train,toptee_train_04823,B00E5JUW1Y,B00CBNCSIQ,missing_target,is white and dark blue colored,comes in lighter blue or black and white.
toptee,train,toptee_train_04830,B008TARKGU,B00D6CTVGI,missing_target,is a blue color long sleeve dress shirt,is less professional and blue
toptee,train,toptee_train_04841,B0081FPZGA,B00DDJJPFQ,missing_target,is lighter,has no zipper on it
toptee,train,toptee_train_04850,B00DRC5ANA,B006SF6028,missing_candidate,is light blue with long sleeves,is more shirty and everyday
toptee,train,toptee_train_04885,B00FFZTYD4,B00716OR1E,missing_candidate,The shirt is black with a flower print.,has short sleeves
toptee,train,toptee_train_04908,B004JO33LQ,B00BGVU1SS,missing_target,tank top with eagle,has a graphic on the front
toptee,train,toptee_train_04935,B007ZUS69K,B00FFXDDJM,missing_target,is plain black and has long sleeves,is a turtleneck
toptee,train,toptee_train_04948,B00698UCO6,B00B8EUG5G,missing_target,Is red with longer sleeves,is solid red and long sleeved
toptee,train,toptee_train_04977,B00AO3T6B2,B006QHT2QY,missing_candidate,has no sleeves and has a white color,is white and sleeveless
toptee,train,toptee_train_05036,B00D1HMONK,B00ARUBG1A,missing_candidate,lighter in color,is white colored
toptee,train,toptee_train_05053,B00BQKMA6U,B009CCWTW4,missing_candidate,is beige colored and smaller neck,Has a colorful emblem
toptee,train,toptee_train_05074,B00AO3T6B2,B00ALRZ0SO,missing_candidate,The long sleeve shirt is green in color.,is green in color and long-sleeved
toptee,train,toptee_train_05101,B00DEWVBMW,B00FF7XDVG,missing_candidate,is lighter,is western and has longer sleeves
toptee,train,toptee_train_05122,B00D41ZDGS,B00D420B64,missing_candidate,Is more plain and yellow,is lighter
toptee,train,toptee_train_05161,B001PKV53A,B008TRW0FY,missing_target,is black colored and bigger neck,is black
toptee,train,toptee_train_05196,B00E8F68ZO,B007XPCONG,missing_candidate,has shorter sleeves and is striped,has horizontal stripes on it
toptee,train,toptee_train_05197,B0076M7CQA,B00D41ZDGS,missing_target,The shirt is a purple plaid shirt.,is plaid and with longer sleeves
toptee,train,toptee_train_05271,B00EYNH39K,B00BDGORA4,missing_candidate,has shorter sleeve and color is less pink,is pink in color
toptee,train,toptee_train_05279,B00EKH4GEU,B00FGL47TI,missing_candidate;missing_target,is red colored and has longer sleeves,is red and black and longer sleeves
toptee,train,toptee_train_05304,B00BFDEI86,B00FF4RH34,missing_target,Has longer sleeves and is colorful,has long sleeves with black and green material
toptee,train,toptee_train_05305,B00CFGBMKO,B009E87FNO,missing_candidate,is darker and has shorter sleeves,has sleeves and a different graphic
toptee,train,toptee_train_05316,B0068VKDSY,B00ANKDSBK,missing_target,has a color and is more casual,is pink with a zipper
toptee,train,toptee_train_05336,B008SRK0WA,B00CSK85J8,missing_target,has longer sleeves and square pattern,has more of a plaid print on it
toptee,train,toptee_train_05357,B00BCQL52I,B00BC6BXWK,missing_target,is lighter in color and lacier,is white with a fringe bottom.
toptee,train,toptee_train_05368,B00DY81FLS,B000HJXKDS,missing_candidate;missing_target,is white with long sleeves,white with v neck
toptee,train,toptee_train_05407,B00G26B6TK,B00C668UTO,missing_candidate,is more solid and is sleveless,is black with no sleeves
toptee,train,toptee_train_05413,B008D59BC2,B00ATMBBN4,missing_target,is black with longer sleeves,Is black with longer sleeves
toptee,train,toptee_train_05421,B0076M7CQA,B00D41WZAU,missing_target,has longer sleeves and is red,is plaid
toptee,train,toptee_train_05460,B005N4IIEI,B003CJPAGA,missing_candidate,is darker and has shorter sleeves,is darker
toptee,train,toptee_train_05512,B00DY81FLS,B00BQJSP6U,missing_candidate,has a shorter sleeve shirt with different stripes,has stripes and is lighter
toptee,train,toptee_train_05555,B00BCW5NHU,B00DBXMJ7A,missing_target,has cheetah spots,has leopard print
toptee,train,toptee_train_05561,B0097YF8XO,B00CIPIDMW,missing_target,is darker,is white with shorter sleeves and red graphics on front
toptee,train,toptee_train_05567,B00CTKZN4C,B009UPD0QM,missing_candidate,The shirt has short sleeves black in color with green writing.,is black with sleeves
toptee,train,toptee_train_05589,B008OGWI7K,B00DEWVLGS,missing_target,darker color with embellishments,is gray
toptee,train,toptee_train_05607,B00DY81FLS,B00BQN1G4O,missing_candidate,has shorter sleeves and striped patterns,is short sleeved and orange with stripes
toptee,train,toptee_train_05619,B00823I5E0,B006K2ALM4,missing_target,has a collar and is neon bright,is yellow and has a zipper
toptee,train,toptee_train_05622,B00E98Y424,B00APTYMHI,missing_candidate,has shorter sleeves,is black and shiny
toptee,train,toptee_train_05646,B00D1S9M3E,B00EH4EDPS,missing_candidate,Is more frilly and plain,sold black with bold lapel
toptee,train,toptee_train_05709,B00CRVKD7K,B00C7XFH10,missing_candidate;missing_target,has no sleeves but a transparent art design,has a print and is sleeveless
toptee,train,toptee_train_05727,B008TARO0W,B00CQKVFFG,missing_target,has less dots,is darker in color
toptee,train,toptee_train_05766,B00DHDYJ22,B006LX3LRO,missing_candidate,has a short sleeve black color,has longer sleeves and is darker
toptee,train,toptee_train_05800,B00C9WFI9K,B005444IFK,missing_candidate,has no sleeves and a dark purple color,is a solid purple color
toptee,train,toptee_train_05825,B00DEZQ30O,B00C3CUDAU,missing_candidate,is darker coral with shorter sleeves,has shorter sleeves and is a solid color
toptee,train,toptee_train_05847,B008OPIJLU,B00DR2261Y,missing_candidate,is a yellow and maroon baseball tee,Sport jursy look
toptee,train,toptee_train_05861,B00DZY0TU4,B00DS3YUC0,missing_target,has longer sleeves and has animal pattern,is long sleeved
toptee,train,toptee_train_05893,B00CTKZN4C,B009R6FP9Y,missing_candidate,Is a striped t-shirt with short sleeves.,is a henley
toptee,train,toptee_train_05948,B0035EPU08,B00DI6SGR2,missing_target,has two colors and a longer sleeve,is black with blue bottom
toptee,train,toptee_train_05996,B008A5XRPW,B00DWBUP40,missing_target,has a lighter color,is white and has floral
toptee,train,toptee_train_06020,B00AX2S2IM,B00DW5BF8Q,missing_target,is grey with a longer sleeves,is grey
toptee,val,toptee_val_00006,B0081XJQZI,B00CTA13AK,missing_target,The shirt is white with gray designs.,is long sleeved and button up
toptee,val,toptee_val_00029,B00CTA3OT8,B00CTA4DSO,missing_candidate;missing_target,a short sleeve striped loose shirt,has no buttons
toptee,val,toptee_val_00052,B009NOC3TA,B009E8RMSC,missing_candidate,is pink striped color and has longer sleeves,is pink and longer sleeve
toptee,val,toptee_val_00058,B00BXIPAQ2,B000FTH9QO,missing_target,is a solid color,is red and has a dot pattern
toptee,val,toptee_val_00067,B00A3MV3CO,B00A3MVCUC,missing_candidate,Is more  colorful  and has a pattern,is more plaid and longer sleeves
toptee,val,toptee_val_00082,B00CJGBH1Y,B009YKO0AI,missing_candidate,is yellow and has short sleeves,is beige and shorter sleeves
toptee,val,toptee_val_00097,B00DEZTDCE,B00BB8VGL2,missing_candidate,is more brighter in color and has lace,pink
toptee,val,toptee_val_00109,B007HEWEWE,B00DN2F6NI,missing_target,Is more whimsical and colorful,it is colorful and has a short sleeve
toptee,val,toptee_val_00110,B00C67YB50,B0079G1DI6,missing_candidate,is yellow and has shorter sleeves,is brighter in color
toptee,val,toptee_val_00118,B006M6B9ME,B00CWZT0NY,missing_target,is more of a tank top with less floral pattern,is dark pink and has smaller v-neck
toptee,val,toptee_val_00124,B00CTA3OT8,B00767NH1Y,missing_candidate,has shorter sleeves and is solid white,cream with shorter sleeves
toptee,val,toptee_val_00133,B00DEZTDCE,B008B68XO0,missing_candidate,has long sleeves and classy,it has a longer sleeve and it is white
toptee,val,toptee_val_00208,B0079K2OAI,B00FLNLKU0,missing_target,has long sleeves and patterns,is red with long sleeves
toptee,val,toptee_val_00240,B006OMWE2U,B00E6MGG9M,missing_target,is cotton and darker  in color, light brown
toptee,val,toptee_val_00265,B008PFGQP0,B00EE0Y0GC,missing_target,I need short sleeves and black in color with some kind of design on the front.,Has shorter sleeves & is black
toptee,val,toptee_val_00307,B007SOBBBI,B003BQ07UI,missing_target,has longer sleeves and is solid white,has longer sleeves and is white
toptee,val,toptee_val_00341,B00E8DA258,B009Q2ETA0,missing_candidate,is blue with deep neck, blue
toptee,val,toptee_val_00364,B007GO8A00,B00EB6PRV6,missing_target,is more ethnic and more patterned,is aqua colored and patterned design
toptee,val,toptee_val_00385,B00A3MVCUC,B00A3MV3CO,missing_target,has shorter sleeves and lighter color,is lighter and has shorter sleeves
toptee,val,toptee_val_00414,B00CJGBH1Y,B00980LBAQ,missing_candidate,is a turquoise scoop neck shirt with white decorative motif,Has a decal design.
toptee,val,toptee_val_00429,B00BNQVHEI,B00AE6IWMS,missing_candidate,The shirt is blue and red with white stripes.,is striped with blue trim
toptee,val,toptee_val_00441,B0058GP0K6,B00EALYO5M,missing_target,has longer sleeves,is black and red with long sleeves
toptee,val,toptee_val_00449,B00C9WFPGQ,B001AQOT0A,missing_candidate,is red button down with long sleeves,is darker coloured
toptee,val,toptee_val_00465,B005J29QHW,B00AHGBX80,missing_target,The shirt is melon in color.,is orange in color with short sleeves
toptee,val,toptee_val_00483,B00D3ZHQ5G,B00AECN92K,missing_candidate,is darker,is blue.
toptee,val,toptee_val_00500,B0043VDDUQ,B0067MGY9G,missing_candidate,is longer and less revealing,Is longer
toptee,val,toptee_val_00552,B00C5NMEPE,B008X0HEZS,missing_candidate,is brighter colored,short sleeve tunic brown and white
toptee,val,toptee_val_00559,B00BNQVHEI,B009DZON1A,missing_candidate,has red and white colors,is more junior and less casual
toptee,val,toptee_val_00577,B00BF71UBU,B00B7YFTOK,missing_candidate,is yellow colored,is yellow in color.
toptee,val,toptee_val_00585,B00DDUSOWU,B00AFSPI0O,missing_target,is black colored and longer sleeves,is more flowing and less casual
toptee,val,toptee_val_00653,B00DEZTDCE,B000E78ZHY,missing_candidate,has no sleeves and gray colored,is sleeveless and gray
toptee,val,toptee_val_00687,B006IMURPC,B00A3HL3Y2,missing_candidate,has shorter sleeves with black and white polka dots,has white polka dots
toptee,val,toptee_val_00706,B00DEZTDCE,B00C3XXETQ,missing_candidate,Is brighter and less chic,is a red tank with buttons on the neck to button down.
toptee,val,toptee_val_00739,B00DLWPKZO,B0062PZM8M,missing_candidate,is a lime green t-shirt with printing,is green with short sleeves
toptee,val,toptee_val_00763,B0090SGW4Q,B00B7O1P3E,missing_target,The shirt is pink in color with white writing.,Has longer sleeves
toptee,val,toptee_val_00778,B008QW7RWS,B00E8DA258,missing_target,is scoop neck with shorter sleeves,is shorter sleeved
toptee,val,toptee_val_00832,B005ABVTOU,B00D3ZHQ5G,missing_target,is blue with white and red designs,has longer sleeves and is more blue
toptee,val,toptee_val_00860,B004XJJRIU,B00DDN6Z6O,missing_target,is white and has longer sleeves,has short sleeves and is white
toptee,val,toptee_val_00865,B008JC4MEG,B00DURCPRG,missing_target,is long sleeve with purple color,is purple
toptee,val,toptee_val_00871,B00E197JJ6,B00F6BYI0Q,missing_candidate,has short sleeves but a fox image,is gray and has an animal logo
toptee,val,toptee_val_00893,B00A3MV3CO,B00BT9UHDQ,missing_candidate,is more revealing and has stripes,Is less modest with straps.
toptee,val,toptee_val_00897,B00C67YB50,B008JCFX3A,missing_candidate,is a v neck t shirt with green flower logo,is lighter
toptee,val,toptee_val_00909,B00GIOKE8U,B00DDJGA6S,missing_target,is light colored and has lacey sleeves,is more open around the neck.
toptee,val,toptee_val_00924,B00AFYJTQM,B007ZTGZSA,missing_candidate,is burgundy with shorter sleeves,is red and shorter sleeves
toptee,val,toptee_val_00938,B00C5NMEPE,B008X0WGAG,missing_candidate,is pink with shorter sleeves and white trim,is shorter sleeved with a white collar
toptee,val,toptee_val_00942,B0052RN92W,B00BHZVKR4,missing_target,is black with pink flowers,has a higher collar with belt
toptee,val,toptee_val_00994,B00DEY4E2E,B006UJI9V2,missing_candidate,is pink with gold designs,has sleeves
toptee,val,toptee_val_01009,B00EYYEYAA,B0085U64UM,missing_candidate,is purple,is purple with shorter sleeves
toptee,val,toptee_val_01026,B007GO8A00,B00CJGBH1Y,missing_target,is v neck and has longer sleeves,has longer sleeves with tied collar
toptee,val,toptee_val_01048,B00EE0Y0GC,B005ERXFK6,missing_candidate,has no graphic and is less childish,has no graphic on it
toptee,val,toptee_val_01077,B00C5DXJMQ,B007ZQI72K,missing_candidate,has long sleeves and a collar,is more everyday and breathable
toptee,val,toptee_val_01090,B007ZQ58ZY,B00FMK87TE,missing_target,is lighter and has longer sleeves,is white with longer sleeves.
toptee,val,toptee_val_01092,B00DEZTDCE,B006BNQZWC,missing_candidate,Has a v neck with more ruched sleeves,long sleeve with v-neck
toptee,val,toptee_val_01107,B00AG35TN4,B00AG3ZI4E,missing_target,is a no sleeve black shirt,has wider straps and is black
toptee,val,toptee_val_01149,B00AHH92Z0,B00591CB0W,missing_candidate,Is more flowing,is longer sleeved and lighter
toptee,val,toptee_val_01156,B0081NZ7CY,B00EAIXVWC,missing_target,is longer and more peasant like,Is lighter colored and more sloppy
toptee,val,toptee_val_01191,B00EYYEYAA,B00415UFAA,missing_candidate,is royal blue with high neck,has a more complex neckline and is brighter
toptee,val,toptee_val_01211,B00AFYJTQM,B00ASI7KXO,missing_candidate,has a print and is flowing,comes in black abstract design
toptee,val,toptee_val_01214,B00BNQVHEI,B00C85JTSY,missing_candidate,has longer sleeves and color is red,Has longer sleeves and is less sporty
toptee,val,toptee_val_01230,B00EYYEYAA,B007A9W52U,missing_candidate,is a blue jersey and more masculine,A blue jersey with number 17 and LINSANITY
toptee,val,toptee_val_01237,B009DZON1A,B00BNQVHEI,missing_target,is monochromatic and more sporty,is yellow and solid colored
toptee,val,toptee_val_01250,B007ZQ58ZY,B00DIZVGZW,missing_target,is white colored and has sleeves,is white in color and has long sleeves
toptee,val,toptee_val_01254,B00D3ZHQ5G,B0069XQJUW,missing_candidate,has no sleeves and is grey,has no sleeves
toptee,val,toptee_val_01378,B004HO6MI4,B00CDAZWV2,missing_target,has longer sleees and is less premium,has longer sleeves
toptee,val,toptee_val_01389,B00A3QDXKU,B00A3QM374,missing_target,is yellow with longer sleeves,is more yellow with longer sleeves
toptee,val,toptee_val_01443,B00AYVKA0K,B008QW7RWS,missing_candidate,is red and has long sleeves,is red with long sleeves
toptee,val,toptee_val_01453,B0052RN92W,B00BHZVSSA,missing_target,is white and has longer sleeves,is white colored and ahs longer sleeves
toptee,val,toptee_val_01488,B00BFL3XS4,B00D40AXDW,missing_target,has no sleeves and multiple colors,is colorful with shorter sleeves
toptee,val,toptee_val_01491,B00BZSE6HY,B00CQKVVXC,missing_target,The shirt is long sleeved and white.,it is white ad plain
toptee,val,toptee_val_01517,B00CTA4DSO,B004XV2IIE,missing_candidate,is lighter and has longer sleeves,is plaid with longer sleeves
toptee,val,toptee_val_01529,B00B0YM9V8,B00B9OQ1YA,missing_candidate,is a white,Is white and more colorful
toptee,val,toptee_val_01538,B00CQKVVXC,B00CII5TJO,missing_candidate,Is more edgy and sexy,is black with no buttons
toptee,val,toptee_val_01578,B0040JHGO0,B008D58I3U,missing_candidate,is two toned and dark,has two colors to it
toptee,val,toptee_val_01618,B00E8DA258,B00B1N6PYK,missing_candidate,is lighter,has tie at the hem and is looser
toptee,val,toptee_val_01659,B0064XXI42,B00CTA3OT8,missing_target,is darker and less revealing,has buttons
toptee,val,toptee_val_01694,B00EB5QEIC,B00EPFO3Y0,missing_candidate,gray tee black logo,has more grey
toptee,val,toptee_val_01695,B00EB5QEIC,B00EPFH8WY,missing_candidate,is a gray t-shirt with a logo,Is darker gray & has longer sleeves
toptee,val,toptee_val_01704,B00C5NMEPE,B003MWXXCK,missing_candidate,is a male t shirt,Has a graphic
toptee,val,toptee_val_01713,B000FTH9QO,B001KHF48U,missing_candidate,is more revealing,is a black shirt with a bow
toptee,val,toptee_val_01747,B005PK0O42,B00BZFIH4U,missing_candidate,is purple with a cowl neck,is blue with frills
toptee,val,toptee_val_01749,B00DNR2OCO,B0043VDDUQ,missing_target,has off-shoulder and color is black,is more revealing and is black
toptee,val,toptee_val_01769,B00CDAZWV2,B000J41PCO,missing_candidate,is lighter and has longer sleeves,has shorter sleeves and buttons
toptee,val,toptee_val_01811,B00CQKVSQW,B00EJOZGSY,missing_candidate,is orange and wide around neck,is a brighter color and neck embellishment
toptee,val,toptee_val_01817,B008QW03K6,B00D40CB8W,missing_target,White and no sleeves,is white and has shorter sleeves
toptee,val,toptee_val_01821,B00A3QM374,B006IMURPC,missing_candidate;missing_target,gray 3/4 sleeve shirt cowl like collar,it is grey and has a long sleeve
toptee,val,toptee_val_01824,B003HIWK7S,B0040JHGO0,missing_target,is green with turtle neck,is darker
toptee,val,toptee_val_01843,B0059LBD1A,B008YF4SLK,missing_candidate,is a long sleeve black shirt,has a lower neckline
toptee,val,toptee_val_01879,B00D8WK8T0,B00BZSE1UG,missing_candidate,is blue with polka dots,is lighter
toptee,val,toptee_val_01884,B00E0IN6HW,B005XYKQD4,missing_candidate,The shirt is blue and black in color.,is blue with black sleeve and collar rings
toptee,val,toptee_val_01890,B00E6MGG9M,B00BB8WEE0,missing_candidate,The shirt is long sleeve with a blue design.,blue and white button up
toptee,val,toptee_val_01896,B00EYYEYAA,B0091R7MQS,missing_candidate,is patterened and more casual,is red plaid patterned with buttons
toptee,val,toptee_val_01906,B00A13GCSK,B00DVLXE3A,missing_target,is grey and black and has more strips,is grey with black stripes
toptee,val,toptee_val_01929,B0059LBD1A,B00AL2AL7E,missing_candidate,has a looser neckline and is more sexy,has a lower collar
toptee,val,toptee_val_01960,B0059LBD1A,B004070YLE,missing_candidate,is a see-thru striped long sleeved t-shirt and U collar,Is striped and lighter in color
toptee,test,toptee_test_00056,B00CHUIJRM,,missing_candidate,is brighter colored with no sleeves,is striped with sleeves
toptee,test,toptee_test_00092,B00DIZUFC2,,missing_candidate,is more revealing and striped,Is more revealing and sexy
toptee,test,toptee_test_00127,B00DMWOX06,,missing_candidate,is white with loose fit and free shoulders,is lighter and has shorter sleeves
toptee,test,toptee_test_00228,B00CQKVRCW,,missing_candidate,has long sleeves with darker colored,is solid black and pockets
toptee,test,toptee_test_00258,B00D40C2D6,,missing_candidate,is beige colored and more loose,is of a solid color
toptee,test,toptee_test_00322,B007JHBVU0,,missing_candidate,is a brighter color and more form fitting,is more teal colored
toptee,test,toptee_test_00326,B00CI1DMJU,,missing_candidate,is white with red stripes,lighter colored with shorter sleeves
toptee,test,toptee_test_00343,B00DYOUSYC,,missing_candidate,The tank top is purple and white.,is a tank top
toptee,test,toptee_test_00480,B00D40C2D6,,missing_candidate,has sleeves with cheetah print,is brown stribe like tiger skin and has sleeves
toptee,test,toptee_test_00491,B00CJG88GQ,,missing_candidate,is back with lace sleeves and top,has lace sleeves and chest cover
toptee,test,toptee_test_00575,B00DS3UERK,,missing_candidate,The long sleeve shirt is black in color with an animal print  in the center.,is more multi colored
toptee,test,toptee_test_00628,B00C6XYIYS,,missing_candidate,is floral and has no sleeves,is less frilly and more blousy
toptee,test,toptee_test_00642,B00DS31NYI,,missing_candidate,is blue in color,is sea green with short sleeves
toptee,test,toptee_test_00683,B0046ED760,,missing_candidate,has longer sleeves and is darker,Has longer sleeves and is less feminine
toptee,test,toptee_test_00824,B00CJGEA5Y,,missing_candidate,has short sleeves and is black,has short sleeve and is black color
toptee,test,toptee_test_00932,B000WOWXE0,,missing_candidate,longer black tshirt draping material,is in solid black
toptee,test,toptee_test_00981,B00CPKGILS,,missing_candidate,The shawl is tan in color.,is brown and sleeveless
toptee,test,toptee_test_00982,B00CJG88GQ,,missing_candidate,has a v shaped neckline,longer sleeves v neck
toptee,test,toptee_test_01008,B00DEXB6DA,,missing_candidate,Blue and has no sleeves,tank top
toptee,test,toptee_test_01130,B00AHGALZG,,missing_candidate,has more of a floral print,is black and white with a V neck
toptee,test,toptee_test_01245,B00DN5IVMS,,missing_candidate,is lighter and has shorter sleeves,has lighter sleeves
toptee,test,toptee_test_01272,B00DZHWX5K,,missing_candidate,a loose long sleeve shirt with a chevron print,is blue and gray with longer sleeves
toptee,test,toptee_test_01337,B00EYNH7K0,,missing_candidate,has white color with two front pockets,is white and has buttons.
toptee,test,toptee_test_01422,B00DURBQH6,,missing_candidate,has longer sleeves without buttons and has a animal,is a black long sleeved tshirt
toptee,test,toptee_test_01448,B00G255IFO,,missing_candidate,has 3/4 sleeves with Coca Cola logo,is darker and has coca-cola symbol
toptee,test,toptee_test_01496,B0046ED760,,missing_candidate,The is long sleeve and brown.,is tan with long sleeves
toptee,test,toptee_test_01552,B00EYNH7K0,,missing_candidate,has shorter sleeves with stripes, black
toptee,test,toptee_test_01608,B000WOWXE0,,missing_candidate,The shirt is blue in color and short sleeved.,is a blue top
toptee,test,toptee_test_01650,B00CWZSVFC,,missing_candidate,has sleeves and is one color,short sleeved
toptee,test,toptee_test_01685,B00D2QNZ06,,missing_candidate,the left is form fitting longer sleeves,is more yellow and pink patterned
toptee,test,toptee_test_01694,B00DUUB1FK,,missing_candidate,is brighter and more casual, and light colored
toptee,test,toptee_test_01707,B00C9WDY3C,,missing_candidate,The long sleeved shirt is purple with white Carhartt writing., wider neck
toptee,test,toptee_test_01718,B00CJG8MWG,,missing_candidate,has a higher neckline and gold print,is a tighter fit
toptee,test,toptee_test_01737,B00DYY1XI2,,missing_candidate,is a black vest,is a tank top with print
toptee,test,toptee_test_01766,B00CBQ9KJS,,missing_candidate, is more elegant and paler, high neck mesh inset
toptee,test,toptee_test_01856,B00F6OIG1U,,missing_candidate,is more colorful,has longer sleeves
toptee,test,toptee_test_01893,B00DS31NYI,,missing_candidate,Has shordter sleeves and a more modern pattern,has paisley pattern and wider neckline
toptee,test,toptee_test_01964,B00DSYA33Y,,missing_candidate,is blue colored with longer sleeves,has longer sleeves and is  brighter coloured
toptee,test,toptee_test_02027,B00DUUB1FK,,missing_candidate,has shorter sleeves with cheetah print,is printed and shorter at the waist
toptee,test,toptee_test_02031,B00D2QNZ06,,missing_candidate,is solid yellow and long sleeved,is yellow with long sleeves
