category,split,query_id,candidate,target,caption_1,caption_2
shirt,train,shirt_train_00000,B008E5CF6U,B00CBNH8JK,is short sleeved and has a collar,is grey with shorter sleeves
shirt,train,shirt_train_00001,B00AQJQ1P8,B000QF3RM2,is cream and large.,is white with logo
shirt,train,shirt_train_00002,B008CLTEOW,B00BN3RT7U,is darker,Is a darker grey
shirt,train,shirt_train_00003,B007FNZBB8,B005U9XWHO,is black,is darker
shirt,train,shirt_train_00004,B00A9YAPPM,B007Q8O4DS,is black and without collar,is black and more revealing
shirt,train,shirt_train_00005,B004PDFZX0,B007R1OLUK,is grey with a mustang on it,is grey with silver image
shirt,train,shirt_train_00006,B009YFB7NG,B00BHA80PE,is beige shirt and has buttons,is a button-up with a collar
shirt,train,shirt_train_00007,B004VMHTM0,B0084G4OO0,is gray without a button down and has a graphic design,It is a lighter great and more pattern
shirt,train,shirt_train_00008,B007CW5N3S,B0062VY5QG,is a black colored short sleeved shirt,is black and has larger text
shirt,train,shirt_train_00009,B001UL1VWO,B00B7386O6, and red striped,is yellow with black words
shirt,train,shirt_train_00010,B005MND4AI,B00BGN8KFW,Is darker in color and less aloha,is black and yellow with guitar pictures
shirt,train,shirt_train_00011,B0009ORHG2,B00EL8HNG6,has a red tie,has a red tie
shirt,train,shirt_train_00012,B0051BSPI2,B004KUR6PI,grey got jesus shirt,has white letters on grey shirt
shirt,train,shirt_train_00013,B0018E6DY4,B0026T3QCW,Is green and has birds.,is greenish and has birds
shirt,train,shirt_train_00014,B008P49XTC,B000FQ1EUO,is lighter in color and is more fitted,Is yellow in color
shirt,train,shirt_train_00015,B0045KI9Q8,B005LY4TQ6,is lighter with different graphics,is lighter in color and has red around the text
shirt,train,shirt_train_00016,B007FUG64W,B007FUH79K,is darker and has more contrast,is similar but black in colour
shirt,train,shirt_train_00017,B007VGEMWS,B0052RVRJY,is black with white words,is simpler and more basic
shirt,train,shirt_train_00018,B00BJ82MUS,B0077DAFJY,More black and simpler design,is black with a Drinking Team image on it
shirt,train,shirt_train_00019,B00537921I,B0012PUNRW,is plain patterned,is lighter in color
shirt,train,shirt_train_00021,B009LIZHPA,B00BUYUVTA,is darker with an 'aero' graphic,is darker
shirt,train,shirt_train_00022,B000IO8RTE,B003BT5WXC,is a checkered pattern shirt,The desired item is black and white plaid
shirt,train,shirt_train_00023,B00AQFAIE2,B00AQJPIX4,is a dark blue color with text,is darker
shirt,train,shirt_train_00024,B00AHZU8OQ,B00CAHOA8E, purple,is whiter and has a more colorful logo
shirt,train,shirt_train_00025,B00BP5JI2K,B004U952YQ,is white in color,is lighter
shirt,train,shirt_train_00026,B003006YZW,B001WNYO1U,is a black fitted tee with body image of the hulk,is a light green hulk
shirt,train,shirt_train_00027,B007SYJI18,B00BSOUAL6,is a blue shirt with image patterns,is blue with short sleeves
shirt,train,shirt_train_00028,B000RO0LH6,B00151Y3FQ,is darker with a different graphic,is black with white logo
shirt,train,shirt_train_00029,B009MHWKSM,B005VTOXDU,is black short sleeved t-shirt with brown grenade,front design is brown
shirt,train,shirt_train_00030,B004WU17H4,B00BTKSROG,is a blue polo,is more athletic with shorter sleeves
shirt,train,shirt_train_00031,B006JANQ6K,B0006G4IRO,different graphic,A black shirt with brown pattern across chest
shirt,train,shirt_train_00032,B005OLMF1W,B007FUJBUS,is more blue in colour,is purple
shirt,train,shirt_train_00033,B002K4S1ZA,B001G0ASY6,this tshirt color is dark and look less revealing,is darker colored and less graphic design
shirt,train,shirt_train_00034,B001ADGBA4,B00A3HVFXG,is more fitting and brighter in color,has a big design
shirt,train,shirt_train_00035,B00CNDX0H2,B00ECCAH7S,is gray with different words,gray color
shirt,train,shirt_train_00036,B000KD426K,B0098IU424,is more casual and long sleeves, only.
shirt,train,shirt_train_00037,B00ATX0FEE,B007NU3RSM,is shiny and tight, with a different graphic
shirt,train,shirt_train_00038,B003AM7WQK,B000O5DYJA,Is darker in color and more striped,is darker colored
shirt,train,shirt_train_00039,B008LMFM5M,B0038MNBF8,Is more chic and black,is black
shirt,train,shirt_train_00040,B00B9QZDKG,B00C1ETPD6,is less centered and more colorful,is dark blue on color
shirt,train,shirt_train_00041,B006VWU240,B00AWKALYS,is bright blue button down shirt with long sleeves and collar,is blue with long sleeves
shirt,train,shirt_train_00042,B005CDUR3U,B005QBCX0S,is plain and more formal,comes in multiple colors like red
shirt,train,shirt_train_00043,B00ALS5DUI,B005DH3LS8,is black and striped with a different neckline,black gray striped with v-neck
shirt,train,shirt_train_00044,B001S2PPAY,B002KQ6N8K,is lighter,Is white in color
shirt,train,shirt_train_00045,B00C65Q6M8,B00C65Q04C,has shorter sleeves with stripes,has shorter sleeves
shirt,train,shirt_train_00046,B000VZK2YI,B00CKCNI2I,has vertical and horizontal stripes.,is darker and has a plaid pattern
shirt,train,shirt_train_00047,B00H4GLJAI,B003L5ZBZ0,is darker,Is black in color
shirt,train,shirt_train_00048,B003UQJ30Y,B000IZ7GTU,Is white,is white
shirt,train,shirt_train_00049,B005B5GD2I,B005VLYPLS,is darker colored,Is darker gray.
shirt,train,shirt_train_00050,B000A38JZU,B000A38H3E,is darker and has longer sleeves,is denim and buttoned
shirt,train,shirt_train_00051,B0038MS036,B0038MK5HA,Is white.,is a solid white color
shirt,train,shirt_train_00052,B006YTLLTU,B005SF1ZEW,has orange graphic print,has a graphic that is more orange and red
shirt,train,shirt_train_00053,B00B8QYI4O,B00BF7OWIS,is blue,is blue
shirt,train,shirt_train_00054,B001SERZV4,B00EHYK4ZQ,is black with a different logo,is fitted and no flames
shirt,train,shirt_train_00055,B002BOMBFA,B007K1DTQO,is green,is a darker color
shirt,train,shirt_train_00056,B00G2RF6LS,B004CO5924,is identical,is identical
shirt,train,shirt_train_00057,B00C3B32V8,B004K9ZLPQ,A t=shirt with shorter length.,has white wording on the chest.
shirt,train,shirt_train_00058,B00383WPEK,B00BRB215I,Is darker with a larger logo,is black with a larger graphic
shirt,train,shirt_train_00059,B008FZP0SY,B00ET9WWIQ,is gray with texas logo on front, with a different graphic
shirt,train,shirt_train_00060,B00B9QZDKG,B009AVTBBE,is black with orange designs,has a different graphic
shirt,train,shirt_train_00061,B00DESVY82,B000X4JO3C,is black with white words,is darker in color and has a smaller design
shirt,train,shirt_train_00062,B009GFN4D0,B0071IY09G,has no sleeves and is gray,is grey and has no sleeves.
shirt,train,shirt_train_00063,B007VYR4B6,B007VYR8S0,has a different graphic,A solid orange shirt with yellow print across chest
shirt,train,shirt_train_00064,B00799WF3U,B002FCA740,is white colored,is a lighter color
shirt,train,shirt_train_00065,B0089VBFG0,B00609SCAK,Is white and has a large graphic,is white and has a different graphic
shirt,train,shirt_train_00067,B008MMHS94,B0087TM8T2,is gray and minimalistic,is a lighter color
shirt,train,shirt_train_00068,B00CEKL6P2,B0039SLY96,yellow and a button down dress shirt,is yellow and long sleeved
shirt,train,shirt_train_00069,B008SO8LKQ,B00FLKSTVG,is black with white stripes,is darker
shirt,train,shirt_train_00070,B00CWA1MEY,B00E58HDIU,Is more blue and striped,is long sleeved and light blue
shirt,train,shirt_train_00071,B0076IKTVO,B007PYDIGW,has a solid darker color,is solid black
shirt,train,shirt_train_00072,B003QCGS6Y,B003QCGSUA,is lighter and blue,is lighter
shirt,train,shirt_train_00073,B009XDKXQQ,B006HZGH5Y,Is more complex and blue,has a smaller hash pattern
shirt,train,shirt_train_00074,B003VZQZZ0,B008M61EOU,is green with a different Ireland logo,is a more athletic style
shirt,train,shirt_train_00075,B00BEEF7SG,B0035LDL98,Is red with no pattern,is more colorful
shirt,train,shirt_train_00076,B006LG88OC,B009MJ5UV4,It has longer sleeves and a darker color.,is blue and has buttons and a collar
shirt,train,shirt_train_00077,B004I09XH4,B00BPYKY6A,is black with white design,is black with white image
shirt,train,shirt_train_00078,B00ASP0N90,B00B1FCC1S,has a wolf image and a moon,is a blue graphic tee
shirt,train,shirt_train_00079,B00C0FGK4S,B00573N27I,is a light gray fitted t shirt,is darker
shirt,train,shirt_train_00080,B007E9TVKU,B004VF26HA,is black in color,is black with a graphic and more casual
shirt,train,shirt_train_00081,B00CC719WM,B00C9T3728,is a light solid blue,is more formal
shirt,train,shirt_train_00082,B007TBVK84,B006YXTZYY,has a gray color with a small logo,Desired item is grey and for The Avett Brothers
shirt,train,shirt_train_00083,B004YDMLGA,B005FQ1Y36,The shirt has a color with long sleeves and white in color.,has long sleeves and is white
shirt,train,shirt_train_00084,B001S2PQ76,B001S2PPVI,is weird,is less emo
shirt,train,shirt_train_00086,B008M9UA6K,B00B1F8CLM,Is a darker color.,is more grey than pink
shirt,train,shirt_train_00087,B003P8PDJ2,B007TX9LTC,is a checked shirt,is a fleece with shorter sleeves
shirt,train,shirt_train_00088,B004OVE1ZG,B0068DJL1M,Is less buttoned and pocketed,is less formal
shirt,train,shirt_train_00089,B00AAVKI6A,B008AU8CE8,More brown and checked,has more brown
shirt,train,shirt_train_00090,B00CN6V5JY,B009Z1KTPG,is black short sleeved t-shirt with fear phrase,has skull graphic and has drinking theme
shirt,train,shirt_train_00091,B006IKQMUS,B008ZBR29I,long sleeved and darker blue color,has longer sleeves and small logo
shirt,train,shirt_train_00092,B00AY7T2DU,B00AY7SQ1Y,is plain blue,A light blue solid shirt
shirt,train,shirt_train_00093,B00AY1MRXS,B005S1CGCG,is identical,is the same product
shirt,train,shirt_train_00094,B008LDGIFO,B00359FKY4,is a dark plaid short sleeved shirt with collar,is collared and more western
shirt,train,shirt_train_00095,B005OCDWYU,B001RNO4QU,Is more whimsical and colorful,has a band logo on it
shirt,train,shirt_train_00097,B0042AOWMG,B0035L696A,has checkered pattern and is blue and white,is checkered
shirt,train,shirt_train_00098,B00EE16KAK,B00A4NK9LS,is white with writing,is grey
shirt,train,shirt_train_00099,B006BL3QOY,B006ZU9USM,has white and black colored stripes,is less colorful
shirt,train,shirt_train_00100,B004QWYYXC,B008BTA8U4,is white with faded white pattern,has more roman numerals
shirt,train,shirt_train_00101,B004YWQJSW,B005S6XRYW,has Doctor Who on it,has an image of a man printed on front
shirt,train,shirt_train_00102,B0084ZY0NG,B004U91APQ,is striped long sleeves and less black color,Solid Light black striped sweater
shirt,train,shirt_train_00103,B00898240Y,B00ERMYLVG,Is darker in color .,It is more black and less color
shirt,train,shirt_train_00104,B004T6MYGO,B003O9FHNE,is yellow,is yellow and graphic
shirt,train,shirt_train_00105,B00AEMS9BQ,B002NKM5O4,is a light blue button down,Is a dress shirt. The other is a work shirt.
shirt,train,shirt_train_00106,B004V90EG6,B005JVJJ0W,has long sleeves and is white in color,is lighter
shirt,train,shirt_train_00107,B00BQ1F1A6,B00BS2CNN6,is a shirt that is floral yellow,is yellow with floral pattern
shirt,train,shirt_train_00109,B00C7IOOWI,B008LTRI4I,has no collar and is white, and longer sleeves
shirt,train,shirt_train_00110,B005O1AC8A,B008LF5OT8,has different words on it,has different white text
shirt,train,shirt_train_00111,B00D8YE06U,B00EPNTUHW,The shirt is black in color with a white ghost.,is black with words
shirt,train,shirt_train_00112,B00A04F8Z8,B00CFSX200,has a duller color and no face on it,is more neutral colored with smaller graphics
shirt,train,shirt_train_00113,B0067D1IAA,B00AET4562,is black in color,is darkly colored
shirt,train,shirt_train_00114,B001V9LOT0,B00722R2PU,Has a different graphic,is longer in length
shirt,train,shirt_train_00115,B008PYRE7K,B00361EW86,has longer sleeves and is white,is white colored
shirt,train,shirt_train_00116,B000NK5H5A,B000LKK07W,Is a satin fabric,has no bow tie and a shorter collar
shirt,train,shirt_train_00117,B0059PB1R2,B006L18ZRW,Is darker with a more colorful logo,black tee with blue graphics
shirt,train,shirt_train_00118,B00DUZCDXO,B00DV140VU,white colored and button down,is more formal with longer sleeves
shirt,train,shirt_train_00119,B004XFY3Y2,B000VCB678,is less neon,is with blue graphic design
shirt,train,shirt_train_00120,B00A4LCZXA,B001UVEZD6,is a black t-shirt and has a male face in white,has george carlin on it
shirt,train,shirt_train_00121,B009L5ZUGY,B002QYC7WC,is more sporty and less colorful,has red sleeves on a white shirt.
shirt,train,shirt_train_00122,B009X6BJU2,B0041O4Z7A, with a four leafed clover in the middle,Is black
shirt,train,shirt_train_00123,B003O9E9P6,B00DHRGT80,is one shirt with a green graphic,is lighter
shirt,train,shirt_train_00124,B00B21XPIK,B0092KPK0O,has raglan sleeves and is more casual,is grey with black sleeves and no buttons
shirt,train,shirt_train_00125,B00ARM1EUQ,B007EEDSHM,A brighter color t-shirt.,is yellow with a face on it
shirt,train,shirt_train_00126,B00470GIN2,B0009G8BNS,The shirt is light green in color.,solid color look to it
shirt,train,shirt_train_00127,B0015N3TC2,B0015MZZLG,is black with a red star,is black with a pentagram design
shirt,train,shirt_train_00128,B0059ED28Y,B006WREDOE,is orange with strips,is brighter with stripes
shirt,train,shirt_train_00129,B00CP887L4,B007W2RXPY,is darker and has longer sleeves,is dark grey with short sleeves
shirt,train,shirt_train_00130,B009RSSMBU,B00AU86ABK,is gray with black designs,is light gray
shirt,train,shirt_train_00131,B009OPASUY,B008LP6BU4,is lighter in color and more wordy,is lighter and more stylish
shirt,train,shirt_train_00132,B004U0GXCK,B001580I1M,is black with blue designs,is black
shirt,train,shirt_train_00134,B009LQ0KZO,B004OYT3P6,has larger design and darker.,is black with white detail
shirt,train,shirt_train_00135,B008ZAJIAA,B008ZAHNNY,is dotted and brighter,is darker blue and patterned
shirt,train,shirt_train_00136,B00BCPIYR8,B004MNOZK2,is black is small white snake,Has a smaller. less bright colored print
shirt,train,shirt_train_00137,B008RK0V68,B005AT3DHS,The brown cap is more awful,Is darker with a red graphic
shirt,train,shirt_train_00138,B006P8ZDVM,B008ER1QUY,is more formal,is darker in color and more buttons
shirt,train,shirt_train_00139,B004EEPXTQ,B0076IW58O,has shorter sleeves and is more casual,has more blue and less buttons
shirt,train,shirt_train_00140,B008CEOY4Y,B001TK544C,The shirt is red with white writing that states Nurse.,is red and has white text
shirt,train,shirt_train_00141,B001ENBF60,B006G132LQ,Darker color and less graphics,is darker and has a smaller graphic
shirt,train,shirt_train_00142,B001YK4GNC,B00D82P5QG,is wider and less a bottle,is lighter
shirt,train,shirt_train_00143,B00DQF3V7U,B00C5H2CJI,Is more revealing and red,is all red with low cut neck
shirt,train,shirt_train_00144,B0037OBPKU,B004R7MXI4,Has shorter sleeves and print on front.,It is more black and less plain
shirt,train,shirt_train_00145,B000AY0T4I,B00884S11K,is more darker,it has a darker red
shirt,train,shirt_train_00146,B00DEVN9MS,B007K4FU18,is a back t-shirt,is darker and has longer sleeves
shirt,train,shirt_train_00147,B003KJ6WW8,B005OCC9M6,has a different 'pacman' logo,has no blue on the picture
shirt,train,shirt_train_00148,B0054325RO,B009S0SXN4,has a larger picture,has a logo with multiple angry birds
shirt,train,shirt_train_00149,B007RAZMMC,B00CAIFINY,is a touch of light blue,a little more blue
shirt,train,shirt_train_00150,B0080DLNY6,B007W9ZUCU,is black and grey with shorter sleeves,is darker and less slim
shirt,train,shirt_train_00151,B0011TWQHO,B002MIDV2C,is a more pastel yellow,is more yellow and brighter
shirt,train,shirt_train_00152,B0018E6DY4,B005MH5XJO,is more colorful and has a larger graphic,is lighter
shirt,train,shirt_train_00153,B004Q76TQM,B007CYHUDM,is lighter with different graphics,features a photo only of the car on a white shirt with logo.
shirt,train,shirt_train_00154,B007PYDFG0,B00878EZVM,is less formal and gray,is grey with silver text
shirt,train,shirt_train_00155,B002N8A368,B0099DNV8W,The shirt is black with a white bunny rabbit.,is darker and more graphic
shirt,train,shirt_train_00156,B004QT6MDU,B009MLZHFG,is smaller in size,Is darker with larger graphics.
shirt,train,shirt_train_00157,B001LNDFAM,B008694TZO,Has buttons and a checkered pattern.,it is checked and long sleeved and has collar
shirt,train,shirt_train_00158,B00F5YMWVQ,B003BOHSY8,Is a white Salt Life tee shirt,is white and black with larger graphics
shirt,train,shirt_train_00159,B005CTG4LS,B00DUBRP8G,is less darker and image of a man on it,is longer
shirt,train,shirt_train_00160,B008WJ4PXO,B0050CMMBS,has a collar and a print,Is less casual and more patterned.
shirt,train,shirt_train_00161,B00641RU0W,B009SWC7SE, has more black,it is black with slightly different graphics
shirt,train,shirt_train_00162,B001G5MJOS,B0032YSP62,The shirt is blue with a baby with sunglasses.,Desired item is blue picturing a young child in sunglasses
shirt,train,shirt_train_00163,B00EJRZ1JA,B00BT8TMSI,is a tank top with a different logo,is a muscle shirt style top
shirt,train,shirt_train_00164,B004BGUG9Y,B000XXETKG,has more words,is black and white
shirt,train,shirt_train_00165,B00A8SSALU,B009IR3VPC,The shirt is long sleeve and white in color.,Is white
shirt,train,shirt_train_00166,B008DN16KY,B0085YC39O,is dark blue,is darker colored and fewer patterns
shirt,train,shirt_train_00168,B001E4438G,B008B0LX5W, black and plain,is black with ehite logo
shirt,train,shirt_train_00169,B001BZ6J1W,B00AYQ5IPM,is yellow with a 'Your Wife' saying,is lighter
shirt,train,shirt_train_00170,B002DVVYSQ,B0016BK4ZS,is more colorful and spiral,more colourfull
shirt,train,shirt_train_00171,B006CVXCKQ,B007E7SAHW,The shirt is white with faded writing.,is lighter
shirt,train,shirt_train_00172,B00CWA1MEY,B007CZ419W,is a lighter color and a faint print,is lighter colored and more casual
shirt,train,shirt_train_00173,B007MB2OAE,B008SHUIIQ,has a lighter color and a human graphic,is more colorful
shirt,train,shirt_train_00174,B0077R5HRK,B007MM2X2C,has longer sleeves with hood and is black,has longer sleeves
shirt,train,shirt_train_00175,B007YWVH2C,B0075GE79M,is lighter and in a different language,is yellow with a Spanish word on the front
shirt,train,shirt_train_00176,B009PHDPEC,B007TWL7L8,has a pink color with text,is pink colored
shirt,train,shirt_train_00177,B0081GBZM2,B002L8HOMQ,has a animated character,is black with a gun photo
shirt,train,shirt_train_00178,B000YOUFEI,B008XB84PQ,is sleeveless and beige colored and shiny,is white and more revealing with shorter sleeves
shirt,train,shirt_train_00179,B0085SJ8S4,B000X1KGYG,Is not a shirt,A solid dark grey shirt .
shirt,train,shirt_train_00180,B00BLS4H54,B002EYYV1Y,has a short sleeve with text,is a solid fabric with one color and white letters.
shirt,train,shirt_train_00181,B000VTB536,B001VMWTRS,is black colored with iconic art,Black with pictures of four men in white
shirt,train,shirt_train_00182,B00ARCZH9A,B007MKTRPU,is all one color with no pattern,Has less stripes and shorter sleeves
shirt,train,shirt_train_00183,B00B7AXA7M,B00B7AX7Q6,Is brighter and has larger stripes,is more colorful
shirt,train,shirt_train_00184,B003QOR12C,B007X492DC,has short sleeves,is more blue and short sleeves
shirt,train,shirt_train_00185,B0064DQ86M,B009P3LDJA,The shirt is white in color.,is lighter
shirt,train,shirt_train_00186,B00D92F1BY,B0081QL16W,is a slim fit and dark in color, and is lighter
shirt,train,shirt_train_00187,B001MSAMUW,B000SVAECA,is more lighter blue,Same with big Lebowski quote
shirt,train,shirt_train_00188,B006WTL6W4,B00BUW6SF8,The shirt is blue in color with black pictures.,is lighter
shirt,train,shirt_train_00190,B004VJ299G,B007ENZ0M4,Has a white skull and a yellow star.,has a white and yellow logo
shirt,train,shirt_train_00191,B000783PH0,B007KCY24G,is white with yellow,is a white shirt with a larger picture.
shirt,train,shirt_train_00192,B006FZ1OXQ,B00BUT1VDU,Lighter and shorter sleeves,has short sleeves and grey in color
shirt,train,shirt_train_00193,B00AVMMEUG,B007CGS85E,Is less colorful and has more  stripes,has bolder stripes and a buttoned collar
shirt,train,shirt_train_00194,B009LLNKDI,B00GC3FZMC,does not have writing in it,has less font and simpler graphics
shirt,train,shirt_train_00195,B008S7F2VY,B0079FQ0XA,is black with white designs,is a black tee with a white print onlay.
shirt,train,shirt_train_00197,B00AN0O4DQ,B008HTJ82M,is orange with black designs,is orange with no buttons
shirt,train,shirt_train_00198,B003JBJE5Y,B003JBJD00,is blue with black lettering, is black
shirt,train,shirt_train_00199,B00079ZW6G,B0017WNVVU,has long sleeves and is darker colored,has longer sleeves
shirt,train,shirt_train_00200,B009YYMPRO,B008R931I4,is darker,is dark blue colored
shirt,train,shirt_train_00201,B00140N6CY,B0009SU9R2,has a lighter logo,has a moth design on it
shirt,train,shirt_train_00202,B00701T2AQ,B003TV47KQ,is a blue striped collared shirt,is more formal
shirt,train,shirt_train_00203,B0085WM4FO,B00BNT6S94,has cross stripes in white at bottom,has wider straps
shirt,train,shirt_train_00204,B009WN980O,B004YZDEXC,has longer sleeves and is olive colroed,is tan with longer sleeves
shirt,train,shirt_train_00205,B00DMIWB22,B000P6ED0W,has a smaller graphic and no words,is looser fitting
shirt,train,shirt_train_00206,B00DT4BWO2,B008J8GWOI,is consistent with the colors,is black with only white logo
shirt,train,shirt_train_00207,B009J5WIUM,B0013L0BAE,has a dark color.,is black
shirt,train,shirt_train_00208,B002WB0V0E,B002WB0V54,is lighter,is grey with black text
shirt,train,shirt_train_00209,B0036BI962,B000NJBW6O,is greenish in color,is more grey/green/khaki in colour
shirt,train,shirt_train_00210,B0085TGFV6,B000LFWTVC,dark blue,A solid black long sleeved shirt
shirt,train,shirt_train_00211,B00BR030YU,B0016A1JEY,is black in color,is darker green with superhero graphic
shirt,train,shirt_train_00212,B0088NZ5EW,B00EAX4R5C,Is a black shirt with a flag.,has more red
shirt,train,shirt_train_00213,B00A3SJHBC,B0036DEW2K,is pink wit short sleeves,has shorter sleeves
shirt,train,shirt_train_00214,B0015GILFY,B000IPD7TI,has long sleeves cotton shirt and blue color,Solid light blue long sleeved buttoned shirt
shirt,train,shirt_train_00216,B0016BOI82,B007OE0OJC,Is lighter colored and much less colorfu,is light blue
shirt,train,shirt_train_00217,B003U580K4,B0079K2WIW,is lighter,has juvenile graphic and is red
shirt,train,shirt_train_00218,B0084RZQAA,B007F4W7KU,is red with yellow words,Is  red in color
shirt,train,shirt_train_00219,B005TIM05Q,B009YI430M,has pink stripes with buttons and a collar,has longer sleeves and is brighter colored
shirt,train,shirt_train_00220,B003JZCR3G,B00CAHNNDM,is red with blue designs, half black helmet
shirt,train,shirt_train_00221,B00D6BAD4S,B00C7BXKP2,Is colored black and has the words I'm hers with a gloved,black shirt with smaller graphic
shirt,train,shirt_train_00222,B005TBAPT6,B003DSHAHW,long sleeved and black color,is black colored and has longer sleeves
shirt,train,shirt_train_00223,B004IBZEAI,B00DFT7ROK,is gray with a gun on it,Desired item is grey with handgun pictured
shirt,train,shirt_train_00224,B002EB9GB2,B004ZGCQ3Y,is a short sleeved white shirt with a giant visual,is more colorful
shirt,train,shirt_train_00225,B009PHDQUK,B007LVXRTM,The shirt is black with white writing.,Has a looser fit & different graphic
shirt,train,shirt_train_00227,B004Y9DHIK,B006CQWDHO,is more camouflaged color and more relaxed fit,is green and patterned
shirt,train,shirt_train_00228,B0067FVN1M,B003SEYOWU,Color is bright and looks more formal,is darker in color and has more buttons
shirt,train,shirt_train_00229,B002EAZJAK,B009COZZD2,is a brown polo shirt,is dark purple and has short sleeve
shirt,train,shirt_train_00230,B007LVO32C,B008ATFSSM,is purple and has long sleeves,is purple
shirt,train,shirt_train_00231,B00AA0Q77U,B002W0W1DK,is blue,is blue and masculine
shirt,train,shirt_train_00232,B0067EWT2K,B009KT2GTA,is black with white designs,has long sleeves and is more detailed
shirt,train,shirt_train_00233,B0041D807M,B007P1ZYXU,is white in color,white with black and red lettering
shirt,train,shirt_train_00234,B00D2Y6C76,B007D7GUPW,is dressier and more blue,is more formal
shirt,train,shirt_train_00235,B00EZTK5MK,B00CMZWJJ6,has brighter colors and depicts a tv character,it is more brown
shirt,train,shirt_train_00236,B000VTFGRW,B002Q6ONWC,is a darker color,is blue
shirt,train,shirt_train_00237,B00453EMBQ,B007VYSCKS,is tan and is pants,is a pair of cargo pants
shirt,train,shirt_train_00238,B009VZVIRY,B009VZVH52,It is a green shirt.,green with blue logo
shirt,train,shirt_train_00239,B00AVCCNRK,B007XFHHKG,The shirt is white with an air force emblem.,has military theme and has winged graphic
shirt,train,shirt_train_00240,B00A6JIKVG,B0077I3SHU,is blue colored with no sleeves,is short sleeve and buttons up
shirt,train,shirt_train_00241,B0084F9KNQ,B0072MJG1I,is more formal,is a colorful button-up with a collar
shirt,train,shirt_train_00242,B004OMTSSK,B008GXDR0S,is a yellow polo,is yellow
shirt,train,shirt_train_00243,B007Q8NTRA,B009GFMKFS,is checked,is  button down with plaid and long sleeves
shirt,train,shirt_train_00244,B000KM4FFE,B00336EUC2,has a more solid color,is green and not white
shirt,train,shirt_train_00245,B004R1G7FU,B0007YGCRY,is lighter,is grey with black iamge
shirt,train,shirt_train_00246,B0045DYQ6M,B009ZCEFBE,is a short sleeve red shirt with text,has a red color to it
shirt,train,shirt_train_00247,B007Q2TJIO,B007Q2KFQO,Is more grey and more buttoned,has a collar and is dark blue
shirt,train,shirt_train_00248,B00DL0UF5G,B00FS2S6SI,is darker and more of a contrast,is darker
shirt,train,shirt_train_00249,B009SSLJ78,B004WBZUWQ,has a different picture,has brighter green colors
shirt,train,shirt_train_00250,B0051EQ7Q6,B0042AVYMM,Has stripes and a collar.,has stripes and is not blue
shirt,train,shirt_train_00251,B009MJVN9W,B006ZQFINM,Is more fitted and less sleeves,is a black tank
shirt,train,shirt_train_00252,B007MJAMDW,B007VYRNW6,Has a logo of a person,sah a picture of John Wayne
shirt,train,shirt_train_00253,B006HSDSUS,B006HSE5VY,is checked green,is lighter
shirt,train,shirt_train_00254,B000A2G0DO,B007I0KWV2,is a white long sleeved collared shirt,is collared and has longer sleeves
shirt,train,shirt_train_00255,B005DCMECM,B00BEIGWM2,is grey in color,is lighter and has no collar
shirt,train,shirt_train_00256,B00856TWDM,B003H9N6E8,is a Empire Strikes Back T shirt,Has a larger decal
shirt,train,shirt_train_00257,B00BEIGWM2,B0051C9FHQ,is more lighter grey,Same but less humorous
shirt,train,shirt_train_00258,B0086Y0A8O,B008696HRW,is black with blue designs,has electric blue motif
shirt,train,shirt_train_00259,B0074EV7N4,B00DI7MATG,is a black t-shirt with hand made with HIGH FIVE,is black with free high five hand on front
shirt,train,shirt_train_00260,B00BOWTCHA,B009SDC1SY,has short sleeves and a photograph image,is faded
shirt,train,shirt_train_00261,B009LJ0UCY,B001NPD7MO,is orange and striped,is a darker brown t-shirt with graphic center chest
shirt,train,shirt_train_00262,B006ZU9H5S,B007RBC05I,has red and black lettering,has more red in it
shirt,train,shirt_train_00263,B004KZ746O,B009ZGQEJG,is larger and maroon,is more red
shirt,train,shirt_train_00264,B002ALK7NW,B00DPBPB9Q,The shirt is multi-colored.,is short sleeved t shirt with pocket
shirt,train,shirt_train_00265,B00EZVLM98,B009ZCIM0O,has long sleeves,Has longer sleeves and army green
shirt,train,shirt_train_00266,B0076IKRU2,B0076IKYNC,Has a bolder pantern and is more tan,darker
shirt,train,shirt_train_00267,B003D9XOZI,B007R1O9RU,is a black short sleeved t-shirt with Darth Vader motif,is graphic and bold
shirt,train,shirt_train_00268,B0028FUFS2,B002P9MFO8,Is black and more wordy,Is black with more graphics.
shirt,train,shirt_train_00270,B003CF9ZGK,B007PYDZUQ,is stripped brown and white, only one pocket
shirt,train,shirt_train_00271,B007568JX2,B00AU5RH06,is lighter gray with a blue design,is lighter and not collared
shirt,train,shirt_train_00272,B002I635SS,B009ENST2K,is a short sleeve shirt with green,has short sleeves
shirt,train,shirt_train_00273,B00DGWAOSW,B00D3L279U,is a grey t-shirt with black lettering,gray shirt
shirt,train,shirt_train_00274,B008O92DD6,B005OCJ16I,Is darker and less formal,is darker and has a picture
shirt,train,shirt_train_00275,B007ZGL2HC,B00821BF1C,is a purple shirt with words on it,is brighter in color
shirt,train,shirt_train_00276,B0083BWZGU,B0032D3MHA,The shirt is red with a Black Hawk Emblem.,has face profile and is red
shirt,train,shirt_train_00278,B00B4YDKXU,B004VJU1ZU,is white and has monocolored graphics, red and white picture
shirt,train,shirt_train_00279,B000W15156,B000W18WOI,is identical,is less shiny and incrementally darker
shirt,train,shirt_train_00280,B00B0DP312,B00ALLOVAI,a long sleeve dark colored shirt with a profane saying,is black and has writing
shirt,train,shirt_train_00281,B005IU1RVI,B005RS5RT4,is similar,A black shirt w/ I (red heart) boobies
shirt,train,shirt_train_00282,B00537921I,B009CVVMM8,has a different graphic,is more emo
shirt,train,shirt_train_00283,B00D6QNNT0,B00CODO8WW,is black and a t-shirt,is darker and has a horizontal hem
shirt,train,shirt_train_00284,B00018A6TQ,B002OO123O,is a tighter fit and brighter, white and blue flag.
shirt,train,shirt_train_00285,B005POC0I6,B000KK3COG,has longer sleeves,Has longer sleeves
shirt,train,shirt_train_00286,B0071BRY2I,B004KUUMUY,is dark blue,is much blacker
shirt,train,shirt_train_00287,B009T7AWOO,B00CB3BYFE,has a simple logo and is not colorful,has shorter sleeves
shirt,train,shirt_train_00289,B006QQIC84,B003X4DEVM,has a Ford truck on it,is gray with a truck logo
shirt,train,shirt_train_00290,B00AA0N35O,B00AOB8H6O,has more contrast and is livelier,has colorful patterns
shirt,train,shirt_train_00291,B00AIXTXB6,B00A3G05WE,has shorter sleeves and more stripes,is black with stripes of grey
shirt,train,shirt_train_00292,B003TPXSZW,B003VRZ43M,is darker with Espana written,is darker
shirt,train,shirt_train_00293,B00CO8XFVC,B00B2NN5JC,Is black and has more graphic,is darker
shirt,train,shirt_train_00294,B00BQZ2J34,B004EX68VE,The short sleeve shirts are orange with blue lettering.,has an orange color to it
shirt,train,shirt_train_00295,B009F2GDIC,B00CMBKSKW,is grey in color,has darker font and is grey
shirt,train,shirt_train_00296,B000P6ED0W,B00D6QNNT0,is lighter colored and is for an infant,is a white body suit
shirt,train,shirt_train_00297,B00FBHNO00,B004DK4N74,has more color and no sleeves,is red and a tank top
shirt,train,shirt_train_00298,B009EWFGV8,B000VTI80E,is black with white writing,has white text on it
shirt,train,shirt_train_00299,B004QWYYLY,B000II65IU,is gray with colorful designs,is grey and has a colorful pink floyd graphic
shirt,train,shirt_train_00300,B004ON467M,B00591HRGA,Is lighter and not as bright,Is light grey with smaller red and white graphic
shirt,train,shirt_train_00301,B000RO0LH6,B003NH023M,a white game over tee shirt,is black and white instead of orange
shirt,train,shirt_train_00302,B00BJ6YFZA,B00BGDRZKI,has a darker color,is dark grey
shirt,train,shirt_train_00303,B006311T32,B005LA7PXE,has stripes,has a collar and stripes
shirt,train,shirt_train_00305,B003D9XOZI,B002UHPSRQ,is similer,is more faded
shirt,train,shirt_train_00306,B009XCBO3I,B0048KX2J4,is a gray tank top,has shorter sleeves
shirt,train,shirt_train_00307,B00279XE3C,B000WLPW2I,More feminine shirt that is white and more fitted,is lighter white colored
shirt,train,shirt_train_00308,B008JC0P0Q,B0063TS3L0, and has short sleeves,is black with blue stripe
shirt,train,shirt_train_00309,B004UL7GMK,B009154FGA,is a black nickelback tee,Nickelback song group t-shirt in black and white
shirt,train,shirt_train_00310,B005IHKIHU,B00DOE4JJ2,is dark green in color with image of monkey,is green with yellow and white logo
shirt,train,shirt_train_00311,B007Q4KSDW,B00ET9TD42,is black with white writing,has long sleeves and is black
shirt,train,shirt_train_00312,B00EPGYVJG,B00E5IELXA,Has shorter sleeves,is black with big logo
shirt,train,shirt_train_00313,B000LBKN3M,B008RRJYPK,is black with yellow designs,has less words on it
shirt,train,shirt_train_00314,B008VGR4F4,B003TWNMBU,A long sleeve black and white flannel,is plaid and longer sleeves
shirt,train,shirt_train_00315,B000I7Q7GG,B000EHNEFW,Aqua Blue Mens tee with wolf,is more colorful
shirt,train,shirt_train_00316,B003JB1AXI,B003Q5AM5Y,is lighter,is lighter in color and has less colors
shirt,train,shirt_train_00317,B000N0GQMS,B000NFZS86,is grey is color,is gray with a different print
shirt,train,shirt_train_00318,B000VSYO9E,B008LKF53S,is darker in color and long sleeves,Black long sleeved
shirt,train,shirt_train_00319,B0014UEVDW,B001SN7Q96,has colors,is black with red lettering
shirt,train,shirt_train_00320,B00DZBIV4S,B009VWAD64,has no logo,A black shirt with white letters across chest
shirt,train,shirt_train_00321,B005J59W5U,B005DL60LO,Is white with longer sleeves,is white with sleeves whereas the other shirt is black sleeveless
shirt,train,shirt_train_00322,B0072ZZA1A,B009YFBGG4,is tighter fitting,is black with a science themed phrase.
shirt,train,shirt_train_00323,B007NCM9NE,B00B1SKBOK,is a brighter green with long sleeves,is green with longer sleeves
shirt,train,shirt_train_00324,B00BZCP5QG,B006BHAR1I,is darker,is darker
shirt,train,shirt_train_00325,B0039SLXPQ,B002EQ9F72,is solid gray,A solid dark grey buttoned shirt
shirt,train,shirt_train_00326,B009ZYW9T2,B009ZGNTQW,a light colored tee with a huge dog face graphic,I lighter color and has different image
shirt,train,shirt_train_00327,B009E8CE7Q,B006WWDT80,has larger checks,is plaid brown and and has green line
shirt,train,shirt_train_00328,B000KE2JS2,B0005IC24E,The tank top is white.,is lighter
shirt,train,shirt_train_00329,B0075BDHL6,B0097CY2BU,Is blue,is more colorful
shirt,train,shirt_train_00330,B008H7OWUC,B007OOONQC,has different words on it,has a small text area
shirt,train,shirt_train_00331,B0046QRK6G,B004HFSHBS,Is lightly checkered and a dressier.,is more formal
shirt,train,shirt_train_00333,B005R4X23G,B00EAYTUCQ,Has no pattern,is solid black
shirt,train,shirt_train_00334,B006TG6BB6,B006XVR4Q8,Is green with a character logo under the words Boba Fett,is lighter
shirt,train,shirt_train_00335,B005BSS3HS,B005HIO3X0,is black and shorter sleeved,is black with short sleeves
shirt,train,shirt_train_00336,B006ZP7BIS,B00594KSUO,Is yellow and more simple,is mustard yellow
shirt,train,shirt_train_00337,B0057X86ZG,B00DQMKZD6,Is a yellow Shimee tee shirt,is lighter
shirt,train,shirt_train_00338,B009UTXNRE,B005THJS48,is a grey t-shirt with Clark Kent motif,Are light grey
shirt,train,shirt_train_00340,B00CLAVZKG,B008G3N5AK,is lighter with different graphics,has a blue and green design
shirt,train,shirt_train_00342,B00EUVERKY,B005GSVROE,is plain and blue,is dark blue
shirt,train,shirt_train_00343,B006C9D2VC,B00BFTUWLW,is blue and smaller,A bright blue shirt with words SIMPLE
shirt,train,shirt_train_00344,B00DQAK16O,B00BUPMMPK,is a light blue stripped polo,has stripes and no text
shirt,train,shirt_train_00345,B0037TMAZ4,B000FWCX1W,The shirt is blue with a cow.,is lighter in color
shirt,train,shirt_train_00346,B00448FI8I,B009OC7KKS,has more color,is lighter
shirt,train,shirt_train_00347,B000NFZS86,B000N0GQMS,is mainly black with larger front logo,is a t-shirt with a black background and no buttons
shirt,train,shirt_train_00348,B005H131IA,B00CBW9NX0,is longsleeve and darker,is gray
shirt,train,shirt_train_00349,B00ECMTG6Q,B006VY3VJ6,is grey in color,is darker and more bold
shirt,train,shirt_train_00351,B000F4U4EI,B000EP103M,is a t shirt,is lighter
shirt,train,shirt_train_00352,B00AO1G72U,B00ELE7ECI,is white in color with small checkered pattern,is gingham and more tailored
shirt,train,shirt_train_00353,B0048M1XJI,B0036GBLOY,has a darker color and is long sleeved,has longer sleeves
shirt,train,shirt_train_00354,B009ZAHUOA,B00BJHEB76,Is more logo and colorful,has a RVCA logo.
shirt,train,shirt_train_00355,B000YOUFEI,B001D3CHWC,Is darker and more sporty,is darker and is graphic
shirt,train,shirt_train_00356,B001VSWW5G,B00CV9F5SA,is darker,is faded
shirt,train,shirt_train_00357,B009WWBXWG,B003EUVTHG,The shirt is black with Dante's Inferno.,is darker
shirt,train,shirt_train_00358,B00DH36KW4,B0050CRI5S,is baggier and is a different color,has more of a busy looking pattern
shirt,train,shirt_train_00360,B003XEFOTW,B004QZB3NI,A brighter color.,is much brighter in color
shirt,train,shirt_train_00361,B00AGFB0TY,B008Y3BTJQ,Is much lighter,is grey
shirt,train,shirt_train_00362,B000H776A8,B008ARQZ04,is a hat and is green,is a Green Bay Packers knit hat
shirt,train,shirt_train_00363,B009PQRKVM,B000LMWILG,is light pink with ducks on it,is juvenile and pink
shirt,train,shirt_train_00364,B00CICXOH4,B005N0POFI,is more manly,is black
shirt,train,shirt_train_00365,B006CUR30M,B00GG1J8C8,is red with a larger graphic design, shinier
shirt,train,shirt_train_00366,B007YVZDYQ,B005N1AQZ0,is more clear,has a bit logo and is white color
shirt,train,shirt_train_00367,B0099I13YG,B000LZ71P6,The shirt is a red,has crazy patterns
shirt,train,shirt_train_00368,B00BD9G1NC,B004OFP3WC,is a blue polo shirt,is a blue polo
shirt,train,shirt_train_00369,B007FVZCMI,B005GWQ6M8,is black in color,black with red hand and yellow circle
shirt,train,shirt_train_00370,B00CBDHZT8,B009A55ZJ2,is the same but I want a creamier color.,is white with longer sleeves
shirt,train,shirt_train_00371,B001Q54LNA,B004KOPGME,is a black tshirt with print on it,Is dark in color
shirt,train,shirt_train_00372,B001B9IHI6,B008H52C4W,is a navy blue and shinier than,is dark blue
shirt,train,shirt_train_00373,B00DUGFSPS,B009M4SGFG,is mint green button down,is lighter and has longer sleeves
shirt,train,shirt_train_00374,B005N029F6,B009DPGIS6,is navy blue,is dark blue and printed larger
shirt,train,shirt_train_00375,B00BGI4YAM,B004Y6LL9U, less wolfy,is more tropical
shirt,train,shirt_train_00376,B006JAQMAC,B0098IE8VW,has a short sleeve colorful center image,is more colourfull
shirt,train,shirt_train_00377,B004N1PWSM,B007Q3Z0U4,is more formal and has a collar,is a polo shirt
shirt,train,shirt_train_00378,B003YUC1P0,B0055AW1CU,has shorter sleeves,is short sleeved and blue
shirt,train,shirt_train_00379,B002LE78JO,B00DY61M2C,is more graphic,is white with black text
shirt,train,shirt_train_00380,B006JAQMAC,B00C865K40,is sleeveless and is darker in color,is brown and has no sleeves
shirt,train,shirt_train_00381,B0088453D4,B00BFI02HC,has an irish shamrock and a v-neck,is more colourfull
shirt,train,shirt_train_00382,B009OC759O,B005VB77YU,is red color and brighter floral print,has a red floral pattern
shirt,train,shirt_train_00383,B009HC3J5U,B00A34L3N6,has Romney written on it,it is with a wordy design and lighter blue
shirt,train,shirt_train_00384,B0072Z1ZV4,B00B2NNW54,has buttons and a color with multiple colors,is navy blue
shirt,train,shirt_train_00385,B009I8CVUC,B008BH8X80,is darker and more outlined,is brown with different image
shirt,train,shirt_train_00386,B003XPD2TA,B009ERH4YU,is sleeveless,has no sleeves
shirt,train,shirt_train_00387,B005JQ75I0,B005JQ94S4,is tan with an insect logo,is tan with a smaller graphic.
shirt,train,shirt_train_00388,B00DQIHZCO,B009QR93EM,has greek lettering,has red on the text logo
shirt,train,shirt_train_00389,B00A5BE6QI,B0081GBYCS,has a flag printed at the front,is darker
shirt,train,shirt_train_00390,B0049ADQ3A,B0072DAQES,is edgier,The item pictures a dinosaur head
shirt,train,shirt_train_00391,B006RRLX9M,B009SDDLEM,is a different shade of blue,has more dinosaurs on it
shirt,train,shirt_train_00392,B003JDL38I,B004JHSZX4,Is light blue and less sexy,blue tee shirt with Betty Boop graphic
shirt,train,shirt_train_00393,B00EDOA8RO,B00ENGPJUS,is a darker color but similar slogan,gray shirt with darker graphic
shirt,train,shirt_train_00394,B0037KMDRI,B0009GZV40,has buttons halfway to the chest level,is brown with black trim
shirt,train,shirt_train_00395,B001QLFD54,B0067EVZ2U,is a two pack of tops,is darder green with Green Shirts are for Pimps on front
shirt,train,shirt_train_00396,B009ZI2ME0,B008MO68AM,is white with the UK flag,is lighter in color
shirt,train,shirt_train_00397,B00852JQQY,B00640B5LS,is light in color,is lighter
shirt,train,shirt_train_00398,B00F4635ZW,B00D2NFA0W,is a beige colored shirt with art,is brown and more artistic
shirt,train,shirt_train_00399,B008K7KJJW,B00D2LT2GC,is a short sleeve solid black shirt,has shorter sleeves
shirt,train,shirt_train_00400,B008F4SAJG,B00B2PQX9O,is blue and has a animal on it.,is blue with a goat instead of skull
shirt,train,shirt_train_00401,B00DYU8XBG,B00DYSQH98,has a lighter gray color with text and an image,is light gray
shirt,train,shirt_train_00402,B002NBKMSY,B002GUVH9K,has different picture and is more black,is more black in colour
shirt,train,shirt_train_00403,B00ARF6IZO,B00BIGEKLA,is buttonless and light.,is beige and has a design
shirt,train,shirt_train_00404,B00AAYHEQ4,B007KFSERE,has a different graphic,has a design with all Led Zepplin members on it
shirt,train,shirt_train_00405,B001SERV3Q,B001SERV2C,is darker with a 'pink floyd' logo,is darker
shirt,train,shirt_train_00406,B00BZJYWQS,B00BWECFTC,Is more black and wordy,has a human in the chest logo
shirt,train,shirt_train_00407,B00GHQVK28,B00BM8ZSNS,is red with shorter sleeves,is magenta
shirt,train,shirt_train_00408,B00FO9MSJ8,B00AZ02ZTO,Is blue and yellow,has large letter and and dark blue color
shirt,train,shirt_train_00409,B006EF17GQ,B003BIG16A,Has longer Sleeves and no graphic,has less text on it
shirt,train,shirt_train_00410,B005LRYCIS,B005QIVMYO,is a blue flannel with black stripes,Short-sleeved with black and blue plaid pattern
shirt,train,shirt_train_00411,B007HKOJIK,B00AY9NSBU,has a black and white logo,has shorter sleeves
shirt,train,shirt_train_00412,B004U952YQ,B00868CGV4,is red and blue plaid,Desired item is more brown
shirt,train,shirt_train_00413,B009LHEC52,B005K8LYCU,is black without collar and buttons,is bold and has no collar
shirt,train,shirt_train_00414,B000FCAUDU,B0084OGRII,is black,is darker coloured
shirt,train,shirt_train_00415,B00B0CZOTO,B00AAJ66RC,Lighter and not a band tee,is darker
shirt,train,shirt_train_00416,B004NAZOGI,B00899DPL0,is white and has a picture of a woman on it,is more provactive
shirt,train,shirt_train_00418,B001VSWW5G,B007ZTU72U,is the same but with a different print.,is more fitted looking
shirt,train,shirt_train_00419,B0050117P6,B007OX13KW,More formal and more pattern,is darker blue with patterns
shirt,train,shirt_train_00420,B00BCDUV5I,B0057EYTAG,is more grey,has no graphic design and is grey
shirt,train,shirt_train_00421,B004G2ZHQ0,B009PMUANG,has blink 182 logo,is black with blink 182 on it
shirt,train,shirt_train_00422,B007CNA0IA,B009EWRY6S,is similar,is wider
shirt,train,shirt_train_00423,B0038FT0MS,B007ZU34TW,is darker in color,is black with white text
shirt,train,shirt_train_00424,B00AJA1APU,B00BXU1DO8,The shirt is blue with white lettering.,is more colorful
shirt,train,shirt_train_00425,B004MNOZK2,B00BUTECOU,Has a logo and longer sleeves,A black long sleeved shirt with Ford Trucks in white
shirt,train,shirt_train_00426,B001TQQNZA,B00BALYXD8,Is more buttoned and long-sleeved,has a darker color and longer sleeves
shirt,train,shirt_train_00427,B001T77MR2,B007ZTLKV2,has shorter sleeves,has shorter sleeves and no hood
shirt,train,shirt_train_00428,B005QPWBQ0,B00814073C,is a slim fit,has words and Darth Vader on it
shirt,train,shirt_train_00429,B00CM2XYDE,B00CLIV8C8,has a different graphic on the front,has a different graphic on the front
shirt,train,shirt_train_00430,B004T9XP9G,B003U6IHWO,is more brighter with short sleeves,is more blue in color
shirt,train,shirt_train_00431,B0078KLT78,B0052VYPS0,is more darker with buttons,is darker in color
shirt,train,shirt_train_00432,B000OFJPFW,B007746GIC,is black with more dog less bird,is black with dog motif
shirt,train,shirt_train_00433,B0017JSOH4,B001J4N5JE,is red and blue.,has a blue trianglr
shirt,train,shirt_train_00434,B00BGN94LQ,B00BKRQHB8,Is more green and aloha,has palm trees and flamingos and is more green
shirt,train,shirt_train_00435,B00BJ5YNC6,B0098LI5UE,is red with a different saying and logo,is more colorful
shirt,train,shirt_train_00436,B00AK8OFB2,B009GJSBNE,has a smaller logo,has orange text
shirt,train,shirt_train_00437,B001DGFHFS,B005JVIXCC,is lighter and has longer sleeves,is white in color
shirt,train,shirt_train_00438,B005KUICXM,B00CAAKD3M, tank top style with large,has yellow lettering
shirt,train,shirt_train_00439,B003QZ6QBS,B003QZ88RI,Is slightly lighter in grey color,ia more bright coloured
shirt,train,shirt_train_00440,B001D3NOBU,B00CH4QMUE,is white with words,lighter
shirt,train,shirt_train_00441,B006O61PEY,B0088A516C,is maroon with writing on it,has buttoned collar and less printed design
shirt,train,shirt_train_00443,B00B2JCWEK,B00CAIG1H6,is lighter in color,is more bright and formal
shirt,train,shirt_train_00444,B00A5BE6QI,B0081GC11G,is dark colored with an image,has blue graphics and no text
shirt,train,shirt_train_00445,B003RORNB0,B00ESGRNLG,Is green and not a shirt,scarf green and white designs
shirt,train,shirt_train_00446,B0024UM7TQ,B002Z2V8TI,has no strips and little light yellowish,does not have green on the sleeves or collar
shirt,train,shirt_train_00447,B009JG30L2,B007K1JHV0,is a darker color,It is less green and simpler design
shirt,train,shirt_train_00448,B003Y7H5B8,B00BU241WA,is gray with black buttons, is red colored
shirt,train,shirt_train_00449,B00852JQQY,B00640ACXK,is cream white in color,Has Dats a TreeShakah printed on it
shirt,train,shirt_train_00450,B007QYZU4E,B008D7EZ9O,This is a t-shirt with darker colors.,has more light gray on it
shirt,train,shirt_train_00451,B006TG8DJ4,B006TG7TZI,is black without animated print,is a black t-shirt with white emblem.
shirt,train,shirt_train_00452,B0046W0A6W,B0014CHJFW,is a long sleeve button-down shirt, no buttons
shirt,train,shirt_train_00453,B007TBVK84,B003U16Q9K,has an Ultimate Warrior logo,is black and sweet
shirt,train,shirt_train_00454,B007AWFPUQ,B002CSEYT6,is darker,is darker gray and has white graphic
shirt,train,shirt_train_00455,B00BL82XR8,B00AWHZSDU,has short sleeves and is grey,is darker
shirt,train,shirt_train_00456,B00EEI69UY,B005NDVQA2,is grey with zap written on it.,is red colored with a different graphic
shirt,train,shirt_train_00457,B009JT22IQ,B00D641VLO,is black,is darker
shirt,train,shirt_train_00458,B0072ZHG76,B0072YHD4I,has different words,is more chevy
shirt,train,shirt_train_00459,B005HIO3X0,B0051PJR8U,has a v shaped neckline,is lighter colored
shirt,train,shirt_train_00460,B0089RF2XG,B004P40LZQ,is darker and has shorter sleeves,is darker in color and less buttons
shirt,train,shirt_train_00461,B001183GTC,B00AIHLEWI,The tank top is yellow in color.,Has shorter sleeves
shirt,train,shirt_train_00462,B009ZAHUOA,B00C4YX0UC,is dark blue,A  solid bright blue short sleeved shirt
shirt,train,shirt_train_00463,B00974VLSU,B002WDSQN6,is blue with animation on front and is more casual,is a graphic t-shirt
shirt,train,shirt_train_00464,B00018A8IU,B00018A9H0,is gray with white designs,has different writing
shirt,train,shirt_train_00465,B00EQ6JFYQ,B00844IU0Q,is red,is multicolored with a swirl design
shirt,train,shirt_train_00466,B006TVUJJQ,B006TUXG5Q,has 3/4 lenth sleeves and is more colorful,has green long sleeves
shirt,train,shirt_train_00467,B0093N1RC0,B00CBP9XR8,is less feminine,is bright green with Dog Beers on front
shirt,train,shirt_train_00468,B006027WEO,B009PTR5GE,has more distinct art design,Is white painted in black
shirt,train,shirt_train_00469,B002L7NW9Q,B00BGAOIR4,is red with a different 'skull' logo,is red with a white skull
shirt,train,shirt_train_00470,B006RDRHSM,B0030DN0YC,is lighter colored,is brown
shirt,train,shirt_train_00471,B000LQTSBU,B008NMCMEE,is paler,is colorful and more words
shirt,train,shirt_train_00472,B001V3WZYY,B004BHA59E,is darker in color,Has longer sleeves
shirt,train,shirt_train_00473,B00AO1G72U,B00BN2MHGO,The shirt is white and pink.,is striped with red and white
shirt,train,shirt_train_00474,B003TPXSZW,B0034DHUCQ,has red white and blue logo,A black shirt with red
shirt,train,shirt_train_00475,B00AJLIZQQ,B008X67O7U,is green collared shirt,is tan and tonal
shirt,train,shirt_train_00476,B004PLN5WA,B004ON85QA,has sleeves,is red with longer sleeves
shirt,train,shirt_train_00477,B007TNIWH4,B0052OT97O,is yellow orange with short sleeves,is orange and is button down
shirt,train,shirt_train_00478,B000VTFOQA,B0015A5TKU,has longer sleeves and different shade of suit,is long sleeved soft black color
shirt,train,shirt_train_00479,B0032FPQC2,B001SN7WTK,is black colored with Jimi Hendrix in the middle,is darker
shirt,train,shirt_train_00480,B00CE8CPEA,B003IYBBXK,Very black,Is looser & darker
shirt,train,shirt_train_00481,B00318DGRC,B007P0T0XQ,is black,is more black
shirt,train,shirt_train_00483,B0094KM0DC,B009S8FFPK,is the same,is the same!
shirt,train,shirt_train_00484,B009HSG6Z4,B00BGGE4FE,has not words and a pink logo,black crewneck no button graphic print tee
shirt,train,shirt_train_00485,B00266PEXY,B00266PDLC,is navy in colour with shorter sleeves,is short sleeved and more casual
shirt,train,shirt_train_00486,B0040UBFU0,B004308VHM,is a t shirt with ribbed collar,is less sporty looking
shirt,train,shirt_train_00487,B00C38I05O,B00F3Q4PXO,has darker colored buttons and is less shiny,is only a lighter blue
shirt,train,shirt_train_00488,B00802YKLK,B007QPLXEE,is a gray shirt with black color drawn art,has a woman with big hear
shirt,train,shirt_train_00489,B007X4BTBA,B004ZC6T9A,is green with long sleeves,Is dark green and long sleeved
shirt,train,shirt_train_00490,B0054JYYGI,B00BEIK5XY,Is lighter colored and has a different graphic,is lighter in color
shirt,train,shirt_train_00491,B007FOPM02,B00BQNUF2S,is a collar button up,has a collar and buttons
shirt,train,shirt_train_00492,B005TPNDU0,B00DD3OWOG,Is more blue and more wordy,is blue
shirt,train,shirt_train_00493,B00CC71R74,B004YB55CE,is  similar with a slight difference,has less busy graphics
shirt,train,shirt_train_00494,B005LAJMOO,B006JBXUNI,has short sleeves,has shorter sleeves and has stripes
shirt,train,shirt_train_00495,B009ZPZWZE,B001AYEMRW,is a T shirt with lions on it,is more fraphi
shirt,train,shirt_train_00496,B009L33NLU,B00FLYTBKK,says taxi driver,has a taxi driver graphic
shirt,train,shirt_train_00498,B008M9GCDU,B008M9G7BC,is red with a picture and not a button down,has less pink
shirt,train,shirt_train_00499,B00AQKQY4U,B003ZW35BG,has buttons and a collar,is a grey v-neck.
shirt,train,shirt_train_00500,B008GRDSIU,B0088VU1TI,is straight hemmed and has more contrast,is shorter sleeved and black and white
shirt,train,shirt_train_00501,B000EOP9O4,B007BFYRQK,The shirts are multi-colored.,Is long-sleeved and plain colors
shirt,train,shirt_train_00502,B0077884YW,B00CR90NWM,has no pockets,is bright red with RHCP in large letters
shirt,train,shirt_train_00503,B008JGKKYS,B00FBPBFV2,Is black and sexier,black with angel and not white with woman
shirt,train,shirt_train_00504,B00FH22YLO,B003H9N6BQ,is more vintage and less nerdy,is a comic tee
shirt,train,shirt_train_00505,B008CRGDVS,B00AAF94LQ,is dark blue with yellow designs,is gray and has a crew neck
shirt,train,shirt_train_00506,B000MVXI6K,B001B54TJQ,is bright white with text,has usa in red on front
shirt,train,shirt_train_00507,B004IIEVD2,B004IIBA9K,is the same,is exactly the same!
shirt,train,shirt_train_00508,B001U3U7OK,B001WSTFDC,is not as formal,is red and doesn't have a collar
shirt,train,shirt_train_00509,B009Q4BJ5Q,B008H34M0Q,is a darker color with a large graphic, and lighter colored
shirt,train,shirt_train_00510,B00B24D8KM,B0013FLYI8,has multiple pattern color stripes,has more pattern to it
shirt,train,shirt_train_00511,B001QA2E66,B004DC9YKI,a striped polo,is grey and white striped polo
shirt,train,shirt_train_00512,B0045K622Q,B00A7OIOWA,has bright colors in the image,is faded
shirt,train,shirt_train_00513,B002DVVYSQ,B0016BMCWQ,has a brighter color and a psychedelic print,is more colourfull
shirt,train,shirt_train_00514,B0085OIP2S,B00B2JCQWI,Is striped and black,is darker
shirt,train,shirt_train_00515,B007CW5N3S,B00AP8CYQK,is a black t shirt,is darker
shirt,train,shirt_train_00516,B0076BMU2C,B004O3JYEW,Is a darker blue with fewer graphic colors,has white words with green icons
shirt,train,shirt_train_00517,B007IFREKO,B00A0Y6LJK,is white color and large graphic print,has large logo and is white shiny color
shirt,train,shirt_train_00518,B004JGC4SC,B002H0MUVS,is a black tee shirt with a movie logo,has a Ghostbusters logo
shirt,train,shirt_train_00519,B005I0IUL8,B00G4FE8D0,is darker with a different logo,is darker
shirt,train,shirt_train_00521,B0018IV6U6,B00167WFFO,is green with Iron Man on it,is lighter
shirt,train,shirt_train_00522,B006H5NGEO,B00AQ86BRW,Has collar and is sporty,is more formal
shirt,train,shirt_train_00523,B00ARGI37Y,B008HWD79O,is gray with black sleeves,has longer sleeves
shirt,train,shirt_train_00524,B005XTRGGE,B007OU6K9O,is short sleeved with checkered brown and teal colors,is checkered with short sleeves
shirt,train,shirt_train_00525,B00598KDCI,B00270SEK4,are tight male shorts,Is underwear and is darker.
shirt,train,shirt_train_00526,B0031TTS4Q,B009NW9TGC,has more of a design,is white with blue lettering
shirt,train,shirt_train_00527,B002X5J7ZY,B008159AH0,is primary orange with only cars,has more brown in it
shirt,train,shirt_train_00528,B008JF9OD2,B008EA4VL2,is darker and less formal,it does not have pocket and collar
shirt,train,shirt_train_00529,B008DXZQ5K,B00C1OWTQG,is blue in color,is more blue in color
shirt,train,shirt_train_00530,B00FFRJCUW,B00DQW5WL6,The shirt is blue in color with Better Call Saul.,is blue with white lettering
shirt,train,shirt_train_00531,B0083P2SYU,B00B10FW5G,Is more logo and thicker,is brighter in color
shirt,train,shirt_train_00532,B003BSG9S0,B002FK91N0,Is neon green and sleeveless.,sleeveless bright yellow
shirt,train,shirt_train_00533,B00D8YCV2K,B006UK2CAA,Is black and less artistic,is black with a New Orleans theme
shirt,train,shirt_train_00535,B0071OU620,B000G0EL9K,is tan with a different picture,is less colorful
shirt,train,shirt_train_00536,B002AMWBKI,B009EUL9QG,is checkered,Is plaid
shirt,train,shirt_train_00537,B00AO1TFDI,B009ENSYCK,is pale blue with black sleeves which are much longer,has longer sleeves
shirt,train,shirt_train_00538,B00989UH8Y,B00AMB6M5O,has a different graphic on the front,is darker
shirt,train,shirt_train_00539,B004RDY7O6,B000SBC5Y0,has thinner stripes,has blue
shirt,train,shirt_train_00540,B00AK43HQA,B00845ADLY,is less athletic, no stripes on sleeves
shirt,train,shirt_train_00543,B00BNT5WUK,B009E347EO,is more formal and has long sleeves,has longer sleeves
shirt,train,shirt_train_00544,B005JQ1UBS,B005JQ5XQ6,This shirt is red in color.,is more of a berry color
shirt,train,shirt_train_00545,B005QDQRO4,B005ODCU4C,has I love my GTO written on it,has different text
shirt,train,shirt_train_00547,B004Z99N82,B00A2BYQ7K,blue colored with graphic print on the back,is blue in color with a design on the back
shirt,train,shirt_train_00548,B003556056,B0091VA5MM,is black with white designs,is solid black
shirt,train,shirt_train_00549,B00B1AGPDY,B005XA1JMU,has longer sleeves with solid black,Desired item is black with long sleeves
shirt,train,shirt_train_00550,B008N66I7C,B0080G1DUM,is more lighter and has bigger checkered pattern,is more dull in color
shirt,train,shirt_train_00552,B005H4C12Y,B002BFBYFC,is light colored,is white with pockets
shirt,train,shirt_train_00553,B00FRQ58V8,B006C9DV2W,is a white T shirt with an American flag,is white with a flag
shirt,train,shirt_train_00554,B007JQKSPU,B007JQKOTU,is darker,Is black in color
shirt,train,shirt_train_00555,B00BUZZ4J6,B009SDRDYG,is sleeveless and a brighter color,is sleeveless and yellow
shirt,train,shirt_train_00556,B008FZP0SY,B005MGGYSY,is more exposing,shows more back
shirt,train,shirt_train_00557,B007TBVK84,B001QXYI94,is a scarf for around the neck in gray and black,is black striped and square scarf
shirt,train,shirt_train_00558,B006C9A8VE,B00801Q5OQ,Is more faded,has foreign lettering and sleeve graphic
shirt,train,shirt_train_00559,B00AERDMK4,B00AECARZM,is white and green striped,is lighter in color
shirt,train,shirt_train_00560,B00881WIYO,B005PZQWNO,is a blue colored shirt with book cover art,is whie with a black and grey design covering the front of the shirt
shirt,train,shirt_train_00561,B003DJ2PIA,B005MDPS02,is gray colored with no sleeves,Is grey in color
shirt,train,shirt_train_00562,B008YCXE86,B00BJJJHDM,is light blue with yellow words,is more t shirt
shirt,train,shirt_train_00563,B003JE5KIQ,B0015GRDTE,has different designs,is more random
shirt,train,shirt_train_00564,B004RLNHS0,B00A1BCCT0,is darker and has longer sleeves,has long sleeve and is green color
shirt,train,shirt_train_00565,B005MQT33W,B00AP5M47M,is yellow with black designs,it is yellow
shirt,train,shirt_train_00566,B003JZCR3G,B00CA6WCSK,The shirt is a short sleeve Hawaiian shirt.,is more floral and buttons up
shirt,train,shirt_train_00567,B008O7VM26,B00CA9GAHQ,has a skeleton type logo,has a picture of marilyn monroe
shirt,train,shirt_train_00568,B00AY9NO00,B00AY9NYV4,has more graphics and is lighter,Has a much bigger design and is a lighter blue.
shirt,train,shirt_train_00569,B00B30IT9U,B00A8YYADG,is black and white plaid,is plaid
shirt,train,shirt_train_00570,B0035J9ADQ,B000ZK6YVY,has clearer letters,is lighter
shirt,train,shirt_train_00571,B0009I67D2,B005THJ0A0,Is gray with an American flag-style Superman logo,Is lighter with a more colorful symbol.
shirt,train,shirt_train_00572,B00BV2Q9B0,B006N1K0B4,A tan button down chef shirt,Is tan instead of white.
shirt,train,shirt_train_00573,B00919PIQW,B0095D8DHA,is a v-neck and burgundy colored,is red with a v neck
shirt,train,shirt_train_00574,B004LWYXD8,B00AHAGW6E,has less graphics and is sleeveless,is a tank top and is lighter in color
shirt,train,shirt_train_00575,B005QDQRO4,B005PGZ5F4,has a different graphic,different graphics
shirt,train,shirt_train_00576,B000UZ8H00,B006DI2KM4,is white v neck shirt,has a v-neck and no graphic
shirt,train,shirt_train_00577,B00BERTRV6,B00D2BYQNQ,is a black t shirt,is darker
shirt,train,shirt_train_00578,B004M45JZ6,B00795RGJW,is darker,is darker
shirt,train,shirt_train_00579,B00A2POH34,B005SCF8V6,is orange and black plaid with long sleeves,is long sleeve flannel.
shirt,train,shirt_train_00580,B0080CBPLI,B00A7PK93Q,has short sleeves and stripes,is striped and is shorter sleeved
shirt,train,shirt_train_00581,B005TFEIGS,B008BK5HEU,is a more dark color,is silver and round
shirt,train,shirt_train_00582,B00BGI4YAM,B00BO3HIHK,is more colorful,is brighter blue and and has more color
shirt,train,shirt_train_00583,B001M0MYPG,B001M0MYVA,is solid white,A white long sleeved buttoned shirt
shirt,train,shirt_train_00585,B00CLFLA24,B007E7S5N6,is orange with a different graphic,is more orange in color
shirt,train,shirt_train_00586,B004N61LDC,B004EEPXTQ,Is less casual and has more buttons,is checkered
shirt,train,shirt_train_00587,B009TYL43A,B00AO9WAXW,has longer sleeves,Has longer sleeves and darker in color
shirt,train,shirt_train_00588,B0044ZS08Q,B00BMAH9WE,is darker,is a gray color
shirt,train,shirt_train_00589,B006CGN95O,B00BSOUUFC,is white and has short sleeves,is white short sleeve with blue anchor graphic
shirt,train,shirt_train_00590,B003SG89VA,B003QU19FG,is brighter color and plainer,it is blue with Italia flag
shirt,train,shirt_train_00591,B005WYB6K2,B004C65QNE,has a short sleeves and dark in color,has less yellow
shirt,train,shirt_train_00593,B004PLN5WA,B003R4ZBUK,has sleeves and rounder neck,has longer sleeves and is a crew neck
shirt,train,shirt_train_00594,B005HJDEY8,B00BFUWHQ4,is white short sleeved t-shirt with print,is lighter
shirt,train,shirt_train_00595,B006UQMSYY,B008G3L2E6,has more logo and is blue,has Built Ford Tough on the front - navy blue t-shirt
shirt,train,shirt_train_00596,B00B7HWOI6,B003UD7LVA,has short sleeved and collared shirt,has button ups and is more of a traditional short sleeve.
shirt,train,shirt_train_00597,B005DTRAN8,B000JX1K70,is shorter and orange,Is brighter and less graphic.
shirt,train,shirt_train_00598,B009ZYNZPO,B005CTFSJ2,is a darker color and has a large Poe graphic and title,is black
shirt,train,shirt_train_00599,B00C2C0WEI,B004RLNHS0,has more different color stripes,has brown
shirt,train,shirt_train_00600,B000KD3ZWC,B000KD628G,The shirt is white in color with trains.,is lighter
shirt,train,shirt_train_00601,B009XDLC48,B009VE8R10,is a lighter blue and has a smaller graphic,is lighter and less masculine
shirt,train,shirt_train_00602,B0048KTEPU,B005VLZ8FA,is light blue with text,Is a light blue T-shirt
shirt,train,shirt_train_00603,B008U8VBSY,B008YHB76M,has a button up collar and shorter sleeves,is a black polo shirt
shirt,train,shirt_train_00604,B00CDSYTEU,B009B1S4HK,has a deeper V-neck and shorter sleeves,is more revealing and has shorter sleeves
shirt,train,shirt_train_00605,B006WLWH4I,B008CK7468,is a green vest, short sleeves
shirt,train,shirt_train_00606,B00ARCWZZE,B0000ANHQJ,is brighter colored,is red colored
shirt,train,shirt_train_00607,B0037KNSCM,B0037KOYJI,is lighter,is a light blue polo with a dark blue collar
shirt,train,shirt_train_00608,B005KT57D6,B005KT5GTG,is printed on a white t-shirt,is white and has a different graphic
shirt,train,shirt_train_00609,B007VYSCKS,B0092ZK8LK,they are cargo shorts,is shorter
shirt,train,shirt_train_00610,B00D2YYHX2,B003L4S0OK,is gray with blue designs,is light blue
shirt,train,shirt_train_00611,B003O0N0LO,B002HWGINW,dark in color with long sleeves and brown khakis,has a leafy print and long sleeves
shirt,train,shirt_train_00612,B0075VXJ4Q,B009V6EVAE,is larger and wider,is more faded
shirt,train,shirt_train_00613,B005LAJMOO,B0083F2QGA,has short sleeves,short sleeve shirt
shirt,train,shirt_train_00614,B0083WCZUU,B008CG0CA2,has just white lettering,A black shirt with white letters on front
shirt,train,shirt_train_00616,B00CAL6AN8,B008OZPTR2,is darker and has different graphics,Is darker with neon graphics
shirt,train,shirt_train_00617,B001C1ZY3O,B00DV0PJG6,is darker in color,is more colorful
shirt,train,shirt_train_00619,B007FUB02K,B00AZQTR5S,is black with orange lettering,is dark colored with a thumbs up design
shirt,train,shirt_train_00620,B00BP1I5VY,B008G2RAJI,The shirt is gray in color and is long sleeve.,has long sleeves and is striped
shirt,train,shirt_train_00621,B00BFHG6AU,B00DWH90HC,is white with a different graphic,is white
shirt,train,shirt_train_00622,B00CIJ9GN8,B003DA603K,is white and sleeveless,is white and sleeveless
shirt,train,shirt_train_00623,B00AY7SQ1Y,B0013Z89TK,is a long sleeve white dress shirt,has a more pure white color
shirt,train,shirt_train_00624,B00EBE6H3A,B0078TSE54,Is a black Abraham Lincoln shirt.,has a picture of abe lincoln on it
shirt,train,shirt_train_00625,B00B99JETE,B004LRS5KA,is white with large checks,Is light blue
shirt,train,shirt_train_00626,B00CHXO6SA,B00CHXT1U8,Is brighter colored,is more colorful
shirt,train,shirt_train_00627,B0039SLXPQ,B002EQ9EE6,more graphics less stripes,is lighter
shirt,train,shirt_train_00628,B00CE3L7MG,B00CBDHO4Y,The shirt is white with blue trim.,is a perfect match
shirt,train,shirt_train_00629,B0095D4PBS,B008IYBTA0,red with a large logo,Is red with Dark One on front
shirt,train,shirt_train_00630,B0079TQKRC,B004ETMP2Y,has longer sleeves and is darker colored,Has longer sleeves and a smaller graphic
shirt,train,shirt_train_00631,B007LSLBFM,B0054UJNT0,Is more bright and has shorter sleeves,has no buttons
shirt,train,shirt_train_00632,B00AB7H6XQ,B004Q7D6UO,is more plaid,has lighter colors
shirt,train,shirt_train_00634,B007GLK6EG,B00F6U51EE,has longer sleeves and more color,has longer sleeves
shirt,train,shirt_train_00636,B00DCY7IZQ,B004UL7GMK,has a different print,is cotton and casual
shirt,train,shirt_train_00637,B002WG6YTQ,B002WG6XGU,is similar but blue,4 pack tanks that are blue
shirt,train,shirt_train_00638,B0089AY87O,B00A0N6OPW,is a shirt with long sleeves,has longer sleeves and is more professional
shirt,train,shirt_train_00639,B005R7VUJG,B004NGYIVY,has a red logo on the shoulder,has a brown design on the shoulder
shirt,train,shirt_train_00640,B0083F4WSK,B007FNZBB8,Is a blue tee shirt with a picture on it.,is solid blue and no collar
shirt,train,shirt_train_00641,B0014E081W,B000MVJ9QS,is less bright and is a full button down,is more neutral in color
shirt,train,shirt_train_00642,B00C6A1X2G,B00BJE8M7Y,is more formal,is collared and lighter.
shirt,train,shirt_train_00643,B003WLU16C,B007CFBMJE,is a suitcase with a tropical area,is more luggage
shirt,train,shirt_train_00644,B00C4RUJKS,B004UAGX16,Is darker with a checkered pattern and a shirt no a t-shirt,it longer sleeved and checkered
shirt,train,shirt_train_00645,B009F7JTEC,B009F7OPOQ,Is less casual and has buttons and a pattern,Is button down and long sleeved
shirt,train,shirt_train_00646,B008P76MMA,B00476JF9U,has a red color with art in the middle,is red with black and white lettering
shirt,train,shirt_train_00648,B00AJWOR9E,B00AJWOIL6,is black with a blue design,is blueer
shirt,train,shirt_train_00649,B008SF3ZTM,B00D1DOH34,is yellow with woody from toy story on it,is yellow and features Woody from Toy Story
shirt,train,shirt_train_00650,B003BQPJEC,B005GQ8F1E,is black with yellow designs,is black with yellowish picture
shirt,train,shirt_train_00651,B00AZWVUPW,B00BXWS02E,is lighter,is a lighter color
shirt,train,shirt_train_00652,B001V9LN6O,B007XZ7BCA,has long sleeves and is a darker color, round graphic
shirt,train,shirt_train_00653,B004O2H4IQ,B008P589VO,has 1790 on it,is more military
shirt,train,shirt_train_00654,B001IA6Z64,B0030DG8LE,is black in color,is solid black in color
shirt,train,shirt_train_00655,B006JANQ6K,B0038YLFRC,is a red metallica logo,is more red
shirt,train,shirt_train_00656,B007FNZBB8,B004ELAWC2,is more red with black pattern on front,has a bit logo and is red color
shirt,train,shirt_train_00657,B003XUVUYO,B0047N0W1S,is blue with big and bold plaid,is more blue
shirt,train,shirt_train_00658,B00GGILPDQ,B0036SP2Y2,darker color,is a red shirt that is plain
shirt,train,shirt_train_00659,B007SH234Y,B007GYHLJG,is more muted and less colorful,is gray with black logo
shirt,train,shirt_train_00660,B00AFJKTH0,B00AFJM5MC,is darker with a different logo,is black with yellow lettering
shirt,train,shirt_train_00661,B00CC5EQXS,B00029BHS8,is pale red and shinier,is solid red
shirt,train,shirt_train_00662,B007P1GIOE,B0096LLAAS,is similar with a different print,A white shirt with solid grey print on chest
shirt,train,shirt_train_00664,B0086942V0,B005FSDZZE,is gray and has an image on the front,is cream with text motif
shirt,train,shirt_train_00665,B006HT4W0W,B006HT3SVQ,has shorter sleeves,is less formal
shirt,train,shirt_train_00666,B004LDVFSS,B00ENUNIV6,is tan with a bike,has a motorbike graphic and is more grey
shirt,train,shirt_train_00667,B0013KSTMW,B0014BTWUI,is orange in color,is more colorful
shirt,train,shirt_train_00668,B009OZRX98,B004OWHLX4,is red with long sleeves and buttons,is red and has longer sleeves
shirt,train,shirt_train_00669,B00AA0YNMG,B0059LFO56,The shirt is red in color.,Desired product is red with a cardinal pictured
shirt,train,shirt_train_00670,B00B0LIYBU,B00DIGLI7M,Is black and has red,is black and has red logo
shirt,train,shirt_train_00671,B009OZUACA,B003T9VU7G,is a solid purple,is all purple with long sleeves
shirt,train,shirt_train_00672,B004U952YQ,B005FSE0QM,is a sleeved up shirt with an image,is blue with longer sleeves
shirt,train,shirt_train_00673,B001G5MJOS,B007ZTFII8,Has a very different pattern and color,is a blue tee shirt
shirt,train,shirt_train_00674,B00B0ZQ4YU,B004SX5C58,has sleeves on it,has more sleeve
shirt,train,shirt_train_00675,B0041M27SQ,B0040UBFU0,is a blue sports colored shirt,is dark blue and has color logo
shirt,train,shirt_train_00676,B005STUVD4,B008AY1AMU,Is more wordy and less complex,says Trust me
shirt,train,shirt_train_00677,B001FV9PHC,B000EX06S4,is black with image of dragon sitting on rock.,is black with gray logo
shirt,train,shirt_train_00678,B00A83JB2W,B002EPWZPM,is one gray shirt,is more neutral colored
shirt,train,shirt_train_00679,B00DGM0LYO,B008B5H91Y,iis a button down,has buttons and is dark purple
shirt,train,shirt_train_00680,B007SH1VMY,B007JBFEJA,long sleeve sweatshirt with white tree graphic,Long-sleeved with white bare tree
shirt,train,shirt_train_00681,B00078V59A,B0027HD8D0,is u shaped on the neck,is a sinlge black tee
shirt,train,shirt_train_00682,B009P6BCCA,B009I2BWNA,is a tie dye pink shirt,Is brighter and more patterned
shirt,train,shirt_train_00684,B00ECIBYWE,B002DIUGXI,is solid black with longer sleeves,has longer sleeves
shirt,train,shirt_train_00685,B007SH1VMY,B007GYZSUK,is black with yellow designs,is faded
shirt,train,shirt_train_00686,B000KRHIYY,B006VJXIQW,is darker,has white text on it
shirt,train,shirt_train_00687,B008PBHI8S,B00DJM5QNW,is white with shorter sleeves,has shorter sleeves and is brighter colored
shirt,train,shirt_train_00688,B004FV4OCK,B002JIO04S,The shirt is gray in color.,Desired item is grey
shirt,train,shirt_train_00689,B007CGS85E,B005MRG6KE,is black with a smoking skeleton on it,is black with a skull
shirt,train,shirt_train_00690,B005RS5RT4,B0067EYG8A,is blue with yellow lettering,is more humorous and a lighter blue
shirt,train,shirt_train_00691,B004ISKVY0,B002NH7CFE,has longer sleeves and more of a collar,is black with long sleeves and a zipper
shirt,train,shirt_train_00692,B008I3W5RC,B0052FJW5W,is more casual and less colorful,is darker
shirt,train,shirt_train_00693,B008B3UHUQ,B00810S2DI,is a dark knight tee,is darker in color and has a Batman graphic
shirt,train,shirt_train_00694,B004V9RNM4,B00AYKATZW,has white and red checkers,has a colour and is red and white check
shirt,train,shirt_train_00695,B006GSHE7M,B009ELX7Q0,is gray,has a cartoon graphic on front and is more grey
shirt,train,shirt_train_00696,B008YF3A4Q,B006GS52N0,is black with larger logo,is darker
shirt,train,shirt_train_00697,B009WN98VS,B006P8ZDVM,has a v-neck and is less structured,has a v-neck collar
shirt,train,shirt_train_00698,B005EJDHX4,B0052VQXVC,is blue with dark blue designs,is blue with black patterns
shirt,train,shirt_train_00699,B00AH7ICYC,B007XHTQTO,is blue with wording,A dark blue shirt with white letters on front
shirt,train,shirt_train_00700,B005KGPGTY,B0051D7ZS6,Has  less graphic pictures,only has the game logo
shirt,train,shirt_train_00701,B00641RU5C,B00BRXEED8,is light blue keep calm zombies tee,Is powdery blue
shirt,train,shirt_train_00702,B00CPDAAX2,B002FIUL0Y,is gray with long sleeves,Gray long sleeved
shirt,train,shirt_train_00703,B004EYIFTG,B007OXS5XK,its white with patchwork print,is white with log and more casual
shirt,train,shirt_train_00705,B0095BJDRG,B0037LYSUM,is more casual with shorter sleeves,is white t shirt with no buttons
shirt,train,shirt_train_00706,B00C1LKXRG,B00CMUDM0G, different wording,is darker
shirt,train,shirt_train_00707,B001KP0WQQ,B002ERF9SK,Is blue,is darker in color and shorter sleeves
shirt,train,shirt_train_00708,B008MTYHNC,B00AYVT3U8,is darker,A black shirt with white design on front
shirt,train,shirt_train_00710,B00BIT4IVO,B00D8MRU4Q,Is less fun and more blue,blue instead of green
shirt,train,shirt_train_00711,B007XCSWIA,B004VO96F6,is darker,is redder with more words
shirt,train,shirt_train_00712,B001SERZV4,B001AYGAKO,is grey with a guitar,A dark grey shirt with guitar on front
shirt,train,shirt_train_00713,B0062B27PM,B00EPM1T1I,Is less colorful and hooded.,A grey sweatshirt with hood
shirt,train,shirt_train_00714,B00AWD5DRA,B004KF9K20,has black and short sleeves,is more emo
shirt,train,shirt_train_00715,B00F99GGT6,B0073WYOCS,is white in color with an image of lobster.,is lighter
shirt,train,shirt_train_00716,B007J7O3PA,B008EE9DKM,Has a red heart on it.,yellow
shirt,train,shirt_train_00717,B00C2THV9U,B00DQIFKNU,is white with black designs,has a face graphic and is more white
shirt,train,shirt_train_00718,B00BFXV32K,B00B4EP1F0,has shorter sleeves and is darker,Shiny dark gray polo with white stripe
shirt,train,shirt_train_00719,B004R1G7FU,B001R60YMA,is yellow,is more yellow and has more texture
shirt,train,shirt_train_00720,B0083SD9XQ,B006GJ0P86,is gray striped with no sleeves,is sleeveless and dark green with black lines
shirt,train,shirt_train_00721,B004VMHTM0,B007EWZ7R8,has less buttons and is darker,Black button down short sleeved shirt
shirt,train,shirt_train_00722,B0060A21FQ,B0060A20XY,is the same shirt,is black and has a bold graphic
shirt,train,shirt_train_00723,B007CJH57S,B005EZJ6G0,has white buttons,has whiter buttons
shirt,train,shirt_train_00724,B0052PV1MY,B00AA11GZ2, red with rugby stripe, t-shirt style with large graphic
shirt,train,shirt_train_00725,B008N67P9W,B009GFN4D0,is black with a pocket,has shorter sleeves and a collar
shirt,train,shirt_train_00726,B002TZWOSA,B001NTK7PU,More mono color design,has a lighter graphic and smaller sleeves
shirt,train,shirt_train_00727,B00E40LG8M,B00ET9GXSG,has long sleeves,is red and long sleeved
shirt,train,shirt_train_00728,B005GFK1VW,B0042UAHOI,has son of anarchy written on it,has a larger logo
shirt,train,shirt_train_00729,B003YLVZI8,B009P6BCCA,is a black short sleeved t-shirt with pink cancer phrase,is darker and more graphic
shirt,train,shirt_train_00730,B009YEUOFO,B007R8QABG,is black with white words,has white text
shirt,train,shirt_train_00731,B0066W9FGG,B0001TOWHW,Is more blue and less graphic,has more text and fewer graphics
shirt,train,shirt_train_00732,B002L8HOMQ,B001J4TY44,has arrows on it,is more masculine and shorter
shirt,train,shirt_train_00733,B000RKVLQA,B004T4R682,is black with a yellow face,is a Nirvana shirt
shirt,train,shirt_train_00735,B0087WCFO2,B004KF4PM0,has a blue color with a strong message,has clear painting and is blue color
shirt,train,shirt_train_00736,B0088453D4,B00AY1MRXS,has short sleeves and no buttons,is more green with no collar
shirt,train,shirt_train_00737,B00AE00GD2,B003DQTY3M,is a dark color,is a black tee
shirt,train,shirt_train_00738,B00AE7KXRY,B002QFU6GU,Has a less colorful graphic,Desired item pictures an outline of an angelic character
shirt,train,shirt_train_00739,B0037KOYJI,B0037KKT1K,has long sleeves and is brighter in color,is grey and has long sleeve
shirt,train,shirt_train_00740,B008WCL7PU,B0082K92OU,is a plain light grey t-shirt with short sleeves,has shorter sleeves
shirt,train,shirt_train_00742,B005FV6CGA,B0081V06OA,is blue colored and has palm trees on it,is blue and white flowers
shirt,train,shirt_train_00743,B000XSACSY,B0054RJN5W,is red with skull graphics,is more colorful
shirt,train,shirt_train_00744,B004AUN8VY,B002X3AM8C,is more decorated,A dark grey shirt with pattern on front
shirt,train,shirt_train_00745,B0086948UK,B009XG30YU,is short sleeved with a collar and more colours,has shorter sleeves
shirt,train,shirt_train_00746,B003IR8K04,B003FI1XPK,Is black,is darker
shirt,train,shirt_train_00747,B00BPXMMNE,B009AP6I2U,has a larger graphic,is darker
shirt,train,shirt_train_00748,B004KUUKCO,B009PWO71C,is red with a 'ride the pony' graphic,is red with car graphic
shirt,train,shirt_train_00750,B004SNC7QU,B005O2WP8E,a dark colored tee with a colorful symbol,is more colorful
shirt,train,shirt_train_00751,B007BDAS0Q,B001G0K9KE,is beige with orange characters,has smaller graphics
shirt,train,shirt_train_00752,B009E4Z27Y,B007E9TIDK,looks more simple,it is not checked and short sleeved
shirt,train,shirt_train_00753,B00CLIUCBQ,B00CKZ5LE8,is more lighter color,is blue-green
shirt,train,shirt_train_00754,B001B5CMR2,B0058OR2KY,is gray colored with text,is lighter
shirt,train,shirt_train_00755,B007FUFUPI,B006UQ5PAS,Is black with gray image,is darker
shirt,train,shirt_train_00756,B007JCO9N6,B0043A2RRM,Has a different pattern,is blue with shorter sleeves
shirt,train,shirt_train_00757,B003XI9IKY,B003WLSB64,is black with white words,is darkre
shirt,train,shirt_train_00758,B005N1AQZ0,B00APYAUUG,Black and no text on it,is darker
shirt,train,shirt_train_00759,B00EKDW4Q6,B009O0C5NC,is more feminine,Is pink with Save a Rack on front
shirt,train,shirt_train_00760,B004ZC5SPG,B004ZC5SDS,is dark blue,is dark colored
shirt,train,shirt_train_00761,B00CWA1MEY,9789841655,is a large black t-shirt,is less formal
shirt,train,shirt_train_00762,B00FCZG5UM,B00AEEX86U,is a black colored shirt with white colored art,has a white CM Punk logo
shirt,train,shirt_train_00763,B00CULZMT6,B00AO1EFVA,has black,has large stripe and is green color
shirt,train,shirt_train_00764,B008N693YM,B004DSY54C,is more dull and longer sleeved,is more dull with longer sleeves
shirt,train,shirt_train_00765,B0082C52NI,B00EQQMJ5S,is darker with a different image,is black with red logo
shirt,train,shirt_train_00766,B009ELWMPC,B0049EJ5TA,is more lively and more animated,is childish
shirt,train,shirt_train_00767,B005OCH7T6,B0052FPGRK,is black in color,has red and blue motif
shirt,train,shirt_train_00768,B0018ZUW40,B004BHWG0K,has a word and different graphic,more colorful and masculine
shirt,train,shirt_train_00769,B00BX86J0S,B004FGDPBG,is more casual and more graphic,is lighter colored and more humorous
shirt,train,shirt_train_00770,B00A3IAZRW,B00CPS9CR2,is orange and a flying horse logo,is much brighter in color
shirt,train,shirt_train_00771,B009HG1G2O,B009ABW6PW,is less formal,is black and has no button
shirt,train,shirt_train_00772,B00313J2MU,B0098GE7QK,has a V-neck and wider stripes,is more colorful
shirt,train,shirt_train_00773,B004VMF7BA,B008R93LD4,is blue color with yellow text,Desired item is blue with yellow text
shirt,train,shirt_train_00774,B005DIJAWS,B0006SCZMM,more demim like,is blue and more casual
shirt,train,shirt_train_00776,B004H7SA6S,B009WKTL1I,is the same,has long sleeves
shirt,train,shirt_train_00777,B003WET2GO,B0001HA8CW,The shirt is white in color., button-down shirt
shirt,train,shirt_train_00778,B009XCBO3I,B007GOP8IM,is black with a more rounded neckline,is black tee shirt
shirt,train,shirt_train_00779,B00BI5VJ92,B000FE0DT4,is a collared light blue button up shirt,is a lighter shade with stripes
shirt,train,shirt_train_00780,B000I90RSS,B000QHGDSU,is white with black designs,is black and white
shirt,train,shirt_train_00781,B000ZH9T5K,B001E3WA50,has longer sleeves,is less tropical
shirt,train,shirt_train_00782,B00BFRZC00,B008U8VBSY,is dark colored with text,is black and long sleeved
shirt,train,shirt_train_00783,B009U4M9IS,B004TB2BRG,has 'groom' written on it,has less graphics
shirt,train,shirt_train_00784,B008MQRAQ6,B00DVWKEK0,is red and black collared,is darker
shirt,train,shirt_train_00785,B00CE143Z6,B00CE14GSU,has a collar and is more formal,button up collared black and white block
shirt,train,shirt_train_00786,B005900CUO,B003UEQQ9M,is more plain,is  more white with smaller logo
shirt,train,shirt_train_00788,B000FCAUDU,B006WNUM16,is a turquoise polo,is darker
shirt,train,shirt_train_00789,B005QR8Q9E,B006MW97UO,is a t shirt with superman logo,is lighter in color and has less red
shirt,train,shirt_train_00790,B00383WPEK,B002NUW8QO,is a DC comic,is black colored with a different graphic
shirt,train,shirt_train_00791,B000O1F67C,B000NWN4QM,is black with a collar,is darker
shirt,train,shirt_train_00792,B00BNT6S94,B001PL7TH0,is grey with stripes at bottom,has less wide straps
shirt,train,shirt_train_00793,B00008JX3B,B000VDGJX8,has a black tie,is white with black lettering
shirt,train,shirt_train_00794,B005G40078,B004KSSG6S,is black with blue designs,A black shirt with red flags on the back
shirt,train,shirt_train_00795,B00AX0QDT4,B0091GJHDA,The long sleeved shirt is multi-colored.,is more colorful
shirt,train,shirt_train_00796,B00CZ6NCY8,B003U6INZA,Is less wordy and more blue,it has a lighter blue
shirt,train,shirt_train_00797,B006I9GQ5A,B004GNU21Y,is darker and has a more ominous graphic,is black with white lettering and logos
shirt,train,shirt_train_00799,B007SH26EG,B007SH1VMY,has more red designs,is more red
shirt,train,shirt_train_00800,B006ZP7MCI,B003WUXGPQ,Is long sleeved and has a coffee cup image on front,has longer sleeves
shirt,train,shirt_train_00801,B004MDKS0I,B008E7I2KQ,is bright in color,is darker
shirt,train,shirt_train_00802,B008STP672,B006JO1J3S,is warmer,has longer sleeves
shirt,train,shirt_train_00803,B00AWD5DRA,B0083KGHTW,has different words,has less redness to it
shirt,train,shirt_train_00804,B007MF40UM,B00AOG5OU6,is blue in color,is blue and more stylish
shirt,train,shirt_train_00805,B000KH7ECU,B007W6L52W,is black with red designs,Black t-shirt with red letters and white skull
shirt,train,shirt_train_00806,B009M02LF6,B0071A1GS2,has shorter sleeves with blue shades,short sleeved
shirt,train,shirt_train_00807,B007VYRHSG,B007MJAMDW,has a different logo,is more star warz
shirt,train,shirt_train_00808,B00A8QUX26,B00A8NI9ZC,a light colored short sleeve tee with a simple logo and graphic,is blue and has graphic writing on the chest
shirt,train,shirt_train_00809,B006H6WNQ0,B00D5EACLA,The shirt is black with a gold emblem.,is black with yellow log
shirt,train,shirt_train_00810,B0099I3D7Q,B007F85HGM,is a blue tee shirt,is lighter
shirt,train,shirt_train_00811,B00B2JD14A,B005S2B720,is more striped and is a pullover,is a blue striped t shirt
shirt,train,shirt_train_00812,B0094YUNPU,B004U2RRUA,is a turquoise blue t-shirt with Tony the Tiger motif,has middle image and is light blue color
shirt,train,shirt_train_00813,B000BNXX5A,B0088DTFLG,is black with more words,A black shirt with blue/white letters on chest
shirt,train,shirt_train_00814,B009V6M22S,B00CHP8L6G,light gray tee with graphic of chickens,it is gray with spanish on it
shirt,train,shirt_train_00815,B0009GBAUY,B00078W1NE,is less fitted and is darker,is more colorful
shirt,train,shirt_train_00816,B0030BYZSO,B006MWNBHO,is a lighter color with a few buttons and no graphic,is lighter in color
shirt,train,shirt_train_00817,B006KCABZ6,B005E8OWPW,is blue,is blue colored
shirt,train,shirt_train_00818,B008L422BW,B008EH8W4C,is dark in color and less shiny,is darker
shirt,train,shirt_train_00819,B001HT27C2,B00847A94I,has mario character,has a mushroom graphic and is more grey in colour
shirt,train,shirt_train_00820,B008AKO3RI,B005B5GE8G,white,Is a lighter colored pattern
shirt,train,shirt_train_00821,B0006SCZWW,B005DIINU8,is a long sleeve blue color shirt,is darker in color
shirt,train,shirt_train_00822,B003D3MVJ4,B003CE0KDI,is plainer and deeper-colored,is blue with white lettering
shirt,train,shirt_train_00823,B001N1LRG6,B000TMBAXK,Is less whimsical and is cream,is black and yellow graphic more casual
shirt,train,shirt_train_00824,B006NNR8H6,B004HHNQ6W,The shirt is red with short sleeves and black trim.,is orange and more symmetrical
shirt,train,shirt_train_00825,B004OMTXDA,B001S2FKPY,is a bright red colored shirt with text,is faded
shirt,train,shirt_train_00826,B00AUFFQEA,B00DSL2VPK,has a different graphic,is darker
shirt,train,shirt_train_00827,B0028QKZ72,B00A8OJT2I,The shirt is gray in color with Santa Clause.,is lighter
shirt,train,shirt_train_00828,B00B5S1DNY,B00BHSK680,is black with thin red stripes,is darker
shirt,train,shirt_train_00829,B001AD0SQC,B008EA7JO8,is black with orange designs,is a Harley Davidson t-shirt without buttons or stripes
shirt,train,shirt_train_00830,B006W7SUXO,B0018X4GIA,is a navy blue graphic,is darker
shirt,train,shirt_train_00832,B00BEIGWM2,B00CMBRWH4,The shirt is gray with red writing.,is black with red lettering
shirt,train,shirt_train_00833,B004XV7SZC,B00CLZHV3Q,is black with no sleeves,is darker and has shorter sleeves
shirt,train,shirt_train_00834,B005W2MIII,B003VEN4TQ,has shorter sleeves and a red and black plaid,red and black plaid and not white and black
shirt,train,shirt_train_00835,B002EQ9F72,B009K8BLS8,is black and with long arms,is black with long sleeves
shirt,train,shirt_train_00836,B007RFXIZA,B00C1LWFOA,is blue in color,is sky blue and has larger text
shirt,train,shirt_train_00837,B001KADHMM,B00DBB567C,has a slogan on it and a smaller message,has circle graphic and a red letter
shirt,train,shirt_train_00838,B001ET7DGA,B004SF46EY,is slightly transparent,It is more transparent
shirt,train,shirt_train_00839,B0085OWYOI,B0058YTOP0,is more traditional,is lighter in color
shirt,train,shirt_train_00840,B004S066HE,B00EPFOIUE,is blue with short sleeves,is blue with short sleeves
shirt,train,shirt_train_00841,B00430B6PQ,B005O66JWS,is smaller in size adarker,is darker colored
shirt,train,shirt_train_00842,B005Z1IDBC,B00BUBUVMA,its gray and the animal is a koala baer,A grey shirt with an animal face on front
shirt,train,shirt_train_00843,B004X9KDOW,B008JC0S08,Is darker and grey,is black with no pocket
shirt,train,shirt_train_00844,B007E5E1H2,B0051P656M,is solid and has larger buttons,is blue
shirt,train,shirt_train_00845,B00EPFOIUE,B00896PSMW,is more formal,is plaid with buttons
shirt,train,shirt_train_00846,B0018ZUW40,B001GAGNF4,This is a white t-shirt with black print.,is white with black motif
shirt,train,shirt_train_00847,B00A8WVFOA,B00A1XALW8,is dark blue with a sloth on it,is navy blue with a sloth
shirt,train,shirt_train_00848,B00FY800RQ,B00AGS213U,is yellow with a happy face logo,A bright yellow shirt with design on front
shirt,train,shirt_train_00849,B006C4UX4Q,B003XFS6SW,Has a purple graphic,has purple graphic design
shirt,train,shirt_train_00850,B000BB6O0I,B00E0MO34I,is white with black trim,Has white fabric instead of green.
shirt,train,shirt_train_00851,B00B2I7SWW,B0006G40JK,is more formal and is more plaid,orange and white button down shirt short sleeves
shirt,train,shirt_train_00852,B00EHYJVQ4,B0084HWNMY,is red with yellow designs,is red
shirt,train,shirt_train_00853,B005Q7XGFI,B005Q7YHOM,is dark blue with golden pattern,is a lighter colored button up.
shirt,train,shirt_train_00854,B004ISKGT0,B00139CLCC,has red strips, has buttons and is off white
shirt,train,shirt_train_00855,B003XESO9Y,B003H9N6VQ,had a logo of star trek,has a different design with photo.
shirt,train,shirt_train_00856,B00BHIZTD2,B00BHIZSR4,is identical,Is smaller
shirt,train,shirt_train_00857,B000W18WOI,B000W11C5Y,is white,is solid white
shirt,train,shirt_train_00858,B0009F0ZFQ,B0027XDWZS,It has green and yellow print.,white with a green bass
shirt,train,shirt_train_00859,B00AOJHXLQ,B009A56D34,is solid white with pocket,is plain white
shirt,train,shirt_train_00860,B00CBS2SQI,B00CBSI2BS,has short sleeves and is jungle green,is more olive green colored
shirt,train,shirt_train_00861,B009ESZFEK,B009ESZFM2,is white and long sleeves,is the same
shirt,train,shirt_train_00862,B000HQ6Q3C,B0082Q0IRY,has short sleeves,has longer sleeves
shirt,train,shirt_train_00863,B004KUR6PI,B001BLZJYE,Is darker in color.,Is darker and more graphic.
shirt,train,shirt_train_00864,B007XZGH5W,B00BCOT7MK,is lighter with a different logo,is lighter
shirt,train,shirt_train_00865,B0085FVYSO,B003U13P94,has a power button logo,is darker
shirt,train,shirt_train_00866,B0083RHPCS,B00BYYF7HM,has shorter sleeves with multicolored pattern,is more colorful and has a plaid pattern
shirt,train,shirt_train_00867,B00DEMN8DW,B004AI308M,Is more fun and more shirt,Desired item is a red t-shirt
shirt,train,shirt_train_00868,B00AO1EFVA,B00BNUQ4I8,is a vest,is a tank top and doesn't have stripes
shirt,train,shirt_train_00869,B001GXJZCO,B002EDJ714,is white and has only light black logo,has a bigger picture
shirt,train,shirt_train_00871,B0010K7T6C,B003UQJ30Y,Is a red polo shirt.,is closer to red
shirt,train,shirt_train_00872,B007VE7APG,B009PMM2P0,is less formal and lighter,blue t-shirt with graphic on the front
shirt,train,shirt_train_00873,B005JPIZ26,B008I6O9G4,Is white and has a large colorful  graphic,is white color with graphic design
shirt,train,shirt_train_00874,B0085X1602,B00729P0JI,is more feminine but also formal,pink in color
shirt,train,shirt_train_00875,B00AX46WFU,B00791QCGO,has longer sleeves with collar and buttons,is collared
shirt,train,shirt_train_00876,B004QWYYLY,B00906QZVI,is gray with colorful designs,is brighter colored
shirt,train,shirt_train_00877,B002LBDEE0,B00F47XJHA,is green in color,Is a white polo with a different chest design.
shirt,train,shirt_train_00878,B000VTFGRW,B00B8Y1ZTM,is orange colored,has short sleeve and is orange color
shirt,train,shirt_train_00879,B006WQLDMA,B009XCNUIA,is light blue with lets get wet written on it,covers a lot more of the body
shirt,train,shirt_train_00880,B002ZXV9GO,B000EOWTNS,is t shirt with a shitzu logo,is white and a shirt
shirt,train,shirt_train_00881,B005H3CM7Y,B00AVMBD8K,Is a shirt,A grey short sleeved shirt
shirt,train,shirt_train_00882,B0098GEC56,B00BCZ19PC,Has shorter sleeves,has shorter sleeves
shirt,train,shirt_train_00883,B002I19XQG,B00E8PU9J0,is more gray and has long sleeves,is grey and has a more plain graphic
shirt,train,shirt_train_00884,B009WPLQ48,B005JGTGJQ,a light blue color,has two pockets
shirt,train,shirt_train_00885,B005DIJAWS,B008RL1YHM,has longer sleeves and is darker,has longer sleeves and darker blue
shirt,train,shirt_train_00886,B001W6QF6E,B00BEEFCCM,is a brighter color,is more animated and ligher
shirt,train,shirt_train_00887,B009QEETSA,B009YEUOFO,is lighter with different graphics,is grey with text
shirt,train,shirt_train_00888,B00408KFK8,B00470P94Q,has a v shaped neck,Has stripes
shirt,train,shirt_train_00889,B0015VGWAA,B002Q9PAEE,is slim and black,is black and has a different graphic
shirt,train,shirt_train_00890,B009LJ0UCY,B009DSY5TW,Is blue and doesn't have stripes,has no strips
shirt,train,shirt_train_00891,B009476K7M,B00ASQHV3A,has three different colors and no buttons,is lighter and not collared
shirt,train,shirt_train_00892,B005DIJAWS,B005ABQF6M,is denim and long sleeved.,is made of denim
shirt,train,shirt_train_00893,B00602E3EG,B004MPR73M,has a darker shade of checked boxes,has a darker hash pattern
shirt,train,shirt_train_00894,B005ZO9DJ0,B00A3E1MUK,is brighter in color,A white shirt with orange/blue print on front
shirt,train,shirt_train_00895,B00093E540,B003L7KV4O,Has a blue tie on a blue shirt.,is a solid blue color
shirt,train,shirt_train_00896,B003I59JGA,B0056B8VF4,is a blue t shirt with only one letter,Is more colorful and less simple.
shirt,train,shirt_train_00897,B00BJOQ0F0,B00BUSEYZI,is red color with more appropriate text,is red
shirt,train,shirt_train_00898,B00E7JTLGO,B008Z0Q538,has bigger text, green
shirt,train,shirt_train_00899,B009NP22TU,B003U45CP6,Has shorter sleeves,it is more casual and has a longer sleeve
shirt,train,shirt_train_00900,B005LAJMOO,B008F38Q5A,Has brighter colors and plaid design.,is more red with a plaid pattern
shirt,train,shirt_train_00901,B00B79TB0I,B009JKLDZ8,The shirt is gray in color with white writing.,has a large print on the front
shirt,train,shirt_train_00902,B009M9UA96,B009MBALJ8,is more blueish,A blue/white long sleeved shirt/ red and blue tie
shirt,train,shirt_train_00903,B000E288BM,B00AY1IVK6,has a black color with red colored art,is a black shirt with a red graphic
shirt,train,shirt_train_00904,B007C94EEA,B007P28OPY,is darker,is black with cartoon graphic
shirt,train,shirt_train_00905,B00AY0JIGS,B005549N04,is dark colored with a picture of an elephant, no collar
shirt,train,shirt_train_00906,B004UIJPVS,B001CYA5YE,has an image of dog with cap,is darker
shirt,train,shirt_train_00907,B00FGCAENU,B005H26QHC,is lighter colored,is white with a chest logo
shirt,train,shirt_train_00908,B008FZP0SY,B006MORMQI,The shirt is a blue tank top with yellow writing.,Has a logo on it
shirt,train,shirt_train_00909,B00E18RDPC,B0076CSETY,is patriotic,is light blue colored with a different graphic
shirt,train,shirt_train_00910,B00B51G2D2,B00C9T2YAE,Is more colorful and more casual,is more colorful
shirt,train,shirt_train_00911,B007VYQV24,B001V9LM3I,Is more simple and less wordy,is darker
shirt,train,shirt_train_00912,B00EDLXIBU,B00BOWU3XC,Is dark green with a gun,has more colors
shirt,train,shirt_train_00913,B00E9IHCZA,B003BQR0AI,is black with words,is black with shorter sleeves
shirt,train,shirt_train_00914,B00AJWOMNA,B000C4EVC2,has long sleeves with a Native American graphic,Has longer sleeves and is more graphic.
shirt,train,shirt_train_00915,B00CTKTWIA,B0084RZQAA,has a different graphic,is bold and masculine
shirt,train,shirt_train_00916,B0014BSGFA,B005HJPKGI,The shirt is blue in color with short sleeves.,has shorter sleeves
shirt,train,shirt_train_00918,B0067EYG8A,B0098P7WB8,is a feminine blue shirt,is purple with multi colored writing.
shirt,train,shirt_train_00919,B008ARGJ7S,B00BHOXSGQ,is more emotional and more detailed,has a different logo
shirt,train,shirt_train_00920,B004YO9YEG,B0099I3D7Q,short black t shirt with tight fit,The front has a different graphic
shirt,train,shirt_train_00921,B000VTI5MA,B003L8LRB4,is more circular and off-center,is brown and looser fit
shirt,train,shirt_train_00922,B001LNRJZO,B0038ORS1Y,has longer sleeves,is flowy and has longer sleeves
shirt,train,shirt_train_00923,B008LTK4EY,B0041VC9IU,has longer sleeves,has longer sleeves
shirt,train,shirt_train_00924,B006IUZEQQ,B005BU5D1A,has sleeves, gold and red graphic
shirt,train,shirt_train_00925,B00CR90AA2,B0085P6IOO,is black with buttons down,is a shirt and is more black in colour
shirt,train,shirt_train_00926,B006QY49VA,B009LATZ3I,has art in the middle and is white color,is white with red text
shirt,train,shirt_train_00927,B004YA3H8Y,B006JXVOIE,has shorter sleeves and no graphics,is yellow with no sleeves
shirt,train,shirt_train_00928,B0050JFQJG,B00C79FO8U,is more casual,has more green and a larger stripes
shirt,train,shirt_train_00929,B008AKO3RI,B005B5GEB8,is better,It is less checked and more striped
shirt,train,shirt_train_00930,B001AJY4WK,B003C5CQMU,is the same, lighter color
shirt,train,shirt_train_00931,B008LMM9UI,B0002NZ6L8,is black polo shirt,Is blacker with a looser fit
shirt,train,shirt_train_00932,B00AJJKELM,B00AJJJL0W,more grey stripped,is brown with white stripes
shirt,train,shirt_train_00933,B006CQWDHO,B007R9Y3WI,is tan less camoflage,is lighter in color
shirt,train,shirt_train_00934,B001EB2ERQ,B00DDXI6ZC,The shirt is red with a horse.,is black with a booth england flag
shirt,train,shirt_train_00935,B00FDSSX0I,B00B7LYAPC,is violet in color and neck is little lower.,has more purple
shirt,train,shirt_train_00936,B00544DX2E,B003PBRTYG,has large graphic image in the middle and is black in color,is darker blue and black with picture of monster
shirt,train,shirt_train_00937,B009N07RMM,B005LA7KEI,is lighter,Is greener with a darker graphic
shirt,train,shirt_train_00938,B00BQ8HQAC,B004M17DIK,is blue with a logo without a collar,is bright blue with a large graphic
shirt,train,shirt_train_00939,B002M4MD4S,B00262K8ES,is darker colored and has a larger image on it,is a black graphic tee
shirt,train,shirt_train_00940,B001Q4T4FG,B00DESVXXI,is lighter,is teal
shirt,train,shirt_train_00941,B000CDDRI2,B009ERN1FG,More color and stripped,has horizontal stripes and is deeper blue
shirt,train,shirt_train_00942,B001S2PQ76,B000BMUXFE,is a short sleeve shirt of a guitarist,is red and long sleeved
shirt,train,shirt_train_00943,B000X98INE,B001SERZQY,has less wording,has a kimi hendrix signature
shirt,train,shirt_train_00944,B008A5FX90,B007CIXS66,Is grey and doesn't have a pattern,grey and is more plain
shirt,train,shirt_train_00945,B009PHE58C,B009PHE3TI,has more wording,has a bigger
shirt,train,shirt_train_00946,B005Z6KHRA,B005OCH7T6,A black tee shirt with pacman game on it,has an intricate pac man design on the front
shirt,train,shirt_train_00947,B004U952YQ,B00BP1HI80,has a closed front with no buttons,has no buttons
shirt,train,shirt_train_00948,B00CAXC66Q,B007ZTZOR8,has a different logo,is darker green and circular logo
shirt,train,shirt_train_00949,B002XNI996,B007QXO3QG,is more edgy and photographic,has a different print on it.
shirt,train,shirt_train_00950,B0037OJ2ZU,B006L195J4,is grey with shorter sleeves with a wave on it,is lighter and has shorter sleeves
shirt,train,shirt_train_00951,B007JES552,B0043CKP0Q,is darker,has more colors
shirt,train,shirt_train_00952,B005UXF3L8,B0080FVBHS,is a black fitted t-shirt with white motif and wording,Smaller graphic
shirt,train,shirt_train_00954,B0089YE35C,B0072HDDI0,Is more green and less wordy,is green and has a question mark graphic
shirt,train,shirt_train_00955,B005KMZIV4,B004W9UMB2,is a black colored shirt with humored text,is humorous and is cool
shirt,train,shirt_train_00956,B005N4FSGY,B004XFY306,is more official,has more blue and no sleeves
shirt,train,shirt_train_00957,B00AWHZSDU,B00CP887L4,is sleeveless,is a tank top
shirt,train,shirt_train_00958,B000VTB536,B002LOCT48,is black with people designs,has a cartoon graphic on front
shirt,train,shirt_train_00959,B007L5BWJ0,B007JOOAJC,is darker with more colors,is black with green lettering
shirt,train,shirt_train_00960,B009LLJTTM,B00GC3E52S,Is  solid green,Desired item is mint green with red text
shirt,train,shirt_train_00961,B00AZ02ZTO,B004Y67QHQ,yellow and more patterned,is lighter
shirt,train,shirt_train_00962,B002KQ6N8K,B00DYYEEF6,The shirt is gray in color with animation people.,is grey with a cartoon graphic
shirt,train,shirt_train_00963,B0041A4EC0,B00FNK6ID0,has only white words,has no persons face printed
shirt,train,shirt_train_00964,B005OAHZEK,B00740KU5Y,Is a short sleeve polo.,is more black
shirt,train,shirt_train_00965,B0072Z9Y4Y,B0072YG09M,supports archery,has different lettering
shirt,train,shirt_train_00966,B008BSWJ7U,B00E200VWQ,Is gray and more basic,is a grey t-shirt
shirt,train,shirt_train_00967,B006H23NI6,B0041Q4Q2C,Black color tshirt is less revealing,is darker with thinner stripes
shirt,train,shirt_train_00968,B007FUFUPI,B007FUG64W,Is grey and black in color.,Is gray and less colorful.
shirt,train,shirt_train_00969,B000FCAUDU,B009NIQHFM,has more stripes,has horizontal stripes
shirt,train,shirt_train_00970,B005JVJJ0W,B0011XCDHS,Is a  darker blue,is blue and has long sleeve
shirt,train,shirt_train_00971,B009A4VEL6,B000XML4OQ,Lighter and is not a super hero logo,is darker
shirt,train,shirt_train_00972,B007N6SMG8,B0093SL8UG,is black with small designs,has a smaller graphic on it
shirt,train,shirt_train_00973,B001TXKOSA,B001QLLTKM,is more blue,is darker
shirt,train,shirt_train_00974,B007PPY644,B000S68TRM,is blue with blue designs,is  blue with light blue panels
shirt,train,shirt_train_00975,B009X99MQC,B008UFDTAA,is white with LRG writing,Is white with grey pattern
shirt,train,shirt_train_00976,B00719W4WK,B00EE81G52,is more formal with longer sleeves and a green plaid pattern,has long sleeves and buttons and a green plaid pattern
shirt,train,shirt_train_00977,B003NH023M,B00C9NU56A,is more black,is darker colored and has more print
shirt,train,shirt_train_00978,B004UIJPVS,B002RC309C,has two crows with a moon on it,has birds and is brighter
shirt,train,shirt_train_00979,B00EP26BPC,B004KPS6AW,is light blue colored with stripes,A bright blue/black checked long sleeved shirt
shirt,train,shirt_train_00980,B004JCH7CE,B00DTVT0GW,has longer sleeves and collar with buttons,is longer sleeved
shirt,train,shirt_train_00981,B003H2G6U6,B0075AIZ5A,is darker,has a darker color and different graphic design
shirt,train,shirt_train_00982,B009A04MEQ,B00AB2Q3DK,is black,is darker with a more colorful print
shirt,train,shirt_train_00983,B005S29L1E,B009GFN6HO,is blue with a pocket,has more color
shirt,train,shirt_train_00984,B007TW79EW,B0084A8JSS,has a more simple graphic,is gray and has a Transformers graphic
shirt,train,shirt_train_00985,B006OK82NC,B006OK80RA,Is darker and has no pockets,is darker in color
shirt,train,shirt_train_00986,B004BZDWGY,B00B3XP9BS,is longer,has a more intricate design
shirt,train,shirt_train_00987,B0099DGE1I,B009JT22IQ,has yellow and orange designs on them,is a brighter blue
shirt,train,shirt_train_00988,B004GRD0MI,B009LIMXGQ,Has  a hood,is brighter coloured hoodie
shirt,train,shirt_train_00989,B005MRG6KE,B00B01IMI0,white colored,is white and has a different graphic
shirt,train,shirt_train_00990,B0042H9MN8,B004V18JBQ,Is blue with a more whimsical graphic,has face graphic and is bluer
shirt,train,shirt_train_00991,B007YQ1E1M,B008KXNDAS,has a long sleeve button black shirt,is black colored
shirt,train,shirt_train_00992,B009B7Q9KS,B007ISC2R6,more muted and darker,is darker
shirt,train,shirt_train_00993,B008VX0P1W,B005FU0VK4,is short sleeved with no hoodie,is a black t-shirt
shirt,train,shirt_train_00994,B007E98HS2,B000PU0GAY,its white with the rolling stones toung on it,A rolling stones t-shirt
shirt,train,shirt_train_00995,B004EPYKFI,B007KIA2JE,has a crew neck and is more casual,has no collar
shirt,train,shirt_train_00996,B005BUKLZ8,B002SRLGCE,is white with a yellow star on skull,is white with a yellow logo
shirt,train,shirt_train_00997,B000IVGP32,B00AAV863W,has a creamier color and a different print,is more innappropriate
shirt,train,shirt_train_00998,B005I0IUL8,B00BCYT8EC,is black in color,Is black in color
shirt,train,shirt_train_00999,B007YVFEGS,B009K8PPBM,is lighter,A corvette patch
shirt,train,shirt_train_01000,B007JX4Y58,B001ESZF3O,a tie dye tee with several colors,is more colorful
shirt,train,shirt_train_01001,B000TJ59IA,B001V9LO22,is black colored,is black with yellow and orange text
shirt,train,shirt_train_01002,B008CG0A7C,B003674EZG,is a T shirt saying Gym Tan Laundry,is lighter colored
shirt,train,shirt_train_01003,B0071OU620,B000F2FHVK,is a light colored t-shirt with print of two horses,has horse profiles and a tan background
shirt,train,shirt_train_01004,B007CX4BK8,B007P2DNYQ,is black with print,has a different pattern and more structured collar
shirt,train,shirt_train_01005,B003DI8RDI,B007R1OCFE,Is long sleeved and dark plaid with green accents stripes,white with different graphics
shirt,train,shirt_train_01006,B007PZQL4C,B000KMCX8U,has more buttons and is darker,is in a different color.
shirt,train,shirt_train_01007,B00ALG3QTK,B0073AQX0Q,is darker,is black and has a different graphic
shirt,train,shirt_train_01009,B006L11CCC,B0076MSNFE,is white and sleeveles,Is more feminine
shirt,train,shirt_train_01010,B001E8FGH4,B00BH4GYT4,Has a lighter color and much more text on the print,is lighter in color
shirt,train,shirt_train_01011,B00DAXAVL2,B00DM0QU86,is a long-sleeved red and black plaid shirt,it is checked and has long sleeves
shirt,train,shirt_train_01012,B002SSUK3Y,B00AOJFYVW,Is black with pink and blue graphics,Desired item is black with red and blue floral print
shirt,train,shirt_train_01013,B0074GE2Y8,B00GU07WGE,The shirt is of the American Flag.,is red white and blue with longer sleeves
shirt,train,shirt_train_01014,B004HTWUI0,B00EPGRAAI,is darker with different graphics,A black/grey shirt with a tiger face on front
shirt,train,shirt_train_01015,B006QX9X80,B000Z8BO5M,has a light black color with a small brand logo,has a small logo
shirt,train,shirt_train_01016,B007E98HS2,B000QWYKS0,Is more fun,is more faded
shirt,train,shirt_train_01017,B006TTPTYS,B009GXKCLO,The shirt is short sleeve and is purple.,is light purple colored
shirt,train,shirt_train_01019,B007SORUOU,B007W5M540,is a white T shirt that says I'm Okay,Is white with fake blood print
shirt,train,shirt_train_01020,B000X8ZL9O,B0080HMFK8,is dark blue colored,is navy blue and iconic
shirt,train,shirt_train_01021,B001QVH9HE,B009YYMPRO,Has longer sleeves,is red with longer sleeves
shirt,train,shirt_train_01022,B001QJMM0U,B005TF4GKG,is green in color with a human face in center,is more colorful
shirt,train,shirt_train_01023,B00AQXA0FG,B0085NMCFU,The shirt is black with a fore emblem.,has a Larry the Cable Guy design
shirt,train,shirt_train_01024,B008FV5OYS,B008R9J14M,has less colored stripes,is green with black stripes
shirt,train,shirt_train_01026,B006WA4WQU,B007BSPQJE,Is more blue,is light blue
shirt,train,shirt_train_01027,B0042DD09O,B0089KFCRO,is white with a red moon,is off white with red circular picture
shirt,train,shirt_train_01028,B0017PMCXU,B001ALZH74,is a black t shirt,is black with white advertising slogal
shirt,train,shirt_train_01029,B0094GJQNI,B00BQKA54O,is navy,it has a pocket and it is more colorful
shirt,train,shirt_train_01030,B003BTH1TK,B009GXK9WG,has longer sleeves with white color,is more formal
shirt,train,shirt_train_01031,B007HKOJIK,B000CDDRI2,is white with black designs,white raglan short sleeved tee with logo
shirt,train,shirt_train_01032,B000I7OUQ0,B00AOAPJ7U,is more lighter with an image of dog,is a brighter color
shirt,train,shirt_train_01033,B00CBSWS04,B00DHOWLA8,is brighter and larger,Is a lighter grey with no other colour except black
shirt,train,shirt_train_01034,B00ASP0N90,B000HBNYMS,is a black master of the cowbell T shirt,is black colored
shirt,train,shirt_train_01037,B00BHA80PE,B004S0KG16,is more a polo and is red,is red with shorter sleeves
shirt,train,shirt_train_01038,B000H6EGC0,B009EU52U0,is a slightly different color,is a different shade of gray
shirt,train,shirt_train_01039,B005Z2BPDO,B0052QESF0,is black with white checkered,has a flannel pattern and is lighter
shirt,train,shirt_train_01040,B005KN1GNM,B004TI6BXY,is brown,is brown
shirt,train,shirt_train_01041,B005ZO9GQA,B00FS7CP9O,is gray with blue figure,has less text graphics
shirt,train,shirt_train_01042,B00BV2Q6N6,B00BV2QC2Q,is a lighter color,is white with gray outlines
shirt,train,shirt_train_01043,B0089SVJKU,B0089SVIJW,has stripes,is more casual and fitted
shirt,train,shirt_train_01044,B00C7IOTNW,B00BSN3JTC,Has shorter sleeves and no stripes,is solid with double pockets
shirt,train,shirt_train_01045,B002Z11LQO,B0051EQHAC,is large and orange,Is orange and short sleeved
shirt,train,shirt_train_01046,B007ICP6FM,B0038FT0MS,is white in color,has a lighter color base
shirt,train,shirt_train_01047,B00079ZW7K,B000YA114A,Is white,is lighter in color
shirt,train,shirt_train_01048,B000QF3RM2,B008VFLJZG,has a blue Xavier's School logo,is masculine and stylish
shirt,train,shirt_train_01049,B0075CWN42,B00ATY53B8,is black with white buttons,it has a collar and buttons up
shirt,train,shirt_train_01050,B00008JTOR,B000VD6P8C,has a green tie,A white long sleeved shirt w/ green tie
shirt,train,shirt_train_01051,B004NWFRBS,B0091NLQV4,is a pack of three emery boards,is darker
shirt,train,shirt_train_01052,B0076BKCOU,B001E0YYKC,is darker,is darker with white trim
shirt,train,shirt_train_01053,B008QQACHG,B005CCZ894,has multiple color blue stripes,has long sleeve and is light blue color
shirt,train,shirt_train_01054,B00BNT6FUG,B00AW1UG7O,is blue colored with an image,Is a little shorter in a dark color
shirt,train,shirt_train_01055,B001PNA7BI,B001ELSL1E,is solid black in color,is a darker color
shirt,train,shirt_train_01056,B005E5L40G,B0083Q13TU,is more black,is a much darker color
shirt,train,shirt_train_01057,B00935MBLY,B005KQX4PW,dark colored and no pocket detail,is black and purple
shirt,train,shirt_train_01058,B009MINOEA,B004Q78USM,is colorful and casual,is light blue and doesn't have buttons
shirt,train,shirt_train_01059,B007XCSMXK,B004EHZ5YQ,has a smaller black design,is white with black letters and longer
shirt,train,shirt_train_01060,B009A56D34,B007PYDFG0,Has imagery on the left and right front chest,has a print on both breasts
shirt,train,shirt_train_01061,B00B0DP312,B004YA2OHY,Has more of a collar and is striped,is black and white horizontal stripes with yellow collar and arm band polo
shirt,train,shirt_train_01062,B008HK0FQ4,B003UASHE8,is black with wine mixer written on it,is dark blue
shirt,train,shirt_train_01063,B000G2JNGO,B003O0N0LO,is gray and has short sleeves,is lighter
shirt,train,shirt_train_01064,B0094FI7NO,B0086942V0,is black in color without buttons,has no button and is black color
shirt,train,shirt_train_01065,B004GUTVVE,B002RL7WZG,is darker,is black colored and has white pattern on it
shirt,train,shirt_train_01066,B004Y3B42C,B0012N9XZC,has longer sleeves and a slightly higer neckline,The desired item has long sleeves
shirt,train,shirt_train_01067,B001U8A074,B0054PD1FC,is white with bubble letters on it,is lighter in color
shirt,train,shirt_train_01068,B00863DEJM,B0091G95E6,has long sleeves and is bolder,has longer sleeves
shirt,train,shirt_train_01069,B00847H2Z2,B002OKV9OU,is black and shiny with stars,has a different type of buckle
shirt,train,shirt_train_01070,B0035LDL98,B006IKQ3M0,is navy with long sleeves,is a navy long sleeved tee
shirt,train,shirt_train_01071,B00AO1F758,B00AJLJ1PA,Is more striped and colorful,is more plain
shirt,train,shirt_train_01072,B009A4VEL6,B0086L2JMM,is dark colored with red image,has a red spider
shirt,train,shirt_train_01073,B001SN7X9O,B0052D1FJU,has no sleeves,White short-sleeved with flag colors and face picture
shirt,train,shirt_train_01074,B007Z3LRFW,B00C0FGNUO,is blue and less graphic,black shirt with colorful lettering
shirt,train,shirt_train_01075,B00BSOKAK2,B00FVTJVWS,is long sleeved with a higher neckline,is a turtle neck sweater
shirt,train,shirt_train_01076,B00B0D8IDM,B00A94MKJQ,Has longer sleeves and is white,is white and has long sleeves
shirt,train,shirt_train_01077,B006Z3LJ2Y,B006IUZEQQ,is a no sleeved tank top with colored text,is sleeveless black tee with large imprint
shirt,train,shirt_train_01078,B00DC845AS,B009PN5Y5Y,has a lighter color and includes a pattern,is a flannel shirt
shirt,train,shirt_train_01079,B008A5FWNC,B008A5FW8M,is red plaid button up plaid shirt,is darker and has longer sleeves
shirt,train,shirt_train_01080,B007TW79EW,B00BVWRH84,is more symmetrical and less cartoonish,has a smalled blue and purple logo on the front
shirt,train,shirt_train_01081,B003WY85O4,B00AIGA1ZA,has a zombie,has a large graphic on the front
shirt,train,shirt_train_01082,B002CFUSUI,B0087F5KTG,is written Ford,is lighter and more masculine
shirt,train,shirt_train_01083,B00AE42YB0,B007X218U4,is white colored and has buttons,is white with buttons and collars
shirt,train,shirt_train_01084,B00BUCU5GG,B00A7BZ1ME, button-down,is bright blue
shirt,train,shirt_train_01085,B007OX6T9C,B00CEKL6P2,is white and a T-Shirt,is light and not collared
shirt,train,shirt_train_01087,B004ON467M,B0029ZAFHW,is black with a white logo,is darker
shirt,train,shirt_train_01088,B0088NZ5EW,B0088P2LLK,has an image of a pumpkin,has different graphics
shirt,train,shirt_train_01089,B0049ADQ3A,B000F2H100,is yellow and has a different animal on it,is yellow and has a bird graphic
shirt,train,shirt_train_01090,B003IKOMTE,B00AOA1KCI,has shorter sleeves,is sleeveless with black strips on the top fourth of it
shirt,train,shirt_train_01091,B0014SBK4M,B004XBTORM,Is less casual and more white,is much dressier looking
shirt,train,shirt_train_01092,B0088P6VFC,B00B439FW6,Is brown with a white grahic,is lighter
shirt,train,shirt_train_01093,B00BQ20UD8,B00AYK0F24,has a v neck,Desired item is black and references money
shirt,train,shirt_train_01094,B004Y18VQ6,B004GSQIT4,I want something a bit darker and with a pocket.,is white with a pocket on front
shirt,train,shirt_train_01095,B0085P0OCG,B004VDCR44,has pockets and checkered pattern,A light blue shirt
shirt,train,shirt_train_01096,B005TBAZEG,B001SN7O4S,had AC DC written on it,is baggier and less stylish
shirt,train,shirt_train_01097,B00AWPTL94,B009H2YK62,is orange collared shirt,It is less casual and more checked
shirt,train,shirt_train_01098,B000IZRWVC,B008WOZ2IG,has less flame graphics,has more stripes and less red
shirt,train,shirt_train_01099,B000BNXX5A,B0051UN04M,Is not a shirt,is a water guard spray product
shirt,train,shirt_train_01100,B005JZROY6,B009WWTSUA,is a short sleeve shirt with colorful art,has shorter sleeves and brighter colours
shirt,train,shirt_train_01101,B00BN3RT7U,B008Z0QG5A,is restrictive,has more words on it
shirt,train,shirt_train_01102,B0083WH1YK,B004D5J5UY,Is an anti Obama shirt.,is anti obama
shirt,train,shirt_train_01103,B00266PE3E,B00BZQ841U,Is darker in color with longer sleeves,is darker colored and long sleeved
shirt,train,shirt_train_01104,B008R7FJZ4,B008R7F1GQ,Double color and brighter,is more blue
shirt,train,shirt_train_01105,B0072D8LV8,B0037TMAZ4,is blue and less political, dressier
shirt,train,shirt_train_01106,B001JKGJGY,B001JKBFTU,looks identical,is exactly the same
shirt,train,shirt_train_01107,B007VGEMWS,B009B1C6OM,is lighter,Is light blue with print on front
shirt,train,shirt_train_01109,B00E4XPD9W,B00F02EM0C,is more dramatic and less juvenile,has a mask
shirt,train,shirt_train_01111,B00BCX6F1C,B003O9OQ6S,Has a more faded logo,has a different graphic
shirt,train,shirt_train_01112,B005253H4O,B008VTNBOE,has tapout logo only in center,graphic is on front of chest only
shirt,train,shirt_train_01113,B00CMTEM74,B00DGYG1RS,is more graphic and less revealing,has short sleeves and is more urban
shirt,train,shirt_train_01114,B001BELAEO,B006AWST9G,is more feminine,is pink and more feminine
shirt,train,shirt_train_01115,B000CDMWHY,B0072D8LV8,Is more whimsical,A green t shirt with a leaf on the front
shirt,train,shirt_train_01116,B00B1WEPK2,B005G4SW82,has long sleeves,Is red in color
shirt,train,shirt_train_01117,B009NB1FOW,B009TP6VMS,is lighter with different graphics,is grey with a monkey on front
shirt,train,shirt_train_01118,B007WML04O,B007Z8W4B8,is short sleeve,is dark and has shorter sleeves
shirt,train,shirt_train_01119,B0075GLQXC,B00A4NK2FG,has a blue color with no text,is bluer with less text
shirt,train,shirt_train_01120,B007SHEWP2,B0068FW0OU,has a collar and is not as black,has more buttons
shirt,train,shirt_train_01121,B0033AG7WO,B005J59W5U,is sleeveless and black,is sleeveless black colored
shirt,train,shirt_train_01122,B006YYBMWG,B004AFNBPC,is a darker blue with a superhero graphic,is navy blue superman tee shirt
shirt,train,shirt_train_01123,B006URR9HY,B00455VX0C,is black colored with centered text,is solid black with white logo
shirt,train,shirt_train_01124,B00AVMNIEM,B00B57ZSBI,the black tshirt is more loose,has a front graphic
shirt,train,shirt_train_01125,B00AWVQXBM,B00AWVQOW0,The shirt is short sleeve and oranige in color.,has less revealing and is orange color
shirt,train,shirt_train_01126,B00AK8OFB2,B004VP7490,has a green FOX logo,has a green logo
shirt,train,shirt_train_01127,B00AOJHINE,B005ILJW6O,Has longer sleeves,is long sleeve
shirt,train,shirt_train_01128,B009ENSP9W,B005AA6X9C,is red with grey logo,is red with grey motif
shirt,train,shirt_train_01129,B00A8OJT2I,B00AKQGLFC,has white and black bold lettering,has larger and bolder font
shirt,train,shirt_train_01130,B007CPH53Q,B00BT5W8GO,has shorter sleeves and is darker,has short sleeves
shirt,train,shirt_train_01131,B001C5WSM0,B000UWOKEA,has contrasting buttons and deeper color,is orange in color.
shirt,train,shirt_train_01132,B003SE6B08,B00BUC39JQ,is brighter and more fitting,is white with red logo
shirt,train,shirt_train_01134,B005HTH2BO,B008FV5OYS,has shorter sleeves and a collar,is a pink and white polo
shirt,train,shirt_train_01135,B008EIXM28,B00800BE0M,Is green with stripes,has shorter sleeves
shirt,train,shirt_train_01136,B00138QBX8,B00138OCMK,Has sleeves and blue text,is short sleeved and blue logo words
shirt,train,shirt_train_01137,B004DY6FIU,B000LBF0C6,has solid light blue without prints,is white and less hawaiian
shirt,train,shirt_train_01138,B00BQW6H6M,B0006B4AWC,has long sleeves with no buttons,is not button up and is short sleeves
shirt,train,shirt_train_01139,B0012F7FDW,B0056X7P04,is solid white,is white and not denim
shirt,train,shirt_train_01140,B00C6W6PL8,B0081CZHES,is black and sleeveless,is darker and sleeveless
shirt,train,shirt_train_01141,B00DQF3V7U,B009OF9ELS,is tighter fitting with long sleeves,is all navy blue with long sleeves
shirt,train,shirt_train_01143,B004JGIWKQ,B005OK4WZA,is black with Popeye on it,is darker
shirt,train,shirt_train_01144,B007CU8F1C,B003JZCD9Y,has longer sleeves with blue stripes,has fewer horizontal stripes on it
shirt,train,shirt_train_01145,B0000ANHQJ,B005LTNN8G,is grey and yellow,is more athletic
shirt,train,shirt_train_01146,B000IZ5890,B003I6XZTQ,the red color tshirt is more revealing and mature,is pink and more pop culture
shirt,train,shirt_train_01148,B00AN0O4DQ,B009GKY4TI,Is more logo and casual,has no sleeves
shirt,train,shirt_train_01149,B00348P1K4,B0037KRNIW,is darker and has shorter sleeves,Is looser in fit
shirt,train,shirt_train_01150,B0037XYQWA,B000KYFR1S,is long sleeves with red and blue stripes,has more vertical striping
shirt,train,shirt_train_01151,B0028OM4R8,B00642QU98,are similar with different print work,is darker
shirt,train,shirt_train_01152,B00AEMS9BQ,B006P0H0DY,is plaid with buttons,has a checkered pattern and buttons up
shirt,train,shirt_train_01154,B007Z5PNH8,B00CB3HI18,has a more colorful dragon ballz logo,A black shirt with square large colorful print on front
shirt,train,shirt_train_01155,B00A8S6B20,B006TTVLRM,is black with a print,it is black and has a white print
shirt,train,shirt_train_01156,B000LY1H34,B0014JIGGQ,is darker and more solid,are darker and less professional
shirt,train,shirt_train_01157,B00BV2Q5GO,B00BV2Q9B0,is a lighter color,is white with gray outlines
shirt,train,shirt_train_01158,B003T4SBFK,B003RZZM80,is white with blue designs,is white
shirt,train,shirt_train_01159,B007Z8W4QS,B0077RZJ8W,is grey,is a lighter color with blue writing
shirt,train,shirt_train_01160,B003R4ZMG8,B008DV4VI0,is a tshirt and grey,is grey with sleeves
shirt,train,shirt_train_01161,B008LTR8MU,B00AJHL3UA,Is red and more patterned,is lighter in color with a small plaid pattern
shirt,train,shirt_train_01162,B00C6Q6KLO,B005DPEUZI,is solid brown,is lighter brown
shirt,train,shirt_train_01165,B007907X4U,B007908AYM,is more blacker than white,is darker
shirt,train,shirt_train_01166,B000VTMHFG,B000XH8NFE,gray colored and no graphic print,Is a lighter color with no graphic
shirt,train,shirt_train_01167,B000O5EY6W,B0068PPCDG,Has a brighter logo,is darker
shirt,train,shirt_train_01168,B0098GE7OC,B004XY6S96,is yellow with black words,is yellow in color
shirt,train,shirt_train_01169,B00ABU9CHQ,B007ZTKLPS,Has a larger graphic,Is darker for the decal
shirt,train,shirt_train_01170,B008OM4ASO,B001OCM7RC,has a button up color and is a lighter color,light gray casual men's shirt
shirt,train,shirt_train_01171,B006JGV3EG,B00093E3A6,is exactly the same,has an unbuttoned collar
shirt,train,shirt_train_01172,B00641RU5C,B00641RU0W,is the same,is the same exact shirt
shirt,train,shirt_train_01173,B005TY17PE,B000JRBBF2,is gray with black writing,is more colourfull
shirt,train,shirt_train_01174,B00AWVQXBM,B00794GWWA,is lighter and has longer sleeves,is gray and long sleeved
shirt,train,shirt_train_01175,B008EA7JO8,B001AD0SQC,gray on the top with a gold line across with a black bottom,is more formal
shirt,train,shirt_train_01176,B0067EVHQO,B0056ELKPY,is dark blue and have text in center,has a cartoon graphic and is more white in colour
shirt,train,shirt_train_01177,B005LA5USQ,B0015YUSPM,is lighter and has longer sleeves,white man with beard shirt
shirt,train,shirt_train_01178,B008L0BJFG,B0031QQJAA,is white and has short sleeves,is lighter and has shorter sleeves
shirt,train,shirt_train_01179,B00594KSUO,B006ZP7BIS,is a white image design shirt,white tee shirt with design
shirt,train,shirt_train_01180,B003TFDGX6,B00C2O3YB4,is a tank top with a print,is light blue with no sleeves
shirt,train,shirt_train_01181,B007RGS8RW,B00BZ9YK8S,is black and talks about dads with pretty daughters,is darker
shirt,train,shirt_train_01182,B008GS16NS,B009YI54P0,is a blue and white striped shirt,has a small logo on the left chest
shirt,train,shirt_train_01183,B004NFR8AS,B0096PUXXY,is blue,is lighter
shirt,train,shirt_train_01184,B001C3X3GW,B00A26CXI4,is red and text is in white,has a coke bottle graphic and is more blue
shirt,train,shirt_train_01185,B005NT0Z12,B004QY907K,A black bowling style shirt with a card game,has a playing card and beverage themed print
shirt,train,shirt_train_01186,B00BX86J0S,B0036XOOG4,is brown,is solid brown
shirt,train,shirt_train_01187,B0042AOWMG,B00A47710Q,has a brighter color and longer darker sleeves,has longer sleeves
shirt,train,shirt_train_01188,B0013FPI9E,B001AN6E60,a collard polo that is purple,is purple and has button
shirt,train,shirt_train_01189,B009ZAHUOA,B00915Z9KQ,has a stripped design,is more polo-style with stripes
shirt,train,shirt_train_01190,B008M0F6S6,B0080L7YAU,has a stripe in the middle,has thin white stripes and different logo
shirt,train,shirt_train_01191,B002ERF9SK,B00E9L3SA0,Is a short sleeve polo,is black with buttons
shirt,train,shirt_train_01192,B0093NP1AE,B00078W19S,is more formal with buttons and is maroon,is more shiny
shirt,train,shirt_train_01193,B004FKEDOA,B0090E4486,has short sleeves and bigger graphic print,is darker with shorter sleeves
shirt,train,shirt_train_01194,B0091DXK0O,B00DR0T01U,is grey with larger graphics,is grey
shirt,train,shirt_train_01195,B008J0KI5K,B009LACZ30,The puma logo is colored blue and red.,is more colorful with solid-color puma
shirt,train,shirt_train_01196,B003UEQRKK,B003VUW8U6,is bigger plaids,is a different colored plaid with black buttons
shirt,train,shirt_train_01197,B00836M7KO,B00288MLU4,is an orange button down,Orange button-down with collar
shirt,train,shirt_train_01198,B000BPZ71G,B00A4NH4QG,has more colors,It is purple
shirt,train,shirt_train_01199,B0060A21FQ,B0060A217Y,is the same shirt,is black and has a bold graphic
shirt,train,shirt_train_01200,B001UHN1XU,B0036OS8KG,has a lighter color,is blue with small patterns
shirt,train,shirt_train_01201,B0088WCG5Y,B004QWYQ7G,has shorter sleeves and more black,is solid black with chest logo
shirt,train,shirt_train_01202,B004LCPDBY,B000I7Q7GG,has a cross in the middle,Is black in color
shirt,train,shirt_train_01203,B006Y5S4US,B009YZTR1U,longer sleeves,has a grey logo and longer sleeves.
shirt,train,shirt_train_01204,B0083WCZUU,B008CG0A7C,has haters make me famous wording on it,has paint splotches and red word
shirt,train,shirt_train_01205,B00260GYTI,B0091G92X0,has more characters,has a peanuts themed graphic
shirt,train,shirt_train_01206,B008X8AITE,B006KXTLHO,has shorter sleeves,has shorter sleeves
shirt,train,shirt_train_01207,B00906QZVI,B00CPNOYMU,more creative than the provide product,is whiter
shirt,train,shirt_train_01208,B004EGMEFU,B003BKXQM0,is dark and has a guitar pattern,is a black tee with guitars
shirt,train,shirt_train_01211,B005CDUQO0,B000F5ID7M,is official shirt with stripes from top to bottom,is button up
shirt,train,shirt_train_01212,B001HSA2QG,B002B8ZEYG,has a face with a mustache,Has a different graphic
shirt,train,shirt_train_01213,B005DIJV2C,B005DIN0XI,is slightly bluer,has longer sleeves and light blue
shirt,train,shirt_train_01214,B00AJLJ1PA,B00AO1EAY2,Has stripes and less casual,has a diagnal stripe
shirt,train,shirt_train_01215,B001BZ6J1W,B0073672BY,is an orange sports tank top with blue hand symbol,has no sleeves
shirt,train,shirt_train_01216,B005ENDPUA,B005EMNXDU,is lighter,A green and white shirt letters on front
shirt,train,shirt_train_01217,B006CYMSHG,B00EIGE3VE,is a black short t-shirt with dog and mouse print,has animals and no red color
shirt,train,shirt_train_01218,B002LKCCG2,B00852JT0M,has a brighter colored icon, blue and a dark emblem
shirt,train,shirt_train_01220,B002UD5WIU,B008MATR6S,Is black with pink and white writing,is more black in colour
shirt,train,shirt_train_01222,B00916WT94,B000VTFVGI,White with beaver graphic,is white
shirt,train,shirt_train_01224,B00DGXNIA2,B0082DGAGA,is black with white words,black shirt with different graphics
shirt,train,shirt_train_01225,B007HB6HYI,B00A1B9QDA,The shirt is yellow in color with black writing and a man in a bear suite.,is a yellow tee shirt
shirt,train,shirt_train_01226,B00DRH63Z4,B00EF40QR4,is lighter,is lighter in color
shirt,train,shirt_train_01227,B004KM4PE6,B003VAFJ3Y,has short sleeves and more shiny,is black with red trim
shirt,train,shirt_train_01228,B0097ZRZHA,B007PPY644,black lucky brand short sleeve tee,is more dark
shirt,train,shirt_train_01229,B006C9D2VC,B0050SPM8W,has a more colorful and larger graphic,it is more colorful
shirt,train,shirt_train_01230,B00AWJ3WLI,B005BZ3GLE,is a short sleeved tee with a store logo,is a black t shirt
shirt,train,shirt_train_01231,B0093I34LW,B0050368Y4,Is more brown and casual,has longer sleeves and is more work attire
shirt,train,shirt_train_01232,B0064PP7W6,B00655SAJM,is grey colored,is grey with red text
shirt,train,shirt_train_01233,B007WTYRFQ,B004KPIUYE,has a school bus on it,A cream color shirt with print on the front
shirt,train,shirt_train_01234,B00BTGX376,B00AFH17J6,is bright pink color with a brand,has a pink background
shirt,train,shirt_train_01235,B007YPZLXU,B004XJNNGW,has darker buttons and is more formal,has black buttons
shirt,train,shirt_train_01236,B00CC5EQXS,B007EUXDP8,is exactly the same but a lot darker in color,is black with a higher neck
shirt,train,shirt_train_01237,B001LNRJZO,B006HSDSUS,is a blue polo shirt, tan color
shirt,train,shirt_train_01238,B007CE1MZO,B000W15XMM,is gray with white words,has more words on it
shirt,train,shirt_train_01239,B00BEMIWKS,B002PDRM8S,is simpler and more colorful,is brighter in color
shirt,train,shirt_train_01240,B000BP8ULK,B0046IB3JY, no sleeves and is much lighter in colour,is orange and a hoody
shirt,train,shirt_train_01241,B003BFRTZA,B003D0C994,is green colored with a centered logo,is green and more humorous
shirt,train,shirt_train_01242,B00C8XNVGM,B0096D9DO6,is black striped,more horizontal stripes
shirt,train,shirt_train_01243,B00428LLEA,B00DY1DP7M,is black colored and a buttoned shirt,is darker
shirt,train,shirt_train_01244,B005TBAZEG,B006C9A8VE,is black and minimalistic,Desired item is black and and references Darwinism
shirt,train,shirt_train_01245,B004J33SL2,B003HKQS8S,is green in color,is lighter
shirt,train,shirt_train_01247,B003VBCMII,B0078VA144,is brown with orange designs,Desired item is brown with two eagles
shirt,train,shirt_train_01248,B009DR8KT4,B009LIZDMC,is yellow,is yellow with longer sleeves
shirt,train,shirt_train_01249,B007GC0LHC,B007EX1ID4,is brown,is short sleeved and tan/dark red
shirt,train,shirt_train_01250,B0048KTEPU,B003XEFOTW,does not have buttons and is brown,buttonless
shirt,train,shirt_train_01251,B00AVCCNRK,B00927B9GG,Has a green logo,is white with green text
shirt,train,shirt_train_01252,B004EBU812,B00AO80U2Q,is red in color,is much darker in color
shirt,train,shirt_train_01253,B0060A21FQ,B0088OFQB8,Is more colorful and fun,is more neon and less graphic
shirt,train,shirt_train_01254,B0079086WS,B00935MRTA,is darker and has longer sleeves,Is a grey color with longer sleeves
shirt,train,shirt_train_01255,B005OK4WZA,B004JGED6I,is more faded and darker,is more faded
shirt,train,shirt_train_01256,B00EE16KAK,B00FFRJCUW,Is more  simple and black,is darker in color
shirt,train,shirt_train_01257,B00CZ6NCY8,B00C4109GI,Is less casual and less wordy,is light blue with buttons
shirt,train,shirt_train_01259,B0039VK6D8,B002Y37ETG,has a short sleeve game company logo,is less printed and less dark
shirt,train,shirt_train_01261,B00BEEF7SG,B009LJ0434,is orange with a centered image,has more orange
shirt,train,shirt_train_01263,B00A4NGTUI,B00D0URHF8,is darker colored with text,is soft black with white graphic design
shirt,train,shirt_train_01264,B002KG8LMG,B002KG6OYI,is identical,looks like a perfect match
shirt,train,shirt_train_01265,B0066AA4CW,B0085PJG7K,has a 3d Soul Train logo in red.,has words and not other image
shirt,train,shirt_train_01267,B005IGGGKY,B00B81G6SA,black with different band graphic,Desired item is dark grey with red and yellow text
shirt,train,shirt_train_01269,B0096A1ML6,B00B2E5ZJY,is red with white and black logo,has red background
shirt,train,shirt_train_01270,B008I2DT78,B0089KDVXG,is brown in color,is lighter
shirt,train,shirt_train_01271,B002DVVYSQ,B0038JGRNO,is darker and much less wordy,is darker and graphic
shirt,train,shirt_train_01272,B001UR4P08,B004GGUA18,is the same,is the same
shirt,train,shirt_train_01273,B0084NYQ6O,B0084NZ4AQ,is white with no pattern,is more formal
shirt,train,shirt_train_01274,B00AE1GTRS,B005GFK1VW,is similar,is darker
shirt,train,shirt_train_01275,B004OYV8U4,B00714Q82W,is light blue with a different logo,is lighter
shirt,train,shirt_train_01276,B008NB1UQG,B00CIV8H90,Is more blue and logo,has a cartoon graphic and is more blue
shirt,train,shirt_train_01277,B00BYHIIBQ,B001ANYPEI,is black with a Bat-Signal,is darer
shirt,train,shirt_train_01278,B007XHNJV0,B004FL1EN2,is green with yellow designs,is dark green color with yellow graphic design
shirt,train,shirt_train_01279,B002ONVPVO,B00812MO1C,short length and too bright,is lighter in color
shirt,train,shirt_train_01280,B00B5W7N4S,B003SYR6LG,is a green t-shirt,has more writing on graphic with longer sleeves
shirt,train,shirt_train_01281,B001AMT33W,B000W1M0IM,Is black,is darker in color
shirt,train,shirt_train_01282,B00D7JNO4A,B00D8GLXHW,Is greener and has a whiter graphic,is green with Top Gear logo
shirt,train,shirt_train_01283,B00093G5U2,B002EPNOC0,is white,is lighter
shirt,train,shirt_train_01284,B004C4YOC0,B0063AZLSC,Is more logo,has a darker logo
shirt,train,shirt_train_01285,B003UT6REG,B003UT6RF0,is the same,is the same
shirt,train,shirt_train_01288,B000MS9KPG,B003J8KZ6Y,is larger and red,has a red flower pattern
shirt,train,shirt_train_01289,B00A4LCZXA,B007S59AV0,Black tee shirt with a band picture on it,Has a different and bigger design on it.
shirt,train,shirt_train_01290,B0010K7T6C,B003UO29X4,Is brown,is brown
shirt,train,shirt_train_01291,B008S6GGUQ,B003SNJ2XM,is white in color,is lighter
shirt,train,shirt_train_01292,B008CQB6NY,B0071N18JQ,is grey with spiderman on it,is gray with colorful graphics
shirt,train,shirt_train_01293,B00501ATAA,B001WAL2WW,is yellow with black designs,is white with red and black text
shirt,train,shirt_train_01294,B007TBZZ62,B006421SJA,Is a red Canadian tee shirt with white maple leaf,is lighter
shirt,train,shirt_train_01295,B005N3SM40,B00A3RZZ50,has shorter sleeves and is lighter,is lighter in color and less religious
shirt,train,shirt_train_01296,B006OIVQC8,B003BQNUNY,Is more nationalistic and colorful,is shiny black and has a bit logo
shirt,train,shirt_train_01297,B000YYFD2C,B0083SW09K,is more feminine,is a grey female checked shirt
shirt,train,shirt_train_01298,B007IQX32G,B00ET9V2O6,has the same color but a different print.,is darker coloured
shirt,train,shirt_train_01299,B007CN7Y4S,B007481D9S,Is a green tee shirt with an arrow,is lighter
shirt,train,shirt_train_01300,B008P7BXCY,B00EVQIAII,is black with a wolf on it,has no buttons
shirt,train,shirt_train_01301,B00DGM0LYO,B009LHEC52,is black with short sleeves,is shorter in sleeves
shirt,train,shirt_train_01302,B005FNOAPI,B00B86RTS6,is a short sleeved gray shirt with art,is grey and baggier
shirt,train,shirt_train_01304,B00B2E5ZJY,B00B2E5TY0,Is black and has a larger graphic,is darker
shirt,train,shirt_train_01305,B003O0N0LO,B0010JKWYO,is bottoms,are pants
shirt,train,shirt_train_01306,B0085BA934,B00622ZV6S,is a purple and grey button down shirt,a purplel and read plaid shirt
shirt,train,shirt_train_01307,B004J8FTEG,B008BVYTY8,is grey with a american flag in the back.,is gray
shirt,train,shirt_train_01308,B00880ZOXW,B006OKDUXY,has long sleeves,is lighter
shirt,train,shirt_train_01309,B00ED3AV86,B00BU8JPTI,red colored and dark graphic print,is dark red
shirt,train,shirt_train_01310,B0098Z8UXW,B0088W0R3C,Has more stripes,has more stripes on it
shirt,train,shirt_train_01311,B000A5N85O,B000HQ6Q3C,has no sleeves,has a different golden logo.
shirt,train,shirt_train_01312,B003IX3EWC,B001KFT4ZG,is orange long sleeve,orange long sleeve shirt
shirt,train,shirt_train_01313,B000H6HN7A,B006BL2G1S,has shorter sleeves with plaid print,is a white and red checked shirt with longer sleeves
shirt,train,shirt_train_01314,B00BNS2CUE,B001446BZ4,has a pocket and logo,has a design
shirt,train,shirt_train_01315,B000BR8SLA,B001AYAOC4,has a graphic design,is darker
shirt,train,shirt_train_01316,B00EJ11KU0,B007TBBHSC,is blue and turquoise,is blue with an argyle
shirt,train,shirt_train_01317,B0001VRXYE,B00880ELZY,The shirt is black with white writing.,has shorter sleeves
shirt,train,shirt_train_01318,B00802YDBM,B00802YJSY,is a lighter color and has a larger graphic,is white with logo
shirt,train,shirt_train_01319,B005Z29CZ2,B008LP732O,is a short white tee with tight fit,the front has panadas on it
shirt,train,shirt_train_01320,B0085437Z8,B008542UFG,has longer sleeves,is not button down
shirt,train,shirt_train_01321,B00CC719WM,B00CC71TJU,is a plain black t shirt with a crown image,has a different graphic printed and has no collar
shirt,train,shirt_train_01322,B003OTS0L0,B0088MQBBE,This is key chain.,is a brown clip
shirt,train,shirt_train_01323,B005C91I4G,B004T0BRXQ,has more text and longer sleeves,is more baggy and more masculine
shirt,train,shirt_train_01324,B008RK9ZF6,B007QE0TOU,has a white star in the middle,is darker
shirt,train,shirt_train_01325,B00DDU99YM,B001E2045O,is grey with a skull on it,is darker in color
shirt,train,shirt_train_01326,B004RBKYM2,B00A7RCBKS,is a tank top with a white and blue stripe,is stripe T-shirt and has no sleeve
shirt,train,shirt_train_01327,B005LCN0N6,B00B8QYI4O,has a plain green color,is green colored
shirt,train,shirt_train_01328,B00BIXUJFE,B00B1LZ5M0,a blue and white Hawaiian shirt,has a hawaiian print and is lighter
shirt,train,shirt_train_01329,B000GKDJ02,B003R4ZFI8,is blue,Is blue and has a centered graphic
shirt,train,shirt_train_01330,B00BSUEKRA,B002OT93IA,has a lighter color with a print,is not pink
shirt,train,shirt_train_01331,B007FOO4SS,B00A8GDQ2U,has a darker color with less colors,is more colorful
shirt,train,shirt_train_01332,B00FZ1F21G,B007GBCF90,Is less casual and is patterned,Is less casual and more patterned.
shirt,train,shirt_train_01333,B000UY9GDS,B00861UL0Y,is blue colored,is light blue with an animated graphic
shirt,train,shirt_train_01334,B0099WUKVE,B00B6ZWKE2,Has shorter sleeves and buttons,has shorter sleeves
shirt,train,shirt_train_01335,B005KP3ZQQ,B005173SF6,is red,has more red in it
shirt,train,shirt_train_01336,B00B2TZC4C,B008LP6YHE,is red in color,is red
shirt,train,shirt_train_01337,B0088A516C,B006O61PEY,Is a black v neck tee shirt with a print,is darker
shirt,train,shirt_train_01338,B00BWQZXCQ,B00913ZUNO,is lighter,is bright red in color
shirt,train,shirt_train_01339,B000COMQJM,B0077DAHDS,is more sporty and has stripes,black with striped sleeves
shirt,train,shirt_train_01340,B008MC2SSA,B008MC2N1C,Is blue and more whimsical,has less revealing and is dark color
shirt,train,shirt_train_01341,B0058ZQBNC,B00AO1EZOM,is stripped horizontally and multicolor,is red and has striped
shirt,train,shirt_train_01342,B003K7F0L4,B00BJHE2HU,is dark brown in color with image of bird,is tan with an eagle motif
shirt,train,shirt_train_01343,B006H5NGEO,B00BF7VDHG,wrong color is darker,it is a polo with no graphics and a breast pocket
shirt,train,shirt_train_01345,B00AXL4MDM,B004M47RZG,is darker with elephant,is darker colored and has a different graphic
shirt,train,shirt_train_01346,B000VTEN12,B00BL3511S,has longer sleeves,has longer sleeves
shirt,train,shirt_train_01347,B004HHP1E2,B005TIM05Q,is white with sleeves,lighter
shirt,train,shirt_train_01348,B00BD5B54Q,B00A4YL6FK,is a short sleeve t shirt,has shorter sleeves
shirt,train,shirt_train_01349,B000BRA4NK,B007EAJWVC,is black and button down with a collar,has long sleeve and is black color
shirt,train,shirt_train_01350,B007FXK36Q,B002V0L22W,has text that fills up most of the shirt,had different logo
shirt,train,shirt_train_01351,B005253H4O,B005253P50,has green on it around the word tapout,has a little bit of green in the graphic
shirt,train,shirt_train_01352,B004BGUG9Y,B00AS9T2HK,is more childish,is darker in color
shirt,train,shirt_train_01353,B0068DJL1M,B0068DK31E,blue color and button collar neckline,is dark blue and has button
shirt,train,shirt_train_01354,B00591HRGA,B00AWWXPT4,Is blue and has a word,is blue and more iconic
shirt,train,shirt_train_01355,B005W6ZAO8,B009NQXJPA,is dressier and is buttoned,it is plain and has pockets
shirt,train,shirt_train_01356,B00FFT1N1G,B006H6WNQ0,has a collar,is lighter black and has tv show logo
shirt,train,shirt_train_01357,B007PYDHF4,B006FULW5G,is tan with bigger stripes,is beige colored with white stripes
shirt,train,shirt_train_01358,B008E7EI1I,B007E6KTFY,is a grey shirt,Is lighter gray with a white tee
shirt,train,shirt_train_01359,B008A5FWDC,B009E3UIR4,is darker with a different graphic,is a darker color and has a wider neck
shirt,train,shirt_train_01360,B0013FI8MI,B000YYFD2C,is a grey T ashirt,is less colorful
shirt,train,shirt_train_01361,B009ZPMURM,B001BG38W4,is white with a collar,is tigher
shirt,train,shirt_train_01362,B006W2ZBD6,B00BQVY38M,is grey  with a woman logo,gray shirt with different graphic
shirt,train,shirt_train_01363,B005OK4WZA,B005OCG8CI,is similar,is darker
shirt,train,shirt_train_01364,B007B8M6O2,B003OUVOMG,is gray with long sleeves,has more buttons to it
shirt,train,shirt_train_01365,B003TTLG8Y,B003POCJBG,is lighter,is red colored
shirt,train,shirt_train_01366,B004QMAD8W,B003BIG58E,is darker and has more contrastic graphics,is darker in color and doesn't have a zipper
shirt,train,shirt_train_01367,B008N8AEFC,B007C9LQPA,is a checked shirt,is patterned and lighter in color
shirt,train,shirt_train_01368,B00C0YRYVW,B00B5W7N4S,is green with a face,is green and has a smiley face on it
shirt,train,shirt_train_01369,B0014JN8GO,B008J8HCOW,is darker in color,is black with white text
shirt,train,shirt_train_01370,B0038MS3VA,B006TCJPAO,has short sleeves and is lighter,is white in color
shirt,train,shirt_train_01371,B007Y8J1VK,B004MMS47S,is dark green and simple lettering,is greener and has just text
shirt,train,shirt_train_01372,B00260GYTI,B003XKO57S,has the same color but a different print,Has no picture just text logo
shirt,train,shirt_train_01373,B001LNDFAM,B000IN9MJY,has longer sleeves and a black and white plaid, in white
shirt,train,shirt_train_01374,B004CS9K4I,B0045MS7TU,Is black,is darker in color
shirt,train,shirt_train_01376,B00FQ9AR2G,B00BWIL2U6,blue snoopy tee shirt,Is light blue & a longer size
shirt,train,shirt_train_01377,B00DY3XJNA,B00DYPGSDQ,Is a tank top,white tee shirt
shirt,train,shirt_train_01378,B00AR8LLTO,B005U9IF0I,Is striped and a polo.,is striped
shirt,train,shirt_train_01379,B00CLFV4QQ,B005D73TBM,The shirt is long sleeve blue plaid.,is darker and has longer sleeves
shirt,train,shirt_train_01380,B00A0LD9UC,B009Y8OZC8,is slim with long sleeves,is long sleeved and different logo
shirt,train,shirt_train_01381,B00AJWODGQ,B00AJWOY06,Is not as bright and not blue,is darker and smaller print
shirt,train,shirt_train_01382,B00642QU98,B000Y2DM7W,is green with a logo,is green
shirt,train,shirt_train_01383,B004GUTVVE,B006LX675W,Is more red and pocketed,Black t-shirt
shirt,train,shirt_train_01384,B00H4GLJAI,B00HINZY58,is gray with red lettering,is grey with red lettering
shirt,train,shirt_train_01385,B00719FZQW,B00F28PWIK,is tight and brighter,is white with red buttons
shirt,train,shirt_train_01386,B0067EWDGM,B002SC53NW,Is more fitted and simple,lighter tan t-shirt with black graphic on chest
shirt,train,shirt_train_01387,B003URL40K,B004V90HCC,The shirt is white with light colored stripes.,is striped with exposed buttons
shirt,train,shirt_train_01388,B007Y6DS1Q,B0080HLSSI,Is grey and has the chicago bulls logo,is grey with red lettering
shirt,train,shirt_train_01389,B000E60WZS,B00746770O,is lighter with a floral graphic,is more colorful
shirt,train,shirt_train_01390,B006IXFD14,B0034OFMV6,is green and is a half zip up,is darker and has a front zipper
shirt,train,shirt_train_01391,B00B86B9X2,B00BD986IK,is white and have text in red,has red word and white background
shirt,train,shirt_train_01392,B001S2PPVI,B001S2PQIK,has a hand on it,is more sinister and darker themed
shirt,train,shirt_train_01393,B009GGPC5M,B006H23NI6,has more closer stripes,has fewer stripes and is adolescent
shirt,train,shirt_train_01394,B003XPD2TA,B009ERN0MK,Has no sleeves and is striped,is lighter and has shorter sleeves
shirt,train,shirt_train_01395,B005SYKFZI,B007LWFW58,is smaller in size, button up woven shirt
shirt,train,shirt_train_01396,B00AWD5DRA,B006V4IT3O,Is brown in color.,is brown with words in the shape of a cross
shirt,train,shirt_train_01397,B004GNWBCW,B00C0CMYSW,is a checked long sleeved shirt,It is checked and has a longer sleeve
shirt,train,shirt_train_01398,B003R4ZKE2,B004UONT6Y, yellow and red letterng,has larger graphics
shirt,train,shirt_train_01399,B000YA114A,B0027ED4SW,is blue,is much darker in color
shirt,train,shirt_train_01400,B00BHN6A3U,B00CWX5MQ0,is more sport like,is more athletic
shirt,train,shirt_train_01401,B008YE0DKG,B0064OQQ7W,is grey with a man holding a laptop in red writing,it is grey and has a red print
shirt,train,shirt_train_01402,B00172WH92,B003006YZW,has Hulk's head,is darker
shirt,train,shirt_train_01403,B006UDD418,B005SBW7C0,is a blue colored short sleeved shirt with stripes,has more and lighter strips
shirt,train,shirt_train_01404,B00B7679IM,B00BPIC68U,is more wordy and outdoorsy,is grey with an eagle.
shirt,train,shirt_train_01405,B00348P1K4,B0036XJA18,is darker colored and has short sleeves,is green colored with shorter sleeves
shirt,train,shirt_train_01406,B001KVXV0O,B004LFDH50,is a black colored fitness shirt,is black and longer
shirt,train,shirt_train_01407,B00BUDEKJI,B005THQ4DG,is black with gray designs,has a picture of a toaster
shirt,train,shirt_train_01408,B003FLMT8W,B00B9EBKO6,is a black long sleeve shirt with a collar,is black and collared
shirt,train,shirt_train_01409,B008BRLM0Q,B00BVWRXF6,is ble shorts,is boxer shorts
shirt,train,shirt_train_01410,B007F87X8W,B005VM37WA,has a more pronounced graphic,is green and more scary
shirt,train,shirt_train_01411,B001G08ZGY,B005HMOVYC,has only one image in the middle,has a K logo on front
shirt,train,shirt_train_01412,B0082ZDER6,B008CB6DYG,has long sleeves,gray no graphics long sleeve shirt
shirt,train,shirt_train_01413,B0079MTLIE,B009KAMLOE,is black with seahorses,is darker in color
shirt,train,shirt_train_01414,B009E8CE7Q,B0063MHCSM,has short sleeves and is lighter colored,is white colored with short sleeves
shirt,train,shirt_train_01415,B00DY3XJNA,B009VMPNLY,is green colored with text,is green
shirt,train,shirt_train_01416,B000BPZ71G,B005RPJI6A,has a picture,is darker
shirt,train,shirt_train_01417,B00CTKTWIA,B00EFGMZ6W,green colored graphic print,has a green design on front
shirt,train,shirt_train_01418,B001GW327Y,B009SDC5O4,lighter color, two pockets
shirt,train,shirt_train_01419,B004DEDDTO,B004XW6L68,has numbers and is more serious,has a numeric motif
shirt,train,shirt_train_01420,B007S19MMQ,B003J8K0FK,is more manly,has short sleeves with a different graphic
shirt,train,shirt_train_01421,B0085TGFV6,B003HNF9IU,long sleeved and darker colored,Is darker with longer sleeves
shirt,train,shirt_train_01422,B005KKBF9K,B006UH9OUE,has a collar,has a red color to it and buttons
shirt,train,shirt_train_01423,B004RDVCD0,B006BM8RC4,is less formal and adult,is lighter
shirt,train,shirt_train_01424,B000N256LS,B0027AR7AM,is black and has an acdc logo,is more emo
shirt,train,shirt_train_01425,B0018E6DY4,B0026T5GLQ,A blue tee with a surfer on it,is more tropical
shirt,train,shirt_train_01426,B001M0W8RA,B004ORRHNI,Is solid white,is entirely white
shirt,train,shirt_train_01427,B0084R8CII,B007ZTP4QY,is darker and more technical,has a more scientific print
shirt,train,shirt_train_01429,B009R751I8,B00BEID0TA,is red with a leaf on it,has bolder font and is red
shirt,train,shirt_train_01430,B004NB5JAI,B0000XMQF4,black with yellow,is black with a band name on the front
shirt,train,shirt_train_01431,B002PZHDTY,B003XFTEA6,Blac with words,is black with white text
shirt,train,shirt_train_01432,B004S9HA8O,B000GKUGC6,is darker and has a more mythical graphic,is black with white image
shirt,train,shirt_train_01433,B00AX2QIMY,B00FKV6OWM,Has Beware I Bite written on it.,is less emo
shirt,train,shirt_train_01434,B00FWWBPC8,B0074U3U6A,is navy blue,is darker
shirt,train,shirt_train_01435,B004EWFEN8,B00AREKETQ,is very similar but more green in colour,is green plaid and more casual
shirt,train,shirt_train_01436,B007E7SR7K,B008G3TEHI,has no collar and less buttons with a darker print,is striped with black and red
shirt,train,shirt_train_01437,B007S1Q3WI,B00ASC1CSY,is black color with no colar,is a black t-shirt
shirt,train,shirt_train_01438,B002LREH36,B00BBOZ5IQ,is looser and less fitted,Has a musician on it.
shirt,train,shirt_train_01439,B008KPWBLS,B00AAMOZRM,is red in color,is bolder
shirt,train,shirt_train_01440,B004OR9KM4,B003YAXS1Q,has a v-neck and shorter sleeves,Has longer sleeves
shirt,train,shirt_train_01441,B004LCPDBY,B007A4XOES,is black color with a guitar image,has black tie dye
shirt,train,shirt_train_01442,B005WXQKFE,B007VNSWB8,A blue Famous short sleeve tee shirt,is more colorful
shirt,train,shirt_train_01443,B0030BYZSO,B00AOGIYWQ,is grey colored,is a gray tee
shirt,train,shirt_train_01444,B008ZXOI4I,B0091DXK0O,Is more wordy and not striped,Desired item is black with light blue text
shirt,train,shirt_train_01445,B0085WM4FO,B00BHH4HMC,is the same product but slightly different,has less busy graphics
shirt,train,shirt_train_01446,B00D7JNO4A,B0088CVXAI,Is more wordy and more whimsical,has an Epica design on it
shirt,train,shirt_train_01447,B007Z5PNH8,B007HDTWU2,Is organge with a smaller graphic,is orange with white and black logo
shirt,train,shirt_train_01448,B00AYK0F24,B00C2ETAO4,has a crew neck and a less positive slogan,different message on shirt
shirt,train,shirt_train_01449,B005253H4O,B00AHTMA5C,is lighter with less graphics,White with black lettering stretching down the right side
shirt,train,shirt_train_01450,B007TX9LTC,B007TXA6QE,is a brown and gold flannel,is lighter
shirt,train,shirt_train_01451,B00FST6SDG,B00B5JQSPQ,is darker with a different image,is dark with a different graphic
shirt,train,shirt_train_01452,B00CIZJ0QU,B00AZ6KGYE,is blue,has a graphic on it.
shirt,train,shirt_train_01455,B007RWV60M,B0009W0FM2,is a blue and tan flannel print,has longer sleeves and buttons and a plaid pattern
shirt,train,shirt_train_01456,B001AYAOC4,B000BR8SLA,has a small face on it,is solid black with small face graphic
shirt,train,shirt_train_01457,B00DB9U43U,B009I53PX2,is white with marvel figures,A white shirt with Marvel print on front
shirt,train,shirt_train_01458,B00299K758,B004WJ971S,more color diverse,has longer sleeves
shirt,train,shirt_train_01459,B003C24OA0,B003L25OSM,is identical,is black.
shirt,train,shirt_train_01460,B001XVTW2W,B00573RGPM,is lighter with different graphics,is white with red
shirt,train,shirt_train_01461,B00A6XBHJO,B00FL4770Q,has longer sleeves and is darker,is dark grey and long sleeved
shirt,train,shirt_train_01462,B004O3W8ZE,B009QR97JS,is light grey in color,is lighter
shirt,train,shirt_train_01463,B009Z0LIEI,B00DGWUN7O,Blue and no stripes,has no stripes
shirt,train,shirt_train_01464,B00AY0JIGS,B005ILJ700,has more dog and less koala,is brown with a cute puppy
shirt,train,shirt_train_01465,B007CMPTUK,B0077DQ9GC,is brighter in color,is lighter
shirt,train,shirt_train_01466,B0084F9KNQ,B007PBTRGU,is more formal with buttons and a print,is more formal
shirt,train,shirt_train_01467,B0078FX0UW,B00AW05A08,is red with a pirate,is red and has larger text
shirt,train,shirt_train_01468,B001442THS,B001ET7H3O,is tan with an orange and brown print on one side,is beige with buttons
shirt,train,shirt_train_01469,B00AE00GD2,B009VD0PUW,is a yellow tee shirt,Is sleeveless
shirt,train,shirt_train_01470,B005ZO9DJ0,B005ZO9GQA,is lighter,Is more feminine
shirt,train,shirt_train_01471,B007R1O8XU,B0083F59AK,is a darker colored shirt with short sleeves,has a collar and one more button
shirt,train,shirt_train_01472,B000X4KVXO,B000KRJK2M,is white with a guitar on it,is white with guitar on it
shirt,train,shirt_train_01473,B007ZW8Z2G,B00C2AYLA6,is green with bear holding gun print,is more olive green colored
shirt,train,shirt_train_01474,B00E4DYFGO,B007YJSB8S,is more two toned,Light purple with white striped
shirt,train,shirt_train_01475,B00GYIV7L8,B003UM9H7C,is a brown sleeved dress shirt,is brown with long sleeves
shirt,train,shirt_train_01476,B003ZQ77K2,B0045K9BRY,is the same color with different text, darker color
shirt,train,shirt_train_01477,B007R5QP96,B0080DLZ6M,Is a different material and color,it is more red and not transparent
shirt,train,shirt_train_01478,B0013FI8MI,B0013FPI9E,is the same,is the same exact shirt
shirt,train,shirt_train_01479,B00BJOQ0F0,B00EV9PQMI,has more colors,says twerk with red printing
shirt,train,shirt_train_01480,B004124IQK,B001GZP8GY,has short sleeves and no stripes,has short sleeves
shirt,train,shirt_train_01481,B00CLIV8C8,B00CTKUI4C,has a plain superman logo,is lighter and less masculine
shirt,train,shirt_train_01482,B00BF6L1JM,B006TA34QC,has shorter sleeves and no stripes,is a short sleeve button up.
shirt,train,shirt_train_01483,B00A81U3L2,B00906KP00,has a sexy female graphic and is a lighter color,is darker coloured
shirt,train,shirt_train_01484,B003L8SBMW,B00299BFHC,Has longer sleeves and is black,has longer sleeves an is darker
shirt,train,shirt_train_01485,B0058ZQYBG,B00BNUQ3XO,is a gray colored tank top,It has not sleeved and no collar
shirt,train,shirt_train_01486,B004A7Y4GU,B002AMWBKI,Has short sleeves and a graphic.,it is white with black print
shirt,train,shirt_train_01487,B007SH2966,B004GJ0TR0,has a brighter color with art,Same but blue and patriotic
shirt,train,shirt_train_01488,B009KFM98C,B00018A8F8,is more masculine,is more formal
shirt,train,shirt_train_01489,B00FBPBFV2,B0085M54QU,has a prominent graphic of wings and is darker colored,is darker and less graphic
shirt,train,shirt_train_01490,B008UTWM8G,B00AG0JDPM,The shirt is yellow with white writing.,black buttoned long sleeved shirt
shirt,train,shirt_train_01491,B005TF345O,B0037TPECK,is more feminine,is lighter
shirt,train,shirt_train_01492,B000ANOHA6,B003QZ6QBS,is more darker.,is darker and more revealing
shirt,train,shirt_train_01493,B009K8CUKQ,B004LVO25S,is stripped blue and white,is more formal
shirt,train,shirt_train_01494,B008VR58GA,B00BCDV0LM,is identical,looks very similar
shirt,train,shirt_train_01495,B0062QU8OO,B0062QW8I8,has under new management written on it,has bolder font and more humorous
shirt,train,shirt_train_01496,B009ZYKNWW,B004RC06EC,is lighter in color,has blue in the logo
shirt,train,shirt_train_01497,B00GDLIZDE,B009LLJTTM,has a boxed in image,The desired item has a full box around the text
shirt,train,shirt_train_01498,B000RZ7M40,B000BMZJ58,has short sleeves and is darker colored,has more grey and shorter sleeves
shirt,train,shirt_train_01499,B000UZCJKY,B008S5ESMK,is pink and white ombre,more red color
shirt,train,shirt_train_01500,B002I6HSNQ,B0031TWOUQ,is solid grey,is gray and has a crew neck
shirt,train,shirt_train_01501,B00AXZBEYS,B00773I8MK,darker colored with larger graphic print,It is black with less colorful print
shirt,train,shirt_train_01502,B007LVMR1Q,B005TF49Z8,is more dark with text,has shorter sleeves
shirt,train,shirt_train_01503,B005SCF8V6,B00A2POH34, brown plaid,is solid red and short sleeves
shirt,train,shirt_train_01505,B00DSL1H5U,B008X1FMXI,is purple in color,is brighter in color
shirt,train,shirt_train_01506,B002BBU1HS,B00ALRSZ7C,has an image of spectacles in center with headphones,is darker
shirt,train,shirt_train_01507,B00FNK6ID0,B00CU8BCFM,has black and red designs,has more words on it
shirt,train,shirt_train_01508,B005EJDHX4,B00AYVT6IW,is darker with a more dense pattern,is a darker colored button up
shirt,train,shirt_train_01509,B005DCR5IU,B008UR908S,is maroon with a dog,is darker
shirt,train,shirt_train_01510,B003WYVP82,B003YAXRIA,is darker with white stripes on the sleeves,has contrast trim and v-neckline
shirt,train,shirt_train_01511,B0064YQAB4,B004RBG7O6,Is yellow and more whimsical,is yellow with red text
shirt,train,shirt_train_01512,B007279TI8,B009SND3UO,The shirt is black with Sons of Anarchy.,is a buttoned shirt with pockets
shirt,train,shirt_train_01513,B00B21XPIK,B00BV2SM74,is red long sleeved button down shirt with collar,is red with double breast pockets
shirt,train,shirt_train_01514,B00D223ZPA,B007JWB11E,Has a more colorful graphic and is grey,is gray in color
shirt,train,shirt_train_01515,B00919PIQW,B00919PS30,Is more grey and  wordy,gray instead of white
shirt,train,shirt_train_01516,B00494U6ES,B009ZHGB5M,is short sleeved with a white word,has shorter sleeves with a different graphic
shirt,train,shirt_train_01517,B000UZ8H00,B007POSC4A,is a short sleeved shirt with three colors,has striped on chest and is dark blue
shirt,train,shirt_train_01518,B003U2T2OK,B0023UJW3Q,The shirt is dark blue with tan stripes.,Is more striped
shirt,train,shirt_train_01519,B008E0WG9G,B008DN16KY,Is darker in color.,is blue in color
shirt,train,shirt_train_01521,B000KIAUZM,B008C131LE,is lime green,is brighter
shirt,train,shirt_train_01522,B0036BYELG,B0036ZS39G,has a logo that is smaller,is gross
shirt,train,shirt_train_01523,B004DLCVF4,B002UV95G2,is identical,has a more rounded graphic
shirt,train,shirt_train_01524,B0016KC6WI,B005IGGGKY,is dark blue,is darker in color and says pie instead of nash
shirt,train,shirt_train_01526,B008X8Y12Y,B00D580V0S,is green with a 'sexy 2' logo,is green with white image
shirt,train,shirt_train_01527,B0067EYQJO,B0035WTVAK,is white with black words,has black bands on neck and sleeves and no Bronx
shirt,train,shirt_train_01528,B003YQMPKA,B00G064G44,is a dark colored shirt with a logo,A black shirt with red letters on front
shirt,train,shirt_train_01529,B005MN6GOE,B008SF2OSA,is more floral,is gray and has orange floral design
shirt,train,shirt_train_01530,B001JO8BBG,B001E443AO,is less brightly colored,Item is black with multicolored etched-style symbol
shirt,train,shirt_train_01531,B0069ZMXRI,B007QVWGAS,is more dramatic and has contrast edging,is green with a white stripe
shirt,train,shirt_train_01532,B006961ITG,B00731P81A,is black and wordy,is black with yellow text
shirt,train,shirt_train_01534,B000K6T5NM,B006HT1G88,has short sleeves,has short sleeves
shirt,train,shirt_train_01535,B009XE3KE2,B00COD19EM,has shorter sleeves with red color,has shorter sleeves and is red and black
shirt,train,shirt_train_01536,B00B0283S8,B002RV3U48,is pink with different graphics,is pink colored
shirt,train,shirt_train_01537,B007EJWTOK,B00593PUDU,The shirt is blue in color with no front pockets.,has no front pockets
shirt,train,shirt_train_01538,B00ALS5DUI,B0085V0N80,is black with white designs,is black colored with a different graphic
shirt,train,shirt_train_01539,B00AVMPCFK,B000B67Q78,is black with no stripes,is more wordy
shirt,train,shirt_train_01540,B00BCZ18Q2,B00426DS0C,has long sleeves, black and shorter sleeved
shirt,train,shirt_train_01541,B009YFBGG4,B00338GS0M,looks like a book cover,black tee shirt with a unicycle and simplify on it
shirt,train,shirt_train_01542,B001RMDYE4,B00AIYCW8Q,The shirt is black with blue and white DG image.,Is black in color
shirt,train,shirt_train_01543,B007UDQ6WG,B007FUJDBU,is pink with writing on it,is pastel with bitten cookies
shirt,train,shirt_train_01544,B001713NS2,B00BXPAUOW,is blue colored and layered,is a pullover and has no collar
shirt,train,shirt_train_01545,B0092ZK8LK,B00B080CWM,is darker and has no sleeves,is a light blue tank top
shirt,train,shirt_train_01546,B008D2V5CO,B00BFZFYMI,is a lighter color and a moby dick graphic,is less grey with different logo
shirt,train,shirt_train_01547,B00729YC6K,B00A3G4WNC,is a darker variant,it has a darker color
shirt,train,shirt_train_01548,B0012FNGVC,B0012FNFIG,Is black,is black
shirt,train,shirt_train_01549,B005OAYK2A,B000TQUP4G,is more grey than blue,is longer
shirt,train,shirt_train_01550,B005N1AQZ0,B003701MKW,Is black,is darker in color
shirt,train,shirt_train_01551,B005GK6I46,B002VYVUA2,is blue with a tiger on it,blue in color
shirt,train,shirt_train_01552,B0009JHW8K,B0009JHWBM,is a pink dress shirt,is more gay
shirt,train,shirt_train_01553,B000JX1U4S,B00E4OGJCQ,The shirt is white in color with black buttons.,more eggshell colored
shirt,train,shirt_train_01554,B005LB6QTM,B005LAJMOO,is solid navy blue with no collar,is less colorful
shirt,train,shirt_train_01555,B00C1BZSG2,B00A8JMU6A,is white with longer sleeves,is white and short-sleeved with a bullet-hole design
shirt,train,shirt_train_01556,B005FSDZZE,B005FS7UMS,is darker in color,is brown and smaller logo
shirt,train,shirt_train_01557,B00EFEFUPM,B00EFEEWIS,is black with a cube and white words,has a different logo
shirt,train,shirt_train_01558,B005LEFPIM,B004WKR9L2,is v shaped on the neck and is bright in color,doesn't have buttons and is a vneck crew.
shirt,train,shirt_train_01559,B002S40BX2,B006ZP61KC,is blue in color,is more blue colored
shirt,train,shirt_train_01560,B00671CDI8,B0072HDDX0,is a black T shirt with a rubix cube on it,is more appropriate
shirt,train,shirt_train_01561,B001FZKK04,B00BFRZC00,is white with a chest logo,is white and short-sleeved
shirt,train,shirt_train_01562,B005M4L8F0,B0079K2UI4,is black in color,is solid black
shirt,train,shirt_train_01563,B004PA6R80,B0050M6Z4I,Is white,is lighter
shirt,train,shirt_train_01564,B002I6HSNQ,B003MS4CLU,is of darker color and with a regular neck.,is darker in color
shirt,train,shirt_train_01565,B00292EJ0E,B002Y2HLIG,is a white T shirt with a bison on it,is beige with bison on it
shirt,train,shirt_train_01566,B00CQAHCQM,B00CTT0TGA,red and blues with flowers printed,has more red colors to it
shirt,train,shirt_train_01567,B008I7OP8K,B004BFW4WM,is plain red with a logo,is bright red and has no buttons
shirt,train,shirt_train_01568,B009GXKKKM,B008B5HJL4,has longer sleeves,is dark grey
shirt,train,shirt_train_01569,B007CW5N3S,B007XG1T72,is white and has a different logo,is grey and just letters with numbers
shirt,train,shirt_train_01570,B00192I1Y0,B002ECFN2C,is darker and not a polo,is more gothic
shirt,train,shirt_train_01573,B007Y2VU3S,B0062PFWI2,is black with a man playing guitar on it without buttons,is brown with short sleeves and no buttons
shirt,train,shirt_train_01574,B00ARH835K,B009LH96MQ,is a solid blue with black buttons,is solid blue colored with two chest pockets
shirt,train,shirt_train_01575,B007QVWGAS,B0069ZMXRI,Is more blue and orange,is less sporty and more humorous
shirt,train,shirt_train_01576,B00BYGDX12,B004Y6JKAC,Is a grey Riot shirt,is plain
shirt,train,shirt_train_01577,B00AQ5VQ16,B0085437Z8,has more buttons and pockets,is grey and button-down shirt
shirt,train,shirt_train_01578,B00655SAJM,B005NYBA9S,has longer sleeves,is white and black with longer sleeves
shirt,train,shirt_train_01579,B0032F4ND0,B00CPE7TQ2,is simpler and has smaller graphic,is simplier
shirt,train,shirt_train_01580,B00A04F8Z8,B00A7PFHRO,is a black shirt with text,has white writing on front and is more black
shirt,train,shirt_train_01582,B00AD5LLOQ,B0084TBAE4,is smaller and white,is white
shirt,train,shirt_train_01583,B004O7GBCG,B005Z6P0BS,Is more grey and less colorful,is lighter grey with white WOW design
shirt,train,shirt_train_01584,B001H0F5RA,B0010ED49Y,has a lower neckline,is the same
shirt,train,shirt_train_01585,B000SVAECA,B0094DXF8I,is a slim fit yellow shirt,is much brighter in color
shirt,train,shirt_train_01586,B003EEN7X6,B00BTGGM2E,has shorter sleeves,Has shorter sleeves and is more patterned.
shirt,train,shirt_train_01587,B00DQYVD6C,B0027ZO5GQ,is a graphic button up shirt with short sleeves,Is a patterned black all over
shirt,train,shirt_train_01588,B003SE6B08,B003YP3M2G,is a slim fit and white,is all white and tighter fitting
shirt,train,shirt_train_01589,B0001VRXYE,B009SD8LFG,Black and not for cold weather,is lighter
shirt,train,shirt_train_01590,B005OH675Q,B0052H91VK,has white color with a black picture at top left,is white and has logo from shoulder
shirt,train,shirt_train_01591,B00BYA3SNQ,B008SOQM0M,is childish and less formal,White with orange stripes short sleeves
shirt,train,shirt_train_01592,B005DX0ML6,B009YK4BV6,is black with white designs,is longer
shirt,train,shirt_train_01593,B0085IFSEW,B00CB3DXOY,lighter colored and has a word definition on it,is more colorful
shirt,train,shirt_train_01594,B00EPFOIUE,B006HZHI7A,is short sleeved with buttons,is blue with buttons and a collar
shirt,train,shirt_train_01595,B008K6EHDM,B000RKVLQA,is lighter,is grey and has yellow smile
shirt,train,shirt_train_01596,B008DV4HUC,B0045I88SY,Is grey and has shorter sleeves,is white and has short sleeve
shirt,train,shirt_train_01598,B00671EHQ4,B001BVPPN4,is darker black,is very similar but logo is slightly darker
shirt,train,shirt_train_01599,B0014JIGGQ,B000M0K9OU,is a shirt,Desired item is a t-shirt
shirt,train,shirt_train_01600,B002CFUSUI,B001C3X3GW,is dark red with white text,has white lettering
shirt,train,shirt_train_01602,B00AY35F9O,B004JGKMQI,is a shade of blue with a different graphic,is grey blue colored with a graphic
shirt,train,shirt_train_01603,B003F77QL6,B003YU4LWQ,is smaller and looser,is black with white graphics
shirt,train,shirt_train_01604,B00BYHIIBQ,B007Z3U1G8,is blue with yellow designs,is darker
shirt,train,shirt_train_01605,B0073NSJ4Q,B00018A8QM,Is more fun and less wordy,has less words printed.
shirt,train,shirt_train_01606,B008HTDSGO,B001VSWW5G,is a black and red t shirt,is black and red
shirt,train,shirt_train_01607,B007907Z0M,B00BMJVYQW, has a striped pattern,has textured pattern
shirt,train,shirt_train_01608,B005RSYNU8,B007Z55VU2,Is lighter colored,Light blue grammar graphic shirt.
shirt,train,shirt_train_01609,B00A5BEGJU,B00BZ4UP1E,is lighter,Is brown with orange on the front
shirt,train,shirt_train_01610,B007YYW9X6,B008YFUOXG,has longer sleeves,Is a longer sleeved button up with plaid print
shirt,train,shirt_train_01611,B004IYT3DE,B00EJVMPS6,Is more logo and colorful,has no collar and is darker coloured
shirt,train,shirt_train_01612,B004BGYZGE,B00A7QU8YU,Is white and short sleeved,Is white with shorter sleeves.
shirt,train,shirt_train_01613,B00AYQQ6OE,B009ZPZWZE,is much darker with a darker animal image,is darker
shirt,train,shirt_train_01615,B000JR9H3U,B000JR8TK2,is the same shirt,is the same
shirt,train,shirt_train_01616,B008Y6DO78,B00B4EDDJ6,is a dark green shirt with a dirty joke,is dark green and has no button
shirt,train,shirt_train_01617,B005C2QYOC,B002EKEAFA,is black,is black and more revealing
shirt,train,shirt_train_01618,B00AYVSZTS,B005EJDHX4,is white,Is white
shirt,train,shirt_train_01619,B00BVWUMIQ,B0052VR4TM,is red,is red with boats
shirt,train,shirt_train_01620,B002EDL2F8,B0038NA0Y2,is darker,is darker and has more than one Stooge
shirt,train,shirt_train_01621,B0062QW8I8,B0062QU8OO,is the same,says groom
shirt,train,shirt_train_01622,B003DW6LVY,B005C91GJ8,is a black shirt with print on it,is more black
shirt,train,shirt_train_01624,B007DJ3AN0,B002CFUSUI,is darker with a different image,is much more red and has smaller writing
shirt,train,shirt_train_01625,B008K9CKXS,B00C2WTG9U,is a blue tee with graphic art,is blue with an elephant on it
shirt,train,shirt_train_01626,B00A6EM4DG,B000H1AIJ0,Is short sleeved and black with a man's face on the front,Short sleeve with black and white image of guitarist Slash
shirt,train,shirt_train_01627,B00A8WVFOA,B00DYV3VYE,is black and says drink michigan beer,is black with white lettering.
shirt,train,shirt_train_01628,B0027XDWZS,B002OM4CT2,is blue,is navy blue and long sleeved
shirt,train,shirt_train_01629,B008ODS2ZA,B007HYZGB0,has shorter sleeves and is grey, longer sleeved
shirt,train,shirt_train_01630,B003OBAUVG,B0045ZTE8K,is grey without collar with Corona logo,is lighter in color
shirt,train,shirt_train_01631,B002CJ7NKW,B00F58B0F6,is a t shirt,is lighter in color and more words
shirt,train,shirt_train_01633,B004VN60CO,B007OWG5DS,a dark colored cap with a small cross graphic,is just a hat
shirt,train,shirt_train_01634,B009ZZ6PIC,B009ZZ93KE,is gray with black designs,is lighter colored
shirt,train,shirt_train_01635,B00GIL4PLA,B00E6VQ1BQ,The shirt is black with a man's face.,is lighter
shirt,train,shirt_train_01636,B00AK4AETI,B008GE8X8I,has more wrestling graphics on it and is black,is black with red and white logo
shirt,train,shirt_train_01637,B000IZ5890,B000YINHA8,is grey and has less bold graphics,is lighter and stylis
shirt,train,shirt_train_01638,B0067ICY80,B00A3HHZVW,is smaller in size and black in color,is black in color
shirt,train,shirt_train_01639,B009E67IGU,B00CH4S7H0,is larger in size,is darker and has a light colored graphic
shirt,train,shirt_train_01640,B00485DCQ2,B008LTRA2S,is darker colored,is a darker plaid color
shirt,train,shirt_train_01641,B0041LBCFQ,B00661UH3C,is a black Affliction T shirt,is darker and not collared
shirt,train,shirt_train_01642,B0072DAUOY,B009ZYO3RS,is scarier,is green colored
shirt,train,shirt_train_01643,B004WKR9L2,B00BJNAO1C,is a brown T shirt,has long sleeve and is brown color
shirt,train,shirt_train_01645,B00BF7VDHG,B00BCXNNTO,is gray with no pocket,is longer
shirt,train,shirt_train_01646,B00347F8EY,B008R35IFY,Is darker colored and has different logo,is lighter in color and has less words
shirt,train,shirt_train_01647,B003KW7K1W,B000VTI5MA,is more colorful and more defined,is white and says Portugal
shirt,train,shirt_train_01648,B009PMSUU6,B009L35TN0,is black with people on it,A solid black shirt with people on front
shirt,train,shirt_train_01649,B008VZHKFE,B008NXNU80,is more revealing with no stripes,is sleeveless and zebra printed
shirt,train,shirt_train_01650,B00763GKFS,B00ATRSGR8,is a much darker color,Is darker blue.
shirt,train,shirt_train_01651,B00ACQ2CF8,B00ADP7EC4,has long sleeves and is green in color,is hunter green and long-sleeved
shirt,train,shirt_train_01652,B007Y0MMDW,B007WPF25E,is dark grey with collar and buttons,is black with red outlines and a collar
shirt,train,shirt_train_01653,B00C02NFR6,B009ZYPJCG,is green with a different picture,has more green
shirt,train,shirt_train_01654,B003VAFHGS,B001M57I5W,is red with a different logo,is lighter
shirt,train,shirt_train_01655,B00679B28W,B002CNVNGI,is light pink,is gayer
shirt,train,shirt_train_01656,B000EXS43S,B000ETTW9M,is brown,brown shirt with different graphic
shirt,train,shirt_train_01657,B004O2H4IQ,B00513FHCW,this blue t shirt is too short,is dark blue color
shirt,train,shirt_train_01658,B004KPBQLI,B0049EOD7E,brighter colored and crew neck,is much darker in color
shirt,train,shirt_train_01659,B00AREUZH2,B008P7JT6Q,has short sleeves and no words on it,is a short sleeved polo
shirt,train,shirt_train_01660,B0082RL89A,B0082RP2Q0,is exactly the same,is black and has clear logo
shirt,train,shirt_train_01661,B006APT136,B0083F9E74,is plain white with few words,Is more casual with shorter sleeves.
shirt,train,shirt_train_01662,B00BHSKNXS,B00BHSKEG4,Is a pullover style shirt with red and gray stripes,is red
shirt,train,shirt_train_01663,B007R6KHEO,B0019TV4MY,Is darker and less political,is black and less adolescent
shirt,train,shirt_train_01664,B00B1FK06C,B0019RLJXA, one plaid and one t-shirt,is gray with white colored crew line
shirt,train,shirt_train_01665,B005B7ZXPE,B00A42QH8S,is black with a skull on it without collar,it is black and with design
shirt,train,shirt_train_01666,B0082Q0IRY,B007VYRVSM,is darker and manly,is darker
shirt,train,shirt_train_01667,B005E5L40G,B005CTDJF2,is a black short sleeve tshirt,Is black in color
shirt,train,shirt_train_01668,B0052W8M0G,B0068CBS2I,Is a blue floral print button down shirt,is lighter in color and is busier
shirt,train,shirt_train_01669,B009W9NEJ4,B0082HCOD4,is white and without the USA flag,is white with blue logo
shirt,train,shirt_train_01670,B00E3DI886,B008EU9ILU,has no words and is cream in color,is yellow with solid colors and same logo.
shirt,train,shirt_train_01671,B005UAGAFO,B005UAG8L0,is a long sleeve tee,has long sleeves
shirt,train,shirt_train_01673,B006P67QKA,B007F9OB6S,is white t shirt with blue sleeves.,is blue and white colored short sleeve
shirt,train,shirt_train_01674,B00144810W,B001LNO6QE,has two white and black striped colors,is black with two white stripes
shirt,train,shirt_train_01675,B006G8DQBU,B0045VJ9GQ,has different graphics,different logo
shirt,train,shirt_train_01676,B009B1C6OM,B00BXDTB4O,is white with autographs on it,has a white background with writing
shirt,train,shirt_train_01677,B007QZWLK4,B007QZWM4E,The shirts are exactly the same.,is the same
shirt,train,shirt_train_01678,B001MX75FC,B00DNGYYNM,is turtle green,is green with yellow logo
shirt,train,shirt_train_01679,B005KGPGTY,B00520DX7K,green and longer,is lighter
shirt,train,shirt_train_01680,B004QT6MDU,B004XW0EUM,is black,is darker
shirt,train,shirt_train_01681,B005M07UH4,B0052KG3H2,The shirt is white in color.,is white with a tiny logo on shoulder
shirt,train,shirt_train_01682,B008R35IFY,B005M2CMHA, blue and black.,has longer sleeves
shirt,train,shirt_train_01683,B00179BB06,B00EZFUDF8,is darker in color,is darker
shirt,train,shirt_train_01684,B007AWFPUQ,B004OP0LXI,Is less of a logo,is darker
shirt,train,shirt_train_01685,B008UWVCC0,B003FJ74KC,is more feminine,it is pink
shirt,train,shirt_train_01686,B00C2O3WU2,B00DVW61T8,its for the specific hotsauce,has more red
shirt,train,shirt_train_01687,B00BSN3M7Q,B004UPA2X6,is a light colored short sleeve shirt,is light blue and has white button
shirt,train,shirt_train_01688,B0056900F0,B0060NZ8IA,has longer sleeves,Desired item has long sleeves and is green plaid
shirt,train,shirt_train_01689,B008S6GGUQ,B0076T0Y3Q,is blue in color,is brighter in color
shirt,train,shirt_train_01690,B009E4Z27Y,B005B64AYA,is more floral,is less formal with short sleeves
shirt,train,shirt_train_01691,B00EQ6BVR0,B00EOXD1BY,is dark blue in color with an image of octopus,is blue with green logo
shirt,train,shirt_train_01692,B001YHEJVY,B001F272GW,has longer sleeves and supports a different athlete,has shorter sleeves
shirt,train,shirt_train_01693,B00C40WCGE,B00BI3AG66,is lighter with long sleeves,A solid white long sleeved shirt
shirt,train,shirt_train_01694,B004FKEDOA,B0079K1WJW,has shorter sleeves,has shorter sleeves and a different graphic
shirt,train,shirt_train_01695,B00AZH1TKS,B006W28LU6,is grey with a chest emblem,is black and has smaller graphics
shirt,train,shirt_train_01696,B007UMCHM0,B007SG3L64,is lighter and has a different graphic,is lighter
shirt,train,shirt_train_01697,B005TIM05Q,B007GC01RM,is black with buttons on them,is a dark short sleeved button up
shirt,train,shirt_train_01698,B007GC0MJ4,B00CBA4IE6,is black with words,is darker coloured
shirt,train,shirt_train_01699,B007Y8JI5O,B003XWFF8E,Has a lighter color and a very realistic print,is white with a grey person on it
shirt,train,shirt_train_01700,B00GMCQIJ2,B00BHN6A3U,The shirt is gray in color.,is a solid darker color
shirt,train,shirt_train_01701,B008V9YHSS,B00A8D0TZU,Is black and has a pattern,is darker
shirt,train,shirt_train_01702,B003IAWKR0,B004ZC6UWG,is black and more open sleeves,is darker
shirt,train,shirt_train_01703,B009DEHS0Y,B007LCOWZO,is solid black with no pocket,is more formal
shirt,train,shirt_train_01704,B0099DGE1I,B007W58N96,is more childish,has a brighter logo
shirt,train,shirt_train_01705,B0059EUYLW,B0090KCC0W,is a short sleeve button up,has shorter sleeves
shirt,train,shirt_train_01706,B009ERTQNC,B008DJEEL6,Is a black Halo 4 tee shirt,is darker and more colorful
shirt,train,shirt_train_01707,B0088B47W0,B005BNMZ40,is darker,is darker
shirt,train,shirt_train_01708,B006981B64,B003V687LO,is blue and has longer sleeves,A bright blue with long sleeves white/black pattern
shirt,train,shirt_train_01709,B0052W8M0G,B004TLUCAE,Is more whimsical and colorful,has more designs and colors
shirt,train,shirt_train_01710,B00BUTECOU,B004KU5Y0W,a short sleeved striped tee,has a different picture on it and shorter sleeves
shirt,train,shirt_train_01712,B001MX75FC,B006I8VBUQ,is yellow with green writing,is lighter yellow
shirt,train,shirt_train_01713,B006TG7TZI,B006VWVEW4,Has a sexier graphic,Is more feminine
shirt,train,shirt_train_01714,B003ISQR1W,B002NBKMTI,is a light green shirt with a logo,is a darker green
shirt,train,shirt_train_01715,B00AQJOVA0,B00AQJQ1P8,Is slightly smaller,says 1963 instead of 1953
shirt,train,shirt_train_01716,B004NFR8AS,B005NKERS8,is a blue shirt with a pink octopus,Desired item is blue with pink octopus
shirt,train,shirt_train_01718,B00B2LXTQI,B007C4VNHG,is white and has a different sayin,is lighter
shirt,train,shirt_train_01719,B009OFP7OQ,B005KP42DQ,has brighter color and is more muted,is a light blue plaid
shirt,train,shirt_train_01720,B00BPPKH2K,B00C87EGQC,is more light colored and imaged,Desired item is white and contains Leonardo Davinci's Man
shirt,train,shirt_train_01721,B005AQSQUA,B004S9ANQK,a blue tee shirt with logo,is more colorful
shirt,train,shirt_train_01722,B00544E5J4,B007XT7TOQ,has a lighter color and depicts a skull,is whiter
shirt,train,shirt_train_01723,B005LCN144,B00B8QYI2G,has a plain green color,is green colored
shirt,train,shirt_train_01724,B00E7VM9IY,B001RMHIV4,is black wit red,has longer sleeves and a crew neck
shirt,train,shirt_train_01725,B008G04ZUC,B00BZY4MW2,is white colored with round neck,is a printed t shirt with no collar
shirt,train,shirt_train_01726,B008E4KF9A,B000H6JHLK,has vertical stripes and long sleeves,is long sleeved and pin striped
shirt,train,shirt_train_01727,B00BI5VX0W,B00861OHZY,Is a red and blue checked shirt.,is checked pattern
shirt,train,shirt_train_01728,B004ZFHP2W,B004ZFHW7K,Is blue,is blue
shirt,train,shirt_train_01729,B008RJTE1M,B00BF8XJU4,is yellow and have 'Finest' written in center,is yellow and more stylish
shirt,train,shirt_train_01730,B00428LL9U,B0042L6WSC,is a short sleeve black shirt,has a v-neck
shirt,train,shirt_train_01731,B009CVVMM8,B005TF5U9M,is less serious and more vertical,is darker
shirt,train,shirt_train_01732,B00601UWOC,B008GS1BB0,is checked blue,is navy and blue checked and is more formal
shirt,train,shirt_train_01733,B00CLIV8C8,B00CN6GN7S,is a short sleeved shirt with gray art,it has larger whire Superman imprint.
shirt,train,shirt_train_01734,B006NCPW5M,B00A5H5RCO,is darker,is black and has an image of a lady
shirt,train,shirt_train_01735,B007X4B1SG,B007YQ0PE4,is a blue button down shirt,is darker with more blue
shirt,train,shirt_train_01736,B000QWY558,B001DTHTZG,is mauve colored and large graphic print,is more purple and has a red and blue graphic
shirt,train,shirt_train_01737,B004ON6FEO,B0021AF6YM,is a grey sports shoe,is a sneaker not a shirt
shirt,train,shirt_train_01738,B005DIG38M,B002JANYCU,is a half button up,is dark green in color
shirt,train,shirt_train_01739,B004O7GBCG,B0085MHP9O,is more plain,is red colored
shirt,train,shirt_train_01742,B007Q3SMJU,B00ETFMGR2,Is less casuall and more structured,is a black and white checkered button up shirt
shirt,train,shirt_train_01743,B008NRUNU4,B0052F3JSS,has no sleeves with creepy skulls,is sleeveless and has skull image
shirt,train,shirt_train_01744,B008OCG1ZY,B008RW3JPQ,Is more casual and has more stripes,is a polo styled shirt with more red and blue
shirt,train,shirt_train_01745,B0090LJW40,B00906BR0C,is grey with colorful writing on it,is gray
shirt,train,shirt_train_01746,B00AKQHPGG,B008J0W7IQ,is black and has buttons,is solid black with a collar
shirt,train,shirt_train_01747,B00CB3CU9S,B008SC1S4Y,is red with white strips on sleeves,is more colourfull
shirt,train,shirt_train_01749,B00BQ20UD8,B009ZH9O24,is black in color, black shirt with white print
shirt,train,shirt_train_01751,B00B1SY196,B006ZP5UOU,is a lighter tan color with chest logo,is lighter
shirt,train,shirt_train_01752,B008A5FWNC,B00AS13TI6,is more striped and less colorful,has black and gray stripes
shirt,train,shirt_train_01753,B002SRLGCE,B0085M2UOO,is darker with a different image,is black with white logo
shirt,train,shirt_train_01754,B00ASK8LC6,B008EIVP4A,is a T shirt with a bear wearing a crown,has a lighter colored bear
shirt,train,shirt_train_01755,B000EIUBZ2,B0081HJ8NO,has a white and black colored shirt,it has no big print
shirt,train,shirt_train_01756,B00B37OOB0,B0017WCMLA,is yellow colored,is lighter in color
shirt,train,shirt_train_01757,B00113HBRK,B000NJGSXQ,is light blue colored and plain,is navy blue and less professional
shirt,train,shirt_train_01758,B008CLTEOW,B005U87XRU,is gray color with a pattern image,has number font graphic design
shirt,train,shirt_train_01759,B003UT1VGU,B000IZRWVC,has red and yellow flames,has yellow/orange/red fire motif
shirt,train,shirt_train_01760,B007POGXSC,B007POMC8M,The shirt is green and gray plaid.,is more formal
shirt,train,shirt_train_01762,B005UAGAFO,B008RJTIQS,is red with a different neck line,is red with a smaller graphic
shirt,train,shirt_train_01763,B00BHSK680,B00AJMJS8E,Is red and has a graphic,Is red
shirt,train,shirt_train_01764,B00A8S6B20,B00C5NHCD8,has multiple patterns and is less solid,is a tank top with more red in the pattern
shirt,train,shirt_train_01765,B00BYGE7XK,B00BFTMIQY, and a collar,is lighter
shirt,train,shirt_train_01766,B0012F7FDW,B00GPOMWEW,has pockets on the side, no flag
shirt,train,shirt_train_01767,B00CALBFC4,B0058RUU00,is more colorful and has larger graphic,has more red
shirt,train,shirt_train_01768,B0071N1O1S,B003UGV3OS,is lighter,is lighter in color and a different design
shirt,train,shirt_train_01769,B00CZ6PF5W,B00C1Y69Q2,has short sleeves and a collar,Has shorter sleeves and a button collar.
shirt,train,shirt_train_01770,B00200K864,B009EQMJS2,is dark blue with long sleeves,is a jacket and denim
shirt,train,shirt_train_01771,B009K8BRSC,B007OX6T9C,Has shorter sleeves and no pattern,is short sleeves and grey.
shirt,train,shirt_train_01773,B00B8QYI6C,B005LCN144,is black with a red logo,is black colored
shirt,train,shirt_train_01774,B005LIYHD2,B0043JBKA8,is light colored,it is grey
shirt,train,shirt_train_01775,B00F63UTBG,B00FN55IL8,is more of a bag and less of a hoddie,is a hand bag and a different color
shirt,train,shirt_train_01776,B000E28TS4,B004N2IH60,Is more patriotic and black,Is black with skull and Live Free or Die on it
shirt,train,shirt_train_01777,B007BLT08Y,B0038YGSSS,is more feminine,is black and has lettering on front
shirt,train,shirt_train_01778,B008P8XODE,B000BNSF3K,is darker colored with lighter words,it is a black t-shirt with words on front
shirt,train,shirt_train_01779,B0048M1XJI,B00CN99COQ,has no sleeves with multiple stripes,is sleeveless and grey color
shirt,train,shirt_train_01780,B000G01U80,B005FRNVQ8,has no pleats around the buttons,has no bow tie
shirt,train,shirt_train_01781,B005TVW5ZS,B009EYJOH8,Is more animal-like with the graphic,is more faded
shirt,train,shirt_train_01782,B00C3GQEJU,B003OBAUVG,is a black collar shirt,is shorter
shirt,train,shirt_train_01783,B00641RU5C,B00641RU1Q,is the same,is the same exact shirt
shirt,train,shirt_train_01784,B00EYM61CQ,B002LLNU30,has letters and a flag,is black with an English flag on front
shirt,train,shirt_train_01785,B007ZNLL8A,B00BWCMOOA,has a larger graphic,is black with a different neckline
shirt,train,shirt_train_01786,B00EVBITCU,B0075VVV5K, more realistic graphic,is blue and has a different logo
shirt,train,shirt_train_01787,B00GXYWLOK,B008HWCKHO,is larger in size,It is grey and has a simple design
shirt,train,shirt_train_01788,B006O4SUOY,B0085HCBJI,is darker and has longer sleeves,is more formal with long sleeves
shirt,train,shirt_train_01789,B009PTERJW,B00CBS3GE6,A long sleeved black lord of the rings shirt,has longer sleeves
shirt,train,shirt_train_01790,B00GPOMWEW,B00143RNKM,has shorter sleeves.,It has just one pocket and short sleeve
shirt,train,shirt_train_01791,B0072YG09M,B0072ZHVRG,is green and reads got beagle?,is brighter and has words got Beagle? on it
shirt,train,shirt_train_01792,B005TS2F2Y,B003WXBXCQ,is darker,is a brown tshirt
shirt,train,shirt_train_01793,B007BKEI00,B007BKG72W,Is blue and patterned,is checker patterned
shirt,train,shirt_train_01794,B003FWJOD4,B0052RS5GC,is black with gray,has more graphics on it
shirt,train,shirt_train_01795,B0079081AK,B0099TZK2Q,has less colors and no stripes, and no stripes
shirt,train,shirt_train_01796,B007X5Q9W8,B00CXYB9GK,is tighter fitting and monochrome,is a dr pepper tshirt
shirt,train,shirt_train_01797,B005KN1IH6,B005KN1LL4,is more royal,is darker
shirt,train,shirt_train_01798,B0089YE35C,B005LXJ2BO,The shirt is red with Sheldon., has yellow detail on front
shirt,train,shirt_train_01799,B007XFHHKG,B008RB47BW,is darker,black color
shirt,train,shirt_train_01800,B009E4Z27Y,B004H7REOM,has shorter sleeves and is more a polo,is more solid colored
shirt,train,shirt_train_01801,B0072Z1QDG,B00DHJHJ2I,is red colored with more text,is more red colored
shirt,train,shirt_train_01802,B008FQID6E,B008001MW2,has bolder stripes and is more fitted,is colorful with stripes
shirt,train,shirt_train_01803,B0062NIADS,B007UH6UDW,is brown,is purple
shirt,train,shirt_train_01804,B0089NWGCU,B00809UV9I,is a lighter color and has a collar,is lighter
shirt,train,shirt_train_01805,B00CN6GN7S,B001YITA12,is more colorful,is black with red logo
shirt,train,shirt_train_01806,B00CAL7JFG,B003X39B9M,is a pale yellow fitted t shirt,is lighter
shirt,train,shirt_train_01807,B004BH9EUU,B0085M5E06,is gray with black wording,is darker
shirt,train,shirt_train_01808,B009XGSCXE,B00CORO39G,is green with white and blue words,has a v neck and a different color
shirt,train,shirt_train_01809,B00AWUP3T6,B0055HUK30,has a comic book art in the bottom right corner,is darker and not animal-like
shirt,train,shirt_train_01810,B002BFBYFC,B005H4C12Y,is solid black,is black in color
shirt,train,shirt_train_01811,B00BFX64F6,B00AJWOW9E,is more green,is turquoise and green
shirt,train,shirt_train_01812,B007V357IE,B0038G0ZZS,is more abstract and less childish,is lighter
shirt,train,shirt_train_01813,B00BQKC8AI,B00B9I3JCS,is gray,is gray and bold
shirt,train,shirt_train_01814,B003ABW5N6,B000JTAOKS,is more faded,is gray and seal team
shirt,train,shirt_train_01815,B003ZH9U2E,B003ZH9TT8, buttoned down shirt,is white and less shiny
shirt,train,shirt_train_01816,B000VCQ1Y6,B00C3LZNDS,is gray colored,is lighter
shirt,train,shirt_train_01817,B00C7IQSJ0,B005LA5USQ,is striped,has black
shirt,train,shirt_train_01818,B000KD3X5G,B0046DL81W,is a black colored shirt with the X-Men image,has the design on the shirt but a different drawing.
shirt,train,shirt_train_01819,B0088NZ5EW,B0088OI49O,is black with a blue skull,has different blue image
shirt,train,shirt_train_01820,B00AAVMMU0,B0057V6ZBU,Is more grey and has a logo,is lighter and has no stripes
shirt,train,shirt_train_01821,B000VTFGRW,B002827628,The shirt is black in color with white writing.,A brown t shirt with white JEDI on front
shirt,train,shirt_train_01822,B0056UZTXW,B00154CI50,is a shirt and is green,is a graphic tee shirt
shirt,train,shirt_train_01823,B002LSIEW0,B003JZCR3G,black with smaller simpler graphic,Desired item is black with multi-color insignia on chest
shirt,train,shirt_train_01824,B001VSWW5G,B001TETMC8,has larger graphics,Has a darker colored emblem
shirt,train,shirt_train_01825,B007TJ2QG6,B00403MI9E,is black with yellow lettering,is a darker color and a yellow logo
shirt,train,shirt_train_01826,B009K4O1QQ,B004V63RK4,is more western,is made of denim
shirt,train,shirt_train_01827,B0034XRB52,B00CQA47YW,is dark blue,is dark blue
shirt,train,shirt_train_01828,B009KNXJA6,B009ZWENIY,black color and whit graphic print,is a black shirt
shirt,train,shirt_train_01829,B00A8QUX26,B00AZH3XVQ,is dark brown in color with logo in center,is darker
shirt,train,shirt_train_01830,B006ZZOASM,B000JZ1WWG,is scary,has a picture of a snake and is more brown
shirt,train,shirt_train_01831,B001G0K9JA,B0015G9X6U,a dark colored tee shirt with a large human graphic,is darker
shirt,train,shirt_train_01832,B00D20E8IK,B003L2EWGW,is more pastel and less sporty,is more girly
shirt,train,shirt_train_01833,B003XEFOTW,B005VLZQW0,sleeveless and striped with a pocket,is a sleeveless white and gray shirt with a black pocket
shirt,train,shirt_train_01834,B005TF7NPQ,B007E6AE5E,is lighter and has a different graphic,has large logo and is green color
shirt,train,shirt_train_01835,B008H7OWUC,B006FPJ0DW,had got whitefish written on it,is faded
shirt,train,shirt_train_01836,B0072D8LV8,B002VY564I,has a darker color with animals on it,is darker and more outgoing
shirt,train,shirt_train_01837,B003BSQKZC,B00AYYXW3E,Has a red color blue,is red
shirt,train,shirt_train_01838,B00475Q2HO,B003KJMYBG,has a graphic design on front and is much darker,is a dark color with a more simple graphic
shirt,train,shirt_train_01839,B0078BHI4A,B006FYKTEM,has longer sleeves,is long sleeves and is solid navy blue
shirt,train,shirt_train_01842,B000OH2R5A,B003CM79X4,is black in color,is green
shirt,train,shirt_train_01843,B006L11CCC,B00916O4I8,is white with black writing,is lighter
shirt,train,shirt_train_01844,B006JV1CJW,B00AWKEML6,Is more blue,does not have a collar or buttons
shirt,train,shirt_train_01845,B00BV2QC2Q,B00BV2Q61S,is black with grey accents,black button up work shirt.
shirt,train,shirt_train_01846,B000BPZ75W,B00DCZDI5O,is a short sleeve pink shirt with an owl,is a romper suit in pink
shirt,train,shirt_train_01847,B0042AOWMG,B008S95U96,does not have a design and has longer sleeves,has long sleeves
shirt,train,shirt_train_01848,B0040H78MM,B000T9IGBM,Has shorter sleeves, white letters
shirt,train,shirt_train_01849,B00AHWB8XE,B007GLK6EG,is large and white,is lighter
shirt,train,shirt_train_01850,B008NRAOG2,B005LQKOZY,Has a different image of an animated character.,is white with yellow and orange lettering
shirt,train,shirt_train_01851,B004FLKWYO,B008P8A1F8,is more casual and is wordier,A red t-shirt with letters across the front
shirt,train,shirt_train_01852,B00GB7KVPA,B005GB8A14,has bad meets evil written on it,has less color
shirt,train,shirt_train_01853,B009LJ1UOQ,B00313J2MU,is equally stripped,has different stripes
shirt,train,shirt_train_01854,B008FZP0SY,B00CZECGZ6,is a grey and white striped tank top,has stripes
shirt,train,shirt_train_01855,B0085ONW8A,B00725A8WG,a sporty dark colored top with a slogan and a grapic,darker black color to it
shirt,train,shirt_train_01856,B0089R0HT0,B00DKR6SZ6,is black with writing on it, collared
shirt,train,shirt_train_01858,B00BI399PK,B00BF6L7SM,is darker,is colored purple
shirt,train,shirt_train_01859,B004M203WW,B009XCBO3I,is white colored and has v-neck,Same but white
shirt,train,shirt_train_01860,B009POI1FI,B009POHREE,has colorful design,has a different logo
shirt,train,shirt_train_01861,B005SJAY4A,B002T1TCHU,has i love Sookie written on it,has less words
shirt,train,shirt_train_01864,B006JAQMAC,B001UHMZ0U,is orange with snoopy, and is blue colored
shirt,train,shirt_train_01865,B009SDGLXU,B009SDBL4Y,is smaller,has larger font and more sporty
shirt,train,shirt_train_01866,B0046W0A6W,B0089OE4CO,has a similar color but a plain color with a text print,is darker purple with red heart
shirt,train,shirt_train_01867,B005X2QKV8,B003VQ82VO,is white and says ARMY,is lighter and more vintage
shirt,train,shirt_train_01868,B007019J5Y,B00771LZQ8,is black with white stripes on sleeves.,is lighter
shirt,train,shirt_train_01869,B0036XOGAI,B0036XJM48,is more of a cotton than knit,buttons up all the way
shirt,train,shirt_train_01870,B003HC7U06,B0041RQSRC,is a red black and white flannel shirt,is western and has longer sleeves
shirt,train,shirt_train_01871,B0077SBNJK,B00BVPNSSE,has a snake print,green with bird design
shirt,train,shirt_train_01872,B008O6JDLY,B000FID7XE,is nurse clothing in green and blue,is less adolescent and more professional
shirt,train,shirt_train_01873,B00AY9NO00,B009ERMTXG,is similar but grey in color,has more gray and has a lighter logo
shirt,train,shirt_train_01874,B009ZYVKCY,B004LTN8P0,is more of a cartoon,has a design of a tan colored bear.
shirt,train,shirt_train_01875,B007VYMQJ6,B001XD07TM,has no sleeves with army pattern,has no sleeve and is tank color
shirt,train,shirt_train_01876,B0085B7Q62,B001QTHBQ0,has longer sleeves,it is a darker color
shirt,train,shirt_train_01877,B009JT22IQ,B004J8KXD8,is yellow with a center logo,is yellow
shirt,train,shirt_train_01878,B00CUU26PA,B002ESO38Q,has a collar and is lighter,is white with buttons
shirt,train,shirt_train_01879,B003NZV31Y,B003WU12UM,has a darker color and a different print,It is more black and less colorful
shirt,train,shirt_train_01880,B0017PMCXU,B003X8YA6Q,is a black short sleeved button shirt with a harley in it,Is darker in color
shirt,train,shirt_train_01881,B007B8RQYW,B009F7OY2E,is lighter and has longer sleeves,is white and black color with 3/4 sleeves
shirt,train,shirt_train_01882,B00CJ2097G,B00528H76U,A dark tee shirt with a polo logo on it, has no buttons
shirt,train,shirt_train_01883,B0044R8CG4,B00CBP7GZY,is white with blue and red designs,is lighter
shirt,train,shirt_train_01884,B00F0SLLM8,B00GSA0BLO,has a different graphic,has a grey background
shirt,train,shirt_train_01885,B008XOCRS8,B008XOCOKY,is white and pink.,is whiter
shirt,train,shirt_train_01886,B004HEXDOU,B000N9Y2WA,is brown with a moose on it,is darker
shirt,train,shirt_train_01887,B007R1ERLS,B00B1P39OC,is brown colored with a u shaped neck,has a large graphic on it
shirt,train,shirt_train_01888,B002CMLPMG,B007RTO5NK,Is more logo than shirt,is bold and has no collar
shirt,train,shirt_train_01889,B005YUVIWA,B003BR4ALY,is orange with long sleeves,is vibrant red and long sleeves
shirt,train,shirt_train_01890,B008T3VZ86,B00C4OTH04,is black with a more graphic logo,A black shirt with Iron Man lettering
shirt,train,shirt_train_01891,B002SKELD2,B002673R1Y,has a plain white logo,has a different graphic
shirt,train,shirt_train_01892,B00CD8NFSQ,B008K6EEXA,is black with a different logo,has a skull graphic and is more black
shirt,train,shirt_train_01893,B0007T2N1I,B00030NOEQ,has larger graphic and is darker,is darker in color
shirt,train,shirt_train_01894,B003BOSL0I,B003D9XOZI,has blue designs,has a blue design on front
shirt,train,shirt_train_01895,B00451HQAM,B003RORNB0,Has longer sleeves and a pattern,has longer sleeves and is less weekend
shirt,train,shirt_train_01896,B004W9UMB2,B00BMM9LDM,Is more yellow,lighter black  dance dad logo
shirt,train,shirt_train_01897,B00CMUXKB2,B0079NDWYM,is a grey change takes time 2012 T shirt,has more words on it
shirt,train,shirt_train_01898,B00ET9JJBE,B00EF487X4,is black with white words,Is shorter sleeves
shirt,train,shirt_train_01899,B001DIQ05C,B001DGFHFS,is more darker and plain,is black
shirt,train,shirt_train_01900,B00C7VGFN6,B007TGIAF0,is darker,is black with blue image
shirt,train,shirt_train_01901,B007I77LNC,B007I77LM8,is exactly what you provided,is the same exact product
shirt,train,shirt_train_01902,B0099WUKVE,B00CPKYY6E,is a lighter color,is brown with black and blue stripes
shirt,train,shirt_train_01903,B005AQSQUA,B004YBC49G, and has short sleeves,has larger graphics and more fun
shirt,train,shirt_train_01904,B000T0A5BK,B004QDNC7K,is green with different words,is brighter in color
shirt,train,shirt_train_01905,B00E6AL4AU,B00AGIYI1I,Has buttons and a collar,is a polo
shirt,train,shirt_train_01906,B00EOU6HZY,B005UGJXVQ,is red with birds,has a different logo
shirt,train,shirt_train_01907,B007RBBUPY,B007RMOCH6,The jacket is red and blue plaid.,is darker and heavier
shirt,train,shirt_train_01908,B00BQW6MX0,B00AX309Y6, less buttons and more salmon,is striped and multi-colored with short sleeves
shirt,train,shirt_train_01909,B000VTMALC,B001RNO34S,has a different graphic on the front,is slimmer with Foo Fighters on front
shirt,train,shirt_train_01910,B003LR18SW,B00B4MCZOC,has image of buses,has a smaller design
shirt,train,shirt_train_01911,B00D6YWMGW,B000M9FZJK,is a white tshirt,is a t shirt with a tiger on it
shirt,train,shirt_train_01913,B00436G89Y,B0049U3VK8,Is less dark and less monochromatic,Same design but is white and tan.
shirt,train,shirt_train_01914,B003YLYM5G,B000R92408,Is blue and monochromatic,It has a dark color and it is plain
shirt,train,shirt_train_01915,B004C4YOC0,B0030J396U,Is darker with a different graphic,is black and has color painting
shirt,train,shirt_train_01917,B00A8PEEGI,B00A7C9UNY,is black with long sleeves,is black with long sleeves
shirt,train,shirt_train_01918,B0000ANHQJ,B005MQU9H6,is more graphic and has narrower shoulders,is white with big logo
shirt,train,shirt_train_01919,B009EWFGV8,B00AECXEJI,has a short sleeve blue color with a logo,is a royal blue shirt with red print
shirt,train,shirt_train_01920,B004HHO1MA,B004J8HH9Q,is more official,has a portion of button up and a collar.
shirt,train,shirt_train_01921,B000OL9Z38,B0073PS7YQ,is lighter in color,is white with black lettering
shirt,train,shirt_train_01922,B005NUFVGK,B000XB7NT2,ia a collared shirt with a purple tie,is light blue and has long sleeve
shirt,train,shirt_train_01923,B004JGIWKQ,B007VYSQC2,Black with greyscale popeye graphic,is darker
shirt,train,shirt_train_01924,B006TEAS9E,B00AP61D2I,is pale blue,is sleeveless and light blue
shirt,train,shirt_train_01925,B004ZFHNU6,B007DIXSVU,is black with pink designs,is dark blue with pink logo
shirt,train,shirt_train_01926,B000VT8VLU,B002SBZMSE,has a different graphic and less words,has glasses and no words
shirt,train,shirt_train_01927,B004MYFQX6,B00BWB6SMU,is more darker and more minimal,darker colored with cartoon graphics instead of superhero
shirt,train,shirt_train_01928,B005G5XAP6,B002G4IN5M,more floral and detailed,has a design
shirt,train,shirt_train_01929,B006ESJOHM,B000NK06J2,is darker and more formal,Is black
shirt,train,shirt_train_01930,B001GXJZCO,B0017MNTNK,The shirt is blue in color.,is darker
shirt,train,shirt_train_01931,B007OV6ID6,B00CN6Y672,Is more edgy and has a more colorful decal,has more colour on the picture
shirt,train,shirt_train_01932,B007KPX2EE,B00CHNSX20,is white with red letters,is lighter
shirt,train,shirt_train_01933,B00C6EU1TS,B00FDW5FFA,is black and has a ribcage skeleton and a baby skeleton,has a much whiter graphic on front
shirt,train,shirt_train_01934,B001EOMYXM,B009LVJI5M,has a childish design,is more pac man
shirt,train,shirt_train_01935,B007VYQNKO,B001CX1M7Y,a black tee with picture,has a yellow cowbell on the front
shirt,train,shirt_train_01936,B008AFYA6W,B0085O3Y9M,has longer sleeves,does not have cuffed sleeves
shirt,train,shirt_train_01937,B00CQC7DFK,B008P7BXCY,is dark blue with stripes and less buttons,is black and white with longer sleeves
shirt,train,shirt_train_01938,B002DBJ8H0,B0086ZNW92,is light blue,is solid colored
shirt,train,shirt_train_01939,B000X98INE,B0040U8I1Y,its just balck t shirt with red print on it,black with red.
shirt,train,shirt_train_01940,B00884S1F6,B005C91I4G,is more stylish, has a hood
shirt,train,shirt_train_01941,B004V90HCC,B003UT1KQ6,Is more green,is solid green
shirt,train,shirt_train_01942,B0090WXJ02,B00AM0CY48,is more darker and has image in center,is more scary and has a bolder graphic
shirt,train,shirt_train_01943,B008RJTJ4O,B008RJTE1M,darker blue and a large center logo,is darker
shirt,train,shirt_train_01944,B005OCB1ZW,B0067OM7AO,Lighter and promote video game,is slightly lighter
shirt,train,shirt_train_01945,B004MNM8SI,B0040ZZQ00,is black with a graphic,has a vehicle on the front
shirt,train,shirt_train_01946,B0036V0TKQ,B0036V8O4Y,has more frogs and less lizard,is darker
shirt,train,shirt_train_01947,B002OFJPEQ,B009Q7WOW0,has 'Guatever' lettering,has a single word with no artwork
shirt,train,shirt_train_01948,B008K19X5E,B008K1ABRS,is gray with small designs,is much lighter in color
shirt,train,shirt_train_01949,B001WAL2I6,B0092PB6TI,is black with text in white,is darker with more text
shirt,train,shirt_train_01950,B003NH023M,B000RO0X0Q,is navy blue with white words,is blue and white
shirt,train,shirt_train_01951,B005BUKC6Q,B005BUKHVG,has a skull on it,has grey stripes on front
shirt,train,shirt_train_01952,B003WEQN2A,B001J1T9HY,is a long sleeve gray shirt,has long sleeves
shirt,train,shirt_train_01953,B0084NYTJS,B0084NYPI8,is a light gray work shirt with a red tie,It is stripped and grey
shirt,train,shirt_train_01954,B003CF9ZGK,B009A5656E,is more colorful,It has more than one color
shirt,train,shirt_train_01955,B005H29FEI,B00AF5KE06,is black and TMNT logo,is blue with green lettering
shirt,train,shirt_train_01956,B001SERVBS,B003HDHADC,darker colored and small graphic print,Has no graphic on tee
shirt,train,shirt_train_01957,B004OWHLX4,B009OZRX98,is a polo shirt and cream in color,is lighter and has shorter sleeves
shirt,train,shirt_train_01958,B009DB63IU,B0096D77QW,is black in color,is darker
shirt,train,shirt_train_01959,B000URDERO,B006IXFD14,Is more yellow and black,is more colorful
shirt,train,shirt_train_01960,B000YHGVPM,B000IO8RTE,Is a cream color striped polo,has more stripes
shirt,train,shirt_train_01961,B00CB31WRO,B00C2ETKUI,has different word print,is plain
shirt,train,shirt_train_01962,B0012FT72E,B001K3OBGK,is green and long sleeves with no button,is darker and has longer sleeves
shirt,train,shirt_train_01963,B003F6M018,B0071N1O1S,is lighter,is lighter
shirt,train,shirt_train_01964,B008S5ESMK,B009GFN2E6,Has a gradient that is lighter on the bottom and a pocket.,is black white and gray with a pocket
shirt,train,shirt_train_01965,B00DZLHC2A,B002V5RQXQ,has a collared neck and more flamboyant graphics,is darker
shirt,train,shirt_train_01966,B008B5H856,B001DXPY0O,is white with red stripes,has more stripes
shirt,train,shirt_train_01967,B00DQBRF3A,B00C45C39A,is black,is a black D.A.D.D. t-shirt
shirt,train,shirt_train_01968,B000W119J8,B000VZK8SI,is darker,is black and less pocketed
shirt,train,shirt_train_01969,B007KX2MEM,B0075BEDFK,is orange with a black and white logo,Is yellow
shirt,train,shirt_train_01970,B003L217MO,B004SSCVNE,is a darker color,is blue
shirt,train,shirt_train_01971,B00DGWUN7O,B0093T7T1W,Is a black long sleeve polo with white logo,has longer sleeves and is all black
shirt,train,shirt_train_01972,B009LIZDMC,B008002NE8,Is white,lighter in color
shirt,train,shirt_train_01973,B0002JUWE8,B001J6X66O,has shorter sleeves with art in the middle,Is black and blue short sleeves
shirt,train,shirt_train_01974,B00AK8OFB2,B008LCC7SC,is solid black with no logo,is black with a v neck
shirt,train,shirt_train_01975,B00501ATAA,B001WAL3KI,is black with red lips,has more red in its design
shirt,train,shirt_train_01976,B00A6AUKPE,B003YU1RX2,is blue and different graffic,is blue with homer simpson hilarious
shirt,train,shirt_train_01977,B00B3NPGVG,B004W2MPVE,is a darker color with a simple graphic in one color,is darker and has simpler graphics
shirt,train,shirt_train_01978,B0070EIHKY,B009LJ1ANW,is lighter,Desired item is white with a lower neck
shirt,train,shirt_train_01979,B002XOI4TU,B00DUW3YW6,is black colored with a big image,has more animals on it
shirt,train,shirt_train_01980,B00DZYRJH0,B00G0509T6, smaller,is more colorful
shirt,train,shirt_train_01981,B0095ODAU4,B00FQPZ1IK,is more colorful,is green and more masculine
shirt,train,shirt_train_01982,B008H7OWUC,B006YZTCQ8,has a smaller slogan,says yaris
shirt,train,shirt_train_01983,B00AK46L72,B00AK47NDS,is gray with red designs,it is grey with red print
shirt,train,shirt_train_01984,B001NA99U8,B007NDJSNM,Is red and has shorter sleeves,is red and black with short sleeves
shirt,train,shirt_train_01985,B00D417S4S,B007CPH53Q,Has no buttons and is more fitted,is darker
shirt,train,shirt_train_01986,B0086QCB4S,B00A0LJU7I,The shirt is black with John Lennon.,is black with image
shirt,train,shirt_train_01987,B00AYQQ7F2,B007A6RT1U,has a collared neckline and is more formal,is striped with longer sleeves
shirt,train,shirt_train_01988,B007OV6ID6,B007MB2OAE,is similar with a different graphic,has a different picture
shirt,train,shirt_train_01989,B005VM0QGU,B00AK44426,has sleeves and is striped,has longer sleeves
shirt,train,shirt_train_01990,B00B9HHADS,B003V5CVH6,is a grey T-Shirt,Desired item is a dark blue tank top
shirt,train,shirt_train_01991,B00E3633SS,B0041YKY3Y,is not as good,is more plain and less stylish
shirt,train,shirt_train_01992,B00430B69M,B00430B6PQ,none,is grey and more sporty
shirt,train,shirt_train_01993,B00EOVW8II,B002IFBV1C,is white with animated cats,has cute kittens and lettering
shirt,train,shirt_train_01994,B009PHDUZQ,B001ENMX0M,is the same,is exactly the same
shirt,train,shirt_train_01996,B003JDL38I,B004JHJRCC,is much more pink,It is more pink and more cartoon
shirt,train,shirt_train_01997,B007TBVK84,B00EUI11UQ,is army style tight sleeved shirt,Desired item is grey and looks distressed or velvet
shirt,train,shirt_train_01998,B003H8JPDK,B0002LMCYE,is smaller in size and green in color,is more green
shirt,train,shirt_train_01999,B009FW7LG0,B009FW6NVE,has no stripes and is burgundy,Is crimson and more fitted
shirt,train,shirt_train_02000,B0010ED49Y,B001H0F5RA,has no sleeves and black color,is a black no sleeves shirt.
shirt,train,shirt_train_02002,B001KVXV0O,B00GNIJFFO,has a darker color and longer sleeves.,is black with long sleeves
shirt,train,shirt_train_02003,B005GYFD7U,B00AOJI1CG,has short sleeves with buttons all through the front,is a full button up short sleeved shirt.
shirt,train,shirt_train_02004,B005DZK3WW,B00BEUDWYG,is lighter colored,is lighter colored
shirt,train,shirt_train_02005,B00A3RZV86,B007HYYWSI,has no sleeves with a western style and a darker color,is more shiny
shirt,train,shirt_train_02006,B007VYMQJ6,B004WO41OG,has longer sleeves,is long sleeved and plaid
shirt,train,shirt_train_02008,B008F4SAJG,B0072D7QLE,is green in color,is greener with a frog
shirt,train,shirt_train_02010,B009ENSP9W,B0052WRVV2,has longer sleeves is red and a white logo,is red with long sleeves
shirt,train,shirt_train_02011,B0084ZXZ0U,B00B5RXUJA,is a black v-neck,is a body hugging short sleeved black v-neck tee
shirt,train,shirt_train_02012,B00434IT8Y,B006W969JO,is darker in color,is dark blue
shirt,train,shirt_train_02013,B001M0MZCS,B001ANYXTU,Is more grey,is darker in color
shirt,train,shirt_train_02014,B0016A1JEY,B00DWGUI3S,looks more faded,is lighter and more stylish
shirt,train,shirt_train_02015,B001HT27C2,B009ETVF4S,is lighter and has a different graphic,is lighter in color
shirt,train,shirt_train_02016,B00AJZLWDU,B00AJLIZQQ,has a collar and is blue,is blue with red logo
shirt,train,shirt_train_02017,B00802YKLK,B00802Y2EA,is sleeveless with stripes,has shorter sleeves
shirt,train,shirt_train_02018,B0014JYKA2,B00B80RDW4,is blue in color,blue mens v neck
shirt,train,shirt_train_02019,B00BI3AG66,B00C40WCGE,is blue in color with short sleeves,is more colorufl with shorter sleeves
shirt,train,shirt_train_02021,B0051UOCLM,B0042L3L86,is black with a design,has a larger graphic on it
shirt,train,shirt_train_02022,B005GSVROE,B00BX88KRI,short sleeve blue polo,has shorter sleeves
shirt,train,shirt_train_02023,B009OFP5KC,B009OFP5MK,The shirt is a red and gray plaid.,is red and has less shiny
shirt,train,shirt_train_02025,B003R4ZRV8,B003R4ZH40,is lighter and a different garment,is a fitted tee
shirt,train,shirt_train_02026,B00BJOQ0F0,B00BGDDY8U,has two hands for the logo,has a different graphic
shirt,train,shirt_train_02027,B006Z8G802,B0018LHOWW,white color and short sleeved,has longer sleeves
shirt,train,shirt_train_02028,B001B2GMQ2,B001AHI5MC,is gray and a tee shirt.,has shorter sleeves and an image on the front
shirt,train,shirt_train_02029,B00BGNIIWM,B00BBSZE24,is a turquoise blue short sleeved shirt with yellow motif,Is a torquiose blue with a tiny graphic
shirt,train,shirt_train_02030,B00BMJR78G,B008LSFDFK,is sweater material,has less buttons
shirt,train,shirt_train_02031,B004U952YQ,B0094FJEEA,is red with no collar,is more colorful
shirt,train,shirt_train_02033,B0006JGX6K,B0012Q0R3G,is grey with xbox written without collars,is gray with the xbox logo
shirt,train,shirt_train_02034,B0071OU620,B0072D868G,More brown and cool,has more brown
shirt,train,shirt_train_02035,B009VIK29G,B009VPL3OM,is blue with image of mario.,is blue with a depiction of mario and luigi.
shirt,train,shirt_train_02036,B008LTLAWE,B001FUCI5E,is grey and short sleeves,has short sleeves
shirt,train,shirt_train_02037,B008DBCXN0,B008EWOR5K,The shirt is gray in color with a tiger.,has less dialogue
shirt,train,shirt_train_02038,B009EWFGV8,B0035562CM,says I use TCP/IP on it,has text only in the center.
shirt,train,shirt_train_02039,B0032JB2KI,B0036XQH28,is brown,is a brown polo
shirt,train,shirt_train_02040,B004GNU21Y,B006RI3218,is friendlier,has a person on it
shirt,train,shirt_train_02041,B00B70I1HQ,B000M50N5U,is a dark plain jacket,is black outerwear
shirt,train,shirt_train_02042,B0038JGRNO,B003AX8380,Is green and full tie dye pattern.,it is green
shirt,train,shirt_train_02043,B00FQSC0AE,B005S6YIN6,Has a pattern with no words,is lighter and graphic
shirt,train,shirt_train_02044,B000IW2C4W,B008G2QTCC,is a maroon t shirt,is red
shirt,train,shirt_train_02045,B00DSL2VPK,B00EQ22PRY,Has a sexier graphic,is black with colorful logo
shirt,train,shirt_train_02046,B008XL86GS,B005TF71F8,has a graphic design,has James dean on it in red
shirt,train,shirt_train_02047,B002O2EM4W,B000H3Z3FW,is not a piece of clothing,has more white color
shirt,train,shirt_train_02048,B004943QK4,B0094NQARG,its a long sleve and no buttons,has longer sleeves and more white
shirt,train,shirt_train_02049,B0095BJBXM,B0002SJ448,is plan and made of cotton,is less formal
shirt,train,shirt_train_02050,B004OVE1ZG,B0068DJEAA,is a dark gray long sleeve without any buttons,It is more casual and less pocketed.
shirt,train,shirt_train_02051,B00CSBH8EU,B00G8JLI0I,is a black colored shirt with art,Has red and blue motif
shirt,train,shirt_train_02052,B00BUC39JQ,B0059E67V8,is red,is red with logo at neckline
shirt,train,shirt_train_02053,B008BSWJ7U,B00CHGALOK,is checked,It is checked and has no pocket
shirt,train,shirt_train_02054,B00C7W1TA4,B00B1OE0WI,is more plain and minimal,is dark blue with a button
shirt,train,shirt_train_02055,B00175ZXUO,B004BGVRLU,is gray and faded rose,is gray with a plant life design on it
shirt,train,shirt_train_02057,B006YYO052,B0070YZUFE,is darker and has different graphics,is navy blue and has lettering
shirt,train,shirt_train_02058,B005TS2I5I,B005TS2F2Y,is darker colored,is much darker
shirt,train,shirt_train_02059,B008LZ5XNA,B007Y9HY7M,is gray with no pattern,is more formal
shirt,train,shirt_train_02060,B0009G5HTO,B000TPI06M,is grey in color,is a grey polo
shirt,train,shirt_train_02061,B004E0Z2Y6,B004V646N6,is long sleeved and button up with a collar,has buttons and a collar
shirt,train,shirt_train_02062,B009PHDU1K,B005TG0D7K,Is more  pink,has red and white text
shirt,train,shirt_train_02063,B00BGR8ZSA,B000FJ9CO6,is a floral black shirt,is darker
shirt,train,shirt_train_02064,B0001YR4FE,B00ECEQT1Y,is darker and has shorter sleeves,is black colored and has shorter sleeves
shirt,train,shirt_train_02065,B003O0N0LO,B0059DU4N6,is black with long sleeves and white buttons,Dark blue plain long-sleeve
shirt,train,shirt_train_02066,B003FCNWKU,B00AU5R2BA,is a white shirt with logo,can be worn on the upper body
shirt,train,shirt_train_02067,B00ECIBYWE,B0013EDQD0,Is less animal-like and more black,has plain black sleeves
shirt,train,shirt_train_02068,B00DY3XJNA,B009W7BOMA,has a baby dinosaur on side,is black with a white logo
shirt,train,shirt_train_02069,B004LKSXIQ,B008PEVRTG,has longer sleeves and stripes,is long sleeves and blue with stripes
shirt,train,shirt_train_02070,B003XPD2TA,B005FJQDJI,Is a camo long sleeve Zoo York shirt,is green camo and long sleeves
shirt,train,shirt_train_02071,B00A3HMCWY,B00CB3D1NW,is a black shirt that says CASH,Just says Cash on it. The provided has a different design.
shirt,train,shirt_train_02072,B001G08ZGY,B007SO0ITO,has long sleeves and is a buttoned shirt,is gray with longer sleeves
shirt,train,shirt_train_02073,B0036DE7XO,B004UQG11M,Is purple and striped with longer sleeves,is purple with white stripes
shirt,train,shirt_train_02074,B005N1AQZ0,B007YVZDYQ,The shirt is a dingy white with black lettering.,has more color
shirt,train,shirt_train_02075,B0058CL44G,B004TN7LUQ,is lighter in color with shorter sleeves,Is light grey and graphic
shirt,train,shirt_train_02076,B00DC1HAJS,B00A3X8MRW,is more symbolic and less natural,is black
shirt,train,shirt_train_02077,B00EDLXIBU,B00EH8ZQF0,The shirt is white with a Nintendo emblem.,Desired item is white picturing game controls and screen
shirt,train,shirt_train_02079,B003XFS6SW,B001B4VRTW,The shirt is black with an emblem.,has a more colorful and detailed graphic
shirt,train,shirt_train_02080,B00AMD5KNM,B005VTT6GY,has a larger graphic of a grenade on it,is more colorful
shirt,train,shirt_train_02081,B00FITWW7W,B002I6FVOY,has a hood,It is hooded and plain
shirt,train,shirt_train_02083,B007X62P20,B007F5UYAO,has short sleeves and is more casual,is gray with shorter sleeves
shirt,train,shirt_train_02084,B007CL3NVS,B009BXV0D8,Is blue with white graphic,is more colorful
shirt,train,shirt_train_02085,B0045ETXU0,B00B8ZJUXO,is white and has longer sleeves,has longer sleeves
shirt,train,shirt_train_02086,B00AAVMMU0,B002DBJ8H0,has a collar and more patterned,is a button up shirt
shirt,train,shirt_train_02087,B007P1GIOE,B003SGQW5K,is more colorful and sarcastic,is green with a cartoon character
shirt,train,shirt_train_02088,B000VTI5MA,B008IYBS6A,Is darker with cartoon graphic.,has cartoon characters and black background
shirt,train,shirt_train_02089,B006B32YJ0,B009252598,I want darker colors and a more obvious pattern.,has darker stripes
shirt,train,shirt_train_02090,B0035JMMKY,B0032MS4IS,is a short sleeved gray colored dress shirt,Solid grey short sleeved with pockets shirt
shirt,train,shirt_train_02091,B00CZE9R3K,B007JFEH26,is white with a pink and red pattern,is white and less masculine
shirt,train,shirt_train_02092,B00328HXWA,B0053VEEEY,is white with a collar,A white shirt with orange stripe
shirt,train,shirt_train_02093,B008OZPTR2,B0083WCZUU,is black with pink words,has pink writing
shirt,train,shirt_train_02094,B004FKEDOA,B007K45FA4,is darker with a different logo,is darker
shirt,train,shirt_train_02095,B0037OJCUU,B007A4I6XW,is less formal with shorter sleeves and is orange,is orange with yellow text
shirt,train,shirt_train_02097,B001713NS2,B00FUV9WLM,is more hypnotic with the aesthetic,is paisley with dark blue cuffs
shirt,train,shirt_train_02098,B002P9MFO8,B008GFVGPY,is blue with a different logo,is blue and more stylish
shirt,train,shirt_train_02099,B0084ZTZ36,B00B5PWCF0,This has pockets on the front., or sleeves
shirt,train,shirt_train_02100,B00AZWLIXQ,B008B3OIIS,The shirt is dark gray with front pockets.,Is a darker shade
shirt,train,shirt_train_02101,B0037B7LYM,B007D00MC6,is grey with a monkey,has more text on it
shirt,train,shirt_train_02102,B00BBW99WQ,B006X3TDUG,has shorter sleeves and is red,Is meant for toddlers
shirt,train,shirt_train_02103,B000VTI5MA,B00D4B2046,Is a blue photographer shirt.,is darker in color
shirt,train,shirt_train_02104,B006MLNZJ4,B002UT936Q,has no graphic design,has no graphic
shirt,train,shirt_train_02105,B007RGS8RW,B00CT0ZAXQ,is black with father and different ways to write dad,is darker in color and more words
shirt,train,shirt_train_02106,B000O8TUWM,B009ZCLOGI,this tshirt has long sleeves and fits tight,says the can on front
shirt,train,shirt_train_02108,B0096A1ML6,B00B4YHS1A,is gray with black designs,is lighter
shirt,train,shirt_train_02109,B004UKO13S,B007Q0IJ50,is darker in color,is darker colored with no pattern
shirt,train,shirt_train_02110,B007GYZOGI,B007SH28VM,is of a lighter shade of color,is lighter
shirt,train,shirt_train_02111,B005OCHEYY,B00C04DT3Y,has more logos,is a black t-shirt with nine different Mario characters
shirt,train,shirt_train_02112,B000PID7X4,B000OQGWR0,is larger in size,is lighter colored
shirt,train,shirt_train_02113,B00BD9G1NC,B00BUREVZM,is a black phone case with white designs,is not a tee at all.
shirt,train,shirt_train_02114,B001MS8FGU,B006ZZUOA0,Is white and not as fitted,has longer sleeves
shirt,train,shirt_train_02115,B00C3LL5L2,B001AJZXGG,is more casual,A darker grey with white print
shirt,train,shirt_train_02116,B004IIEVD2,B00A749KN2,has short sleeves and is more colorful,has short sleeves
shirt,train,shirt_train_02117,B0086WRGE2,B0013FUI12,is larger and darker,is darker black and written log graphic
shirt,train,shirt_train_02118,B00DWH7S3U,B00BFGH4UM,has less of a pattern,has black vertical bars and no graphic
shirt,train,shirt_train_02119,B004YO80LY,B000VVP1XO,is a green t-shirt that is less formal,has shorter sleeves
shirt,train,shirt_train_02120,B001JJAWZE,B009AZ1ZTQ,is yellowish,is yellow
shirt,train,shirt_train_02121,B00773L1FQ,B000X2IRD2,The shirt is black in color with white writing.,is black with white lettering
shirt,train,shirt_train_02122,B004COC954,B000V5GYSQ,is blue in color,is more blue in colour
shirt,train,shirt_train_02123,B00507VRGE,B00BXAFXA8,is more revealing,A black tank with green print .
shirt,train,shirt_train_02124,B00DL0UF5G,B00EEKN5RW,is darker,graphic print
shirt,train,shirt_train_02125,B004QZB3NI,B007JQL0FW,has awesome written on it,has a more colorful graphic
shirt,train,shirt_train_02127,B002I19XQG,B0042KWSEA,is a grayish-white t-shty without the city design,It has a simpler design and more grey
shirt,train,shirt_train_02128,B00C3K8ZEI,B00860B9SI,is black with large white graphic,is too sexual
shirt,train,shirt_train_02129,B00BJ6WQLU,B00C6A1X2G,The shirt is blue with white writing.,A dark blue shirt with white letters on front
shirt,train,shirt_train_02130,B00680K22M,B00680JTNA,Has more stripes,is darker colored
shirt,train,shirt_train_02131,B004KUR6PI,B008M9G50A,is smaller and brighter, heavier fabric
shirt,train,shirt_train_02132,B00AKFL90K,B0048PAITQ,A grey Chris Rock short sleeve tee shirt,is a gray tee
shirt,train,shirt_train_02133,B00C65Q87Q,B00C65Q9T8,is darker in color and floral,has bigger check
shirt,train,shirt_train_02134,B00CR90AA2,B002C1BNCO,is a white short sleeve button down shirt,button up shirt with breast pockets
shirt,train,shirt_train_02135,B004SFZX1Y,B001B5CM40,Is white and more patriotic,Is a polo style and white
shirt,train,shirt_train_02136,B00DLXJTH8,B0044QCY7S,Is blue,it is blue
shirt,train,shirt_train_02137,B009ZGQ6SU,B0070LUEVC,is a lighter color and has a smaller grapic,white tee shirt with a cartoon bunny
shirt,train,shirt_train_02138,B00AJWOR9E,B00AA0N35O,a dark colored shirt with patterns,is darker
shirt,train,shirt_train_02139,B002UFX3RU,B005M5LGS8,is pink colored with bingo image on it,is pink with a blue square graphic on it
shirt,train,shirt_train_02140,B00E8GU61A,B003YM44WG,Is purple,Is purple in color
shirt,train,shirt_train_02141,B007ETPUKA,B006JGI718,Is more casual and has no sleeves,has a more darker blue to it
shirt,train,shirt_train_02142,B0079OHL9S,B000N6OBKG,is blue with prints,is blue
shirt,train,shirt_train_02143,B002OLC97K,B004XV7SZC,Is more wordy and fitted,is grey colored
shirt,train,shirt_train_02144,B00FWSK0VO,B008ZHSTZ8,is gray with a bear,is lighter in color
shirt,train,shirt_train_02145,B00FH22YLO,B006YZF3E8,is dark colored with more text,has more text and more graphics
shirt,train,shirt_train_02146,B00AXL4JK8,B000Z40PJW,has a cat printed on it,has a cat graphic and is more brown
shirt,train,shirt_train_02147,B00872WLDW,B002N8A25A,Has sleeves with a smaller logo,has sleeves
shirt,train,shirt_train_02148,B00B2JCQWI,B004123OHE,is a sleeved up shirt,is black with long sleeves
shirt,train,shirt_train_02149,B004M8T9O4,B00AIHME1I,has shorter sleeves and brighter color,has a bright green color to it
shirt,train,shirt_train_02150,B00925VK7G,B009ZAF25Y,looks more simple,is a little lighter with a different graphic
shirt,train,shirt_train_02151,B00C65Q04C,B00B59OITO,is equally stripped,is lighter in color
shirt,train,shirt_train_02152,B009NQOOPY,B00D9KV0CK,is black colored with lots of art,is a tee shirt with a woman graphic
shirt,train,shirt_train_02153,B0041LBCFQ,B004D8PSHA,Is black with smaller stripes,is black colored striped color
shirt,train,shirt_train_02154,B000KLX600,B00DYW3FD0,is lighter,has no collar and has a red and white logo
shirt,train,shirt_train_02155,B00079VR7Y,B000XMP58C, and is more loose fitting,is black in color
shirt,train,shirt_train_02156,B002L8HOMQ,B0045ETXU0,has arrows on it,is more masculine and shorter
shirt,train,shirt_train_02157,B00CDJZ5Z6,B006U0HLJW,is a black t shirt,is black with no buttons or collar
shirt,train,shirt_train_02158,B007NDJSNM,B00DLX74BQ,is more poppy red,is an orange tank top with a white design
shirt,train,shirt_train_02159,B00AK45BRI,B00A0WQUPM,Is orange and more sleeves,has short sleeves
shirt,train,shirt_train_02160,B005U7E3ZQ,B00AZYZLFA,is black in color,is darker and less slim
shirt,train,shirt_train_02161,B004U325SI,B007ZTGDAK,has short sleeves with a colorful image,is soft black with yellow graphic
shirt,train,shirt_train_02162,B006WA4WQU,B0068Q1RSO,is white with different writing and logo,is lighter
shirt,train,shirt_train_02163,B0046IFSWW,B00DM8KFKM,not a t-shirt,is some kind of device
shirt,train,shirt_train_02164,B00CJLW0R4,B004TTWWQ8,is darker in color,has more red to it
shirt,train,shirt_train_02165,B004OYT3DS,B0050UX24Q,is darker and more graphic detail,is a black tee
shirt,train,shirt_train_02166,B009PMSUU6,B00E1OM43C,Has a larger graphic and is darker,is a black shirt
shirt,train,shirt_train_02167,B0089R0HT0,B009LELPH8,depicts a band slogan,has larger letters in the writing
shirt,train,shirt_train_02168,B007QZ9PG2,B00BTO3FQW,Is more fitted and buttoned,is darker colored and less sporty
shirt,train,shirt_train_02169,B00093E504,B00212U0AU,Is white and not striped,is solid white
shirt,train,shirt_train_02170,B004YSE2JE,B008K21YNC,is a black polo shirt,is a solid black polo
shirt,train,shirt_train_02171,B006QSK7KS,B002ALK7NW,is a gray tank top with no sleeves,has no sleeves
shirt,train,shirt_train_02172,B005KT5GTG,B008B0LPUU,Less white and more offensive,has more imagery
shirt,train,shirt_train_02173,B00BJN1MEU,B0060OLPF4,is black with action figure,is dark blue colored with image of a person
shirt,train,shirt_train_02174,B001QT6FAS,B006OIVQC8,is white with black designs,is short sleeved and white
shirt,train,shirt_train_02175,B0085WM4FO,B00BSG7SRI,is light in color and less shiny design,blue tank top
shirt,train,shirt_train_02176,B000IO8RTE,B007OODI22,Is more casual and monochromatic,is solid brown and collarless
shirt,train,shirt_train_02177,B003YFKV0W,B0092SOWIM,is black with words,is darker coloured
shirt,train,shirt_train_02178,B009H9JN3U,B004MYFRDU,is sky blue colored,More colorfull
shirt,train,shirt_train_02179,B000YHF090,B005JQ57JO,is black with white designs,is solid black in color
shirt,train,shirt_train_02180,B00C7SC1X2,B0064D73UM,is similar with a single green color,Is green and more simple
shirt,train,shirt_train_02181,B004R0NL46,B00A0QLTPO,is a dark shirt with contrasting colors,is black with blue logo
shirt,train,shirt_train_02182,B007TXB7GC,B00B7M2MO2,has shorter sleeves and a pocket in front,is a short sleeved and collared shirt
shirt,train,shirt_train_02183,B003DA603K,B000FK7ZGM,is a solid black short sleeve polo,is a black short sleeve polo
shirt,train,shirt_train_02184,B000VTFGRW,B00DBAMO0K,is black and has a picture,Is darker and a smaller size
shirt,train,shirt_train_02185,B007RHFIBA,B007RGSHE6,is blue with white stripes,is darker
shirt,train,shirt_train_02186,B0088W0S3Q,B0078WN0S2,is a striped tank top,has more pockets
shirt,train,shirt_train_02187,B00GBA3UO6,B00FST6SDG,Is grey,is longer
shirt,train,shirt_train_02188,B0058YS5ZU,B0015LKFDK,is white colored and no sleeves,is short sleeved
shirt,train,shirt_train_02189,B00ANXDFOM,B00ANXCRP0,is navy blue with white logo,is more darker coloured
shirt,train,shirt_train_02190,B003OYJNBQ,B000YB2L84,is solid dark brown,is brown with one pocket
shirt,train,shirt_train_02191,B008IJEDRQ,B003ECQXA2,is black in color,is darker colored with bolder graphics
shirt,train,shirt_train_02192,B0009PVPSM,B003RW569S,is a dark colored shirt with a centered image,is darker and has a gold symbol
shirt,train,shirt_train_02193,B0037OBPKU,B0037OJ2ZU,is the same,is the same
shirt,train,shirt_train_02194,B006TA34QC,B004H8FS7Q,is more gray and has long sleeves,Has longer sleeves and is darker.
shirt,train,shirt_train_02195,B005MVNJNM,B005LXNTMC,is the same but a different color and a text print,is blue and less masculine
shirt,train,shirt_train_02196,B003Y7H5B8,B002TSAU4C,The shirt is long sleeve and is brown plaid.,has long sleeve and is plaid shirt
shirt,train,shirt_train_02197,B0078YC6TO,B00CL0BWFE,is plain blue with white numbers,is a blue t-shirt with volume on front
shirt,train,shirt_train_02198,B0082C52NI,B005NC9MGI,is hot pink,is red with a smaller logo
shirt,train,shirt_train_02199,B002L7NW9Q,B0013OZ47Q,Is black and has religious symbol,has a more simple graphic
shirt,train,shirt_train_02200,B008CE65GO,B0050TAZR4,The shirt is black and gray plaid.,A grey/black/white checked short sleeved shirt
shirt,train,shirt_train_02201,B00BHSJZTG,B007Y2VU3S,is a black henley,is a dark colored henley shirt
shirt,train,shirt_train_02202,B00769SZDW,B007N7IG2C,is green colored,is greener colored
shirt,train,shirt_train_02203,B0015OCLSY,B00E5PQKRS,is black color with text,is more faded
shirt,train,shirt_train_02205,B0072C6IDM,B0058EC3TY,Buttons up the front,has more buttons and longer sleeces
shirt,train,shirt_train_02206,B005253P50,B002SSGDEE,is just black and white with no other colors,has no colour except black
shirt,train,shirt_train_02207,B00A3IAZRW,B00CPS9DIK,is orange and a flying horse logo,is much brighter in color
shirt,train,shirt_train_02208,B008BONEV4,B00937VXMK,Has a band name and graphic,is lighter
shirt,train,shirt_train_02209,B0051D3CHY,B004N85NX4,is white with writing all over the front,Solid white shirt with grey design on side
shirt,train,shirt_train_02210,B00AA7MT4I,B008OGP6E2,is lighter and a solid white,is more formal
shirt,train,shirt_train_02212,B0076Q98O0,B001E4S8ZU,is a darker color,is a t-shirt with a man wearing a black cap
shirt,train,shirt_train_02213,B005NYBMGY,B00BUTTZFG,is more silly looking,Is a curly brown wig
shirt,train,shirt_train_02214,B00ADSJCQW,B0089FSYBU,is collared with a different logo,doesn't have a graphic and has a collar
shirt,train,shirt_train_02215,B0057QIS7Y,B00EJ11KU0,is black and grar,is darker and sporty
shirt,train,shirt_train_02216,B003VAFJ3Y,B003VABI9S,This is lighter in color.,is cream with grey trim
shirt,train,shirt_train_02217,B00B10ZH9M,B00G9BV850,Is grey,A grey t shirt with a person on the front
shirt,train,shirt_train_02218,B009TYL43A,B005XLOSNQ,is black with a white logo,Desired item is black and pictures musician Dio
shirt,train,shirt_train_02219,B005OCI0YC,B004PJXIIS,is black with a different graphic,Desired item is black picturing a gambling squirrel
shirt,train,shirt_train_02220,B002C463OO,B000AY0T4I,is more collegiate and less expressive,is red and has more text
shirt,train,shirt_train_02221,B0077R5HRK,B007W2WUFM,has longer sleeves with a hoodie and is brown,is a dark orange hoodie
shirt,train,shirt_train_02222,B008NGBKDO,B00DX7P3KO,has long sleeves and is stripped,is more striped
shirt,train,shirt_train_02223,B00666SRRA,B001LAJ4EQ,is light pink with smaller logo,is pink and has more color
shirt,train,shirt_train_02224,B008I7OLIY,B004QEAEFW,black loose tee with eagle graphic,it is a black t-shirt style with graphic on front
shirt,train,shirt_train_02225,B00206DGH6,B0076CKQ1S,is black with red and white logo,is darker and has a number on the back
shirt,train,shirt_train_02226,B00AO1F758,B005LCQKGU,is red and white checkered and long sleeves,is plaid
shirt,train,shirt_train_02227,B00EOLDM24,B006FTBRZC,Is more black and less graphic,has no colours other than white on the logo
shirt,train,shirt_train_02228,B00CTSRBVW,B001RRG2DY,Is black with no stripes,is black and long sleeved
shirt,train,shirt_train_02229,B009K4ETZ4,B007JCOVSE,is a short tropical shirt,is black with flowers and is more patterned
shirt,train,shirt_train_02230,B007JOQHUW,B005E9HR08,is a black colored shirt with text,Solid black shirt with large words NAVY on it.
shirt,train,shirt_train_02231,B009RRZILI,B002WXYU54,Is more grey and blue,Is more colorful for the decal
shirt,train,shirt_train_02232,B003FWJOD4,B000PG3LOQ,is a logo of some sort that says Lucky 13 with a black background.,Has a red pattern
shirt,train,shirt_train_02233,B00EOVW8II,B00DB9U43U,Is pink and more wordy,Is pink and more feminine
shirt,train,shirt_train_02234,B00BJLZNBU,B00DNSH1RQ,is white colored with an image,is white with a graphic
shirt,train,shirt_train_02235,B000CDMWHY,B004BG0ZPE,is dark brown color with art,is more colorful
shirt,train,shirt_train_02236,B004Z99N82,B001QVFDHW,is a long sleeve black shirt,has a blue graphic
shirt,train,shirt_train_02237,B0051MQJHU,B006VTC27S,is back and white stripes,is black and white striped
shirt,train,shirt_train_02238,B00AEJPDGI,B00AIYCM8G,has a smaller chest logo,has smaller logo
shirt,train,shirt_train_02239,B00AY0ESXQ,B004OK7EOM,has a short sleeve with a large brown dog picture,is brown with a cute dog.
shirt,train,shirt_train_02240,B0084NYTJS,B0084NY2SQ,is lighter colored and more stripes on brighter tie,is red and white striped
shirt,train,shirt_train_02241,B003AKP160,B000SYB21E,is darker with different words,is black with yellow
shirt,train,shirt_train_02242,B0035TGL1A,B00A9SRUZ6,is light blue with a snake,is a lighter blue with a design on the pocket
shirt,train,shirt_train_02243,B0073VBCWY,B008UPZ8B8,is grey and more conservative,has less pictures and is more grey
shirt,train,shirt_train_02244,B009VIK29G,B008T3WGR0,Is more whimsical and black,is darker colored with mario bros and friends
shirt,train,shirt_train_02245,B00DLXJTH8,B004YUHFWS,is black colored with gray cuffs,is darker
shirt,train,shirt_train_02246,B00AOA4GQ0,B00CZ6PC82,a v-neck light blue and green shirt,has longer sleeves and is brighter colored
shirt,train,shirt_train_02248,B000SYEYW8,B00BOJUA88,navy blue with white casual trousers,has a lighter logo
shirt,train,shirt_train_02249,B001CP1M9K,B00ARJQ6I4,The shirt is black with a green emblem.,A solid black shirt with green design on front
shirt,train,shirt_train_02250,B002LOI0QY,B003MPFPNW,is darker and has different graphics,A red shirt with pattern on front
shirt,train,shirt_train_02251,B001NA99U8,B0047FCQU6,Is more white and shorter sleeves,is lighter colored
shirt,train,shirt_train_02252,B00A9XL8FO,B005S2BL30,is a black polo shirt,Is black and less loose
shirt,train,shirt_train_02253,B00BGFMKKQ,B006MKPMXM,has an image of a person in center,has a more colourful cartoon graphic
shirt,train,shirt_train_02254,B0073IIWL6,B000VTEPCY,is darker and has different graphics,is black
shirt,train,shirt_train_02255,B00BQ20UD8,B00EYCF9WO,is a blue t-shirt with lettering and has short sleeves,Is more gray and has black print
shirt,train,shirt_train_02256,B0046ICJ5G,B0046IFTX0,is  written original gamer,has a gaming logo
shirt,train,shirt_train_02257,B007BA6QVO,B00BG3YPE2,is white in color,is lighter
shirt,train,shirt_train_02258,B0060A21FQ,B0065QRUPG,has a small chest emblem,is mainly black with red logo
shirt,train,shirt_train_02259,B0051UOCLM,B008YREZFW,Is red and has a larger logo.,is more colorful
shirt,train,shirt_train_02260,B00C5R4W3C,B007IQ9LEA,is lighter,is more graphic
shirt,train,shirt_train_02261,B001I9ZNVI,B007TLXOZ6,is pajama pants,is pants and has many smileys
shirt,train,shirt_train_02262,B00EUSTQQW,B001MP4L70,is blue with yellow designs,is gray
shirt,train,shirt_train_02264,B007VYSK5A,B0010TAGAY,is tan color with a fish graphic,is more brown and fishy
shirt,train,shirt_train_02265,B009IS3SHC,B00B30IT9U,is brighter silver colored,is grey with a white stripe
shirt,train,shirt_train_02266,B003ABW5N6,B0082BZLYY,is white in color,is white with black text
shirt,train,shirt_train_02267,B005GCMU2I,B008L422BW,is silver,has a stripe pattern
shirt,train,shirt_train_02268,B0084NYTJS,B00C3TI80U,I want a brighter colored shirt.,is blue but also with a different color tie
shirt,train,shirt_train_02269,B00E5WX4CU,B004X4L7QK,is a light grey shirt with dark grey sleeves,has longer sleeves
shirt,train,shirt_train_02270,B00BGI4YAM,B000MZY51S,is grey with helicopters printed on it,has lighter grey background and helicopter pattern
shirt,train,shirt_train_02271,B008BRLM0Q,B004K7I5YC,is a plain black V neck T shirt,is shorter sleeved
shirt,train,shirt_train_02273,B000IBFDR6,B001GPOQK8,has longer sleeves and is black,is darker and more slim
shirt,train,shirt_train_02274,B002EAZKAE,B001R1TV5G,Is more fitted and has long-sleeves,is long sleeved
shirt,train,shirt_train_02275,B00E6793SS,B001P1K8F0,Is darker green and more logo,is much darker in colour
shirt,train,shirt_train_02276,B009GKCHNI,B005CTEOT2,has a white background instead of black,is white with black
shirt,train,shirt_train_02277,B00408BZR0,B003U8VRDI,none,is identical
shirt,train,shirt_train_02278,B004VJ299G,B005BUNOSE,is a red shirt with a logo,it is red
shirt,train,shirt_train_02279,B00AHV4C9W,B0056DJW8W,is a regular t-shirt with a darker color,is a dark colored t-shirt
shirt,train,shirt_train_02280,B0018OQ68M,B008FOKIK0,is darker,is black with batman on it
shirt,train,shirt_train_02281,B0039227WA,B00FP7DX52,is a long sleeve plain tee shirt,is grey and has long sleeve
shirt,train,shirt_train_02282,B001GEC778,B0015UOSCU,has a picture of a dog on it,is a circular logo with a dog
shirt,train,shirt_train_02283,B00D2BYJK6,B00BJO7ZZO,is darker with a bird,it is deeper blue and has a colored print
shirt,train,shirt_train_02284,B0012FT72E,B000VUR6GA,has no collar with a 'NYC' logo,has no collar
shirt,train,shirt_train_02285,B00B0ZQ4YU,B004M4VON2, and white striped,has longer sleeves
shirt,train,shirt_train_02286,B004UIJPVS,B0071LU51U,has a more manly design,is more doggy
shirt,train,shirt_train_02287,B009VJW9EQ,B00EV74JC8,is dark and no sleeves,has less wording
shirt,train,shirt_train_02288,B002S1D4FW,B0077S2PPG,is a black jumper,is a pullover and has a zipper
shirt,train,shirt_train_02289,B005JQ4Y5C,B005LQB9GW,is red in color,is lighter
shirt,train,shirt_train_02290,B003WYVP82,B008KD91XG,has no sleeves,is sleeveless and blue
shirt,train,shirt_train_02291,B009K8CUKQ,B003IRQOEI,is a blue short sleeve t-shirt and has yellow phrase,Is blue with yellow words
shirt,train,shirt_train_02292,B001OCMBQE,B000BDG1D6,is a baseball shirt white and black wiith buttons,has sleeves
shirt,train,shirt_train_02293,B00CXX8EDC,B002DJ7CIO,has more print,is lighter with buttons and a collar
shirt,train,shirt_train_02294,B004SX5C58,B009A4VEL6,is identical,is the same
shirt,train,shirt_train_02295,B001MS8FGU,B007Y5K6QM,is more masculine,has words and graphics on it
shirt,train,shirt_train_02296,B001T4URCW,B009A04MEQ,is gray with black logo,is  grey
shirt,train,shirt_train_02297,B001TQWUNE,B005MN2QH0,Is white and has no sleeves,is sleeveless with a black graphic
shirt,train,shirt_train_02298,B001EVKPJA,B006WAOOVS,a dark colored tee shirt with a large movie graphic,is darker
shirt,train,shirt_train_02299,B003TU9R66,B000S391PO,is yellow wit red and green designs,is brighter yellow color
shirt,train,shirt_train_02300,B00B9STBIE,B003AKP160,is light green with Mountain Dew on it,Is light green
shirt,train,shirt_train_02301,B00AH7ICYC,B00CMFLVU4, and black leaves,is black with blue letters only.
shirt,train,shirt_train_02302,B0072ZJ6RO,B00BQ20UD8,is dark blue short sleeve t-shirt with a phrase,is darker
shirt,train,shirt_train_02303,B001EPIXHW,B007ZTFH2A,is a blue/gray color,is light blue
shirt,train,shirt_train_02304,B00CBS2SQI,B009PTKE9O,is a black T shirt with a red design on it,is black with red logo
shirt,train,shirt_train_02305,B007R9EC4M,B0064IU35Y,is a short sleeve gray shirt with text,is a darker color and has letters and numbers printed on the front.
shirt,train,shirt_train_02306,B0026SSX94,B007FXJV9G,is black with a graphic,Is black with a white
shirt,train,shirt_train_02307,B000RWYBME,B000IAWVW2,is a lighter color with no image,Is olive green with no logo.
shirt,train,shirt_train_02308,B004KUT46M,B0051PY5I2,its grey with firefighter symbol,is grey with white and red logo
shirt,train,shirt_train_02309,B001V9LO22,B000TJ59IA,a white Flash tee shirt,It is more white and has simpler design
shirt,train,shirt_train_02310,B0085437Z8,B009MJVN9W,is more dark and plain,less buttions
shirt,train,shirt_train_02311,B005XEN3WU,B008UW825U,is similar,has more colors
shirt,train,shirt_train_02312,B002O8FJFW,B0094KPX2C,The shirt is short sleeve and blue in color with blue writing.,Desired item is blue and about boyfriends
shirt,train,shirt_train_02313,B0092KPK0O,B00EU1BSGK,has grey and white strips with a v neck,is V-necked and striped
shirt,train,shirt_train_02314,B007JFEI1Q,B007KDGH84,is brighter in color,is more colourfull
shirt,train,shirt_train_02315,B00C7UPNXA,B007SA6RHK,its a white and beige plaid button dwon shirt,is darker and is a button down
shirt,train,shirt_train_02316,B004DAYQ30,B005TXWCQI,is darker colored,is darker
shirt,train,shirt_train_02317,B00AFJT79Q,B00AFJS2LA,has a different logo,has more colors and less graphics
shirt,train,shirt_train_02318,B0058K4ASA,B0032FPQC2,is more slim-fit with a black and white graphic,graphic is black and white with Jimi's profile
shirt,train,shirt_train_02319,B0028TUWQI,B004OKUKDY,is black with snoop dogg on it,is black with black and white picture
shirt,train,shirt_train_02320,B0018OQ68M,B008VEZF9S,is grey with full batman logo,is less green
shirt,train,shirt_train_02321,B00BI399PK,B00AZIB69G,The shirt is light blue.,is lighter blue and has four rectangular lablels
shirt,train,shirt_train_02322,B0048KTQHG,B005VM1Q3W,is shiney and tight,is red colored
shirt,train,shirt_train_02323,B008OM4H0K,B00DQBRF3A,is dark green,is more olive in color
shirt,train,shirt_train_02324,B004SFDMIA,B0047Z67ME,this blue t shirt fits well,is black colored
shirt,train,shirt_train_02325,B009OPASUY,B00D30CNK4,is black with colorful words,is darker
shirt,train,shirt_train_02326,B00BOJMZQI,B007JESDN6,is lighter and more cartoonish,is white and has different graphics
shirt,train,shirt_train_02327,B008YFUQPC,B009N07RMM,is gray with white designs,has short sleeves
shirt,train,shirt_train_02328,B00BRB268K,B005V1XU50,is more colorful,has a more complex logo
shirt,train,shirt_train_02329,B00AOA2Q3A,B006ZZW2XM,is for head no logo,has wider stripes
shirt,train,shirt_train_02330,B009E4WNZ8,B002NKM6FW,is a beige shirt with shorter sleeves and no stripe,is more formal
shirt,train,shirt_train_02331,B006UQMSYY,B0087F58O8,has a 'ford' logo,has a different brand
shirt,train,shirt_train_02332,B006H6WGEO,B005MKR92A,has a logo of a sperm with a halo,has no writing and a much smaller graphic on front
shirt,train,shirt_train_02333,B009ZZAYTS,B002PB186C,is black with big daddy writing on it,A black shirt with white letters
shirt,train,shirt_train_02334,B0072D7QLE,B0048F1ZDY,is black with a dog on it,has more of a dog graphic on it
shirt,train,shirt_train_02335,B006BM8RC4,B00AREJ96K,has a brighter color and similar print,Is brighter colored.
shirt,train,shirt_train_02336,B003UASHE8,B00641EXNY,Is less wordy and more black and red,Is black
shirt,train,shirt_train_02337,B001GWCUSQ,B0083F2OV2,is navy blue with white stripes,has sleeves and is dark blue
shirt,train,shirt_train_02338,B006X1B9LO,B004OKL86M,is black with a gray figure standing,is more tough guy looking
shirt,train,shirt_train_02339,B007B2Z6MW,B00B2NPOK0,Is a red iPac shirt.,is much brighter in color
shirt,train,shirt_train_02340,B0052W8M0G,B00BGMQUH8,Is more colorful with a pattern,has shorter sleeves and multi colors
shirt,train,shirt_train_02341,B00AREOOGU,B00AX30CE8,has a lighter color,is less colorful
shirt,train,shirt_train_02342,B0015N1LJK,B005THN00Q,has a circular shape,has a bit logo and is less black color
shirt,train,shirt_train_02343,B006JANQ6K,B000VCK7LY,Is more complex,has a smaller design on it
shirt,train,shirt_train_02344,B007DJ3242,B003YU6QG0,Has a larger logo,has darker red colors
shirt,train,shirt_train_02345,B0082RL89A,B0082RJ91Y,is identical,is teh same
shirt,train,shirt_train_02346,B0082RJ91Y,B0082RLS9U,Is slightly slimmer,has a bigger dog breed
shirt,train,shirt_train_02347,B002RS449Q,B0048LZVVK,is curvier and less witty,is logner and darker
shirt,train,shirt_train_02348,B00AK4BRYY,B00AK4C6AS,The shirt is blue and white plaid.,is lighter
shirt,train,shirt_train_02349,B005TVUKXC,B00B6683P6, black,has more bright print
shirt,train,shirt_train_02350,B003JBJCYW,B001BPQUIO,has a different pattern,A black checkered long sleeved shirt
shirt,train,shirt_train_02351,B0015OCLSY,B007AXOQAU,is less cool,is faded
shirt,train,shirt_train_02352,B009MLZKLW,B0028Q64EA,has a green colored image,is faded
shirt,train,shirt_train_02353,B00EZ6B1EE,B00C2THV9U,is a black Last Kings T shirt,has a smaller print
shirt,train,shirt_train_02354,B005OAHZEK,B0084Y4YMO,is purple in colour with shorter sleeves,is short sleeved and more blue
shirt,train,shirt_train_02355,B005JPIZ26,B0047P5KEA,Has no collars with cars on it,is a solid grey with logo
shirt,train,shirt_train_02356,B001M0MZYQ,B000W11AOM,has a pattern and is darker,is darker
shirt,train,shirt_train_02357,B003WEPERU,B000YXK43G,is light blue,is longer
shirt,train,shirt_train_02358,B001442THS,B007F5PZ4O,is more plain with pockets,has two pockets
shirt,train,shirt_train_02359,B004S08A64,B007R0J60Q,has shorter sleeves and a finer plaid,is more plain
shirt,train,shirt_train_02360,B0049ATR9W,B004K7TA7S,is lighter and more liony,is lighter
shirt,train,shirt_train_02361,B0064FDLPG,B004VSEE5Y,is dark and has a huge text,is black and has words on it
shirt,train,shirt_train_02362,B0058YAUCG,B00FQJ12PW,has longer sleeves,is green and long-sleeved
shirt,train,shirt_train_02363,B00561W9RU,B004L6XRF4,is more solid and less sexy,is a black t-shirt that with a saying
shirt,train,shirt_train_02364,B000BRA4NK,B00BTYK970,sleeveless and whiter,is blue
shirt,train,shirt_train_02365,B0077SBNJK,B000PID7X4, white and aqua.,is red with a brown horse
shirt,train,shirt_train_02367,B000F6CN7C,B000GQW06K,has a different dog like Shuh Tzu on it,different graphic on the front
shirt,train,shirt_train_02368,B00C7SC0GU,B00B2JCWEK,is black with a black collar,is solid black in color
shirt,train,shirt_train_02369,B00B2IAHE8,B0085HB9PA,has longer sleeves and is plaid,has more pink in it
shirt,train,shirt_train_02370,B00A5H5RCO,B004RRCRL2,is black with a D on it,is more like a sports shirt
shirt,train,shirt_train_02371,B007W5CAQ8,B009LLHAZ2,is less religoius,is a black tee
shirt,train,shirt_train_02372,B00BJJJPJ8,B0064IPPLQ,has a smaller logo graphic,has a levi's logo
shirt,train,shirt_train_02373,B00BM0ODIW,B00BFCDTOG,is blue long sleeved,is blue with a collar
shirt,train,shirt_train_02374,B000RA8GQI,B00EO93U7S,is a slim fit,has a taxicab on the front
shirt,train,shirt_train_02375,B004M8T9O4,B00604X12Y,has more simple graphics,is more simple
shirt,train,shirt_train_02376,B00CAI85TS,B007T4SU0W,A black tee with a gray stripe,has more designs
shirt,train,shirt_train_02377,B000ZKD9BW,B00EUS84L0,is darker with a color and car pattern,is darker in color and more buttons
shirt,train,shirt_train_02378,B00CT0ZAXQ,B00B5U6J2M,is gray with blue words,is grey colored and has a different graphic
shirt,train,shirt_train_02379,B0051EQ7Q6,B0090ONLVW,is pink and more formal,Is pink and more formal
shirt,train,shirt_train_02380,B003YL2P32,B005B8HFEK,is gray with long sleeves,Is dark grey and long-sleeved
shirt,train,shirt_train_02381,B00AEYXFKE,B00DPARIO8,is white and a tighter fit,A white shirt with cartoon man on front
shirt,train,shirt_train_02382,B006WQFD58,B00701OFR6,is white with longer sleeves,has longer sleeves
shirt,train,shirt_train_02383,B002GCMH24,B000EIL39K,The shirt is blue with a fire truck and the American Flag.,Desired item is blue and contains images representative of firefighters
shirt,train,shirt_train_02384,B005BSS3HS,B0052GZWIW,has short sleeves and is white with a colored logo,is white with a shorter sleeves
shirt,train,shirt_train_02385,B005OCDTRU,B006LWEOVC,has text,has more words on it
shirt,train,shirt_train_02386,B007TCBLMS,B00B550I2O,Has a smaller picture on the front.,is a black tshirt
shirt,train,shirt_train_02387,B007R1O8XU,B009419N68,has longer sleeves and a color,is grey
shirt,train,shirt_train_02388,B0087WCKM4,B0052GS0MW,is black with long sleeves,has longer sleeves and is black
shirt,train,shirt_train_02389,B003CF9ZGK,B004JRKAFU,has a beige stripe down the side,is more faded
shirt,train,shirt_train_02390,B009QPNKKC,B005UYV4UG,The shirt has short sleeves black with red lettering.,is black with red lettering
shirt,train,shirt_train_02391,B003INDFMG,B00A3T5XDC,is yellow and a tank top,it has no sleeve and collar
shirt,train,shirt_train_02392,B00BV2Q5GO,B00BV2QB0E,is a lighter color,is white with gray outlines
shirt,train,shirt_train_02393,B00C6866SE,B005C2QYOC,is a light blue color with art,is a different color with a different artwork printed on front
shirt,train,shirt_train_02394,B008CQ6V52,B008QQACHG,The shirt has thinner blue stripes.,is lighter
shirt,train,shirt_train_02395,B0045ZTE8K,B00E3UNI8Y,is lighter and more authentic,is more beige
shirt,train,shirt_train_02396,B005MTVDL4,B004REC87S,has more color,it is blue
shirt,train,shirt_train_02397,B003F1Z6H8,B008P49XTC,is more light colored and no sleeves, no collar
shirt,train,shirt_train_02398,B00DPGC2YI,B001M1X63Y,has no sleeves,has less sleeves
shirt,train,shirt_train_02399,B003PCOJA2,B003PCOGJ6,has a scary image,has a design on it with lighter browns
shirt,train,shirt_train_02400,B004KM3J1Q,B004NPCD3U,Is more casual,has longer sleeves
shirt,train,shirt_train_02401,B00DHMJR7K,B00CEKDV78,is black with a green logo,is darker
shirt,train,shirt_train_02402,B004IBZEAI,B00EKDW4Q6,is black with wording,is black and has different logo
shirt,train,shirt_train_02403,B007PSED9E,B00B9FGRFC,has longer sleeves and is darker,is darker and has longer sleeves
shirt,train,shirt_train_02404,B00COQIRJY,B00400U2EU,The shirt is white in color with a green character.,is white with green alien logo
shirt,train,shirt_train_02405,B001GTGMY2,B006OAL6CQ,is lighter colored with a face image,is a white t shirt
shirt,train,shirt_train_02406,B003IAWKR0,B004943QK4,elbow length sleeve and button down,is lighter colored and has buttoned to the bottom
shirt,train,shirt_train_02407,B001713X8C,B005PY51GY,is a plain brown T shirt,is brown and has short sleeve
shirt,train,shirt_train_02408,B008HQ7Q9C,B00FQRL2KE,Is blue and more wordy,is longer
shirt,train,shirt_train_02409,B009E37WPK,B00C4FOTYM,has a larger logo in the middle of the chest area,is lighter blue and different logo
shirt,train,shirt_train_02410,B0070264BU,B000QU31NW,is a t shirt that is darker,is darker
shirt,train,shirt_train_02411,B00BUYUVTA,B008NQJEAA,is more formal,it is red
shirt,train,shirt_train_02412,B007CCTDIE,B00B2JM8PS,longer sleeves and is more fitted,has longer sleeves and a red graphic
shirt,train,shirt_train_02414,B00CLI8IWQ,B007YJS3UY,is more solid black with 3 white stripes,Is black in color
shirt,train,shirt_train_02415,B0090E4486,B007QPM6JK,a sleeveless top with a biker style graphic in center,Has no sleeves and an all white logo
shirt,train,shirt_train_02416,B005UXF3L8,B0089VBFWO,has a larger logo and is a lighter image,is a black T shirt with a purple grenade on it
shirt,train,shirt_train_02417,B008G9UDDG,B00A3HMCWY,A black tee shirt with a yellow tee shirt,has a bigger and color design while the other just shows a name.
shirt,train,shirt_train_02418,B005CTFSJ2,B0015N5P9W,is dark colored with a caricature,has more color
shirt,train,shirt_train_02419,B00E40LN9O,B00E40LXUI,is darker,is blue
shirt,train,shirt_train_02420,B00BQLKBRY,B003BFRTZA,is black with gold designs,Desired item contains BOXING in gold foil
shirt,train,shirt_train_02421,B007FTG6QQ,B008N82AE0,has grey and dark blue strips,it do not have a plain color
shirt,train,shirt_train_02422,B0033HS1VW,B007BMSIYA,is solid black with shorter sleeves,is black and has short sleeves
shirt,train,shirt_train_02423,B001F2Y3NW,B009OL871A,is a short sleeved shit with text and an image,Purple with yellow bug picture on flip side
shirt,train,shirt_train_02424,B004M45JZ6,B0072DAUOY,is blue with more tigers,A blue shirt with animal eyes on front
shirt,train,shirt_train_02425,B0085X1GFM,B0002TI1QE,has white collar and black and white stripes,Is  darker in color
shirt,train,shirt_train_02426,B0039227WA,B00BEEF8PS,has a checkered pattern,is blue and white with stripes
shirt,train,shirt_train_02427,B00BXPAUOW,B00B24D8KM,has short sleeves and is a brighter color,is bright orange t-shirt with blue
shirt,train,shirt_train_02428,B0087Q2H8W,B007IVEC26,is the same as,is exactly the same
shirt,train,shirt_train_02429,B00E1YQQMW,B00543ZHQK,has shorter sleeves and is a solid color,is short sleeve and solid red
shirt,train,shirt_train_02430,B00E4WAWVM,B005RP3KO6,Has a different graphic,has more words and less color
shirt,train,shirt_train_02431,B004X4UA4U,B007AUHH04,is similar,has longer sleeves
shirt,train,shirt_train_02433,B00AKQHMVO,B007P4M3BI,is solid black,is darker colored and less athletic
shirt,train,shirt_train_02434,B006G8DQBU,B008GE8UEA,is darker with a different graphic,is black and has WWE graphic
shirt,train,shirt_train_02436,B005Z1IDBC,B000N4VF1G,is larger in size with two animals printed, and is blue colored
shirt,train,shirt_train_02437,B0009G5HTO,B000TPJYCQ,Has long sleeves.,is red with long sleeves
shirt,train,shirt_train_02438,B009ZYVKCY,B00B5WBCR2,is green with black designs,is green with new print.
shirt,train,shirt_train_02439,B007Q4KSDW,B00BOWTCHA,is white.,is much whiter in colour
shirt,train,shirt_train_02440,B00AO1EFVA,B00BT8WJRY,Is darker with no collar., darker
shirt,train,shirt_train_02441,B007WAA3NK,B00DOGUDNQ,is white tank top with american flag and wording, is vertical striped
shirt,train,shirt_train_02442,B0070CHRFM,B007HLMVU2,Is more blue and yellow,shorter sleeves
shirt,train,shirt_train_02443,B007QUP7BO,B007L8W57U,is more athletic,A darker blue shirt
shirt,train,shirt_train_02444,B00579OR2Q,B000U83I1A,is a polo and more formal,is black with a collar
shirt,train,shirt_train_02445,B00DC9SOHM,B00931JF6W,is darker,has a skull wearing a crown on it
shirt,train,shirt_train_02446,B003HB35GA,B00ESZCZXI,Is more fitted and has longer sleeves,Is more fitted with sleeves
shirt,train,shirt_train_02447,B00BV2QB0E,B00BV2Q5GO,is black with grey accents,black button up work shirt.
shirt,train,shirt_train_02448,B007DJ3DU0,B001UJ0FIW,has a faded design,Black shirt with orange letters Slayer on front
shirt,train,shirt_train_02449,B000BNZFJM,B004I4NS6W,is tie dyed and sleevless,is tie dye and sleeveless
shirt,train,shirt_train_02450,B00CGDSO1G,B005MQT33W,is a white T shirt with a dog on it,is white
shirt,train,shirt_train_02451,B004RLHUMO,B0095SIMGC,Is pink and less wordy,is salmon pink and has a picture
shirt,train,shirt_train_02452,B009PHX6NW,B005PPP8VQ,Is more green and bright,is a green color
shirt,train,shirt_train_02453,B005BY0HSK,B006GEPCY8,is more beaten up,is more green colored
shirt,train,shirt_train_02454,B00902JCDA,B001VJZX38,has just words,is all black with small white writing on front
shirt,train,shirt_train_02455,B00GBAM484,B00F99GI3U,is black with fox logo,is black
shirt,train,shirt_train_02456,B00GHQVK28,B0058PKHNW,is more darker and plain,is black and has an red stripe line
shirt,train,shirt_train_02457,B007CX4BK8,B000WCE3PE,is a liquid product,is not weaable
shirt,train,shirt_train_02458,B000VTI5MA,B0024CR4DI,has a chicken on it,has no words on it
shirt,train,shirt_train_02459,B004HEX8AY,B00AY4796U,has long sleeves and less curvy lines,is a long sleeve sleek fitting blue shirt.
shirt,train,shirt_train_02460,B009R4F0UU,B009Q4BJ5Q,is grey with a smaller logo,is gray
shirt,train,shirt_train_02461,B003ITUIDE,B006NKC1QC,is floral,is darker and more patterned
shirt,train,shirt_train_02462,B000VCETHM,B00282J5LI,blue and shorter,is more colorful
shirt,train,shirt_train_02464,B0093PT734,B006V4ITGQ,is blue and larger in size,is more colorful
shirt,train,shirt_train_02465,B004CM8A86,B0009GAH0S,is plain and white,is lighter
shirt,train,shirt_train_02466,B008EIOTCK,B00EZCPFGI,has shorter sleeves and is white,is short sleeved and white
shirt,train,shirt_train_02467,B005KUICXM,B005KUICZ0,is the same,is the same exact shirt
shirt,train,shirt_train_02468,B0099MPSJS,B00BJLZNBU,is black with no graphic,is darker
shirt,train,shirt_train_02469,B00684K7UA,B008MIPUKC,is green colored,is more green in colour
shirt,train,shirt_train_02470,B0028Q64EA,B00D25SLQU,The shirt is black with DC characters.,is black colored with superhero graphic
shirt,train,shirt_train_02472,B004U952YQ,B0086948UK,has longer sleeves and no collar,longer sleeves no buttons
shirt,train,shirt_train_02473,B000PJ8CTW,B0082RL89A,is more streamlined and less photographic,is black with dogfather logo
shirt,train,shirt_train_02474,B007FRJ1XI,B00B7JJ5XG,its a grey printed shirt,is a grey t shirt not a bag
shirt,train,shirt_train_02475,B004XAT662,B0058YRL9G,is darker- colored pullover with no pockets,is black
shirt,train,shirt_train_02476,B009X99MQC,B009X94ZJ6,has longer sleeves with a collar and buttons going down,has longer sleeves
shirt,train,shirt_train_02478,B009ZAHUOA,B0042AOWMG,has a gray and white logo on front,A black shirt with grey/white letter across chest
shirt,train,shirt_train_02479,B008MWHRR2,B00AIUIG8A,is white colored and plain,is white and has no patterns
shirt,train,shirt_train_02480,B00A0UF906,B00BLYGUY4,The shirt is red with Bruce Lee.,is loner
shirt,train,shirt_train_02481,B006GSHE7M,B007VYQV24,The shirt is black in color with white writing.,is black with white text
shirt,train,shirt_train_02482,B009EUERYM,B00B54UFDW,is darker and larger,Desired item is black with red decal image
shirt,train,shirt_train_02483,B00A6JBENC,B000W3LX4W,has shorter sleeves and is lighter in color,is pale yellow
shirt,train,shirt_train_02484,B000IMYMYU,B000VS040C,is black with gray figures,is a black tee
shirt,train,shirt_train_02485,B004N61LDC,B004IHQPJG,Is white and not striped,is more formal
shirt,train,shirt_train_02486,B0042J6FRW,B005TITECI,is a long sleeve shirt with tattoo art,is long sleeved with a jungle design on the back
shirt,train,shirt_train_02487,B001GXJZCO,B002EAO17C,is more grey and short sleeves,A light blue shirt with man's face on front
shirt,train,shirt_train_02488,B007EMCSF2,B00AREJYG0,is lighter,is white T-shirt and has no button
shirt,train,shirt_train_02489,B00D71Q2NS,B00BCZ1UI8,Is a shirt,Is a shirt
shirt,train,shirt_train_02490,B0036XL6YW,B008LOS6VM,has longer sleeves and is eggplant color,is long sleeved
shirt,train,shirt_train_02492,B0037VYUY6,B004BGXBQY,Has shorter sleeves and a lighter color,is short sleeve
shirt,train,shirt_train_02493,B00D8YF50U,B007K3E2P4,white in color with American and British flag decorations,is lighter
shirt,train,shirt_train_02494,B00D2IX7XY,B008ARGJ7S,has text,A white shirt with red letters saying ALTA
shirt,train,shirt_train_02495,B0091KRBRU,B00CBJPVP2,is darker colored,is a dark black polo with similar writing
shirt,train,shirt_train_02496,B003BPW29S,B0016BOHUG,is short sleeved with black and red flames,is darker and has longer sleeves.
shirt,train,shirt_train_02497,B00537921I,B0042DUL50,has fewer colors and is less trendy,Has green image on tee
shirt,train,shirt_train_02498,B007ZW3L0C,B0062NIADS,has a red orange color,is red and more warm
shirt,train,shirt_train_02500,B00DESVXXI,B005FYKZUQ,has clear wording,Is black in color with yellow letters
shirt,train,shirt_train_02502,B003VIWHFY,B003WMALLG,is checkered,is blue colored with a plaid pattern
shirt,train,shirt_train_02503,B0009GA6SQ,B0009GA9DI,is green with long sleeves,Has longer sleeves and is darker.
shirt,train,shirt_train_02504,B00BJLZNBU,B002M3SN7U,is whiter and has a graphic,is white colored
shirt,train,shirt_train_02505,B008MWGZLG,B00415WL5C,is white with shorter sleeves,is short and white
shirt,train,shirt_train_02506,B00AXL8A3A,B000EHL4MC,has a different animal on the graphic,Black big eyes and feathers
shirt,train,shirt_train_02507,B00E8KW3XA,B00C6A1P9W,is a white polo with different graphics,is qhite with text logo
shirt,train,shirt_train_02508,B009M9UA96,B00AZLZPXG,Is light blue,has a brighter colored tie
shirt,train,shirt_train_02509,B009IZTL8U,B003E1A8KE,is a short sleeve shirt with a big image,has a larger graphic and is more grey
shirt,train,shirt_train_02510,B002QEC092,B00897HZ8G,is beige,is solid white
shirt,train,shirt_train_02511,B00AMA19G2,B00C188WPO,has short sleeves and less warm, buttoned
shirt,train,shirt_train_02512,B007R0J60Q,B007FOOIDY,is more casual,is more formal with longer sleeves
shirt,train,shirt_train_02513,B002I6HSNQ,B00540ATT8,has a deeper v-neck and is more grey,has a deeper v neck collar
shirt,train,shirt_train_02514,B008LDGOZS,B00AY9NK8G,The shirt is aqua in color with multi-colored emblem.,is more colorful
shirt,train,shirt_train_02515,B006MKOEFY,B006MKPVEM,has a circular design,has round graphic and words
shirt,train,shirt_train_02516,B006CQY0TS,B00AJC72D2,is lighter with short sleeves,has shorter sleeves and a graphic
shirt,train,shirt_train_02517,B006CQWDHO,B007X6204I,has long sleeves,is less green and has longer sleeves
shirt,train,shirt_train_02518,B008TDOA9M,B008MMHS94,Lesser color,has white text and image
shirt,train,shirt_train_02519,B00BQZ2J34,B009GEVN34,is black and less design,is black with green logo
shirt,train,shirt_train_02521,B00400O6Q0,B008DNCP6I,is a black tshirt,Black with white Moon Shine lettering and bones
shirt,train,shirt_train_02523,B006NUQ2Z8,B00BYYI422,has colorful strips,is more colorful with larger stripes
shirt,train,shirt_train_02524,B00CMVSRDC,B00DSHBQUU,is more three dimensional and less pointed,has a cross with colorful plants
shirt,train,shirt_train_02525,B00FZ1F21G,B007JCON82,Has a very different pattern and color,has a hawaiin print
shirt,train,shirt_train_02526,B001PJB6YO,B001PIY68I,Is a graphic that is more fun,Has red and black logo and three rows of font
shirt,train,shirt_train_02527,B008YCXE86,B008YCXJPE,is darker in color,is darker in color.
shirt,train,shirt_train_02528,B0042J6FRW,B007ZPT9E6,is white colored,is lighter and not wrinkled
shirt,train,shirt_train_02529,B004ZC5SDS,B004OEFDKK,Longer sleeves and lighter,has long sleeves and is lighter
shirt,train,shirt_train_02530,B00ET8MKT8,B00CXXIGTY,is darker grey with peeps,is darker
shirt,train,shirt_train_02531,B006547MVU,B009XCMGCG,has a smaller graphic and a slogan,is more tight
shirt,train,shirt_train_02532,B007O18XF2,B004HKB5SA,is blue colored with longer sleeves,is a blue button down
shirt,train,shirt_train_02533,B00BHIZSR4,B007VXOH30,is a tee shirt with a cartoon graphic,has shorter sleeves
shirt,train,shirt_train_02534,B008X6Y2XE,B00AGPXK2Y,has a bike on it.,has different graphics
shirt,train,shirt_train_02535,B002W8IEOM,B00CB3DQP0,is a short sleeve shirt with visual art,A red/grey pattered short sleeved shirt
shirt,train,shirt_train_02537,B003K7F0L4,B004S8OC6S,has a more dressed up look,is darker
shirt,train,shirt_train_02538,B00C1LKXRG,B00CLIUCBQ,is dark colored with a logo,This is the desired item
shirt,train,shirt_train_02539,B0099I3D7Q,B005VLYIKQ,Is white and has no  sleeves,Is white with black trim tank top
shirt,train,shirt_train_02540,B001183GTC,B00B8EBQEQ,is more american and manly,is lighter patterned.
shirt,train,shirt_train_02541,B004NNUB8G,B007R5QP96,is a black see thru T shirt,it is transparent and has no sleeve
shirt,train,shirt_train_02542,B00DJAG0SY,B0050Q4I6G,is brighter colored and more collegiate,is blue with yellow motif
shirt,train,shirt_train_02543,B008AZM75S,B008459Y8M,is blue and has the st louis fire department logo,has red detail in the picture
shirt,train,shirt_train_02544,B001VSWW5G,B002LMRE8Q,is light blue with cartoon logo,A light blue shirt with white pattern across chest
shirt,train,shirt_train_02545,B001E0YYKC,B0089KFD0U,has  short sleeves and no colllar,is light yellow colored and has shorter sleeves
shirt,train,shirt_train_02546,B003MULBZI,B004W8F37G,is a darker color,has cartoon character and is muted
shirt,train,shirt_train_02547,B005H131IA,B008M9UA6K,is red colored and checkered pattern.,is more red
shirt,train,shirt_train_02548,B006TG6BB6,B005JAFZKQ,is lighter,is faded
shirt,train,shirt_train_02549,B00F4635ZW,B00FWZPK80,Lighter and has text,is lighter colored with blue text
shirt,train,shirt_train_02550,B009GFN6HO,B00AA25NZK,has a collar and is darker,is darker and collared
shirt,train,shirt_train_02551,B009VAP7YY,B005TVUL0O,The shirt is black with white writing.,is black with white lettering
shirt,train,shirt_train_02552,B005H4C12Y,B002BF8EPK,is light colored,is white with pockets
shirt,train,shirt_train_02553,B008EIOTCK,B0088NDUSA,is gray with a positive graphic design,has longer sleeves
shirt,train,shirt_train_02554,B00BPGS7Y4,B00C52TNBS,has a darker color with a print,is stripped
shirt,train,shirt_train_02555,B003BQTQBO,B003BQRVHA,is light blue with a different logo,is lighter
shirt,train,shirt_train_02556,B00322PJG8,B002Q4UB48,is checked,A blue
shirt,train,shirt_train_02557,B0074MEMEC,B00EZVLM98,is pumpkin yellow in color,is orange with black motif
shirt,train,shirt_train_02558,B004D39JQ6,B0080C8K7A,is a brighter color with a smaller graphic,has more yellow
shirt,train,shirt_train_02559,B00DC4HCSO,B003MR3W80,is a black t-shirt with black silhouette on white writing,is black with a feminine design
shirt,train,shirt_train_02560,B00FJ0KI3K,B003ZHFFWS,Is a lot darker.,A solid black t shirt
shirt,train,shirt_train_02561,B000VZK2YI,B00CKCNC9C,is light pink,is more pink
shirt,train,shirt_train_02562,B00B7679IM,B009PQRLQG,is navy with a more complex graphic design,is dark blue with more text
shirt,train,shirt_train_02563,B007JWZZ98,B002N8A200,Is a darker color.,is more faded
shirt,train,shirt_train_02564,B005OCDQXM,B004SZC768,The shirt has multiple picture of the DC Universe characters.,is completed covered in art work
shirt,train,shirt_train_02565,B0092KDY3Y,B00CNF0IQQ,is black with a man in a suit,is black colored and large graphic design
shirt,train,shirt_train_02566,B008OZPTR2,B00BL5BN22,Is blue with a larger logo,Is grey
shirt,train,shirt_train_02567,B007262ZXU,B005F8YA8K,is long sleeved with grey stripes,has longer sleeves
shirt,train,shirt_train_02568,B0089NW850,B00C3Q4UJ6, and has a logo on the back, blue and red cars
shirt,train,shirt_train_02569,B004MDLB0E,B006NA019Q,has shorter sleeves and black and white colored,is more bright coloured
shirt,train,shirt_train_02570,B0077DR53S,B00AN9SQYA,is black in color,is black color with red graphic
shirt,train,shirt_train_02571,B0016GH6OK,B002I6SLP0,has sleeves and no bright colors.,has longer sleeves
shirt,train,shirt_train_02572,B00DPK3BEE,B00AN0O4DQ,is a blue shirt,has buttons
shirt,train,shirt_train_02573,B00A4NK9LS,B008D1OGS0,is light blue,is darker
shirt,train,shirt_train_02574,B009Q7WOW0,B005HYDQRS,is yellow with a candle in middle,it is yellow with black print
shirt,train,shirt_train_02575,B00EHAS05G,B007K3ACJ4, white and blue skull,is lighter
shirt,train,shirt_train_02577,B004DPKEJA,B008L4LA1U,Has red and black stripes,is red and white and more striped
shirt,train,shirt_train_02578,B0030DFSLA,B007ZNLL8A,is darker,A solid black v-neck shirt w/ white letters on front
shirt,train,shirt_train_02579,B0082RLS9U,B009ZGOL96,is a brown colored shirt with a huge image,is brown and shows a face on entire shirt
shirt,train,shirt_train_02580,B004JHQZMM,B004JGHB80,has a large graphic,A black shirt with large red/white design on front
shirt,train,shirt_train_02581,B00167P592,B00GC76DF6,is bright yellow with larger logo,is a brighter yellow
shirt,train,shirt_train_02582,B002ALK7NW,B002ALIUBI,is blue,is more colorful
shirt,train,shirt_train_02583,B003H8JRM4,B0039BL18C,is smaller,is darker
shirt,train,shirt_train_02584,B006ZB5REW,B00CL09FEO,The shirt is gray in color with a white picture.,has less buttons
shirt,train,shirt_train_02585,B000FDYHYW,B007RG58OS,has no collar and isn't checkered,is bright blue with lettering on the left chest
shirt,train,shirt_train_02586,B007QPASTK,B002ANCGE8,Has a different graphic,it has an orange print
shirt,train,shirt_train_02588,B004X1CWEO,B00CYKC0TI,had a lady with a blue shirt,has a woman with a blue tank top
shirt,train,shirt_train_02589,B00G5R8UY0,B00GBAM484,The shirt is gray in color with short selves.,has short sleeves
shirt,train,shirt_train_02590,B008ER1OV0,B002UD5V6S,is turquoise,has more graphics
shirt,train,shirt_train_02591,B007PON6UK,B007POM7AU,is light grey,is light gray and checkered
shirt,train,shirt_train_02592,B008X3Y9LM,B004T9XP9G,is black with short sleeves,Desired item is black with short sleeves
shirt,train,shirt_train_02593,B002VY564I,B0071M6IM4,Is more patriotic and grey,is pale grey with wolf picture
shirt,train,shirt_train_02594,B00AZH1TKS,B00AZH4HCA,is gray with a different logo,is slighter more gray
shirt,train,shirt_train_02595,B001FQ8IM0,B00BNT6EGQ,has a large skull graphic with lighter colors,Is white with a large print
shirt,train,shirt_train_02596,B008X6DX2A,B00DC8CJ5G,More for the hand,are white gloves
shirt,train,shirt_train_02598,B004GJ0JQ6,B003315JOA,is dark blue with long sleeves and no buttons,is darker and has longer sleeves
shirt,train,shirt_train_02599,B007U3MF1M,B004GGSWRM,is more lighter,is blue and pink with stripes
shirt,train,shirt_train_02600,B00CZE823Q,B007Z3LRFW,Is darker with a lighter logo,Dark gray warner brother's in white lettering
shirt,train,shirt_train_02601,B0085FVYSO,B007TS220C,has a different graphic,is more nerdy
shirt,train,shirt_train_02602,B0077SBNJK,B000I7Q6WG,is more colorful,is lighter
shirt,train,shirt_train_02603,B008KXNDAS,B007YQ17GE,Is more red,Is red.
shirt,train,shirt_train_02604,B006GSHE7M,B00BBK1SDG,has clearer wording,has a pig graphic and is plainer and more black
shirt,train,shirt_train_02606,B00AG3XBPC,B002TX7J2S,has longer sleeves and is yellow with checkered pattern,is long sleeved and plaid
shirt,train,shirt_train_02607,B009VBXOV6,B009AVTESY,Has shorter sleeves and is darker,is darker and has shorter sleeves
shirt,train,shirt_train_02608,B009XEUM9I,B007E7SOHS,is checked,has buttons and a colour
shirt,train,shirt_train_02609,B00AO1EFVA,B0051GDCS0,is a solid yello,is a yellow polo
shirt,train,shirt_train_02610,B004YBC49G,B007SWY8GA,is red without sleeves,is sleeveless and red
shirt,train,shirt_train_02611,B00AH7QTG0,B00B018AM8,is the same but with a different print,has a motorcycle on it
shirt,train,shirt_train_02612,B00C1ERB0A,B004YO92C0,is black,is darker in color
shirt,train,shirt_train_02613,B007HB6F7M,B009H4RWRE,is lighter and has a different graphic,is more adolescent and red.
shirt,train,shirt_train_02614,B006QQ0W96,B00879JM0U,Is simplier and less colorful,has a rockstar graphic
shirt,train,shirt_train_02615,B00A6X3PXU,B003SJIN4A,is white wit black designs,is tan and a video game logo
shirt,train,shirt_train_02616,B00C6QEWZU,B000RWZWNQ,is lighter and has a different graphic,has more yellow
shirt,train,shirt_train_02617,B00AOGJ34E,B004XAT662,is black and have text in center and on sleeves,has more buttons
shirt,train,shirt_train_02618,B0017ANBNA,B0065PZNV0,is lighter,has a different graphic
shirt,train,shirt_train_02619,B00D2IX7XY,B0088KM6GA,has a moose picture,has a deer graphic
shirt,train,shirt_train_02620,B007JVCJ3E,B00CLFLA24,is smaller in size with less print,is purple with a simple logo instead of the graphic.
shirt,train,shirt_train_02621,B007FKC3YO,B007FTG6QQ,Darker and not as casual,is darker
shirt,train,shirt_train_02622,B007JCO9N6,B009QR998C,is less dressy and more for  humor and fun,is a black tee with a comical print
shirt,train,shirt_train_02623,B009EX1422,B00B4CW8MG,is funnier and more cartoony,is navy blue
shirt,train,shirt_train_02624,B0017WM6ZM,B0014UJCAY,is black with no collar and a logo,is less formal
shirt,train,shirt_train_02625,B00DA1HNJ2,B000UZ6I4M, with different wording,is darker
shirt,train,shirt_train_02626,B0050Q4I6G,B005XKSNTM,Is burgundy with yellow lettering,is dark red colored with yellow text on it
shirt,train,shirt_train_02627,B00BGDRZKI,B002PRA4G6,is purple,is purple with 2 pockets
shirt,train,shirt_train_02628,B009PNSN3Y,B00CMTEM74,is blue and white horizontal striped and has no sleeves,has shorter sleeves and more blue
shirt,train,shirt_train_02629,B00BOZHOXG,B004UKO13S,is blue and gray plaid,Desired item is light blue and grey plaid with pockets
shirt,train,shirt_train_02630,B005JPLKTG,B00B5TTIVM,Is more white and  less wordy,is more political
shirt,train,shirt_train_02631,B009DH5DF8,B004V9538K,is blue and more formal,Is blue and more businesslike.
shirt,train,shirt_train_02632,B0076437RG,B00A7AW9HK,is a brighter color,is lighter
shirt,train,shirt_train_02633,B0070NURK8,B0070NUZR8,is the same,is idential
shirt,train,shirt_train_02634,B0033LW7WW,B005DEVNMW,Is striped and more  colorful,has longer sleeves and white and blue check
shirt,train,shirt_train_02635,B00AOZFEVG,B000RA8GQI,is white with shorter sleeves,is shorter sleeved
shirt,train,shirt_train_02636,B00ACD9F88,B008X0N93Y,has no sleaves,stripped sleeveless tank top
shirt,train,shirt_train_02637,B009LJPX12,B00BJJJA1G,is gray with faded design,is black
shirt,train,shirt_train_02638,B003EYE7RQ,B007Y0MMDW,Is a brighter color.,is bright blue with yellow lettering
shirt,train,shirt_train_02639,B005MEFSTM,B00812S006,has different graphics, black and yellow
shirt,train,shirt_train_02640,B00CEEUZX2,B00A3HLAQI,is darker in color,is more tropical
shirt,train,shirt_train_02641,B0015O8OTY,B00ENQROTM,is more athletic,has a cartoon graphic and is much blacker
shirt,train,shirt_train_02642,B004ON6FEO,B00D2ZCU9Y,is wordier,has large white number
shirt,train,shirt_train_02643,B0071BOHI2,B004GXC6Z4,is blue with a different logo,The item is blue with a black and white image
shirt,train,shirt_train_02644,B004N8P41A,B00CZD0UJ6,has no sleeves and is grey colored,is gray and sleeveless
shirt,train,shirt_train_02645,B003V17HX8,B00091UNRA,is more formal,is lighter and is a button down
shirt,train,shirt_train_02646,B00AREOOGU,B00CDL2IZ4,Is blue,is blue with longer sleeves
shirt,train,shirt_train_02647,B009L35TN0,B007X6EX4I,is more light colored and layered,has large painting and is dark blue color
shirt,train,shirt_train_02648,B008ZAAKKM,B0054MPEKK,is light violet in color and shorter sleeves,is brown and has only a tiny logo
shirt,train,shirt_train_02649,B006CQWDHO,B007R9XTK0,is black colored,is darker
shirt,train,shirt_train_02650,B008G6IA3O,B008G6I7DC,has a provocative printI'M WITH STUPID,has a solid black logo
shirt,train,shirt_train_02651,B003L217MO,B003L21ES6,is blue and brighter,The item is both light blue and bright blue
shirt,train,shirt_train_02653,B007W9ZUCU,B007WA3XFK,Is white with more buttons,is lighter
shirt,train,shirt_train_02654,B005LWO75G,B0093RXF44,is a darker green and short-sleeved,is a tshirt
shirt,train,shirt_train_02655,B007KX2MEM,B00B37OOB0,has animal graphic on front and is darker in colour,Is not as bright
shirt,train,shirt_train_02656,B00BMGCIR4,B00EKLLKSQ,is gray with one cat,A light grey shirt with one kitty face on front
shirt,train,shirt_train_02657,B00CAHMA4K,B00BV3Q0IQ,this shirt looks more formal and fashionable,Less colorful and more patterned.
shirt,train,shirt_train_02658,B0013FI8SW,B0013FLPDM,is a blue T shirt,Is a shirt
shirt,train,shirt_train_02659,B00C7IQSJ0,B007LVN9F4,is lighter,Desired item is white with the Statue of Liberty pictured
shirt,train,shirt_train_02660,B006BM8RC4,B007R1HKS0,is a simpler lighter colored polo shirt with less stripes,is lighter
shirt,train,shirt_train_02661,B00A7QU8YU,B007TDCU4U,is white with blue designs,Has a blue honda logo on the shirt.
shirt,train,shirt_train_02662,B004MNM87E,B0051HUEXK,Has a red mustang on a black tee shirt,has a lighter logo
shirt,train,shirt_train_02663,B008AU8D6A,B00B0ZFWVG,is blue and white plaid,A blue and white plaid shirt
shirt,train,shirt_train_02664,B005L5FLSK,B00A7V294W,is grey with a black,is gray with a wrestling theme
shirt,train,shirt_train_02665,B009HJPOMY,B00AJ23B2S,is lighter in color,Is grey in color and fitted
shirt,train,shirt_train_02666,B002DVVYSQ,B001L3EXIK,has wider stripes with more colors,is tie dye
shirt,train,shirt_train_02668,B00CGTV8EU,B00CMAIJTA,is sleeveless and dark colored,is sleeveless and black colored
shirt,train,shirt_train_02670,B0071LLZ2S,B000OJMLJA,is solid black in color,is darker
shirt,train,shirt_train_02671,B0047VJW48,B00A5H6XCW,has only words and no graphic,has more words on it
shirt,train,shirt_train_02672,B0017PMCXU,B003BLAKLE,is black with red designs,is darker and has more graphics
shirt,train,shirt_train_02673,B00671EHQ4,B001BVNSAQ,is darker black,is very similar but logo is slightly darker
shirt,train,shirt_train_02674,B00ATX0FEE,B0093N62IY,has a lighter color and a text print,Is a t-shirt and white.
shirt,train,shirt_train_02675,B00AZ6KGYE,B000VRACKA,has a darker green color,is darker
shirt,train,shirt_train_02676,B00CWJ7L6I,B001H55SCM,is black,is a darker color
shirt,train,shirt_train_02677,B00817DW8Q,B008U7KRBM,is white colored with no pocket,is white and 6 pack
shirt,train,shirt_train_02678,B0047MZER6,B004R9OTBQ,is short sleeved and black and white plaid,is monochromatic colored with shorter sleeves
shirt,train,shirt_train_02679,B008275E04,B007RHFIBA,has a larger slogan and is a lighter color,is grey with black text
shirt,train,shirt_train_02680,B00EAYTTI6,B0008506EW,is more formal and colorful,A red short sleeved shirt
shirt,train,shirt_train_02681,B007K4FU18,B002BOXAJQ,are shorts,is lighter in color and smaller
shirt,train,shirt_train_02682,B0058RDL8I,B008A30G7Q,is green and brown with an image,is olive green
shirt,train,shirt_train_02683,B004GGUACC,B005COZ6C6,has more words and less graphics,more black and has words in orange on it.
shirt,train,shirt_train_02684,B0087WD208,B00A8IBJMW,has a terrifying image,is black colored
shirt,train,shirt_train_02685,B0072D8LV8,B0072D7A3I,is ivory with animal,is light and animal-like
shirt,train,shirt_train_02686,B007R1F0HS,B007R1ERLS,is monocromatic and more masculine,is a dark solid v neck
shirt,train,shirt_train_02688,B00213K4AU,B004RDY836,is green in color,has no logo and is green color
shirt,train,shirt_train_02689,B002PN8HW8,B0045PSIL4,has a larger more colorful graphic,is more emo
shirt,train,shirt_train_02690,B008LDGIFO,B003XPD2TA,has text in light blue color,has text in blue color
shirt,train,shirt_train_02691,B007Y0MMDW,B007WPF1SC,is gray with a collar and buttons down,is pale grey with red trim
shirt,train,shirt_train_02692,B005AA6JWS,B0095FLW8K,has short sleeves,A bright blue short sleeved shirt with black letters
shirt,train,shirt_train_02693,B008RO4250,B0063TS446,is orange and brown striped,has orange in it
shirt,train,shirt_train_02694,B004U325SI,B004O7T2H2,has a colored photo,has a different graphic
shirt,train,shirt_train_02695,B0009G619O,B001LNVOA0,is dark gray with black trim,is the same
shirt,train,shirt_train_02696,B006CVXCKQ,B006TCE3TC,has a lighter logo,has centered graphic at chest and has higher neckline
shirt,train,shirt_train_02697,B003556056,B00AGS2GEO,is yellow in color and have symbol in black.,has a yellow graphic and is black in colour
shirt,train,shirt_train_02698,B00AQJOWCM,B00AQF9SEI,says made in 1995,it with a simpler design
shirt,train,shirt_train_02699,B003WYP8TO,B00BBW9DZ4,is a black plain color short sleeve shirt,is black colored and is plain
shirt,train,shirt_train_02700,B004MYFRU8,B005XSWIRW,is larger in size,is lighter in color and has a smaller design
shirt,train,shirt_train_02701,B006OIVQC8,B001RZYI28,Is black has more color in design,is darker
shirt,train,shirt_train_02703,B009VDFPCA,B005IUSLLW,is plainer,is striped
shirt,train,shirt_train_02704,B007CX4BK8,B00BYYL9II,The shirt is a white tank top with a multi-color design.,Has no sleeves
shirt,train,shirt_train_02705,B009ZKLETC,B0087NJV2U,Lighter and has brighter text,has yellow letters
shirt,train,shirt_train_02707,B004YO9YEG,B00C1ERB0A,The shirt is purple with Aqua writing.,Is purple in color
shirt,train,shirt_train_02708,B0054RZ5AE,B003BLY3T4,is more colorful and less scary,has colorful image
shirt,train,shirt_train_02709,B000N256LS,B0059ED28Y,Is black and has buttons,is more formal
shirt,train,shirt_train_02710,B004MDLB0E,B005HV1D6W,is grey and has cap attached at back,A grey long sleeved shirt w/pockets on front
shirt,train,shirt_train_02711,B005THN00Q,B009815LUQ,is white in color, shorter sleeved
shirt,train,shirt_train_02712,B00AMA19G2,B00DVZEZNE,is plain grey with front pockets,is darker
shirt,train,shirt_train_02713,B007ZQGWUO,B005S0OV98,is a grey Foo Fighters T shirt,is darker
shirt,train,shirt_train_02714,B006C9CJZ2,B00818LJ62,Smaller design,has larger words and redder skull
shirt,train,shirt_train_02715,B005B7ZXPE,B003YL2P32,is T-shirt no sleeves and white color,Has no sleeves and is white
shirt,train,shirt_train_02716,B00EEI69UY,B003IRSKHM,is lighter with a pineapple logo,is lighter
shirt,train,shirt_train_02717,B009P9PPU2,B00BPERBAM,is more darker with image of Nick Brody,is darker
shirt,train,shirt_train_02718,B00DQAK16O,B00AYKECFA,is a dress shirt with strips,is striped with long sleeves
shirt,train,shirt_train_02719,B001WSG6M0,B0013FI8MI,is a plain blue colored shirt,is light blue
shirt,train,shirt_train_02720,B0090M1SMI,B001CDH8H2,is more casual,ia brown without buttons or a collar
shirt,train,shirt_train_02721,B006UMU8Z4,B005LBZ1DY,Is more logo and has longer sleeves,long sleeve no picture graphic
shirt,train,shirt_train_02722,B00BHASECS,B00BHASDX8,is exactly the same,Is the perfect product
shirt,train,shirt_train_02723,B007SPRWB0,B00D1F6SFC,a plain solid color v-neck tee shirt,is less formal
shirt,train,shirt_train_02724,B00726UHA8,B007MUIZ08,has got peyton writing on it,is darker in color
shirt,train,shirt_train_02725,B004DY6FIU,B000YD2BZA,Is a lighter color.,is less tropical
shirt,train,shirt_train_02726,B004OWHLX4,B00DEOLJHW,has a square pattern and darker color,is darker with a plaid pattern
shirt,train,shirt_train_02727,B008ETFQSK,B008EGLJCA,Olive green and larger image on front,is lighter
shirt,train,shirt_train_02728,B001A9DDX6,B00EFN4UPE,is blue and grey with more stripes,is navy and long sleeved
shirt,train,shirt_train_02729,B00CM2W04S,B002BOMBFA,is tan colored,it has a lighter color
shirt,train,shirt_train_02730,B0002JUWE8,B00ENYRQX8,is more colorful and aesthetic, and is lighter colored
shirt,train,shirt_train_02732,B000FV8VP0,B002XNR8EI,has a very menacing message in the middle,Desired item is blue and presents dislike if the Yankees
shirt,train,shirt_train_02733,B008YF7EIO,B008YF7L96,has contrast buttons and is darker color,is very dark blue with blue and white trim
shirt,train,shirt_train_02734,B007C94EEA,B007P28GUC,is black with yellow designs,is a darker color
shirt,train,shirt_train_02735,B003MS4CLU,B004JDRPSY,Is more matte and simple,is lighter colored
shirt,train,shirt_train_02736,B0029ZAI4C,B00633EMQ6,is less athletic,is more blue and more graphic
shirt,train,shirt_train_02737,B00BD6XDXQ,B007VZXAUE,A striped buttoned up with collar.,is a striped polo
shirt,train,shirt_train_02738,B00AGI4A7A,B00A6HORSI,Long sleeve and no graphics,is a black long sleeve shirt
shirt,train,shirt_train_02739,B00A6XGX5M,B0099RHFN0,is darker,is darker
shirt,train,shirt_train_02740,B000VTI5MA,B003KW7K1W,is gray colored with transparent art,is gray and is more detailed
shirt,train,shirt_train_02741,B0072YG09M,B0072ZHSN8,silver in color,is lighter
shirt,train,shirt_train_02742,B00AE00GD2,B007E81P1O,is black and has sleeves,is black and has a collar and sleeves
shirt,train,shirt_train_02743,B00AEYYLBQ,B00AEYXGE4,is a dark shirt with a visual,is black with bright blue logo
shirt,train,shirt_train_02744,B00BJQKID8,B006G2Z0VU,has short sleeves and a face logo,Has short sleeves and is more graphic.
shirt,train,shirt_train_02745,B009WNAUR4,B009WNAYW0,is light green with im written on it,is pale green with script
shirt,train,shirt_train_02746,B0077E6PP6,B0078Q345M,has a different image,has a white clover motif
shirt,train,shirt_train_02747,B00590KCBI,B006QT0694,has more colors,Has a red decal
shirt,train,shirt_train_02748,B0083WCSQQ,B008BPGWVW,Is black and more wordy,is darker with more font
shirt,train,shirt_train_02749,B001713Z3U,B007U5VFC0,is grey shorts,goes on the lower half of the body
shirt,train,shirt_train_02750,B0076Q98O0,B001E4S8Z0,is a darker color,is a t-shirt with a man wearing a black cap
shirt,train,shirt_train_02751,B00BKT54QA,B000I5NRWU,is black with Hawaiian leaves and parrots,is more tropical
shirt,train,shirt_train_02752,B007PCKU88,B005S1G94C,is blue with yellow words,is darker
shirt,train,shirt_train_02753,B005BUNOSE,B007XT7SD8,is olive green with a black design,is more dark green
shirt,train,shirt_train_02754,B006UAQS9Q,B0018ZBFZ0,is white,is lighter colored and fewer striped
shirt,train,shirt_train_02755,B007FNZBB8,B00C1SEQVI,is darker colored and has a larger graphic,black with different graphic
shirt,train,shirt_train_02756,B001A3HUTU,B007JN41LU,is a lon sleeved black shirt,is longer sleeved and more simple
shirt,train,shirt_train_02757,B009ELX4C2,B001V9LOYU,is red and short sleeve,has on line logo and is red red color
shirt,train,shirt_train_02758,B003VJQCEK,B00EV1TZRI,is more business like,is dark blue with buttons
shirt,train,shirt_train_02759,B007ZTO9HE,B009MRNL26, yellow,is black
shirt,train,shirt_train_02760,B007788YF6,B008N66I7C,has longer sleeves and a different color,has a smaller checkered pattern
shirt,train,shirt_train_02761,B009I4XHQI,B00BPYB8BA,is a black  tshirt with curcular logo,is black with a circular design
shirt,train,shirt_train_02763,B002HMCMRS,B001JJBFQY,has shorter sleeves and is white,is a lighter color
shirt,train,shirt_train_02764,B00AIYCM8G,B00AOJH6NG,has a lighter orange color with art in the middle,is more orange
shirt,train,shirt_train_02765,B00A8S60QM,B005CMGWV2,is white with black designs,is less formal
shirt,train,shirt_train_02766,B003YM8350,B0014GU3GA,is more basic,is a solid black color
shirt,train,shirt_train_02767,B009MJWB02,B00C0COJOY,has blue colors,is more colorful
shirt,train,shirt_train_02768,B00DR7G6CE,B00CTDEJO4,Grey and has animals on it,is more simple
shirt,train,shirt_train_02769,B00CC71R74,B009VDUNQ8,has stripes and a v shaped neck.,is v necked and striped
shirt,train,shirt_train_02770,B00347LZ3C,B005M2CFQS,Is grey and more wordy,is lighter and masculine
shirt,train,shirt_train_02771,B0037TPECK,B00DR8PD3G,is black and slim,is less fay
shirt,train,shirt_train_02772,B001XUSB1Q,B006TVBUUS,A lighter color t-shirt with short sleeves.,is a white t shirt
shirt,train,shirt_train_02773,B003YAXS1Q,B004LES2Q0,Is grey and has buttons,is gray without stripes
shirt,train,shirt_train_02774,B005PCKKV2,B00BLR6ZMS,Shorter sleeves and no tie,has shorter sleeves and is more casual
shirt,train,shirt_train_02776,B0085CBX1K,B005KT4MDM,Is grey and has a more colorful graphic,is grey with black text
shirt,train,shirt_train_02777,B003006YZW,B0099I5XDI,is black short sleeved t-shirt with hulk image,has a clearer defined graphic of the hulk
shirt,train,shirt_train_02778,B001PIMZ3Q,B001TT4J3K,fitted and with red  and black logo,has long sleeves and is whiter
shirt,train,shirt_train_02779,B008PYQGY2,B0036JLGW8,has shorter sleeves and no buttons and collar,Is shorter sleeved
shirt,train,shirt_train_02780,B007VI2G24,B004VP780U,has a brighter color,is brighter in color
shirt,train,shirt_train_02781,B0072D8LV8,B004TU74ME,is darker and has a picture of a woman on it,is darker with a depiction of a man.
shirt,train,shirt_train_02782,B00AYQQ6OE,B004TN2IFO,is dark with an a big image,is a darker color
shirt,train,shirt_train_02783,B00DGWR5TS,B00COLCON4,is purple with yellow designs,more yellow text
shirt,train,shirt_train_02784,B008HQ7Q9C,B004C3MQBC,is a black shirt with a cartoon image,Desired item pictures Peter Griffin as Superman
shirt,train,shirt_train_02785,B004YO9YEG,B00AK45BRI,Is a green Hurley tank top.,has shorter sleeves and is lighter in color
shirt,train,shirt_train_02786,B0028K3994,B001DYSKT0,is marron,is more formal
shirt,train,shirt_train_02787,B00DYSQH98,B0074ARXFY,is black with white designs,is darker
shirt,train,shirt_train_02788,B00CMVVRSO,B0036BVD2Y,this  Black t shirt is more loose,is dark black color
shirt,train,shirt_train_02789,B00CXMYX1U,B007L57EDI,Has a different 'VW' logo,has no words
shirt,train,shirt_train_02790,B007QPASTK,B007QPAUAC,a lighter black,is the same
shirt,train,shirt_train_02791,B003XVYY1O,B00CNDX0H2,is black with green words,is black with text and a tshirt.
shirt,train,shirt_train_02792,B000VTI5MA,B009CG8WS0,is a feminine t-shirt,is long-sleeved and more slim fit
shirt,train,shirt_train_02793,B00BXQNBY2,B007HOOLN4,is lighter cray and casual,is lighter grey
shirt,train,shirt_train_02794,B00DPK3BEE,B00AM2JXAO,is black with under armour logo,has no orange
shirt,train,shirt_train_02795,B007VYQV24,B001ULD8DO,is black with The Godfather graphic and is more relaxed fit,is more colorful
shirt,train,shirt_train_02796,B00EA95PBG,B00BEX36M6,has a darker logo,ha sorange lettering
shirt,train,shirt_train_02797,B00CAY6OFO,B0058EPY5O,has longer sleeves and is solid black,has long sleeves and a collar
shirt,train,shirt_train_02798,B0089YE35C,B00DKDMA4I,is blue with a bright yellow design,is blue colored
shirt,train,shirt_train_02799,B009EYSJF6,B008BDAHO2,is a dark grey with a black chest logo,Is darker and less colorful.
shirt,train,shirt_train_02800,B00383YAMK,B003UT6REG,is grey,has a shark graphic and is more grey
shirt,train,shirt_train_02801,B007SNS72K,B005FZVHQQ,Darker red and simpler design,is less simpsons oriented
shirt,train,shirt_train_02802,B009SDRDYG,B00BUZZ4J6,is more manly and whiter,is white with colorful logo
shirt,train,shirt_train_02803,B0096A1I38,B0096A1ML6,The shirt is black and white in color.,is tighter
shirt,train,shirt_train_02805,B0026GSGZM,B003BR0S42,is gray and long sleeved,is lighter and has longer sleeves
shirt,train,shirt_train_02807,B00CKCNI2I,B001AMHYPG,is blue in color,has no pattern
shirt,train,shirt_train_02808,B003D09I16,B005DPO7PG,is shorter with cards,is black with white logo
shirt,train,shirt_train_02809,B0072D7A3I,B009ZYOYW2,A brown T shirt with a Native American on it,Brown picturing an American Indian in cultural dress
shirt,train,shirt_train_02810,B003BSCIAI,B000UZ8H00,is a masculine white t-shirt with animal humor graphic,is white tee shirt
shirt,train,shirt_train_02811,B004U75S6U,B00A8IW35Y,is large and bright colored,is red and has no logo markings
shirt,train,shirt_train_02812,B00A8WVFOA,B009V36LTQ,is white with pink abs on it,is much lighter in color
shirt,train,shirt_train_02813,B000U09IHQ,B000X1OE0I,white colored and lighter graphic print,has a picture of bull terrier
shirt,train,shirt_train_02814,B000BNJQJC,B00BDRU1OE,is more solid and darker,it is brown and plain
shirt,train,shirt_train_02815,B00B8TJ850,B005AL3N2Q,a gray tee with a mans face,gray with face graphic on front
shirt,train,shirt_train_02816,B009MP1WB0,B00CVT2QCS,is lighter,has different colors
shirt,train,shirt_train_02817,B0078KLT78,B007FOOCR6,Is more pocketed and lighter,is lighter
shirt,train,shirt_train_02818,B009ETVF4S,B009KGPZW8,is darker,Is darker and more graphic.
shirt,train,shirt_train_02819,B00AJWOKJQ,B0051EQ7Q6,is light blue,is a solid blue polo
shirt,train,shirt_train_02820,B000IMYMYK,B005LRSA9K,is more manly and american,is black with a large design
shirt,train,shirt_train_02821,B009UTSCQG,B00DCBQD28,is blue with white designs,is blue
shirt,train,shirt_train_02822,B00863DEJM,B00196NLFU,is gray with a large logo,is darker
shirt,train,shirt_train_02823,B008ZBR29I,B004I1LGV4,is a purple button down,is a light purple shirt and is more formal
shirt,train,shirt_train_02824,B0038OVQAS,B006HT4YKU,has shorter sleeves,has much shorter sleeves
shirt,train,shirt_train_02825,B00DUZCDXO,B00EUSTDWO,The shirt is white with blue writing Greek letters.,is white colored with graphic on the back
shirt,train,shirt_train_02826,B00B8871LO,B00B29EHL6,hsa sleeves,Is less colorful with longer sleeves.
shirt,train,shirt_train_02827,B00CTKTWIA,B00CDS2QUY,is black with white words,has only words and no graphic
shirt,train,shirt_train_02828,B005WYCH1Y,B000BNZDC6,is written life isn't fair,is less nerdy
shirt,train,shirt_train_02829,B00AZWVX1S,B006201K6U,is white in color and plain,is more solid colored
shirt,train,shirt_train_02830,B002JIO066,B004LQ1OEU,The shirt is blue in color has buttons and a collar.,Desired item is a light blue work shirt
shirt,train,shirt_train_02831,B0026SSX94,B000V2Y8QE,is lighter,is gray and has a trumpet on it
shirt,train,shirt_train_02832,B00AXL8A3A,B004M45JZ6,Is darker in color,is darker and has a tiger
shirt,train,shirt_train_02833,B009M5Q1FM,B0094AFNBI,is lighter,has more red on it
shirt,train,shirt_train_02834,B00C2O3YB4,B003VAS828,is daker and covers more,is darker and has longer sleeves
shirt,train,shirt_train_02835,B001O883S8,B001O883SS,the stripes are purple not blue,darker color
shirt,train,shirt_train_02836,B00AY4796U,B001JP5IBG,Is white and more masculine,is lighter in color
shirt,train,shirt_train_02837,B009VDFT0I,B0091GJO8S,is a long sleeved teal shirt with colored stripes,is darker with vertical stripes
shirt,train,shirt_train_02838,B005HARM8G,B000YV3RBO,Has shorter sleeves and is a lighter blue,A black t shirt with white/ red letters on front
shirt,train,shirt_train_02839,B004HL3BOA,B0048IXNFO,Is black and more casual,is darker
shirt,train,shirt_train_02841,B008BA602S,B00AQHYLCU,is lighter,light grey
shirt,train,shirt_train_02842,B00B58TSYA,B00544FZ8O,has shorter sleeves and smaller logo,has shorter sleeves
shirt,train,shirt_train_02843,B009PMSUU6,B009L35UCK,is black with people on it,A solid black shirt with people on front
shirt,train,shirt_train_02844,B0079K5HO8,B0087NCJOM,is darker and less graphic,is black with a graphic on it
shirt,train,shirt_train_02845,B004X1CWEO,B008OAO5MC,is lighter with different graphics,has less red colors
shirt,train,shirt_train_02846,B001YK4GNC,B001I2W0EI,is status 42 collar stays in assorted sizes,is cylindrical with horizontal lettering
shirt,train,shirt_train_02847,B000BPUW3O,B003TWNP9O,is less graphical,black with blue graphics
shirt,train,shirt_train_02848,B00C5R0XLM,B00C200RM2,is short sleeved white shirt with black figures,Desired item is white with gothic female pictured
shirt,train,shirt_train_02849,B00B8ZJUXO,B006T97KOU,is green with a white logo,is more colorful
shirt,train,shirt_train_02850,B007ZLJITQ,B008LIMNO4,is beige,is tan and more polo-style
shirt,train,shirt_train_02851,B0066VBM7W,B0012CRNU0,is short sleeved,Has shorter sleeves & a smaller graphic
shirt,train,shirt_train_02852,B004ISKI3E,B007KIB7FW,is yellow without prints,it is yellow and do not have a pocket
shirt,train,shirt_train_02853,B0099I3D7Q,B0048KVHMS,is brown with white writing,is darker
shirt,train,shirt_train_02855,B007K1R6RW,B007CN90GI,The shirt is black in color with a picture of big foot.,Is less fitted
shirt,train,shirt_train_02856,B008BQNKW0,B008NMHFKA,a branded tank-top,is lighter and has shorter sleeves
shirt,train,shirt_train_02857,B00CR90B10,B00CR90AA2,has a collar,is white with buttons and a collar
shirt,train,shirt_train_02858,B0076CC8LO,B009W01D9G,is blue with words on it,has a red ketchup logo
shirt,train,shirt_train_02859,B0088NZ5EW,B00EPO5MV4,is light blue with a haedphone print on ti,is a lighter color with a headphone graphic
shirt,train,shirt_train_02860,B004HZH246,B00CO8XFVC,has more text,is lighter in color
shirt,train,shirt_train_02861,B009EUERYM,B00CPYOUVO,is blacker with different graphics,has blacker background and blue hair
shirt,train,shirt_train_02862,B002LKCCG2,B001CLB8T8,is solid white,is lighter in color
shirt,train,shirt_train_02863,B000QF3RM2,B001YIO0LW,is a black fitted t shirt,is solid black in color
shirt,train,shirt_train_02864,B009LJ132A,B001NPD4QI,is white with black thin stripes,it is white
shirt,train,shirt_train_02865,B007UDQ6WG,B0013KXZB2,has a darker color and a smaller slogan,is more dark coloured
shirt,train,shirt_train_02866,B008GOD6VM,B004ZIV5Q6,is solid white with writing,has a different logo.
shirt,train,shirt_train_02867,B001UA336W,B000EOQDEY,has white color background with black color stripes,A white shirt with stripes across .
shirt,train,shirt_train_02868,B000URUHME,B007WN8M12,is grey with same print in blue,is much lighter in color
shirt,train,shirt_train_02869,B00BN3RT7U,B00CKWDUD0,has a white a blue logo,Has a like button graphic
shirt,train,shirt_train_02870,B00BV2RPEA,B00BV2TYO4,is similar with a black collar,It is monochromatic
shirt,train,shirt_train_02871,B00GMSU3E2,B0043LDLGM,is white with shorter sleeves,is a tee shirt with more detailed graphic
shirt,train,shirt_train_02872,B00D641VLO,B00D1DB3MW,has an image in the middle with short sleeves,has no orange color image
shirt,train,shirt_train_02874,B005BYYIQM,B006WTL6W4,is black in color,has floral and is black color
shirt,train,shirt_train_02875,B007NLK8WE,B0057XRJZE,is long sleeved lighter gray and button down,has buttons all the way up and long sleeves
shirt,train,shirt_train_02876,B007E34494,B001FO9T7K,The shirt is blue with Elvis and a guitar.,green tropical print
shirt,train,shirt_train_02877,B009BXVY34,B002CJ1Q46,Is a short sleeved white shirt. With a picture on the front,is much lighter in color
shirt,train,shirt_train_02878,B004W2P1J2,B004F1MBCU,is dark grey,Is grey in color
shirt,train,shirt_train_02879,B001L2Y1UQ,B00BUZWI22,The shirt is gray in color with a black design.,is a gray with a black graphic
shirt,train,shirt_train_02880,B005RPQX8G,B0085BB5IM,has shorter sleeves and is more plaid,is blue and white with shorter sleeves
shirt,train,shirt_train_02881,B004NBXY0K,B004L63QDM,Has stripes and a darker color.,has strips
shirt,train,shirt_train_02882,B00FMR0PLA,B00EYKO9R2,is whiter and less formal,Desired item is white with black text
shirt,train,shirt_train_02883,B0095LORHC,B001KYUWM6,has a larger yellow design,is bold and more elegant
shirt,train,shirt_train_02884,B003YM44WG,B00ABI239C,is yellow,is mustard yellow
shirt,train,shirt_train_02885,B0087HLM6E,B005DTRBZK,is lighter,Has a larger graphic
shirt,train,shirt_train_02886,B00C2V47PE,B00CORS3JC,is red and has no buttons,is lighter
shirt,train,shirt_train_02887,B00AR1Z4EY,B008B5H77A,a long sleeve button up in navy,is darker and has a pattern
shirt,train,shirt_train_02888,B007QZWLK4,B007QZWMC6,The shirts are exactly the same.,is the same
shirt,train,shirt_train_02889,B0015N5NQM,B00329OO94,has the Scorpion logo on it,has a smaller graphic on it
shirt,train,shirt_train_02890,B002SC53NW,B002Q3RBOW,has a lighter color and a different print,is tighter
shirt,train,shirt_train_02891,B00BJHEB76,B006NCPW5M,has a brighter color and a print of a Dodo on it,is yellow with a bird on there
shirt,train,shirt_train_02893,B004XFY4LO,B00DEVN9MS,has no sleeves with a girl on it,Has a tank top fit with female graphic
shirt,train,shirt_train_02894,B00B5U6J2M,B0085VI2TM,is darker with black lettering,has darker lettering
shirt,train,shirt_train_02895,B006ZZOASM,B00B3JODMS,Is brown with a different animal print,is a brighter color and a different photo
shirt,train,shirt_train_02896,B0069V7APM,B00DT7TJYO,is dark colored with an image,has no buttons
shirt,train,shirt_train_02897,B009Q42K1S,B009PMZKG8,is white in color,is white with a different graphic
shirt,train,shirt_train_02898,B00B5WDLNU,B006ZZ5WES,brown shirt with a schnauzer,has a big print
shirt,train,shirt_train_02899,B0049ALDTO,B0049ADQ3A,is a darker color,Is grey in color
shirt,train,shirt_train_02900,B0041Q4Q2C,B0041Q4OYW,is long sleeved and checked.,has longer sleeves
shirt,train,shirt_train_02901,B00C7SC1X2,B007IGEDDE,is lighter with white trim,is light blue colored with stripes on it
shirt,train,shirt_train_02902,B000YA114A,B004JFGOPM,is solid black,It is more dark
shirt,train,shirt_train_02903,B0079K4C8K,B005QR8VXK,Has no sleeves and is blue,A bright light blue shirt /no sleeves
shirt,train,shirt_train_02904,B00C3OEK8O,B00BQZ2J34,The shirt is white in color with black writing.,is white
shirt,train,shirt_train_02905,B00F2NBJ50,B001E8FGH4,is black colored and the OBEY logo is on the back,is blue with Public Enemy on front
shirt,train,shirt_train_02906,B005DPO7PG,B005JPM66W,has im kind of a big deal written on it,is white logo with words only
shirt,train,shirt_train_02907,B00ECEHQ6Q,B00A007UAS,has a short sleeve with cartoon art,Has a lighter color & small words
shirt,train,shirt_train_02908,B00AQIF5VU,B008BA602S,blue colored and a large graphic print,it has a deeper blue
shirt,train,shirt_train_02909,B008JGKKYS,B00ED2TV7E,is black in color,is darker colored and more pop culture
shirt,train,shirt_train_02910,B001AMT0US,B00135D5JY,is solid black in color,is black
shirt,train,shirt_train_02911,B009ZAFL28,B004QEZ7YA,Is striped with no logo,has stripes
shirt,train,shirt_train_02912,B00BLRQ6LI,B00D20E8IK,is blue and has numbers on sleeve,Blue Spain button up polo shirt
shirt,train,shirt_train_02913,B00A958DEG,B002NWLR00,is yellow colored,Is yellow
shirt,train,shirt_train_02914,B00BNT6S94,B001D3NOA6,is short sleeves with color stripes,is collared and has sleeves
shirt,train,shirt_train_02915,B005WXQKFE,B005IDXEWA,has colorful,is more colorful
shirt,train,shirt_train_02916,B00B36166M,B003IT6Y3M,is a white y-shirt,has shorter sleees
shirt,train,shirt_train_02917,B009E6T4NU,B004YO9GG2,is more formal and has plaid,black plaid button up shirt
shirt,train,shirt_train_02918,B00DYVRA1Y,B00AWTMO12,is a darker blue color,is darker
shirt,train,shirt_train_02919,B00AWVQXNA,B0046IDWUC,is blue,is light blue in color
shirt,train,shirt_train_02920,B0088A8HHC,B00880ZRUW,Is blue striped,is blue with white stripes
shirt,train,shirt_train_02921,B00AREOV4U,B004ROFZXM,is longer and less formal,has brighter colored stripes with light blue background
shirt,train,shirt_train_02922,B009ZYQ61Y,B00A1W4GR0,has a darker color with an unidentifiable graphic,is darker colored and has a different graphic
shirt,train,shirt_train_02923,B008N66I7C,B007F0AK4O,has shorter sleeves and is a solid color,has shorter sleeves
shirt,train,shirt_train_02924,B0040205PO,B00CJT5VBS,has a shorter sleeve with text,Has shorter sleeves & is darker
shirt,train,shirt_train_02925,B008X3Y9LM,B0062XBL8E,has shorter sleeves and beige in top part,has shorter sleeved and a graphic
shirt,train,shirt_train_02926,B007RHFIBA,B007RGCS5K,has a black color short sleeve with text,it is black
shirt,train,shirt_train_02927,B007RBUZKU,B007ZNJYT8,has more different color stripes,has a plaid pattern
shirt,train,shirt_train_02928,B005TGG2P2,B00GJXRZOG,is grey and had a design on the back,Dark gray with gold puzzle
shirt,train,shirt_train_02929,B00AIBGV5E,B000EG6CXY,is darker and has shorter sleeves,is green and short sleeves
shirt,train,shirt_train_02930,B00BWYDYVK,B0082D1L9Q,Has shirter sleeves and has more white,has shorter sleeves and smaller left sided graphic
shirt,train,shirt_train_02931,B004MYFRU8,B004MYFQHW,has long of angry birds,A black shirt with white/red pattern on front
shirt,train,shirt_train_02932,B006DUKPVU,B0057QR3MK, white graphic,is plain on the front and has a design on the back
shirt,train,shirt_train_02933,B008YDVMUW,B007LVMI1A,is plain white with magazine cutout letters,is more white
shirt,train,shirt_train_02934,B009EUUKTS,B000GKDJ02,is brighter,is a lighter color and has no graphic
shirt,train,shirt_train_02935,B006H6VZ8W,B001LV7U9G,its white with colorful print,is more colorful and boyish
shirt,train,shirt_train_02936,B0067ACQQI,B00AEYXHZC,Is more dark and simple,is darker in color
shirt,train,shirt_train_02937,B00DQBRF3A,B008OM4H0K,is lighter with different graphics,is grey with DADD on front
shirt,train,shirt_train_02938,B00ASK905I,B0071J4G5I,is white with a different logo,is white with a black logo
shirt,train,shirt_train_02939,B007XD5IRW,B009PNROYI,Is less casual and more fitted,has a white skinny tie
shirt,train,shirt_train_02940,B004NWFRBS,B001IVY2I6,is more for collars on shirts,has Power Stay and is black color
shirt,train,shirt_train_02941,B00CFDOE9S,B008ILTFOU,has a more visible logo,is blue with a graphic on the back
shirt,train,shirt_train_02942,B004JV7SDI,B00DBFCO0A,has a simpler smalelr graphic,is more faded
shirt,train,shirt_train_02944,B0072YG09M,B0072ZJ5BQ,is blue in color,blue in color
shirt,train,shirt_train_02945,B0000E0AG5,B00BHK9F94,is white and orange,is white and orange and collarless
shirt,train,shirt_train_02946,B009WKTXES,B0089SY5QA,has buttoned front and is lighter color,has more buttons
shirt,train,shirt_train_02947,B00BF6LB6U,B005X5LECA,More white and stripped,has white and gray horizontal stripes
shirt,train,shirt_train_02948,B005CHSWCE,B000P6IKDI,Is more grey and fitted,is darker colored
shirt,train,shirt_train_02949,B007643TOW,B005HGT65M,is white with a single logo on it,is white and less graphic
shirt,train,shirt_train_02950,B00AO1F758,B005S2B66W,is a dark polo shirt,has a wide white chest stripe
shirt,train,shirt_train_02951,B0072C69B8,B0059BG18K,is longsleeved and dark,has longer sleeves
shirt,train,shirt_train_02952,B009AVT0RY,B00C1EPB4I,diagonal colorful lines,has a slanted line design
shirt,train,shirt_train_02953,B007QPAUAC,B00AQXA0FG,is more sexy,is a shirt
shirt,train,shirt_train_02954,B001G8585W,B0037VPVIU,is black,is much darker in colour
shirt,train,shirt_train_02955,B0050TEYIU,B00485CZVA,are dark in color,is two shirts in blue and a tshirt
shirt,train,shirt_train_02956,B008R7F1GQ,B008R7FJZ4,is darker with a different pattern,is darker in color
shirt,train,shirt_train_02957,B00GMCQIJ2,B00DVYI5YU,has shorter sleeves that are colored light blue,has shorter light blue sleeves and a v-neck
shirt,train,shirt_train_02958,B000BNZFJM,B009XEDL64,is black in color with a cat pattern,is black with a panther on it
shirt,train,shirt_train_02959,B004L6XWYA,B00500D2ZA,Has a multi colored pattern with single color lettering.,is tie-dyed and bluer
shirt,train,shirt_train_02960,B006BL46WK,B001DGMSAK,Has no graphic and is more plain,Is less revealing
shirt,train,shirt_train_02961,B006KEOBVY,B007T2HE7E,is blue with floral patterns,is blue in color
shirt,train,shirt_train_02962,B00BFRZC00,B001FZKK04,is green with longer sleeves,is green with longer sleeves
shirt,train,shirt_train_02963,B001AN6E60,B00079ZW6G,has a red color with one pocket,is red colored with a pocket
shirt,train,shirt_train_02964,B004TVH1HQ,B004KP9UDO,is black with white designs,is black without a collar and a white logo.
shirt,train,shirt_train_02965,B000TJ59IA,B000U6KLQM,is darker,is black and says flash gordon
shirt,train,shirt_train_02966,B00591HRGA,B004ON467M,is sea green blue,is blue and less athletic
shirt,train,shirt_train_02967,B001MX75FC,B000MVEZF8,The t-shirt is blue with sea turtles.,has more blue color to it
shirt,train,shirt_train_02968,B0072D7NMG,B000OT9CEM,is darker,is darker
shirt,train,shirt_train_02969,B000QWYMWO,B000XMKLUO,has no logo,is similar without graphic
shirt,train,shirt_train_02970,B003MAE5DI,B005REHTLC,is black colored with a red image,is a black t shirt with a red emblem
shirt,train,shirt_train_02971,B0049ATR9W,B00B5W9DLY,is brighter in color with bird art,is lighter with a more avian print
shirt,train,shirt_train_02972,B005EVR9SQ,B0059PB1R2,has short sleeves and is a lighter color,is warmer
shirt,train,shirt_train_02973,B00BQZ2J34,B009GEU5KG,is black,is black and a logo of fox
shirt,train,shirt_train_02974,B0097A2WRS,B005GREYCM,is a simpler button down shirt with no collar,Is white with a round collar.
shirt,train,shirt_train_02975,B003ITWBFM,B000TQNL92,Is grey with black and white stripes.,is more formal
shirt,train,shirt_train_02976,B001M0MYPG,B001M0MZYQ,is solid white,A white long sleeved buttoned shirt
shirt,train,shirt_train_02977,B002DVVYSQ,B003F84NTI,has more colors,is more colorful
shirt,train,shirt_train_02978,B0058ZQBNC,B00AAQTEXI,logo across bright red shirt,is red and has no buttons
shirt,train,shirt_train_02979,B00A8GDQ2U,B008YIA0BE,has more colors and has contrast placket,is blue
shirt,train,shirt_train_02980,B009UTSCQG,B0046IB34Y,Is more brown and cropped,is brown
shirt,train,shirt_train_02981,B005SJAY4A,B008L61QPS,says i heart parrots,has a different logo
shirt,train,shirt_train_02982,B0057X86Z6,B000TJP2W8,is a grey button down long sleeve shirt,long sleeved
shirt,train,shirt_train_02983,B00BLR6ZMS,B00006M009,is pink and has long sleeves,pink plain solid buttoned business shirt with blue tie
shirt,train,shirt_train_02984,B0052OT97O,B009XU6390,is green in color,is solid green with no collar or buttons
shirt,train,shirt_train_02985,B0042AOWMG,B00BJHDWIU,Has a red graphic,has a red logo
shirt,train,shirt_train_02986,B006LWF4XY,B006JD9EMW,Is royal blue with a green frog,is lighter
shirt,train,shirt_train_02987,B00BTHSG4A,B004H9VRWA,has longer sleeves and is darker,is bolder
shirt,train,shirt_train_02988,B003IYBBXK,B004TTZ4C2,is black with a white skull,has buttons at neck
shirt,train,shirt_train_02989,B004TNEWFS,B004QDSC8Y,is green with white bears,is more olive green colored
shirt,train,shirt_train_02990,B00AOCAO9G,B00AOIA27O,is blue checkered,has buttons and a collar and is blue check
shirt,train,shirt_train_02991,B002B4S35M,B0046YO2WI,is more of a solid color,is looser
shirt,train,shirt_train_02992,B007HB6F7M,B009H4RTT0,is lighter and has a different graphic,is more adolescent and red.
shirt,train,shirt_train_02993,B007E98E2G,B00863DEJM,is less faded,it is grey
shirt,train,shirt_train_02994,B00AL1VAZW,B009S8OWR2,has a bigger image,is darker
shirt,train,shirt_train_02995,B00AFJMRNY,B00COY452E,has fewer words printed,is simpler
shirt,train,shirt_train_02996,B005LAJMOO,B005PY7UOA,The shirt is blue with white stripes.,Desired item is blue with white stripes and button collar
shirt,train,shirt_train_02997,B00B70I1HQ,B006Z2FX1S,has large stripes,is blue
shirt,train,shirt_train_02998,B00AN7XL10,B002ZG7KMS,is short sleeved with patern on front,is black colored and short sleeved
shirt,train,shirt_train_02999,B004KF4PM0,B007KPX2EE,is green,Green with army logo
shirt,train,shirt_train_03000,B00AIOXQMW,B004XFY478,is black with red words,Black shirt with bright red letters across chest.
shirt,train,shirt_train_03001,B00EBE6H3A,B00FJ3OEIW,is red with a different logo,has more color
shirt,train,shirt_train_03002,B007XCS7I0,B008OJIV5K,is blue with a different logo,is more clorful
shirt,train,shirt_train_03003,B006N021YY,B009ELX4C2,is darker in color with larger graphics,is black with blue and pink lettering
shirt,train,shirt_train_03004,B00CB3CJSA,B00BUMHOLA,Grey and tighter,is grey in color
shirt,train,shirt_train_03005,B00AA0YNMG,B0059RA21Q,is more colorful,is lighter in color and has an indians logo
shirt,train,shirt_train_03006,B009VDFPCA,B00AREOV4U,has contrasting cuffs and narrower stripes,is a lighter color with only vertical stripes
shirt,train,shirt_train_03007,B001DUXO5Y,B00BLRA8VM,is blue with no stripes,is more bright
shirt,train,shirt_train_03008,B00C9T2YAE,B0051D3CHY,is less graphics,is smaller logo and pockets
shirt,train,shirt_train_03010,B0086TY04O,B00BQ9FXD8,is black with buttons and pockets,A solid black buttoned shirt
shirt,train,shirt_train_03011,B000W18WOI,B008B5HE3M,is lighter,Desired item has blue vertical stripes
shirt,train,shirt_train_03012,B004Y6ZXWG,B009D1SZ8Q,is white with a football player,it is white and has a red print
shirt,train,shirt_train_03013,B00AIUIG8A,B008DVZG9S,has more designs,is light mint color plaid color
shirt,train,shirt_train_03014,B00BIRS0YM,B007QICCGY,is long sleeve with more textures,is white with red logo
shirt,train,shirt_train_03015,B0015N3W6U,B009R8Z6G4,Has a larger graphic and less black,Is dark grey with Transformers graphic
shirt,train,shirt_train_03016,B00BI399PK,B005X5L46G,is a long sleeved white colored dress shirt,is striped and is paler
shirt,train,shirt_train_03017,B003R4BIDY,B00CVK7XJ8,has a larger graphic and is more distressed,Is darker with a larger American flag
shirt,train,shirt_train_03018,B00COCMJ2O,B0050DD5RM,The shirt is black with a yellow bloody smiley face.,is black with yellow logo
shirt,train,shirt_train_03019,B00137SEG6,B00137RYS0,is red colored,Is red
shirt,train,shirt_train_03020,B0067M4XY4,B0001TPDOI,is black colored with an inappropriate message,Is black and white
shirt,train,shirt_train_03021,B000VTI5MA,B0075VJEQ8,The shirt is white with a picture of a flounder.,has a fish on it
shirt,train,shirt_train_03022,B008RK9ZF6,B00A4NIDWA,is black in color with text in center.,Is blue with a similar but different design.
shirt,train,shirt_train_03023,B0042RHIQG,B005BRP732,has text 'Noble Team',has more graphics
shirt,train,shirt_train_03024,B008RBSVNM,B006ONOR74,is black with red designs,is more masculine and bold
shirt,train,shirt_train_03025,B0059E1T8Y,B003BKWG3K,Is white t-shirt and short sleeves.,is lighter and is a t shirt
shirt,train,shirt_train_03026,B004LQ1OEU,B0072M7XCC,Is more casual and more black,doesn't have buttons and is black in color
shirt,train,shirt_train_03027,B00BS7FETG,B007KX2LD4,Is a jersey and has a graphic,is a brown screen tee
shirt,train,shirt_train_03028,B007ETPUKA,B008K19X5E,has a skull on it without collar or buttons,is darker in color and less buttons
shirt,train,shirt_train_03029,B00EU3EU54,B004QMAARQ,Is black and short sleeve with a scoop neck,A solid black shirt with short sleeves
shirt,train,shirt_train_03030,B008G9SQW6,B00CQAY22Y,is lighter with different graphics,is red
shirt,train,shirt_train_03031,B007J8PBB4,B0052N1Z7M,is black with sleeves,has longer sleeves
shirt,train,shirt_train_03032,B005MRG6KE,B00COKAKMC,has red,is darker
shirt,train,shirt_train_03033,B00FGCAENU,B006DJVQNW,is exactly the same,they are the same
shirt,train,shirt_train_03034,B004O7GBCG,B003C4PW5E,black with a yellow print,has a gold and white logo on front
shirt,train,shirt_train_03037,B0051EAWG2,B0051EBAP4,Is more striped and less buttoned,has more stripes
shirt,train,shirt_train_03038,B001KY04CO,B00AP60SBU,is yellow,is lighter
shirt,train,shirt_train_03039,B003DZ0Z4U,B001OOF79A,is t shirt in a light blue,is lighter
shirt,train,shirt_train_03040,B007W3MP7E,B009OLG9BU,is darker with different words,is a darker color and has smaller writing on it.
shirt,train,shirt_train_03041,B007ZTJPSC,B004J8JKSC,Is pink and more girly,is pink with image
shirt,train,shirt_train_03042,B0089OFZKY,B001TORF9U,is more elastic,Is black but from the same movie.
shirt,train,shirt_train_03043,B00A1BCCT0,B008PWQOH8,Is black with the words Sleep is for the weak on front,A black shirt with purple/blue letters
shirt,train,shirt_train_03044,B004CSJTRG,B0064BHGME,has a white slogan written on it,has more printed words
shirt,train,shirt_train_03045,B00BPBNTGK,B000IW2C4W,has shorter sleeves,gray with rocky mountain oyster bar
shirt,train,shirt_train_03046,B00406YYVQ,B005DIHJWG,is light blue colored,Is blue
shirt,train,shirt_train_03047,B002N8A368,B006H6WGEO,Is more red and wordy,is red and more humorous
shirt,train,shirt_train_03048,B002KQNOSM,B00279UL1A,a blue faber college shirt,has a larger graphic and is more blue in colour
shirt,train,shirt_train_03049,B0050117P6,B004OYY71G,has more buttons and is more formal,is darker
shirt,train,shirt_train_03050,B008400ZJO,B008400WUG,A brown shirt with a cream printed logo,is darker
shirt,train,shirt_train_03051,B0061RXQ0M,B008B0RMD4,is black in color,is black with a red and white logo
shirt,train,shirt_train_03052,B00BEIGWM2,B00BP45VRM,Is a satin robe,is long length and dark shiny blue
shirt,train,shirt_train_03053,B0019RJHI4,B0019RR21S,is dark brown color with an image,is lighter with image
shirt,train,shirt_train_03054,B000EW0L3A,B007KANWH6,Is more whimsical,has text
shirt,train,shirt_train_03055,B000BNZFJM,B005SGTGOW,The shirt is a tie dye.,is gayer
shirt,train,shirt_train_03056,B00936RVF4,B00B9ZHDIC,Is more blue and lighter,has more white in it
shirt,train,shirt_train_03057,B0036SP2YW,B00FJ0KI3K,is lighter,is white
shirt,train,shirt_train_03058,B005C91I4G,B007DJ2O14,is more colorful and more masculine,is more emo
shirt,train,shirt_train_03059,B0057QIS7Y,B00D5ZYCGK,is more diagonal and is collarless,has more white color
shirt,train,shirt_train_03060,B006H4K7JC,B007GNIIJY,has shorter sleeves and four different colors,green on front.
shirt,train,shirt_train_03061,B00B8Y6S1M,B00AFJL9QU,has short sleeves and is not formal,has shorter sleeves
shirt,train,shirt_train_03062,B000OMGIG4,B00BG2FMRC,is slim and darker in color\,A purple shirt with black letters on chest
shirt,train,shirt_train_03063,B003UWR9S6,B006WRH7NI,is dark blue,is blue with red and yellow log
shirt,train,shirt_train_03064,B000EGI2UA,B008C9E5Q6,is a shirt with short sleeves and a bright color,is red with buttons and a collar
shirt,train,shirt_train_03065,B001MDJNHU,B003C7L4QC,is darker colored; camel colored,is darker in colour
shirt,train,shirt_train_03066,B000LZ71P6,B004D05XZU,is black short sleeved collar shirt with bright hawaiian print,has a black background with a floral design
shirt,train,shirt_train_03067,B000VIIUVM,B000VIKI3A,has a pink tie,has a red tie
shirt,train,shirt_train_03068,B000GIL1W2,B000FH56TI,is a bit more brighter,is the same
shirt,train,shirt_train_03069,B005USAHJ6,B000VTFFB4,is brighter,is lighter
shirt,train,shirt_train_03070,B006UDC9BY,B004E8NF2Y,has pinstripe print,is lighter and striped
shirt,train,shirt_train_03071,B005LRVECU,B00C5R4W3C,is blue,a blue crew neck tee with white imprint
shirt,train,shirt_train_03072,B008U8VBSY,B00A9IJLQW,The shirt is gray in color with a green collar.,is gray and green with front and back graphic
shirt,train,shirt_train_03073,B00GPOMWEW,B004PA6R80,is orange with no sleeves,is orange and sleeveless
shirt,train,shirt_train_03074,B008AY1AMU,B0046IDVOE,is lighter with different graphics,is lighter
shirt,train,shirt_train_03075,B00AHYNBBE,B008BTOAD0,is a black t shirt with the bands faces on it,is darker
shirt,train,shirt_train_03076,B000LPYP0A,B004863VXK,has shorter sleeves and is brighter,Is all red with shorter sleeves
shirt,train,shirt_train_03077,B0078VA144,B000OFJPFW,is dark colored short sleeved t-shirt with perched eagle print,is darker
shirt,train,shirt_train_03078,B008FQ1LHC,B002AQBFM4,is a dark colored dress wear,is black with Nautica on front
shirt,train,shirt_train_03079,B0012ODHMG,B0036O75CI,is orange and has long sleeves,is solid orange
shirt,train,shirt_train_03080,B00838VHC6,B00CWEH5BY,has a slightly larger collar and different pattern,is lighter in color
shirt,train,shirt_train_03081,B00B80ODD6,B009R6ZUWQ,is black with white designs,is darker
shirt,train,shirt_train_03082,B009X98WPE,B00E6O0DJO,Has larger sleeves and is white,is white with longer sleeves
shirt,train,shirt_train_03083,B0033HKRF0,B006TC6JHG,is red,is red and collared
shirt,train,shirt_train_03084,B003QOGCIG,B008LOPWM8,is red,is red
shirt,train,shirt_train_03085,B00AA0YNMG,B001W6WMZC,is gray with orange stripes,is lighter in color
shirt,train,shirt_train_03086,B00266MDAQ,B00A4AWQEO,Is green and has no sleeves,has not graphic
shirt,train,shirt_train_03088,B0052FPGRK,B000SKSUCM,is maroon and has a different logo,is more brown colored
shirt,train,shirt_train_03089,B004HTWUI0,B000TAVO56,is black with a yellow truck,has truck graphic and black background
shirt,train,shirt_train_03090,B003VM80SS,B0007XXUQG,is black colored purse,is a wallet
shirt,train,shirt_train_03091,B005N9761O,B00C3GQCVK,Is more colorful and logo,has a picture of a car
shirt,train,shirt_train_03092,B007DJ3242,B00BLQJ4BI,Is more grey and less wordy,is grey with a much smaller graphic
shirt,train,shirt_train_03093,B009VE8R10,B00EA95PBG,Is black in color with white writing.,is black with white lettering
shirt,train,shirt_train_03094,B0036X977A,B006TXXOZ0,is gray,Is a lighter grey button up shirt
shirt,train,shirt_train_03095,B004AXKEQI,B003MAIICW,is sort sleeve striped polo,white/gray polo shirt with collar
shirt,train,shirt_train_03096,B00BGN8KFW,B00CF439L6,has a white backgtound with orange and blue as a design,A white with bright blue/orange print shirt
shirt,train,shirt_train_03097,B0095BJ8Y4,B002SXMDW0,more formal and lighter color,is more formal
shirt,train,shirt_train_03098,B0075GLQXC,B007VYR2J0,has a brighter color,Desired item is lavender and has a jar pictured
shirt,train,shirt_train_03101,B0013THNAW,B008J0VIQS, has 3 pockets,has a larger design
shirt,train,shirt_train_03102,B008ZPBU8I,B005OCI46Q,has a hand on it,has less busy looking graphics
shirt,train,shirt_train_03103,B006YIQ7OA,B00AQ5UMX4,has shorter sleeves,is more red and short sleeved and only buttons at the top
shirt,train,shirt_train_03104,B00CAHOA8E,B0027IQIOU,is blue with more print work,A blue shirt with white and black print on front
shirt,train,shirt_train_03105,B004NRR9TQ,B00674Y6YE,The shirt is orange in color.,is orange with a black and white cicular design in the middle
shirt,train,shirt_train_03106,B0095BJCP4,B0095BJ8Y4,is checked,is plaid
shirt,train,shirt_train_03107,B00B6RQXFW,B003BW5MH0,has a smaller image in the middle,A grey shirt with black triangle on front
shirt,train,shirt_train_03108,B008J3B8ME,B0065OKKAA,is louder and more out there,is long sleeved with swirl design
shirt,train,shirt_train_03109,B00BRXEED8,B00641RU5C,is lighter colored  and has a symbol on it,is lighter colored
shirt,train,shirt_train_03110,B00BT8TMSI,B00DV4DOHI,has sleeves and has a larger graphic,has longer sleeves
shirt,train,shirt_train_03111,B0038OVQAS,B0016C0U2E,is lighter colored and button down,is paler blue in colour
shirt,train,shirt_train_03112,B004PG3700,B004PFXDWI,is a short sleeved striped shirt,has small striped and is tan color
shirt,train,shirt_train_03113,B003XKNRE0,B006N1JNAS,Is darker with a collar and long sleeves.,has longer sleeves and is darker colored
shirt,train,shirt_train_03114,B009ZYKNWW,B00E4UZ6WE,is blue,is a muddled blue background
shirt,train,shirt_train_03116,B005OPWTWI,B0052GFTN0,is lighter and has a image of a van.,is blue with a van on it
shirt,train,shirt_train_03117,B00AL6PN28,B007B8XQ8W,is a long sleeved blue shirt with different colored stripes,is more formal
shirt,train,shirt_train_03118,B00CPKYY6E,B005LTNIWM,Is brighter and more sporty,is more athletic
shirt,train,shirt_train_03119,B007TW79EW,B002B2RV1G,is more of an Asian cartoon graphic,has different graphics
shirt,train,shirt_train_03120,B00A7QU8YU,B004CO85P2,has no logo at all,has sligthtly shorter sleeves
shirt,train,shirt_train_03121,B00AW5OAKY,B00AG0JIZC,Is orange,is brighter in color
shirt,train,shirt_train_03122,B001EAQE4Q,B0057X9U2E,is light brown loose shirt and long sleeved, greenish and grey with no circle
shirt,train,shirt_train_03123,B004LVP92I,B004IYJTQK,has different graphics,has more pink colors
shirt,train,shirt_train_03124,B004HO6FS6,B004HO6FG8,is military green,has a larger fish on it
shirt,train,shirt_train_03125,B001CMIS2C,B002WG6YTQ,is a packet of vests,is a four pack of tanks with shorter sleeves
shirt,train,shirt_train_03126,B005173RG6,B005173SBK,has different colors with a red background,redder plaid pattern
shirt,train,shirt_train_03127,B003BW5MI4,B00158SFRG,Is more colorful,has tie dye
shirt,train,shirt_train_03128,B00BWB6SMU,B006ZB2WJK,Has a simplier graphic,Has a smaller decal
shirt,train,shirt_train_03129,B003DJ2PIA,B002DZ1ICE,its blue and gold's gym print,is blue with GOLDS GYM logo
shirt,train,shirt_train_03130,B00EFN4UPE,B007P6PG5G,has a full-buttoned placket and darker color,is more formal
shirt,train,shirt_train_03131,B000ILEK34,B000IZT9HC,has a v shaped neck and is black,has v-neck and is black color
shirt,train,shirt_train_03132,B00BF7VDHG,B0094TUBWA,is black and has orange stripes,is black with white stripes
shirt,train,shirt_train_03133,B0014GU3GA,B00AQHFQ1U,has a lighter logo,is blue with white lettering
shirt,train,shirt_train_03134,B009F2SGIM,B00BEEFFD8,The shirt is red,is red plaid short sleep
shirt,train,shirt_train_03135,B00AAX04P8,B00841389M,is green colored with an image,is green with a circular logo
shirt,train,shirt_train_03136,B00CHQJSEO,B00CITHQXA,has more of a graphic,Black t-shirt with american flag in three leaf clover
shirt,train,shirt_train_03137,B006SHDD4E,B007YY818I,is more casual,is more relaxed and darker colored
shirt,train,shirt_train_03138,B00305G0GK,B005GTR44K,is long sleeve,Is red with longer sleeves.
shirt,train,shirt_train_03139,B0052BNTQY,B003VRZ71Q,is blue in color with less text,is darker
shirt,train,shirt_train_03140,B0081BTTBG,B00BU1JI9M,Is less fun and less complex,large horizontal strips and sleeveless
shirt,train,shirt_train_03141,B001LNO6QE,B004TF1JAM,is a white shirt with black lines,has grey rather than white stripes
shirt,train,shirt_train_03142,B005VM1Q3W,B00C1ETPV8,is black,is black with square design
shirt,train,shirt_train_03143,B00EPDNN70,B0054MZGTO,is lighter and has shorter sleeves,is a short-sleeve shirt and is grey.
shirt,train,shirt_train_03144,B007XHGASO,B00FZ1F21G,is a red colored short sleeved shirt with an image,it is red and not flowery
shirt,train,shirt_train_03145,B00AW05A08,B0049T25RY,Is more black and wordy, one pocket with collar
shirt,train,shirt_train_03146,B002ZVBIT4,B0038T2QZM,has shorter sleeves,is grey with short sleeves
shirt,train,shirt_train_03147,B000RA5WSI,B006KH593U,has more colors with a hawaiian graphic,Is more colorful and more vacation like.
shirt,train,shirt_train_03148,B008PUQYBQ,B006IZIEDQ,is black in color with shorter sleeves,is more dark and regular tshirt
shirt,train,shirt_train_03149,B008G3N5AK,B002KO943S,Is slightly larger in size,is the same exact shirt
shirt,train,shirt_train_03150,B007E9QZSQ,B004YMCPG2,Is pink and not checkered,is more gay
shirt,train,shirt_train_03151,B008LMM9UI,B007X6CMF0,is green,has less buttons
shirt,train,shirt_train_03152,B000CB1MOU,B003MAE5DI,is an iron on patch,is black colored
shirt,train,shirt_train_03153,B004O89OTW,B005M8H1TI,is green with orange designs,is lighter in color
shirt,train,shirt_train_03154,B00158UTNY,B004QWYYP0,is more centered and less cartoonish,is brown and blue and more slim fit
shirt,train,shirt_train_03155,B007SG3L64,B004J8FTEG,is black with an 'Italian batman' logo,is a black tee
shirt,train,shirt_train_03156,B005SNBNEQ,B004FKEDOA,has longer sleeves and is lighter,has longer sleeves and more font
shirt,train,shirt_train_03157,B002LT1DM2,B005C50ZUI,is more kelly green,has a clear logo and is light green
shirt,train,shirt_train_03158,B00F0Q9KUU,B0071ATR24,is orange,it is a hat and has a logo
shirt,train,shirt_train_03159,B007WPF1SC,B007WPF6B4,is beige with buttons running down,is button up and has hoody
shirt,train,shirt_train_03160,B00E4DYFGO,B004WLIZ96,is solid grey,is a solid gray shade
shirt,train,shirt_train_03161,B00E6VQ1BQ,B00FGFQ0IK,is grey with only text in center,has college theme and is gray
shirt,train,shirt_train_03162,B000SYB21E,B000SYGLHE,has more swear words and is blue,has a saying in blue on a blue shirt
shirt,train,shirt_train_03163,B00EECJJVQ,B007TJ0ZQ4,has a different graphic on the front,is shiny black and has mostly logo
shirt,train,shirt_train_03164,B00A3F9FI0,B00A3F95DK,is bright blue colored,is blue with a stylish logo
shirt,train,shirt_train_03165,B000T0A5BK,B0065KQCQK,is very light color with humor,has sleeves and is longer
shirt,train,shirt_train_03167,B009ERMY2C,B002I19XQG,is black colored,is black with white text
shirt,train,shirt_train_03168,B000A7N9NI,B003LBT9T8,Is more fitted and blue,is blue with no zipper or hood
shirt,train,shirt_train_03169,B008LWTPGE,B00A8D0LW6,is red and white checked with longer sleeves,has longer sleeves
shirt,train,shirt_train_03170,B00A6X4F34,B00AR4ZFYU,Is a grey T shirt with handle bars on it,is brown with white image
shirt,train,shirt_train_03171,B004ZC5SDS,B004ZC5MCK,is light blue,Is light blue
shirt,train,shirt_train_03172,B009I4XMR2,B007PU80RI,has scenes from star wars movie,has a different logo
shirt,train,shirt_train_03173,B00AAMOZRM,B006GT4KZ0,is more ethnic,is darker
shirt,train,shirt_train_03174,B008FFPGG0,B0014JYKA2,is grey,is grey with shorter sleeves
shirt,train,shirt_train_03175,B00CCRI6NM,B00772JMRQ,are exactly the same,is the same
shirt,train,shirt_train_03177,B007Z3LRFW,B001T7ESGU,is black with white words,is black colored with word graphic design
shirt,train,shirt_train_03178,B0013FI8MI,B002A2W5RW,is green and has a logo,is darker
shirt,train,shirt_train_03179,B00BWCMOOA,B00BJUN3AY,has a yellow and white logo,has more neutral colored graphics
shirt,train,shirt_train_03180,B0009GCU80,B00147VH8C,The shirt is pink in color and long sleeve.,is darker and has longer sleeves
shirt,train,shirt_train_03181,B004DE82WC,B004TNEWFS,is less shiny,had red words
shirt,train,shirt_train_03182,B007LVN7RE,B00B8K9W32,is white colored with colored lines,is lighter
shirt,train,shirt_train_03183,B007X5Q1HQ,B006WBP06K,The shirt is black with the words Free Hugs.,has only words on it
shirt,train,shirt_train_03184,B0057X86ZG,B000TJKIK4,is a long sleeve denim button up with collar,has longer sleeves
shirt,train,shirt_train_03185,B0085O3Y9M,B0085N8AE2,is dark blue,is darker in color
shirt,train,shirt_train_03186,B0043LVDHQ,B008G0PVC8,is plain white,It is white and not checked
shirt,train,shirt_train_03187,B007ZE8UII,B008BCAUEA,is labeled with a team sport,is longer sleeved
shirt,train,shirt_train_03188,B001D3NOA6,B002LK8QIU,Has longer sleeves and is brown,longer sleeves solid earth tone color
shirt,train,shirt_train_03189,B0032MSN0M,B0013ET602,Is black and buttonless with graphics on front and back,is a black tshirt with a tree design whereas the other is a shirt with a brown pattern
shirt,train,shirt_train_03190,B005YUVIWA,B003BSG9S0,Has a design on the front.,is red with a logo
shirt,train,shirt_train_03191,B00DSRTC56,B007UDQ6WG,is nerdy,has come to the nerd side on the back
shirt,train,shirt_train_03193,B006JB8WH2,B0047V3X8O,A darker shirt.,is much darker in color
shirt,train,shirt_train_03194,B004PDY36A,B00B29VJ0I,is dark blue trophy husband,Is dark blue with a white trophy graphic
shirt,train,shirt_train_03195,B000VTI5MA,B00B0CZOTO,is darker in color and much larger graphics,is more black
shirt,train,shirt_train_03196,B008GE8UTU,B0051CMJ2Y,has a lighter color and a less colorful print.,is lighter and masculine
shirt,train,shirt_train_03197,B00DC893BE,B00E0L0HFS,has an animal design,has shorter sleeves and a cheetah pattern
shirt,train,shirt_train_03198,B000HWQEVA,B004L9MDXS,is black checkered with buttons,is lighter and a button down
shirt,train,shirt_train_03199,B0077SXO74,B0078UMBN4,Blue and patriotic,more blue
shirt,train,shirt_train_03200,B0095BJJ5W,B00CJLL3PY,is black with short sleeves without collar,Is darker tee with beige print
shirt,train,shirt_train_03201,B00C6A8F7W,B007YIVW08,is more gingham and has longer sleeves,is more formal
shirt,train,shirt_train_03202,B008MWHRR2,B004Z5D2XS,is plain colored,is much lighter in color
shirt,train,shirt_train_03203,B002HWOZHS,B004SFDMIA,is dark blue,is black and less graphics on front
shirt,train,shirt_train_03204,B008RO4250,B007135BDK,is lighter,ia lighter and has a hawaiian print
shirt,train,shirt_train_03206,B008MTK844,B007JBK896,is a t-shirt not a shirt with a print of a woman on it,is black and has a woman on it
shirt,train,shirt_train_03207,B006KVCBEG,B00BSGVJ32,is green and has a different image,is lighter
shirt,train,shirt_train_03208,B00B7ACT6K,B006C99MQG,is black with white designs,is darker in color
shirt,train,shirt_train_03209,B000KD3ZWC,B002Z8SRC8,has a red train on it,has a different graphic
shirt,train,shirt_train_03210,B00AZWU90E,B00AZWU86E,is less formal with no pattern,white pull over long sleeve shirt button v-neck
shirt,train,shirt_train_03211,B0087EBBYA,B00904RJ74,is black and white is boxes,is black plaid colored with no pockets
shirt,train,shirt_train_03212,B00BNT631M,B005KWR4X4,is a mega man T shirt,has image logo and is shiny white
shirt,train,shirt_train_03213,B0002NZEEC,B008RK73ZA,is dark colored and plain,Desired item is black with white edging
shirt,train,shirt_train_03214,B0013EF066,B001713OBS,Is a grey button up vest,is lighter
shirt,train,shirt_train_03215,B003F1Z6H8,B003F1XJJK,is identical,is the same
shirt,train,shirt_train_03216,B000YVGOA0,B003F26DUG,The shirt is gray in color.,Is more fitted and grey in color
shirt,train,shirt_train_03217,B00BWZPPAC,B002ZUMZAG,is black and a different graphic,is darker
shirt,train,shirt_train_03218,B007VH9DKS,B004GGUADG,is a black shirt with image art,Black with picture of blond female in black in white
shirt,train,shirt_train_03220,B000MXWWAG,B003UF4KE4,has a nature background and a puppy,less red color
shirt,train,shirt_train_03221,B00B551A1M,B00COLRYIY,is slim,has more people on it
shirt,train,shirt_train_03222,B00EO8FZB8,B007WI0DUK,is shinier with a red,has three squares
shirt,train,shirt_train_03223,B00B7HWOI6,B003ITWBFM,is darker and has longer sleeves,is brown with parrots and sleeves
shirt,train,shirt_train_03225,B00BJ53OJY,B0084A8HIU,is darker,is a black tee
shirt,train,shirt_train_03226,B007Y0MMDW,B007WPF3SA,has collar and pocket with logo,is lighter
shirt,train,shirt_train_03227,B00AX2ZAIC,B009OMTPWY,is blue and white checkered,is less colorful
shirt,train,shirt_train_03228,B0046PNW4Q,B001PJEB82,is more comical and more colorful,Is colorful for the decal
shirt,train,shirt_train_03229,B0059B3EI0,B00B1MZM3Q,is checked,is a plaid shirt
shirt,train,shirt_train_03230,B00AREIUHY,B00AREII1W,Has stripes instead of plaid,is long sleeved and has vertical stripes
shirt,train,shirt_train_03231,B007YQ0PE4,B007YQ16EW,has longer sleeves and a bit different color,has longer sleeves
shirt,train,shirt_train_03232,B008A5FWNC,B00B36166M,has long sleeves,has longer sleeves
shirt,train,shirt_train_03233,B009H9JN3U,B0083R4QV6,is the same with a different print,is gray and red logo
shirt,train,shirt_train_03234,B009F8R15A,B009ESZFEK,is white colored,is white
shirt,train,shirt_train_03235,B007B8M8D6,B004YVOQMO,Is less fitted,has a smaller graphic
shirt,train,shirt_train_03236,B00EJVMPS6,B00EECU2DK,Has longer sleeves and is more feminine,it has long sleeve
shirt,train,shirt_train_03237,B00AEJQ6ZK,B004NG9VOI,Is a brighter color.,is yellow with a vertical logo
shirt,train,shirt_train_03238,B005HARM8G,B005GW7G5O,has shorter sleeves and plum in color,is burgundy and sleeveless
shirt,train,shirt_train_03239,B004RBKYM2,B0064YQAB4,has somehow offensive words,has a different graphic
shirt,train,shirt_train_03240,B003LBT9T8,B00CDJCOJ6,does not have a collar,does not zip up.
shirt,train,shirt_train_03241,B009H4RTT0,B009H4RV6Q,Is slightly lighter in color,is same
shirt,train,shirt_train_03242,B000F4U4EI,B000EP329W,has a different dog,has a corgi on it
shirt,train,shirt_train_03243,B002NKM6FW,B003UM5JZG,has long sleeves and more color,has longer sleeves
shirt,train,shirt_train_03244,B00E7MO5LC,B00CHXO6SA,is white,Is light blue
shirt,train,shirt_train_03245,B006201K6U,B00842GIVQ,Is blue,has longer sleeves and is light blue in color
shirt,train,shirt_train_03246,B0024FAZU4,B003DZ06O4,has a snapping hand on it and is darker,has a picture of a hand
shirt,train,shirt_train_03247,B000GKPXVU,B0045I89EW,is black in color,Black with gray adidas lettering
shirt,train,shirt_train_03248,B005YUVIWA,B0017WM1R0,has buttons and has collar,is lighter and has a collar
shirt,train,shirt_train_03249,B00A5BDPOW,B00B0283S8,The shirt is gray with Pink Freud.,is lighter in color
shirt,train,shirt_train_03250,B004R96R4I,B0013HCE8U,is a black color dress shirt,is black and has long sleeve
shirt,train,shirt_train_03251,B00A4NIDWA,B002UFX3RU,Is more green and wordy,has slightly shorter sleeves and is  green
shirt,train,shirt_train_03252,B009JLO5J8,B008AWHO0Y,black and brown colored,is dark with tan accents
shirt,train,shirt_train_03253,B005D73TBM,B000GOJPO2,is longer sleeves and has red color,Is tan in color
shirt,train,shirt_train_03254,B00BXT39IW,B0050MNU8C,is black with yellow and white designs,has yellow image
shirt,train,shirt_train_03255,B003QCDB9Q,B00CE3KSGC,is a lighter color and has more button,is button down and single colored
shirt,train,shirt_train_03256,B008YCXE86,B0064IPTSK,is a lighter colored tee with a large graphic and short sleeves,has shorter sleeves and no pocket
shirt,train,shirt_train_03257,B005H26L0Y,B009K7UUSG,is yellow with a 'm&m' logo,uses brighter colors
shirt,train,shirt_train_03258,B004LYJB92,B004U78IRG,is lighter colored,is lighter
shirt,train,shirt_train_03260,B004XVG4OI,B000JGKANW,has long sleeves and is lighter colored,is more colorul
shirt,train,shirt_train_03261,B00BI3A1DO,B00AZIAXIQ,is white with no pockets,is closer to white in color
shirt,train,shirt_train_03262,B0009RSGEQ,B00061P9LS,has shorter sleeves and a different graphic,is longer
shirt,train,shirt_train_03263,B004M95RKS,B001O2RGVY,is yellow and green with a collar and buttons,is more multi colored
shirt,train,shirt_train_03264,B00CHSLWK0,B00876F2L6,is darker,has red text
shirt,train,shirt_train_03266,B00C1AGXLW,B00763T3N4,is sleeveless and stripes horizontally,has shorter sleeves
shirt,train,shirt_train_03267,B00501ATAA,B001WAL2B8,Is grey and more wordy,is brown with a Pinky theme
shirt,train,shirt_train_03268,B00DLRISC6,B0089SVFA4,is a brown short sleeved shirt with text,is darker
shirt,train,shirt_train_03270,B007BA6QVO,B009ENSOG6,is white and sea foam,is lighter
shirt,train,shirt_train_03271,B004LUGE9Q,B0026HX7BY,is a grey shirt.,is grey and long sleeved
shirt,train,shirt_train_03273,B008YIB6YY,B0059B231O,is multicolored plaid button down shirt with long sleevs,is lighter
shirt,train,shirt_train_03274,B000ANOHA6,B000YXL4KS,Has back edges on a white tee,It has sleeved and more monochromatic
shirt,train,shirt_train_03277,B00BEIGWM2,B0049EBKQ6,The shirt is black with a orange Home Depot emblem.,is black with white text
shirt,train,shirt_train_03278,B005SZI4JG,B0086TS11M,short sleeve solid color,is bold and has shorter sleeves
shirt,train,shirt_train_03279,B0085U2MLM,B00493XZLK,is more formal with buttons and light blue,is blue and collared with buttons
shirt,train,shirt_train_03280,B00A163SMK,B007XT863E,does not have sleeves,has shorter sleeves
shirt,train,shirt_train_03281,B0099WUKVE,B0058VUJ1Q,is lighter,A green
shirt,train,shirt_train_03282,B002ZXV9GO,B0009RSGEQ,is grey with a different logo,is more grey with writing
shirt,train,shirt_train_03283,B002ESO38Q,B003I53K1K,is identical,they are the same
shirt,train,shirt_train_03284,B005O1HULM,B00B5U81SM,is light brown in color and shorter sleeves,is short sleeved with no buttons and is light brown
shirt,train,shirt_train_03285,B003WQT4V0,B001CTIWQW,is darker,A solid black shirt with yellow letters
shirt,train,shirt_train_03286,B00CQGXOCW,B009PNS37A,is white and an undersleeve,The desired item is white with patterned sleeve trim
shirt,train,shirt_train_03287,B009ZGOA10,B000EOXM1G,Is more white and fun,is whiter
shirt,train,shirt_train_03288,B00AG42V48,B007LNK5JK,has a vibrant red color,is darker
shirt,train,shirt_train_03289,B0051EBAP4,B004N3B2K2,Is less casual,has a collar and much larger stripes
shirt,train,shirt_train_03290,B007O3F2EK,B004RBG8C2,is darker,is black with image
shirt,train,shirt_train_03291,B009ZYZ30O,B00A060FVI,is a more black-blue,is darker blue
shirt,train,shirt_train_03292,B006ZN1TY2,B00191OV5Y,has only face of cartoon and no text,is darker
shirt,train,shirt_train_03293,B004FURUHM,B00378LEC0,is darker,is black
shirt,train,shirt_train_03294,B00CDGIFJ2,B00D457QOQ,is darker and has different graphics,is gray
shirt,train,shirt_train_03295,B004XJ28RW,B00E3DI886,is lighter with different graphics, has rectangles on it
shirt,train,shirt_train_03296,B00E8BL25O,B005VN9YFI,is green and larger in size,is darker
shirt,train,shirt_train_03297,B005HARG0K,B00COZJR9O,is yellow in color,is bright yellow button-down shirt
shirt,train,shirt_train_03298,B004U952YQ,B009XDKXQQ,Has longer sleeves is blue and fully buttoned,is blue check and long sleeved
shirt,train,shirt_train_03299,B000LCA45I,B0067EX348,burgundy,is more red and no text
shirt,train,shirt_train_03300,B00305G0GK,B00C8XNVGM,Is lighter in color with letters.,is white with a colorful graphic
shirt,train,shirt_train_03301,B00B8Y1ZTM,B00B8Y2OAG,The shirt is red in color with black writing.,is darker
shirt,train,shirt_train_03302,B007RBUZKU,B00C9T2XDC,is black in color t-shirt,has no button and is black color
shirt,train,shirt_train_03303,B00AHZX59Q,B009K8CUKQ,has long sleeves,black and white striped shirt with long sleeves
shirt,train,shirt_train_03304,B005TGG5KO,B003OTVAJO,This shirt has a larger picture on front.,is lighter
shirt,train,shirt_train_03305,B006G8W1K2,B005Q66TNU,is brighter and has sleeves,is lighter
shirt,train,shirt_train_03306,B000VCKGW4,B000FL2RVE,is a dark colored shirt with the logo slightly above the center,It is less dark
shirt,train,shirt_train_03307,B003WT0OCU,B004VDCTRY,is lighter in color,is darker in color and less words
shirt,train,shirt_train_03308,B007P5LNPY,B000B8K8TO,Is a long sleeve grey dress shirt,has a flap pocket
shirt,train,shirt_train_03309,B001QD1EQE,B001M0A31S,is a lighter blue and is more subdued,is lighter blue
shirt,train,shirt_train_03310,B00D2BYQNQ,B00BCMOQCI,Larger patriotic logo,is lighter in color and a larger design on it
shirt,train,shirt_train_03312,B00BJMV0KW,B00A7Y3VTQ,is darker,Is less whimsical
shirt,train,shirt_train_03313,B008EE9DKM,B0076QRLTY,is solid black with a white logo,blue and white design on front
shirt,train,shirt_train_03314,B00AVMONC8,B004MW3IGA,Has black and red checkers and has button,is a shirt with a pattern not a tshirt
shirt,train,shirt_train_03315,B0088B47W0,B003LVYS7G,is long sleeves and is black, and is plaid patterned
shirt,train,shirt_train_03316,B004DOZBGC,B0074TX9QW,is black in color,is black and has green logo
shirt,train,shirt_train_03317,B006MKPVEM,B006MKOEFY,has a less prominent smaller graphic,has a different logo
shirt,train,shirt_train_03318,B004G2ZHQ0,B005ZEZF9M,is green in color,is lighter and less graphic
shirt,train,shirt_train_03319,B005PBWWV4,B005PBWWSW,is the same,is the same
shirt,train,shirt_train_03320,B0043D27JM,B002O1WNYE,is white colored and has handmark on it,is lighter
shirt,train,shirt_train_03321,B00AEAH5V8,B005NCAWXU,is more gothic and less practical,is a belt
shirt,train,shirt_train_03322,B009WQV9LM,B0016GH1F4,has more colors and a different graphic,has yellow text
shirt,train,shirt_train_03323,B00AZM06C0,B00DRFTLKU,is lighter shade,is lighter
shirt,train,shirt_train_03325,B00GBAM484,B00F99GCZ4,is black with fox logo,is black
shirt,train,shirt_train_03326,B008ARGJ7S,B008BXVK4I,has new zealand written on it,is less colorful
shirt,train,shirt_train_03327,B008MNOGIE,B00CAZSETC,has a different [riny,Is not as bright for the decal
shirt,train,shirt_train_03328,B007P6SF7C,B00B4MIHJ4,Has a yellow logo,is silver with yellow lettering
shirt,train,shirt_train_03329,B002BOMBFA,B0019691X6,Is a black T shirt with shining knight on it,is black
shirt,train,shirt_train_03330,B0077DEG1W,B0040AXWYC,is dark colored and has a larger graphic covering it,is darker in color
shirt,train,shirt_train_03331,B001R60YMA,B001E8FLVA,is blue,Very similar but yellow rather than blue.
shirt,train,shirt_train_03332,B006BM8RC4,B0086EKC8M,is green in color,green and white
shirt,train,shirt_train_03333,B00BDT1JUM,B004VG7HJQ,is more sporty looking,is a nike shirt
shirt,train,shirt_train_03334,B00BEEF7SG,B00BEDY5FS,is lighter,is less formal
shirt,train,shirt_train_03335,B0059A8P44,B0083SH7ZW,is looser fitted,is grey with open buttoned collar and looser fit
shirt,train,shirt_train_03336,B0072ZZA1A,B0072ZNVSE,is gray with different words,is more gray in color
shirt,train,shirt_train_03337,B0050SPKY8,B009ECAJKG,is a t shirt with a circular red and white logo,has a more circular design
shirt,train,shirt_train_03338,B001VSWW5G,B003ZFW3W0,is a slim fit t-shirt,is black and white and has a man's portrait
shirt,train,shirt_train_03339,B00AXL4G3S,B000O8TUWM,Is more blue,is darker
shirt,train,shirt_train_03340,B002T1TCHU,B00BUQCJ0M,is gray,is lighter and has longer sleeves
shirt,train,shirt_train_03341,B0037OSKI0,B00563D1UW, blue,is white and short sleeved
shirt,train,shirt_train_03342,B001AMSWR0,B0019SGSH6,is blue with black vertical stripes,has stripes
shirt,train,shirt_train_03343,B008XCXJGE,B0089C7PF4,Mens Navy Blue slim BMW tee with white side stripe,is less formal
shirt,train,shirt_train_03344,B0037TPX4O,B006C95LP2,is black in color,is a darker color
shirt,train,shirt_train_03346,B00AJJKELM,B008KYRBQY,Is less striped and more green,is a solid bright green
shirt,train,shirt_train_03347,B00EUSTDWO,B00DUZCDXO,is blue color with college frat,is blue
shirt,train,shirt_train_03348,B005S0BNTE,B007DIXS92,is black with human figures on it,Solid black shirt with circle picture with man on it.
shirt,train,shirt_train_03349,B000ULN4NO,B000TQUVNG,is brown without white collars,is brown and more casual
shirt,train,shirt_train_03350,B008A3YSW0,B005FH1ECG,puffy white long sleeve shirt with string,White long-sleeved
shirt,train,shirt_train_03351,B00A73X00C,B000ZWRCLI,is darker colored,is black and has a logo
shirt,train,shirt_train_03352,B003XFS6SW,B005UQ8QNW,is gray with green designs,is lighter in color
shirt,train,shirt_train_03353,B00BHASECS,B00CM9K1RO,The shirt is black with a picture of a man.,has blue and red detail on front
shirt,train,shirt_train_03354,B001183GTC,B00AHTM3CC,is blue without any sleeves,is blue and sleeveless
shirt,train,shirt_train_03355,B00921OYYG,B0067MXKNO,has different logo,and a smaller text area
shirt,train,shirt_train_03356,B002N8A2GO,B00633UFA8,is black with red designs,has more red color to it
shirt,train,shirt_train_03357,B007B8MJ7Q,B005G1GVZQ,is darker in color with shorter sleeves,The item is black with short sleeves
shirt,train,shirt_train_03358,B0064DLYXY,B008YF39P6,is lighter,is not black colored
shirt,train,shirt_train_03359,B00DG6W0CQ,B00CB31WRO,is black color with more text,has a different graphic
shirt,train,shirt_train_03360,B004YWC198,B00CJ0VBZW,is blue with horizontal patterend strips,has a pocket
shirt,train,shirt_train_03361,B006JV1CJW,B00AZF2YU4,is more plaid and has longer placket,has more pink color to it
shirt,train,shirt_train_03362,B002VMJ7G8,B005DTRAN8,is grey with a red car without collars,has more red
shirt,train,shirt_train_03363,B00B1SY196,B0037Z5TA6,is orange with a small green chest logo,is lighter in color
shirt,train,shirt_train_03364,B00279XE3C,B0031U0YM0,Is brown,Is brown and less bright.
shirt,train,shirt_train_03367,B004UPA2JA,B005SB68E8,Is a black long sleeve dress shirt,has longer sleeves
shirt,train,shirt_train_03368,B007KPX2EE,B00HF7Q61S,is lighter with different wording,is a lighter color and has a different message
shirt,train,shirt_train_03369,B0083F4WSK,B001FEFJ1K, white,is black and has long sleeve
shirt,train,shirt_train_03370,B005ZAAQ68,B003AM7WGK,is white and grey,Is lighter with smaller stripes
shirt,train,shirt_train_03371,B003X36QPE,B00BZJYWQS,is a black t shirt with picture,has colourful logo
shirt,train,shirt_train_03372,B00B44B76M,B002GOSQBS,is more sporty and a button up front,is more sporty looking
shirt,train,shirt_train_03373,B004IOF7DO,B00B1EV8WS,Is lighter and more casual,is sexual
shirt,train,shirt_train_03374,B00CB3IEFM,B000FVXQC8,is green with white lettering,is more of a green color
shirt,train,shirt_train_03375,B006HM9F1A,B00CPJ29XA,is a long sleeve beige colored shirt with pockets,is long sleeved
shirt,train,shirt_train_03376,B000FEY0MU,B00EO4UAZ8,is less tie-dyed and more historical,is not tie dye
shirt,train,shirt_train_03377,B00DMAX9EO,B007PSF7E4,is black with a white chest logo,is darker
shirt,train,shirt_train_03378,B000IPD7TI,B006SHDPSI,does not have collar and has short sleeves,has shorter sleeves
shirt,train,shirt_train_03379,B009LHEC52,B009GXKKKM,is collared and blue.,is more blue
shirt,train,shirt_train_03381,B002EEP40G,B001M54XT6,has a different colored logo and text,has word graphic
shirt,train,shirt_train_03382,B001O883TM,B001O84MII,has blue stripes and not purple,is darker
shirt,train,shirt_train_03383,B00BB2GOXS,B003SASJDY,the grey color tshirt looks more slim fit,is less animalistic and more humorous
shirt,train,shirt_train_03384,B006JO93NG,B009RRZILI,is white colored,is less colorful
shirt,train,shirt_train_03385,B003BQRVHA,B003BQXIG8,A darker color t-shirt.,is darker in color
shirt,train,shirt_train_03386,B00B5WDLNU,B000YTDELY,The shirt is brown with a dog.,is brown with larger dog graphic
shirt,train,shirt_train_03387,B000GDXDNC,B008BRFT0A,has shorter sleeves and no words,is a black tank top
shirt,train,shirt_train_03388,B0059YLJO8,B005WMS27E,is black in color,is dark in color
shirt,train,shirt_train_03389,B00A1Y17WA,B0093Q14NO,is bright blur,is lighter
shirt,train,shirt_train_03390,B00729OYT0,B0031QL07M,has a chest pocket and is a darker blue,is more formal
shirt,train,shirt_train_03391,B004TNUQOO,B000V30E8Y,is lighter,It is more grey
shirt,train,shirt_train_03393,B00AGI4A7A,B00BUL9VMG,is long sleeve brown flannel,is plaid and long sleeved
shirt,train,shirt_train_03394,B005MRG6KE,B0058PKWLE,has a less provocative graphic,has cap on skull and is less gangster-ish
shirt,train,shirt_train_03395,B00BZ9S4PS,B004B8V04M,is darker,Is more patterned
shirt,train,shirt_train_03396,B00AVMOV3Y,B004CLZKTO,is red colored with minimal art,is more red
shirt,train,shirt_train_03397,B006027X8Y,B00AHTMBEC,is black and sleeveless,has less red
shirt,train,shirt_train_03398,B00AYJ9968,B007XT841S,has no sleeves and has a strip on it.,has less imagery and more design
shirt,train,shirt_train_03399,B003RGAE4Q,B008A1NLYS,The shirt is black with Spiderman,has more print on it
shirt,train,shirt_train_03400,B002PDT7FE,B0082RTGX0,is lighter grey,is more green with a smaller logo
shirt,train,shirt_train_03401,B003R4ZI58,B0059MRX0Y,is more fitting,is more slim fit and has longer sleeves
shirt,train,shirt_train_03402,B00ARCZH9A,B00341HH4E,is more casual,is less busy and more casual
shirt,train,shirt_train_03403,B005VM2I52,B004M3DTFO,is lighter and has longer sleeves,has longer sleeves and a plaid pattern
shirt,train,shirt_train_03404,B00DHJHJ2I,B009MIITM2,is lighter,is white with colorful text
shirt,train,shirt_train_03405,B001R60YMA,B0050JFQJG,is more formal and sporty,is white and more sporty
shirt,train,shirt_train_03406,B001CCAD34,B000X43ZKU,Is green,is lighter
shirt,train,shirt_train_03407,B00B6E7958,B0057X9OYS,is maroon,is red
shirt,train,shirt_train_03409,B0038MPGBA,B001CXQLX4,is long sleeve and burgundy colored,has longer sleeves
shirt,train,shirt_train_03410,B0099MPSJS,B00CB3K6V2,is a black colored shirt with text,is black and trendy graphics
shirt,train,shirt_train_03411,B004EHZ5YQ,B00BNT5WUK,Has a different 'DC Shoe' logo,has more graphics
shirt,train,shirt_train_03413,B0009GA9DI,B008D22XU2,is red with shorter sleeves,is more red
shirt,train,shirt_train_03414,B005TS27VS,B0008TSEGA,is black with a purple chest logo,Is black in color
shirt,train,shirt_train_03415,B000G7GDLW,B001MXJD6Q,has longer sleeves and a more prominent graphic,is long sleeved with a bigger picture
shirt,train,shirt_train_03416,B0085437Z8,B005916W70,is lighter,is a pullover and white
shirt,train,shirt_train_03417,B008CB6DYG,B005LB3NMA,is white,is white but otherwise the same
shirt,train,shirt_train_03418,B006KCABZ6,B0069LI65A,has longer sleeves and made by Hawke,it is black and has a longer sleeve
shirt,train,shirt_train_03419,B002T2K3RW,B007JCOZ26,is lighter with vibrant print,is white green and has parrots
shirt,train,shirt_train_03420,B001VY787W,B0022V9LQY,is black and white,is black and white
shirt,train,shirt_train_03421,B00EN9IM0O,B002ZJFE5A,is a darker color,has flag and is darker
shirt,train,shirt_train_03422,B008AZM75S,B00AQIF5VU,has larger white designs,has more design
shirt,train,shirt_train_03423,B00BLYGUY4,B00BTK83CM,is more manly,is a black shirt with black and white graphic
shirt,train,shirt_train_03424,B008MFSHZU,B0054I40PE,has shorter sleeves,Is pockets
shirt,train,shirt_train_03426,B00AX309Y6,B00BQW6MX0,is a black long sleeve dress shirt,has longer sleeves and no stripes
shirt,train,shirt_train_03427,B004YD7EQM,B006YHPRJW,is gray with blue words and designs,is lighter
shirt,train,shirt_train_03428,B000I90RSS,B000QHEPJE,is white with black designs,is black and white
shirt,train,shirt_train_03429,B008R7FJZ4,B0056ZMRFU,is more colorful,is brighter in color
shirt,train,shirt_train_03430,B003FJ74KC,B0068R0P8G,is more formal,is plaid
shirt,train,shirt_train_03431,B0014JYKA2,B0018QNSOK,is white colored with collar,Is mens
shirt,train,shirt_train_03432,B003XMRTL0,B005UQ93NE,has an animal-like logo,has more silver on it
shirt,train,shirt_train_03433,B004VN60CO,B00ENUN2QC,Is black and less wordy,is more emo
shirt,train,shirt_train_03434,B007907B7E,B00935MMWC,The shirt is red and blue plaid.,is lighter and has longer sleeves
shirt,train,shirt_train_03435,B0098WCX0Q,B0071J4SA6,is darker,is darker
shirt,train,shirt_train_03436,B004U75S6U,B00942WRHO,is a grey short sleeve  button down shirt,is lighter in color
shirt,train,shirt_train_03437,B00A8ZH7O4,B00BNVAA46,is gray with red stains everywhere,more graphics
shirt,train,shirt_train_03438,B001IA6Z64,B002Q4VHOG,is a lime green T shirt with dark green stripes,is green and masculine
shirt,train,shirt_train_03439,B004YDDCLS,B00588OM76,is darker with more buttons,has buttons on the front and is a darker color.
shirt,train,shirt_train_03440,B00644NG9S,B001Q52KRE,is white with words,is white colored and has a different graphic
shirt,train,shirt_train_03441,B005HGT65M,B001O0EPEM,is a polo white t-shirt,Is less casual
shirt,train,shirt_train_03442,B00196NLFU,B002LOI1J0,is dark blue in color,has smaller graphic and is bluer
shirt,train,shirt_train_03443,B00A4OQY5M,B001E2LZ9S,has smaller lettering and has long sleeves,It is a black long sleeved shirt.
shirt,train,shirt_train_03444,B002SXMDD4,B002SXMDZC,has a lighter shade of color,is the same
shirt,train,shirt_train_03445,B007WRKBTO,B007K22QWG,has longer sleeves,is longer sleeved with a white chest panel
shirt,train,shirt_train_03446,B0015O8OTY,B005EPI1VG,is blue colored with an image,is blue with red symmetrical graphic
shirt,train,shirt_train_03447,B007F9OB6S,B0089XW1EI,has horizontal pattern and is darker,is red with a multicolored stripe on it
shirt,train,shirt_train_03448,B007Y7QJEI,B0081GBK7C,has cards on it,is navy blue and has playing cards on it
shirt,train,shirt_train_03449,B00AO1F758,B0085HBTIC,is black with a collar,black with less stripes
shirt,train,shirt_train_03450,B0081S5Q5W,B000YYTOE0,is red with boat designs,is more bold and red
shirt,train,shirt_train_03451,B005MH5XJO,B0081BYJ70, is button up,has more blue in it
shirt,train,shirt_train_03452,B0072D7A3I,B000MX0TWE,The shirt is blue in color with a white buffalo.,is dark colored
shirt,train,shirt_train_03453,B0037VYUY6,B005UYW6A8,is red and is short sleeved,has shorter sleeves
shirt,train,shirt_train_03454,B001VSWW5G,B007ZTFCTI,Yellow with Star Trek logo,A solid dark orange short sleeved shirt
shirt,train,shirt_train_03455,B0072ZHH1G,B007300JZ6,is black with got honda written on it,is a black tee that says
shirt,train,shirt_train_03456,B004NNA9JW,B000XSIRN6,has yellow designs,has a Native American logo
shirt,train,shirt_train_03457,B00DD1KMXS,B006YXRU0A,is darker and has a colored icon,has rolling stones logo
shirt,train,shirt_train_03458,B0013EDQD0,B0093STGGO,has shorter sleeves and is darker colored,has longer sleeves
shirt,train,shirt_train_03459,B0045MS7TU,B004FSF1ZM,Has a larger logo,has a different graphic
shirt,train,shirt_train_03460,B009LIZDMC,B000VY9PU6,is dark red colored,Is red
shirt,train,shirt_train_03461,B008BQNKW0,B0048PJLJ4,is lighter,is lighter in color
shirt,train,shirt_train_03463,B0064CHV64,B00ESQRFJQ,is black with a goat on it,is black
shirt,train,shirt_train_03465,B005253KWI,B00EZTK5MK,has a different graphic on the front,has an optical illusion
shirt,train,shirt_train_03466,B004H7SA6S,B004UPA2JA, and is button up,Has shorter sleeves.
shirt,train,shirt_train_03467,B00AYSUQ66,B009RRET0Y,is gray,is a lighter color
shirt,train,shirt_train_03468,B005JAFF10,B003XI9IKY,less detailed,is bold and less graphic
shirt,train,shirt_train_03469,B009H4RTT0,B009H4RSQ4,Is slightly lighter in color,is same
shirt,train,shirt_train_03470,B000O5ID5K,B0031BA1KY,has longer sleeves and a solid light blue shade,has a more blue color to it
shirt,train,shirt_train_03471,B0076S8EJI,B00A3LPSS0,is not as formal,is collarless
shirt,train,shirt_train_03472,B001Q54LNA,B004KUUJHA,is dark blue with a different graphic,is more blue and had an image of Jesus on the cross
shirt,train,shirt_train_03473,B0081ZLTDI,B009XE57N4,Lighter and only buttons up at collar,is crew necked and green striped
shirt,train,shirt_train_03474,B00DENRV8O,B000MSDOEO,has a light blue color with a pup picture,is light blue colored
shirt,train,shirt_train_03475,B00A2MCT5K,B003YHM2RU,is black colored and has five skeletons,is darker
shirt,train,shirt_train_03476,B00C6ACT06,B00DUGFSPS,is tigher fitted and black in color,is tighter
shirt,train,shirt_train_03477,B008I2DT78,B008582Z16,has collar and buttons,is polo with button up and collar
shirt,train,shirt_train_03478,B007LUV4A2,B009VLFWHK,is black and have text in center.,black with white text
shirt,train,shirt_train_03479,B00383WPEK,B00DC9SOHM,is darker and not warm,is darker
shirt,train,shirt_train_03480,B000VTI5MA,B00D0AM8W0,is darker in color,is darker colored
shirt,train,shirt_train_03481,B00B5FT3FC,B0083SD9XQ,is black with a red design,is black with a graphic and is more casual
shirt,train,shirt_train_03482,B00306N1TI,B008745PZQ,is darker colored,is faded
shirt,train,shirt_train_03483,B00BJ5YNC6,B00CQF364E,is lighter and more brighter,it is white
shirt,train,shirt_train_03484,B0071OU620,B000I7KTLA,is more ethnic,is blue
shirt,train,shirt_train_03485,B00BIGEKLA,B003AVN3KK,Is more  fitted and whimsical,has slightly shorter sleeves and lower neck
shirt,train,shirt_train_03486,B004U2RS1I,B006DUL9VK,has a scary print,is darker
shirt,train,shirt_train_03487,B000IZ586S,B008O6JDLY,Is less shirt and more logo,has bolder graphic and is white
shirt,train,shirt_train_03488,B005R7VUJG,B004VP79H2,is bright,is orange with graphic on front
shirt,train,shirt_train_03489,B006NNR8H6,B00EOECJFM,is beige with a collar,is a red T shirt
shirt,train,shirt_train_03490,B0071A1GS2,B000GLRWTK,is a red hood,is red with longer sleeves
shirt,train,shirt_train_03492,B0094KPX2C,B00BL6WPQY,is gray with white words,is gray with a different graphic
shirt,train,shirt_train_03493,B00CAHOA8E,B002LSIEW0,is more lined and less soild,has more stripes larger text
shirt,train,shirt_train_03494,B004M203WW,B007FXYRCC,is yellow in color,is yellow
shirt,train,shirt_train_03495,B008P4YX38,B002CJ7NKW,The shirt is blue and has short sleeves.,is darker and more masculine
shirt,train,shirt_train_03496,B0033LW7WW,B00C2T1FCO,is lighter and has longer sleeves,is lighter and has longer sleeves
shirt,train,shirt_train_03497,B00AGFB0TY,B008Y3AX3O,is navy blue,has more of a blue tone to it
shirt,train,shirt_train_03498,B00BN16TNW,B003IAWKR0,is short sleeved and black,is darker and has shorter sleeves
shirt,train,shirt_train_03499,B002QE8QEK,B000X756HC,The shirt is gray with black and white writing.,is darker and has more text
shirt,train,shirt_train_03500,B004433QTQ,B001FXKOTS,is white with a Sully graphic,is lighter
shirt,train,shirt_train_03501,B009AWF68K,B00AAQQDKA,has shorter sleeves and a red plaid pattern,shorter sleeves more plaid
shirt,train,shirt_train_03502,B003S284IM,B00CBDI5PQ,Is more whimsical and colorful,has black and blue swirling designs
shirt,train,shirt_train_03503,B008Z85LMG,B00AUV9G2W,is darker with longer sleeves,is more plain
shirt,train,shirt_train_03504,B008VS41KS,B008EXNJWQ,has lighter buttons,has lighter colored buttons
shirt,train,shirt_train_03505,B0081GBZM2,B00D5Y6JE4,the red color tshirt is more fit,is a red tshirt that says namaste
shirt,train,shirt_train_03506,B000VTGIWE,B000YDI1SQ,is a yellow and white T shirt,is yellow and white
shirt,train,shirt_train_03508,B005CTG4LS,B009ATOUVM,The shirt is pink in color with black writing.,is red with black lettering
shirt,train,shirt_train_03510,B00173EPLY,B00BNXAPU8,is black with number 16 on it,is black colored with writing in orange color
shirt,train,shirt_train_03511,B003KJ6WW8,B005OK4SKO,has a different design,is more pac man
shirt,train,shirt_train_03512,B00863DEJM,B004VEDJOK,is black,is black and has captain logo
shirt,train,shirt_train_03513,B000Y8Y48C,B001J4SXPA,is similar,is black and more adolescent
shirt,train,shirt_train_03514,B00BFA1OMC,B00C3CPL0M,Black and gray Mens tank Lifted written on front,has shorter sleeves
shirt,train,shirt_train_03515,B00E5KOCMS,B005O1HULM,has longer sleeves with buttons,is white with longer sleeves
shirt,train,shirt_train_03516,B005L56U0I,B009RUQW9W,is a red t-shirt,is red with a logo on the chest
shirt,train,shirt_train_03517,B001J4XSKK,B001UL0Q48,Has a blue design on the front.,has more blue in it
shirt,train,shirt_train_03518,B00AWBL5C4,B007262ZXU,is more manly,has a more simple logo
shirt,train,shirt_train_03519,B0057QR3MK,B006DUKPVU,has a logo on front and crew neck,An orange shirt with black/white  circle on front
shirt,train,shirt_train_03520,B0087T7WSY,B00AXEHKLU,Is grey and  has a more colorful graphic,is a lighter background shirt color
shirt,train,shirt_train_03521,B008HWCKHO,B004CSYQ9W,Is  black with a larger graphihc that is more colorful,is darker
shirt,train,shirt_train_03523,B00B5S1JDS,B005IYSY06,has long sleeves and vertical stripes,is darker and longer sleeves
shirt,train,shirt_train_03524,B009Z3XVPE,B006EF17GQ,has different graphics,is a smaller logo that is yellow and red
shirt,train,shirt_train_03525,B0087J57JA,B00AB8SZBW,Is white with a more noisy graphic,is white and graphic
shirt,train,shirt_train_03526,B00AA7MT4I,B00508PMRS,has a plain brighter color,is more formal
shirt,train,shirt_train_03527,B003P9VNDQ,B00594O0DU,is darker and has longer sleeves,Is a darker grey
shirt,train,shirt_train_03528,B004YUH4JM,B0069KQ7IO,Is lighter blue and has shorter sleeves,it has a brighter color
shirt,train,shirt_train_03529,B007JCO9N6,B00B4FXWZ0,has longer sleeves,is lighter
shirt,train,shirt_train_03530,B007RFOPHU,B00EQG8I94,a black tee with a bulls logo,is  darker
shirt,train,shirt_train_03531,B000CDMWHY,B0072D8ALO,has motorcycles on it,is blue with a Route 66 image on it
shirt,train,shirt_train_03532,B002Z11LQO,B0051EPUKK,much paler blue,has a v-neck
shirt,train,shirt_train_03533,B007Z55VU2,B00B5842SC,is white with black figures,a white crew neck tee with western imprint
shirt,train,shirt_train_03534,B003C1BUU8,B001ENCLB8,is yellow with black buttons,Desired item is light brown and long-sleeved
shirt,train,shirt_train_03535,B002RYS87O,B00D0EGQ6U,is a marines vest,a camo tank top with graphic on the front
shirt,train,shirt_train_03536,B004IYJTQK,B0047PO8WK,is darker with a different image,is red
shirt,train,shirt_train_03537,B002NUW8QO,B0039048GA,Is brighter in color,is red and has a bigger logo
shirt,train,shirt_train_03539,B00FFT1N1G,B006H6WOR8,has a collar,is lighter black and has tv show logo
shirt,train,shirt_train_03540,B004ZC5SPG,B004ZC5VL2, buttons and is darker,is only white
shirt,train,shirt_train_03541,B004L6LAH6,B00BNT6YNO,is green colored with white art,Has a graphic and is green
shirt,train,shirt_train_03542,B00872WLDW,B008ETFQSK,is a back t-shirt,has sleeves
shirt,train,shirt_train_03543,B0051EQ7Q6,B008D4RTNQ,is dark colored,is in black.
shirt,train,shirt_train_03544,B00BTF575S,B0013FI8SW,is not a clothing item,is lighter
shirt,train,shirt_train_03545,B003WY85O4,B00GI2EI9S,is green colored,is green and less masculine
shirt,train,shirt_train_03546,B00BNT6S94,B00872V5J8,is white with a Red Stripe Logo,A white tank top with red trim
shirt,train,shirt_train_03547,B00158SFRG,B003YHOJEY,is more contrasting with its colors,is more colorful
shirt,train,shirt_train_03548,B00DT4BWO2,B004J1MS8S,is written I'd rather be flying,has white lettering
shirt,train,shirt_train_03549,B005J2EAFA,B004NNUB8G,is less formal and brighter,is blue with logo
shirt,train,shirt_train_03550,B006JAQMAC,B0043D27JM,is blue,Is dark blue.
shirt,train,shirt_train_03551,B005VN9YFI,B00AC4ZM7A,is lighter in color and has smaller graphic,I a different color and has a different image
shirt,train,shirt_train_03552,B0072YG09M,B0072ZHH1G,is dark grey with pharmaceutical graphic,is lighter
shirt,train,shirt_train_03553,B00AE00GD2,B004QL745S,has short sleeves and a collar,has short sleeves and has buttons
shirt,train,shirt_train_03554,B00B4MIHJ4,B005V4OS5I,has same lengths,It is not a garment
shirt,train,shirt_train_03555,B002LT1DM2,B003ISQR1W,is lighter green,it has a lighter green and a smaller print
shirt,train,shirt_train_03556,B004Y3B42C,B001G8585W,is darker with longer sleeves,is gray and has longer sleeves
shirt,train,shirt_train_03557,B00AX2ZAIC,B00AX1BB1S,has short sleeves and smaller checked boxes,same style but different colors.
shirt,train,shirt_train_03558,B00451AU32,B005KUICXM,is black with a gray figure,has a light blue graphic
shirt,train,shirt_train_03559,B00CC5EQXS,B003HB35GA,is black with white stripes,has shorter sleeves
shirt,train,shirt_train_03560,B004TLAU4C,B009V84Z0I,has larger graphic and is more colorful,has busier looking graphics
shirt,train,shirt_train_03561,B005CEJI2U,B00C7X4IN8,is green and cooler,is green
shirt,train,shirt_train_03562,B00GGILPDQ,B0036SP2YW,darker color,is a red shirt that is plain
shirt,train,shirt_train_03563,B00E4799H0,B008Z6D79C,Doesn't have a logo,it is brown
shirt,train,shirt_train_03564,B002P5A0WG,B00BD9G1NC,is white and says i'd flex,is lighter colored
shirt,train,shirt_train_03565,B007F5U6HK,B000GIL1W2,is a solid color and is more revealing,has no sleeves
shirt,train,shirt_train_03566,B00AG250Q6,B00B5D1SSY,has a v shaped neckline and brighter,is cream with a V neck
shirt,train,shirt_train_03567,B009LCUVGQ,B004RZ630A,has a smaller graphic with a skull,has different pattern on it
shirt,train,shirt_train_03568,B006CWHHNI,B005BW1TOS,Is more wordy and has longer sleeves,has longer sleeves
shirt,train,shirt_train_03569,B0064FDLPG,B004SFEZQS,is more dark and stylistic,has short sleeves and a large graphic contrasting the grey shirt.
shirt,train,shirt_train_03570,B009F8R15A,B000W119NO,is a lighter color,is a blue button down
shirt,train,shirt_train_03571,B00FPZT79U,B009JQNGMK,is shinier and nerdy,has orange text
shirt,train,shirt_train_03572,B0048KX9QU,B007JWM08W,is long sleeved fitted red shirt with Hurley print,has longer sleeves
shirt,train,shirt_train_03573,B004943QK4,B0094NQJ22,a short sleeve black tee shirt with a gothic graphic,is tighter
shirt,train,shirt_train_03574,B00AQKLP4O,B00BIPYIZE,is an army green t-shirt with nuclear motif in black,is longer
shirt,train,shirt_train_03575,B002KO943S,B00AB8LUF0,is lighter colored,Is grey and less colorful
shirt,train,shirt_train_03576,B00E0PLH1W,B008XMDLJY,is blue in color,is bright blue with Hound of the Baskervilles on it
shirt,train,shirt_train_03577,B009NQOOPY,B00880ZDEC,Is blue,is a purple and blue plaid shirt
shirt,train,shirt_train_03579,B007VYSCU8,B006ZZRMN2,has three pictures and says New York 1955,has three pictures of men
shirt,train,shirt_train_03580,B00BY99ANY,B007OZX934,has a collared neckline and is more preppy,is lighter in color and has more buttons
shirt,train,shirt_train_03581,B005BUKC6Q,B009LVN6P0,different designs,is darker
shirt,train,shirt_train_03582,B0083F4WSK,B0099WPQ5E,is a casual light colored shirt with a star graphic,is lighter in color
shirt,train,shirt_train_03583,B005IU1RVI,B005J1RMZG,has different words on it,says charger instead of beetle
shirt,train,shirt_train_03584,B005KKBF9K,B009G7YAAE,Is blue with a more colorful logo,is blue with a football graphic
shirt,train,shirt_train_03585,B000CDMWHY,B007240QGU,is very bright and colorful,has more color
shirt,train,shirt_train_03586,B005SJAY4A,B005SJASDC,is a black t-shirt with I LOVE MY LIFE phrase,has I Heart My Life on front
shirt,train,shirt_train_03588,B00593PUDU,B007EJWTOK,has pockets on the front,has breast pockets and sleeve tabs
shirt,train,shirt_train_03589,B005TBAZEG,B009M1QKT8,is more patriotic,white larger graphic
shirt,train,shirt_train_03590,B0014JYKA2,B00B5D24AK,sleeveless,is a blue sleeveless shirt
shirt,train,shirt_train_03591,B004I7EMC8,B00COMFRKA,is less fitted and more blue with words,is much brighter in color
shirt,train,shirt_train_03592,B007ZBVW2C,B00BKWP4AI,is gray with black writing,is darker in color
shirt,train,shirt_train_03593,B009OYFL7A,B00EJRZ1JA,has shorter sleeves and is black,is black with shorter sleeves
shirt,train,shirt_train_03594,B00AVMBD8K,B0045OQST4,has a photo of elvis and is tan,Shirt is tan with a painted picture of a man.
shirt,train,shirt_train_03595,B002W8IEEM,B005KYVPMS,is red,is darker
shirt,train,shirt_train_03596,B000YVGOA0,B001DZA04C,Is grey and sleeves or looser,is lighter colored
shirt,train,shirt_train_03597,B00AZ6KL2G,B00CEH0PIE,has longer sleeves with white color,is a white tee
shirt,train,shirt_train_03598,B0037TMAZ4,B008YDV2IE,a black tee with a werewolf printed on it,is black with a horror type graphic
shirt,train,shirt_train_03599,B001C4DAEQ,B003T5H0FQ,is more formal and striped,has stripes and a collar
shirt,train,shirt_train_03600,B004FQVIPG,B00941T2I2,Has darker lettering.,has a black graphic on front
shirt,train,shirt_train_03601,B002OO123O,B00866AMAS,has a funny wording,is darker
shirt,train,shirt_train_03603,B008VRV9WM,B00A8D1YL8,is black with polka dots,is more business like
shirt,train,shirt_train_03604,B00C9S67C6,B007X22HG8,is blue with white designs,is more of a traditional crew neck tee.
shirt,train,shirt_train_03605,B00GXVGKUE,B00E3GB9YI,has a tropical print with more colors,has a brown and blue Hawaiian image
shirt,train,shirt_train_03606,B008N82AE0,B0051NDWXS,does not have buttons or collar,is darker and has shorter sleeves
shirt,train,shirt_train_03607,B000RYYB36,B005U40NFS,is darker colored and has a casual style with a logo,is black t shirt with an Apple logo
shirt,train,shirt_train_03608,B00CICXOH4,B0027KWBMQ,is a t-shirt with small texas logo,A grey shirt with white letters
shirt,train,shirt_train_03609,B004O3X4C0,B00564W8Q4,is lighter colored with more characters,is white and has a more detailed graphic
shirt,train,shirt_train_03610,B005S6XRYW,B005IZLKJC,has lighter colors,is white and is more patriotic
shirt,train,shirt_train_03611,B0036NY0UO,B003AD3UV0,Is red and has no pocket,is red
shirt,train,shirt_train_03612,B007W2X61E,B00BSGWH7O,has no hoodie and is colder,has shorter sleeves and no hood
shirt,train,shirt_train_03613,B0062VY5QG,B007TWTAZ8,is lighter,is lighter
shirt,train,shirt_train_03614,B005FZVHQQ,B00DSRTC56,dark colored and letter graphic,is darker
shirt,train,shirt_train_03615,B00AYSVJJO,B004C80A2Y,has long sleeves,It is a darker green with no collar
shirt,train,shirt_train_03616,B0046PNW4Q,B001PIUPZ6,different graphic,A grey shirt with black/red letters on front
shirt,train,shirt_train_03617,B00A28UP1Y,B007568JX2,has shorter sleeves and is more formal,has shorter sleeves
shirt,train,shirt_train_03618,B001LV7U9G,B0049B3CCO,is a brown hoodie with an image,is brown
shirt,train,shirt_train_03619,B0008TSEGA,B000VCKGW4,has colorful logo,has a bigger logo
shirt,train,shirt_train_03620,B00BD986IK,B006EG2OD0,is darker,is black with white lettering
shirt,train,shirt_train_03621,B0086942V0,B0094FJED6,has a henley style neckline,Has buttons and is less basic.
shirt,train,shirt_train_03622,B008KG04CA,B00CCXZNK0,is brown colored and shorter length,is more tan
shirt,train,shirt_train_03623,B003IX5NH6,B004CO0ZLY,is a short sleeve black shirt,is a plain black short-sleeve t-shirt
shirt,train,shirt_train_03624,B008J59GKI,B009PI15HU,is a long sleeve grey shirt,is black with longer sleeves
shirt,train,shirt_train_03625,B001FD6RXU,B0051GEQW6,Is more tan,is white and beige
shirt,train,shirt_train_03626,B00DSOIF2K,B00BRAOFLC,has no buttons,Is not buttoned
shirt,train,shirt_train_03627,B002UF0YTU,B00561FZB2,is darker with a different graphic,darker and diffrent graphic
shirt,train,shirt_train_03628,B00BEH5A2Q,B006UP67BU,Is black and has a skull,is  black with yellow
shirt,train,shirt_train_03629,B00C5S0M76,B004YHPTCY,has a larger logo,is more colorful and stylish
shirt,train,shirt_train_03630,B008EXNJWQ,B009G42G1W,The shirt is blue with stripes.,is lighter and striped
shirt,train,shirt_train_03632,B001OCMBQE,B000FTP74A,The shirt is short sleeve and is black in color.,has longer sleeves
shirt,train,shirt_train_03633,B0035T65GQ,B0036BHID2,is black with a orange wolf design,is tan with lighter orange motif
shirt,train,shirt_train_03634,B008LZ5XNA,B008PYRE7K,is more solid and less detailed,A solid dark grey shirt.
shirt,train,shirt_train_03635,B004OYVVWY,B004AXKEQI,is a long sleeve black shirt,is  the same
shirt,train,shirt_train_03636,B008NGBKDO,B005LA5HNY,has a collar and is orange in color,is multi colored
shirt,train,shirt_train_03637,B003NUSB0U,B0054SYR2A,The shirt is white in color with black pictures.,is lighter and has shorter sleeves
shirt,train,shirt_train_03638,B0058RUU00,B006LWEZDE,is darker,has a completely different design on it.
shirt,train,shirt_train_03639,B008CGWSLS,B0081GGJT6,is black,is darker
shirt,train,shirt_train_03640,B00FWZPK80,B00GH3LK1M,is black with figures,has a Doctor Who logo
shirt,train,shirt_train_03641,B00AH4PVY4,B007K1L6CS,is more commercial and less humorous,is blue with gi joe logo
shirt,train,shirt_train_03642,B008MWHR5O,B007G77TQS,is plain and pocketed,is mustard colored and less striped
shirt,train,shirt_train_03644,B00CIQ365K,B00AS9T28Y,Is more dark and less wordy,is darker in color
shirt,train,shirt_train_03645,B0014UCSR8,B009JLB2V2,is a maroon t shirt with words,is darker in color
shirt,train,shirt_train_03646,B004O4JT9G,B009PTIHZ2,is a shirt with short sleeves and a small logo,is a maroon t shirt
shirt,train,shirt_train_03647,B000VIMLGM,B00DRFZ4DS,Is more blue,is blue with a blue and gray striped tie
shirt,train,shirt_train_03649,B001FQ8IM0,B006E94IHC,is lighter and more vulgar,white shirt with a warning on it
shirt,train,shirt_train_03650,B0031QFIMU,B00288TN1O,long sleeved and collared button down,is made of denim
shirt,train,shirt_train_03651,B007KZIYWE,B0089WZ7P4,is beige with the flag,is more american
shirt,train,shirt_train_03652,B00CSBH8EU,B00FOU09OS,is long sleeved with a different logo,has longer sleeves and a different graphic
shirt,train,shirt_train_03653,B005253KWI,B009H47WY2,is white with no sleeves,is blue with black lettering
shirt,train,shirt_train_03654,B008LT2ZWS,B003WET2GO,is darker with short sleeves and a pocke,is solid grey
shirt,train,shirt_train_03655,B0045090WK,B003ZJW1HS,is black with an American  flag,is black
shirt,train,shirt_train_03656,B003BR4ALY,B000XMQ7MU,yellow colored,is a solid yellow T shirt
shirt,train,shirt_train_03657,B0089OE4CO,B006VGEH0G,a blue i love bbq tee shirt,is pale blue with a smaller logo
shirt,train,shirt_train_03658,B006L74W6E,B00BONT74C,is less tight and is black with colors,has a different graphic
shirt,train,shirt_train_03659,B0036O75CI,B0012ODHMG,is a basic black short sleeved t-shirt,is black and short sleeved
shirt,train,shirt_train_03660,B00BUSEYZI,B004NXVANG,is grey with a white logo,is more beige and has a more detailed graphic
shirt,train,shirt_train_03662,B009MHWKSM,B005OQ9I5S,has a green design on it,has a green and white logo
shirt,train,shirt_train_03663,B00AK4B03C,B0025FII7K,is short sleeve and black,is darker
shirt,train,shirt_train_03664,B008582Z16,B00BIG5N20,is more casual and graphic,is a black tshirt
shirt,train,shirt_train_03665,B009398IIA,B0054QZ5QE,Is blue,is blue and bold
shirt,train,shirt_train_03666,B002BOMBFA,B00E1JKSKI,is black in color with yellow outlines,is black with yellow trim
shirt,train,shirt_train_03667,B008EE9DKM,B0096BMY0S,is black,has animal character and no sparkle
shirt,train,shirt_train_03668,B008BEOHD8,B004KF7LLM,is brighter,is much brighter in color
shirt,train,shirt_train_03669,B0009GDKN4,B004DT2MV4,is black with long sleeves,longer sleeved
shirt,train,shirt_train_03672,B007KIA2JE,B006LG7OMO,has longer sleeves and black stripes,has stripes
shirt,train,shirt_train_03673,B008FQ1GEK,B00DOEWWI2,has a darker shade,is navy blue
shirt,train,shirt_train_03674,B008GOD6VM,B00FDZVU8S,is larger and blue,is darker
shirt,train,shirt_train_03675,B0014B5CKC,B00D2Y6C76,More white,is white and has manufacturer label
shirt,train,shirt_train_03676,B006WP18VC,B00DWM7UAQ,is darker,is darker
shirt,train,shirt_train_03677,B003KW7K1W,B00B87R3R2,is a black t-shirt with BOMB phrase in bright colors,is darker
shirt,train,shirt_train_03678,B009L8VFUQ,B007AKCYNE,is grey with a face logo,A white shirt with man face on front
shirt,train,shirt_train_03679,B006MJAL52,B008YGP9Y4,is red with a different logo,is red
shirt,train,shirt_train_03681,B007CPH53Q,B004B8K6W4,A lighter color.,It is white and pocketed
shirt,train,shirt_train_03682,B00BRPEZOE,B003Y7MG80,is a long sleeve black t shirt,has longer sleeves and a collar
shirt,train,shirt_train_03683,B006TC6YNA,B000KGMHFU,is made of velvet,is maroon and longer sleeved
shirt,train,shirt_train_03684,B00BIFZVVO,B0099J1T8U,is darker with different graphics,is a black tshirt
shirt,train,shirt_train_03685,B004OYZMQU,B0050VUG76,has only a white colored design,Is shorter in color
shirt,train,shirt_train_03686,B00AW170TG,B0046XB394,has a square logo,is more faded
shirt,train,shirt_train_03687,B005NSKIRE,B006FOSF2A,is a hawaiian black short sleeve shirt,is darker with lighter flowers
shirt,train,shirt_train_03688,B00EECJJVQ,B006PSHWMK,This is a brighter shirt with long sleeves.,is lighter and has longer sleeves
shirt,train,shirt_train_03689,B00BQ9T7Z8,B007JFCYJ4,is darker,is red
shirt,train,shirt_train_03690,B0083RHIKC,B0073SJPN0,is plain grey,is grey with shorter sleeves
shirt,train,shirt_train_03691,B000JM0964,B004YQZ8AI,has a darker color and no bowtie,is more formal
shirt,train,shirt_train_03692,B00A1W2ZNC,B00AYQQ9Q4,is more oceanic,Is more green and has dolphins
shirt,train,shirt_train_03693,B006981B64,B004S43HMM,is black and is more plain,has words on the front and is more black
shirt,train,shirt_train_03694,B0059EUYLW,B00BS7FBT4,is a white blue and pink stripped shirt,has short sleeves and is lighter
shirt,train,shirt_train_03695,B0042BBSZE,B003Y7L3GQ,is lighter with longer sleeves and no logo,has long sleeves and is lighter
shirt,train,shirt_train_03696,B0052X8E80,B0054SJET6,is navy blue color with light green logo,has text on it with no buttons
shirt,train,shirt_train_03697,B005X71EPU,B000H6EGC0,is darker with longer sleeves,is much darker in color
shirt,train,shirt_train_03698,B008R7F1GQ,B00B7GY6CO,is a vest with large stripes,is sleeveless and has a color blocked pattern
shirt,train,shirt_train_03699,B00GIZLCHG,B009J5WIUM,is red with short sleeves,is red with shorter sleeves
shirt,train,shirt_train_03700,B009Z3YJ3C,B00CB3H9QM,has a longer sleeve with more text,is red and has longer sleeves
shirt,train,shirt_train_03701,B007ISCCYY,B00AXVAE3E,is collared and buttoned,is bold and collared
shirt,train,shirt_train_03702,B000M5MSOY,B0020OE1P4,is grey with half buttons,Is grey in color
shirt,train,shirt_train_03703,B00B21XPIK,B006N1JD6W,is beige,is darker
shirt,train,shirt_train_03704,B004FPIELI,B00593VBMY,Is yellow and has shorter sleeves,is lighter
shirt,train,shirt_train_03705,B000E28TPW,B00DZ040WG,The shirt is yellow in color with Trayvon Martin.,A yellow t shirt with a face on the front
shirt,train,shirt_train_03706,B00574I64G,B000MKK9PO,is darker colored,has a different graphic
shirt,train,shirt_train_03707,B00FPWFT5O,B006PIODFY,is pink army design with green writing,is for an adult
shirt,train,shirt_train_03708,B00CGTV8EU,B00CGIXLFA,has red writing,has red writing on front and is darker in colour
shirt,train,shirt_train_03709,B0052W8M0G,B006SFAKF6,Is more whimsical and not long sleeved,has more of a busy print
shirt,train,shirt_train_03710,B0091G9276,B009JOTG12,is dark in color and has long sleeves.,is darker and has long sleeves
shirt,train,shirt_train_03711,B00DZYRJH0,B00CX2RKG0,perfect,has no tag and two fewer circles on the logo
shirt,train,shirt_train_03712,B005UQ8QNW,B007JI3V8Y,has a larger graphic,is more colorful
shirt,train,shirt_train_03713,B009FW7OGM,B002P8YKV0,is a t shirt with square logo, in silver and blue
shirt,train,shirt_train_03714,B00AOG5OU6,B000VDQEM4,Is less casual,Desired item is a white dress shirt with olive tie
shirt,train,shirt_train_03715,B008F0OXF0,B00400NZH6,is more gray and patterned,Is has long sleeves and a button front
shirt,train,shirt_train_03716,B002ZY7O1M,B00EEDHNDQ,Has larger print.,It is more romantic
shirt,train,shirt_train_03717,B007SEJLU6,B00CB3CXR2,is green with muscle logo,Is green with a graphic.
shirt,train,shirt_train_03718,B00E8W901G,B0017NCSEA,darker color,A solid black shirt with red letters on front
shirt,train,shirt_train_03719,B007R1HKS0,B009FW7OGM,has longer sleeves and a different pattern,has longer sleeves
shirt,train,shirt_train_03720,B005L2L7MW,B006MKK9IU,Is buttonless with a cute graphic,has no buttons and has a large centered deesign.
shirt,train,shirt_train_03722,B001XUSB1Q,B0074TX4UI,is less formal and red,is red and has a graphic print
shirt,train,shirt_train_03723,B003BQRVHA,B003BQRUZ8,is navy blue,is navy blue
shirt,train,shirt_train_03724,B004KM3J1Q,B009XUC3OE,has white printed pockets,Desired product has pockets pictured
shirt,train,shirt_train_03725,B00421SAWI,B0038MS036,is darker and has more buttons,is black and tan buttons
shirt,train,shirt_train_03726,B0053VMQTE,B007IEPEI4,Has a smaller logo,says UFO instead of Puma
shirt,train,shirt_train_03727,B005LAJQVI,B00AH7KZ5G,is a white t shirt,is white with zoidberg on it
shirt,train,shirt_train_03728,B004T6MYGO,B00DV32R5E,is lighter and is wordy,is a light gray color with black letters
shirt,train,shirt_train_03729,B005NUFVGK,B002KMJEX0,is a black design long sleeved shirt,has long sleeves and collar
shirt,train,shirt_train_03730,B00574I64G,B008SBRUHY,is less of a cartoon and lighter in color,is a lighter color
shirt,train,shirt_train_03731,B008H3VM0E,B008RJU51U,is a different plaid and is more red,is red and black
shirt,train,shirt_train_03732,B00ACQ2CF8,B00ADOYK4A,is green and white logo,is darker
shirt,train,shirt_train_03733,B00BJHEB76,B006UMU8Z4,is grey in color with fine print,is longer and lighter
shirt,train,shirt_train_03734,B000VTI5MA,B0080FRO2E,has black words,has black words graphic
shirt,train,shirt_train_03735,B009UX6KXO,B004AAIF2Q,is a form fitting black sporty shirt,is black in color
shirt,train,shirt_train_03737,B000N87TIA,B0045EI4B4,has a Spongebob picture,is a cap and has cartoon graphic
shirt,train,shirt_train_03738,B0089NW850,B003GF4N3G,is blue with white designs,is blue with a different logo.
shirt,train,shirt_train_03740,B006Y3QGYQ,B004I8UQ36,has a white color shirt with art and text,White with motorcycles
shirt,train,shirt_train_03741,B007RP4ZP2,B007SH1ZP2,is brown with 4 characters on it,is much lighter in color
shirt,train,shirt_train_03742,B002UV95G2,B008K9CKXS,is black with cars on it,has short sleeves
shirt,train,shirt_train_03743,B005UAG8L0,B009YTQNAO,Is more fitted and black,Is black and a tighter fit
shirt,train,shirt_train_03744,B00601N280,B00BWB81G6,is darker,has a larger design
shirt,train,shirt_train_03745,B007P6Y27E,B009PPZE3O,is the same but with a different print,has text instead of a graphic
shirt,train,shirt_train_03746,B006C9DV2W,B003I6W7UE,is orange colored, has no collar
shirt,train,shirt_train_03747,B002POK2RK,B00C61LQJA,is black with blue polo style shirt,is just a shirt
shirt,train,shirt_train_03748,B00C0FGK4S,B0071I53VK,is grey with no picture logo,is grey
shirt,train,shirt_train_03749,B003R4ZBUK,B000B62SBW,is dark blue with a graphic on it,it is gray
shirt,train,shirt_train_03750,B0088CUB8S,B005U6IDCQ,is a dark blue colored shirt with text,is darker with new text.
shirt,train,shirt_train_03751,B0090LJW40,B00906C20G,Is more blue,is similar but is more blue
shirt,train,shirt_train_03752,B008AYVFVG,B00845A09Y,Has less wording and is a brighter color.,Is green in color
shirt,train,shirt_train_03754,B0099WPQ5E,B004V3D2EI,is white with logo across the top,is lighter
shirt,train,shirt_train_03755,B008X7E5QM,B00BF6QV9W,is more blue,is bright blue
shirt,train,shirt_train_03756,B00A7LQLBY,B001RVATPM,The shirt is green in color with yellow pictures.,is darler
shirt,train,shirt_train_03757,B005GVHLL4,B004V4M8YC,is blue t-shirt with cartoon of the planet earth,is pink with photo of a panda
shirt,train,shirt_train_03758,B00EQV09PA,B0098GEJDG,is cream and larger,A grey shirt with black letters
shirt,train,shirt_train_03759,B00805EFF8,B00AYU4L5G,has a 'CRKS' logo,has a smaller graphic with white and black
shirt,train,shirt_train_03760,B0080SVTEA,B004YDWJP8,The shirt is black in color short sleeve with Bruce Lee.,is darker
shirt,train,shirt_train_03761,B000KD24EC,B000KD1Z1K,is a white shirt with more colorful train on it,It is grey
shirt,train,shirt_train_03762,B002UD6D2E,B000IBFDR6,is t shirt with logo,is lighter
shirt,train,shirt_train_03763,B008P8XHSG,B00AO1TFDI,has more stripes and colors,more horizontal stripes to it
shirt,train,shirt_train_03764,B00BDCIRYA,B005MEFSTM,is gray colored with a raindrop,is darker grey
shirt,train,shirt_train_03765,B000WJ0HES,B004ON1R24,none,exactly the same
shirt,train,shirt_train_03766,B000S741OG,B0006LKS3C,is sleeveless and no logo,is gray with shorter sleeves
shirt,train,shirt_train_03767,B0011TWQHO,B007P44GBI,is grey and more casual,is t shirt and has logo
shirt,train,shirt_train_03768,B0084ZTUXG,B00CB3BATE,is black with pink and yellow designs,has shorter sleeves and a darker color
shirt,train,shirt_train_03769,B004DE82WC,B004TSMINQ,Is more blue and bright,is more colorful
shirt,train,shirt_train_03770,B00507VRGE,B00BP91GXA,has no sleeves,has no sleeves
shirt,train,shirt_train_03771,B005C74EHQ,B001C4ETZ0,has a black color with text,Desired item has small black and white text
shirt,train,shirt_train_03772,B00B7AX7Q6,B00ARGIZ68,has longer sleeves and a cap at back,It has hood and long sleeves
shirt,train,shirt_train_03773,B0083L3PZK,B006DRTS1Q,Is a t-shirt with letters on.,is a t-shirt that says softball grandma
shirt,train,shirt_train_03774,B007JFBAF8,B00A6EM4DG,is a pink long sleeved shirt,colore is link and don't have stripes.
shirt,train,shirt_train_03775,B005FSRL86,B000V33N6E,is pink t-shirt with picture of black panda,is tan pullover with single chest pocket
shirt,train,shirt_train_03776,B009RRZILI,B00CJLXV9A,is black in color,black shirt with different graphic
shirt,train,shirt_train_03777,B002KG8LMG,B002KGDIT2,is identical,looks like a perfect match
shirt,train,shirt_train_03778,B005M07XPS,B007JFCZ4I,is orange with red writing,is orange and has calligraphy
shirt,train,shirt_train_03779,B00CIZMQPW,B0062B27PM,is a red tye die,is pink and red
shirt,train,shirt_train_03780,B0090E42W4,B004C4YOC0,Is less of a logo,It is not black and a bigger design
shirt,train,shirt_train_03781,B0096LLJQ8,B006JAQMAC,Is white,is lighter
shirt,train,shirt_train_03782,B003LBT9T8,B005H7Z6JG,is an athletic jazz of a different shade of blue,it is a light blue
shirt,train,shirt_train_03783,B0041TFO5W,B002A93394,is a badge with animals and is rectangular,has more animals on it
shirt,train,shirt_train_03784,B00509BKLO,B009AEJZSU,Is more long-sleeved and  grey,has shorter sleeves and is darker in color
shirt,train,shirt_train_03785,B006MKAMZ0,B00852JQQY,Is tan,is lighter
shirt,train,shirt_train_03786,B001ULH5I8,B00APW4ZFY,The shirt is blue with characters from Star Trek.,is more colorful
shirt,train,shirt_train_03787,B0048M1XJI,B00B5BREWK,black colored and graphic print casual,is more formal
shirt,train,shirt_train_03788,B00CC71R74,B009VDUQ0Q,Is striped and not graphic,is lighter
shirt,train,shirt_train_03789,B004ZFHBOE,B004FMERXA,has a lighter tone,is lighter
shirt,train,shirt_train_03790,B000OZATKW,B00BO8273U,is black with a blue design,is black with a tentacled graphic on it.
shirt,train,shirt_train_03791,B009SD9DY4,B000N87TIA,is a black three quarter length sleeve,is a black tee
shirt,train,shirt_train_03792,B000CB54DK,B00E5WG5KS,Is darker and no buttons.,Black with blue/teal picture of man in hat and sunglasses
shirt,train,shirt_train_03793,B002ALIUBI,B0079G5Y36,is red with short sleeves, tan and white stripes
shirt,train,shirt_train_03794,B0038ORS1Y,B0016C0D3K,Is more green,is darker in color
shirt,train,shirt_train_03795,B006027WEO,B00D3F1N9Q,Has a Frankenstien picture,It is more black
shirt,train,shirt_train_03796,B000VT8VLU,B006PKHO6M,The shirt is gray with Beavis and Butt-Head.,is grey colored and has image of cartoon
shirt,train,shirt_train_03797,B00BJLZNBU,B0099MPSJS,is white with puma logo,is lighter
shirt,train,shirt_train_03798,B004308VHM,B004I7M21G,has an Italian flag,has longer sleeves
shirt,train,shirt_train_03799,B007JG1MDW,B006MR2XZA,is a dark colored tee shirt with short sleeves and a name,has short sleeve and is black color
shirt,train,shirt_train_03801,B009VZW4GI,B009VZVSNI,is grey with a playboy bunny,is a grey t-shirt
shirt,train,shirt_train_03802,B006WBIP3A,B007Y7QG6E,has a dark brown color and an image,has gun-theme graphic and round logo
shirt,train,shirt_train_03803,B00BLL6OGG,B00DPM544W,is a black color shirt with text,is just text on a T instead of graffiti.
shirt,train,shirt_train_03804,B001PITFFW,B001PJ9S1M,The shirt is white in color with a red warning label.,brandishes a different phrase
shirt,train,shirt_train_03805,B004N85NX4,B00B51BY0I,has shorter sleeves with strips,is sleeveless and has horizontal stripes
shirt,train,shirt_train_03806,B003XRPBLA,B000VTMI64,has longer sleeves,has short sleeve and is dark grey
shirt,train,shirt_train_03807,B0085OIP2S,B005M1IGEE,Is more charcoal,is black
shirt,train,shirt_train_03808,B004VS2WDK,B00C46OOI2,is black colored,is black
shirt,train,shirt_train_03809,B0078YC85G,B00CBS27U0,is a dark t-shirt,is grey-blue colored
shirt,train,shirt_train_03810,B00COQIRJY,B004MYFRGM,Is green,is green with green and black logo
shirt,train,shirt_train_03812,B005LXGK3C,B009KUFFMY,is red with no stripes,Is red
shirt,train,shirt_train_03813,B008DZ0388,B004G5YQZ0,has no color with a cartoon image,is white with image
shirt,train,shirt_train_03814,B00A3HMCWY,B00CB32EEO,is more black and says boy named sue,has more words
shirt,train,shirt_train_03815,B0037KNSCM,B000RZT2PW,is brick red in color,is darker
shirt,train,shirt_train_03816,B00C7BVJRS,B00BN15BOA,is beige with small designs,is wider and faded
shirt,train,shirt_train_03817,B0037T4WPK,B009L987ZG,it beige with a smaller dinosaurus printed on it,is white with black logo
shirt,train,shirt_train_03818,B004J1CPBS,B00A7LB55G,has raglan sleeves and buttons,is a lighter color with stripes on the right sleeve
shirt,train,shirt_train_03819,B008002G36,B0051EBH8O,is a long sleeved shirt and has a collar,Blue squared with red and gray striped
shirt,train,shirt_train_03820,B008XT30UW,B009F7JK6E,has small words on the chest,has less graphics on it
shirt,train,shirt_train_03821,B004K5L6S6,B000MZXS84,has a different pattern and is more colorful,is white with a busy pattern in orange
shirt,train,shirt_train_03822,B001JO8BBG,B006YXX5YU,is gray colored with colored characters,is darker
shirt,train,shirt_train_03823,B00AJWOKJQ,B007LSLBFM,is a long sleeved blue dress shirt,is a buttoned shirt and denim fabric
shirt,train,shirt_train_03824,B001AGEBHG,B002EEP3XO,has a smaller graphic and is less musical,has lighter green colors
shirt,train,shirt_train_03825,B002RL8SOK,B004S08A64,is bright in color,is lighter blue with checks
shirt,train,shirt_train_03826,B0001WCY74,B00564HQJS,is black t shirt with design on front,is black colored
shirt,train,shirt_train_03827,B0015LKFDK,B0002XSXWC,is longer in length,it has a longer sleeve
shirt,train,shirt_train_03828,B00AREKETQ,B007LCEDLC,is light colored and plain, long sleeved and much warmer
shirt,train,shirt_train_03829,B009IMGN0M,B009OZTYWW,has a pattern in gray,is gray color short sleeve
shirt,train,shirt_train_03830,B004XAT662,B006RDRHSM,is darker- colored pullover with no pockets,is black
shirt,train,shirt_train_03831,B009LHXVXG,B006027WEO,Is black and white and has a cross on it,has a darker pattern
shirt,train,shirt_train_03832,B006BGN9ZA,B00AAE8J7M,this black tshirt looks more casual and feminist,is a dark graphic t-shirt
shirt,train,shirt_train_03833,B002VYVUA2,B000NDDB1O,is black in color,is black with a red and white design
shirt,train,shirt_train_03834,B0052W8M0G,B008U9OMK2,is short sleeved and floral,is more tropical
shirt,train,shirt_train_03835,B0085437Z8,B00AQ4X1RY,a light colored striped tank top,has less buttons and more stripes
shirt,train,shirt_train_03836,B0036XOS2Y,B004UOO328,Has longer sleeves and is a darker color,has longer sleeves and is darker in color
shirt,train,shirt_train_03837,B007LVK40M,B009ZPPE4S,is plain,is much more plain
shirt,train,shirt_train_03838,B001IOID8S,B00143TI5A,has bright color and is more casual,is blue colored and has collar and buttons
shirt,train,shirt_train_03839,B002LREH36,B002X7OV4E,Is more simple,is less colorful
shirt,train,shirt_train_03840,B0013KWRS4,B00GIZLCHG,Has longer sleeves,has long sleeves and dark buttons
shirt,train,shirt_train_03841,B00AE42YB0,B0072D8K0U,is v-neck and black and white striped,is lighter
shirt,train,shirt_train_03842,B0085AP412,B00AX46WFU,has no color and fewer stripes,is less formal
shirt,train,shirt_train_03843,B00683X1HC,B004UR1O9A,has a smaller graphic and is bolder in color,is blue with image
shirt,train,shirt_train_03844,B001MS8FGU,B002W02TYG,has longer sleeve and is white,has a flag graphic on it
shirt,train,shirt_train_03845,B0067NBNDW,B0067NAC3Y,Graphic is red and looks lame,is more emo
shirt,train,shirt_train_03846,B004DKSETC,B003QF9LUQ,is light blue with a platypus,is a brighter color
shirt,train,shirt_train_03847,B007P28RNS,B008FQ1GEK,is grey and has the year 1973 on it,is grey
shirt,train,shirt_train_03848,B00B0RMKXW,B00596BTBO,is blue with long sleeves,is long sleeve blue design
shirt,train,shirt_train_03849,B00DWQUC8E,B00BH6GLRM,is less dark and no written text on it.,gray shirt different graphic
shirt,train,shirt_train_03850,B00CKPNRYE,B007B2Z6MW,Is the same,has a bit logo and is light white
shirt,train,shirt_train_03851,B00C1EPB4I,B00C1ET39W,is white with black designs,is white and has no painting
shirt,train,shirt_train_03852,B000LSOQ9W,B00776DJVC,is yellow and more tight,is more yellow
shirt,train,shirt_train_03853,B0087115JO,B00CBES82K,The black shirt have short sleeve,Is lighter with longer sleeves
shirt,train,shirt_train_03854,B0025LNYFK,B004ZC5KFY,has a longer sleeve with a brown color,is brown with sleeves
shirt,train,shirt_train_03855,B00BPYB8BA,B0009A33E6,is gray with blue designs,is in grey with a different themed print.
shirt,train,shirt_train_03856,B001PITBJ2,B001PJ35CK,has a different text,is the exact same
shirt,train,shirt_train_03857,B007224XPC,B004M4V3QU,is a t-shirt with shorter sleeves and a band logo,has shorter sleeves
shirt,train,shirt_train_03858,B007N6SMG8,B006ONZT7G,is black with small designs,has a smaller graphic on it
shirt,train,shirt_train_03859,B008ALZ1QE,B0037BAQ08,is more patterned and more casual,is patterned
shirt,train,shirt_train_03860,B0072D7A3I,B000HE8RXQ,is more colors,purple with playful graphic of cat
shirt,train,shirt_train_03861,B008XCXJGE,B009AY57I2,is white with green long sleeves,is more of a traditional crew neck tee with longer sleeves.
shirt,train,shirt_train_03862,B004DSY54C,B00BN16TNW,Is less dark and more loose,is more beige
shirt,train,shirt_train_03863,B0014ULM7A,B001WSK48M,is a black t shirt with a skull on it,is  a T shirt with a shield and skull on it
shirt,train,shirt_train_03864,B008G3N5AK,B00B8AEIKE,is solid red with black logo,is red with a black graphic
shirt,train,shirt_train_03865,B004FLWO0O,B007KC3TNQ,is black color with green color art in the middle,darker colored
shirt,train,shirt_train_03866,B003KSDK06,B002ILL6ZC,has a different design and is blue,it is purple
shirt,train,shirt_train_03867,B001CXQLX4,B007KZJ2IE,is a black colored short sleeved shirt,is black
shirt,train,shirt_train_03869,B007ENE5JI,B006N021YY,is a plain blue t shirt.,it is plain and has no pocket
shirt,train,shirt_train_03870,B00CRMPK0Y,B00CMUXKB2,is white with no logo,is light blue and has no logo
shirt,train,shirt_train_03871,B005XF8DBU,B005FNOAPI,has a different logo,Has a larger graphic
shirt,train,shirt_train_03872,B008ES82D2,B005FBQ404,is orange and black plaid with long sleeves,has a red and black plaid pattern to it
shirt,train,shirt_train_03873,B005DO1M64,B006C9FAIA,Less dark and simpler design,is black with more colorful image
shirt,train,shirt_train_03874,B0082HCOD4,B004HL3BOA,is blue with more designs,darker
shirt,train,shirt_train_03875,B00BCGWA3G,B00885UX4M,is a child-like tee with a colorful girl graphic,has shorter sleeves
shirt,train,shirt_train_03876,B00BBJT1UE,B007TQT4N2,has a darker shade of color,has a different logo
shirt,train,shirt_train_03877,B000F5NI5E,B007P5RJ7K,has a darker color,is darker
shirt,train,shirt_train_03878,B0015GILFY,B00BQ9G1RA,Is less casual and more complex,is a plaid button up
shirt,train,shirt_train_03879,B001FQ8IM0,B00EA03SYG,long sleeved and cameo print,is camouflage and long sleeved
shirt,train,shirt_train_03880,B005LB6QTM,B008AJOC3Y,is striped pattern and pink in color,is more formal
shirt,train,shirt_train_03881,B004OWHF4O,B000MK302S,is gray camouflage with short sleeves,has short sleeves
shirt,train,shirt_train_03882,B007KDGH84,B000WIEO98,is larger and black,is black and says eric
shirt,train,shirt_train_03883,B00D641VLO,B002TNJWD2,has less print,is lighter and less masculine
shirt,train,shirt_train_03884,B00FH3FM7G,B00DOZ60T8,is a gray batman shirt,has more gray background with blue cape
shirt,train,shirt_train_03885,B000TAVO56,B004HTWUI0,is white,is white color with blue graphic design
shirt,train,shirt_train_03886,B00BN3RT7U,B009RSSEGS,has a different graphic,is darker
shirt,train,shirt_train_03887,B005THMCFA,B000EOP9O4,Is white with green accents and a Joker logo,is lighter
shirt,train,shirt_train_03888,B004YSE2JE,B0082ER2SE,is a white collared shirt,is lighter and collared
shirt,train,shirt_train_03889,B00BL82XR8,B007G0FG5Q,is white with longer sleeves,has sleeves and has square US flag
shirt,train,shirt_train_03890,B007E34494,B004IRXHE2,is a large brown shirt,is dark purple and has button
shirt,train,shirt_train_03891,B0013CMOAS,B000KH7ECU,is made of fabric and is non-metallic,has more words on it
shirt,train,shirt_train_03892,B00801PZTW,B00272I5YC,The shirt is yellow in color with a snake.,is yellow and doesn't have a collar
shirt,train,shirt_train_03893,B00763GKFS,B005H131IA,is plain white and pocketed,Has less stripes
shirt,train,shirt_train_03894,B006NUQ2Z8,B00BHWUFSW,has a collar and is yellower,has a collar and is yellow and white striped
shirt,train,shirt_train_03895,B0073SLJUW,B0036XD3NE,is a light blue polo,is lighter blue with no pocket
shirt,train,shirt_train_03896,B008657YAU,B00AOI64LM,has no sleeves and is grye,is lighter and sleeveless
shirt,train,shirt_train_03898,B00BF6L1JM,B00AZWU90E,Is white with no stripes,is lighter colored and fewer horizontal stripes
shirt,train,shirt_train_03900,B00543222W,B006LG88OC,has a solid color.,it has no collar
shirt,train,shirt_train_03901,B00BF9YZVU,B00B1AGSNG,has sleeves with a collar,is blue with buttons and a collar
shirt,train,shirt_train_03902,B009POI1FI,B009POI0XQ,has text written in green,has purple and green graphics
shirt,train,shirt_train_03903,B00AY9NAVS,B004OYV8U4,is a gray tee that fits tight,is greay with a white and yellow design
shirt,train,shirt_train_03904,B0049ATR9W,B004R6FTWC,Is less animalted and more blue,has less busy looking graphics
shirt,train,shirt_train_03905,B00AXZ0VZ6,B003WZ31RE,Is a darker solid color,is made of cotton
shirt,train,shirt_train_03906,B0056UZTXW,B0045E7TPQ,Is a shirt,it is blue and a shirt
shirt,train,shirt_train_03907,B00B1SY196,B008IHV6RI,is brown and has a guitar player, red and white plaid shirt with long sleeves
shirt,train,shirt_train_03908,B00C04DUAQ,B00C04DSIU,is a bit teal with a green picture in the center,is more blue in color
shirt,train,shirt_train_03909,B00EPPROGE,B009JLO5J8,is a solid color with less buttons,has less buttons
shirt,train,shirt_train_03910,B008GE8QIK,B005006162,is brown with blue character,it has a darker brown
shirt,train,shirt_train_03911,B00BPBNTGK,B006H4KQF2,has shorter sleeves,it is a gray short sleeve with graphic on front
shirt,train,shirt_train_03912,B00AOJFT76,B00AOJH36G,is a yellow t shirt with chest print,is white with a graphic and is more casual
shirt,train,shirt_train_03913,B00B2MJ2F4,B00E9KDNLK, a crew neck,is lighter
shirt,train,shirt_train_03914,B00805H8D4,B00C6J3K96,does not have sleeves with red and white strips,A red/white tank top with letters in black
shirt,train,shirt_train_03915,B0068U8D64,B00CORNCKC,Has longer sleeves and is lighther,has longer sleeves
shirt,train,shirt_train_03916,B007TWOLKM,B008O6JQ9I,has more blue and a different logo,is more blue and more military
shirt,train,shirt_train_03917,B00BEH5A2Q,B00A9BFHY4,Is grey,is lighter
shirt,train,shirt_train_03918,B009KAMLOE,B00AMQDMAM,Is tan and more wordy,is brighter coloured
shirt,train,shirt_train_03919,B008XT30UW,B009F7KW0W,is plain and long sleeve,has no text and is solid white
shirt,train,shirt_train_03920,B00AREHI0O,B008E4KF9A,is a short sleeve Hawaiian shirt,is a white
shirt,train,shirt_train_03921,B003A84UZU,B004HO56G8,is green and formal,is lighter
shirt,train,shirt_train_03922,B008AYVFVG,B00AQIPB8M,Is more yellow,A dark grey with yellow round pattern near shoulder
shirt,train,shirt_train_03923,B00BRQSM8S,B004XP0CF6,is more formal,is light colored and buttons down the front
shirt,train,shirt_train_03924,B0037OBPKU,B0041K21MA,is lighter with buttons,is lighter colored and softer material
shirt,train,shirt_train_03925,B003YM44WG,B00BWJXKG4,has shorter sleeves with a grey tone,is less formal
shirt,train,shirt_train_03927,B004FLKWYO,B005VLZWO2,It is a t-shirt with white lettering.,red with no collar and no button
shirt,train,shirt_train_03928,B00BOJO9YY,B007JES3V8,is yellow,is lighter
shirt,train,shirt_train_03929,B00546IZ5W,B001O88SFG,Is blue and has a graphic,is blue and has airplanes on it
shirt,train,shirt_train_03930,B007GQ0WKO,B001LNIKUW,Is purple with no stripes,has longer sleeves and a solid color
shirt,train,shirt_train_03931,B007JQKKTE,B007JQKHTW,Is a charcoal color with green writing,is less colorful and with a cartoon
shirt,train,shirt_train_03932,B0093NP1AE,B0017QM1RQ,is royal blue in color,is navy
shirt,train,shirt_train_03933,B007R1OJPM,B009Z1IM4Q,Has longer sleeves and is grey, no collar
shirt,train,shirt_train_03934,B00EARFK2M,B00AG3ZH7M,is black with yellow writing,has less colors on it
shirt,train,shirt_train_03935,B00AG3VCQM,B00BFTT2UE,Has a less colorful graphic,has football graphic and no punctuation
shirt,train,shirt_train_03936,B003U13P94,B00BNHA5V8,is maroon with wording,is dark red with a white softball graphic
shirt,train,shirt_train_03937,B009E338JY,B00AAZJGWI,has fewer logos and is more formal,is more western and plaid
shirt,train,shirt_train_03938,B00CC71R74,B0081CN16O,is black with words on it,has a text graphic
shirt,train,shirt_train_03939,B001HSMY58,B003AM7W0G,a yellow collar short sleeved shirt,is yellow and has short sleeves
shirt,train,shirt_train_03940,B003L88WA8,B006RK4D64,has shorter sleeves with buttons going down,Is blue and short-sleeved
shirt,train,shirt_train_03941,B000I7GAH2,B000QB12QY,gives the same vibe just less appealing,is more feminine
shirt,train,shirt_train_03942,B000YHEV6I,B00E7OBV30,is green with white lettering,is more colorful
shirt,train,shirt_train_03943,B008J3B8ME,B0067O6Q06,is green printed with long sleeves and collar,is a green paisley long-sleeve button up
shirt,train,shirt_train_03944,B005916W70,B009143ZOO,has short sleeves, short sleeved
shirt,train,shirt_train_03945,B009ZAFL28,B006JRNUP0,is violet and has longer sleeves,is blue with white lettering
shirt,train,shirt_train_03946,B007IRZ4KY,B00AQNPABU,has longer sleeves and a collared neckline,Item is long-sleeved with vertical stripes
shirt,train,shirt_train_03948,B000W119NO,B001M0N00Y,is white colored,is lighter in color
shirt,train,shirt_train_03949,B009P3LNGS,B003WT0OCU, white logo,is grey with text
shirt,train,shirt_train_03951,B004HKIEE8,B007XCTB1C,is black and shorter sleeves without a collar,has shorter sleeves
shirt,train,shirt_train_03952,B001ET7DGA,B00AOJI69O,is white with a different logo,has two pockets
shirt,train,shirt_train_03953,B007G0FG5Q,B009QF4CTK,The shirt is white in color with the American flag,has karger back writing
shirt,train,shirt_train_03954,B008FSKJKU,B004QQ5IW4,is green and red plaid,has more green tones to it
shirt,train,shirt_train_03955,B0030BYZSO,B003EYE7RQ,has larger lettering and less color,is white with black lettering
shirt,train,shirt_train_03957,B0077RZA5Y,B0077RZQ4O,has a smaller logo and a collar,It has a deeper blue
shirt,train,shirt_train_03958,B00B4N902Q,B008PBHI8S,has longer sleeves and a darker color,is darker and has longer sleeves
shirt,train,shirt_train_03960,B004W9UMB2,B001T7CRDG,has a lighter color with a larger slogan,has a different logo
shirt,train,shirt_train_03961,B00E1JKJDO,B0097B7FBA,is a slightly lighter color and less formal,has a v-neck to it
shirt,train,shirt_train_03962,B008JGKKYS,B00ED2TPNE,is a yellow Marilyn Monroe T shirt,is bright yellow with pink
shirt,train,shirt_train_03963,B006JF3UDY,B0063MIFWY,has longer sleeves and is pink,has longer sleeves
shirt,train,shirt_train_03964,B00AVMNIEM,B004GTM716,is a short sleeved two colored striped shirt,Burgendy and white striped t-shirt
shirt,train,shirt_train_03965,B001D3NOBU,B00EFNBUE8,is blue with half stripes,Shiny half gray and black with one pocket
shirt,train,shirt_train_03966,B0037OSKI0,B003SQO96E,has shorter sleeves,is a tee shirt with white lettering
shirt,train,shirt_train_03967,B0038MS3VA,B0041VG7I8,is white,is in whole white.
shirt,train,shirt_train_03968,B00EBE6H3A,B009D32TMM,has smaller graphic and is less centered,has a simple chest design and is a blue.
shirt,train,shirt_train_03969,B001211082,B000YQ7TS6,has a darker color and a different print,is khaki green
shirt,train,shirt_train_03970,B005GO6OPK,B006LPTSNI,is a white collared shirt,is more tropical
shirt,train,shirt_train_03971,B000X4KVXO,B005OCDWYU,has guitar hero,is black with an orange graphic
shirt,train,shirt_train_03972,B000SSD9LQ,B005Y4L6RS,is darker,is darker colored with a different graphic
shirt,train,shirt_train_03973,B0058SCUX4,B00899E2SU,is a black T shirt with a hot girl on it,is more sexy
shirt,train,shirt_train_03974,B00D9DBKYA,B005SWXNFE,is more foreign,is more of a blue color
shirt,train,shirt_train_03975,B00121HO5A,B006X4L4UW,Darker color and more casual,has no button
shirt,train,shirt_train_03976,B000Q78A7M,B007KAQCIM,Has a  v-neck,black v-neck
shirt,train,shirt_train_03977,B009NF3S8O,B004YO9XTW,Is more whimsical and grey,Is grey
shirt,train,shirt_train_03978,B00B5FTMJE,B001713NS2,Is more brown and less pocketed,has less pockets and more brown
shirt,train,shirt_train_03979,B00AREJH8K,B00BF2JW2E,is a light blue striped collared shirt,has thinner stripes and lighter blue
shirt,train,shirt_train_03980,B00AWQ6WIG,B00A74AYN2,is similar but with no pocket,white with no breast pocket and large graphic
shirt,train,shirt_train_03981,B0067GKZ0G,B007BMCU4Y,is darker in color, and no collar
shirt,train,shirt_train_03982,B00GPOMWEW,B0013GKIPW,is more formal,is the same
shirt,train,shirt_train_03983,B00997QTX2,B0077B9XYO,has more colors,is purple and is more bold
shirt,train,shirt_train_03984,B005MYW7BO,B000VTFYI8,is yellow and has a different logo,is yellow colored
shirt,train,shirt_train_03985,B008OVT5Y4,B007TYWB98,is a little lighter and long sleeved,is a shirt and has longer sleeves
shirt,train,shirt_train_03986,B00AQF9SEI,B00AQF9U1Y,is identical,has a different year on it
shirt,train,shirt_train_03987,B00EZVLM98,B0074MEMEC,has writing with elvis written on it,has Elvira graphic and is much blacker in colour
shirt,train,shirt_train_03988,B007ZKB9A8,B005XI85OM,has very small check boxes,is dark grey colored and has plain pattern
shirt,train,shirt_train_03989,B006ZZRMN2,B007VYSCU8,has a larger black figure,has a bigger logo
shirt,train,shirt_train_03990,B003DSHOC8,B002KAAR5Q,is lighter,is a light blue t shirt
shirt,train,shirt_train_03991,B00ASHYV0A,B00CXWTSHY,Is more orange and has shorter sleeves,is more western and has shorter sleeves
shirt,train,shirt_train_03992,B00EYM61CQ,B009T4B2I2,Is less wordy and more brown,is lighter in color
shirt,train,shirt_train_03993,B00BD6XDXQ,B00E6ASY7G,is blue with long sleeves and checkered design,is plaid and more western
shirt,train,shirt_train_03994,B005905Q3M,B00AR1Z4EY,shorter sleeves with lighter color,purple
shirt,train,shirt_train_03995,B0013FI8MI,B0013FJW64,is the same,is the same exact shirt
shirt,train,shirt_train_03997,B000CB54DK,B0009MDGZK,is bland,is a solid darker color
shirt,train,shirt_train_03998,B0016N7GHU,B0026SSX94,is light colored with text,is blue with white lettering
shirt,train,shirt_train_03999,B008ES82D2,B009MINOEA,is less formal and has no design,is short sleeved and grey in color
shirt,train,shirt_train_04000,B00EP26JQI,B008VRHM8W,Is lighter blue and has no pattern,is blue with no patterns
shirt,train,shirt_train_04001,B004ON1R24,B004ON6FEO,is darker,is darker colored and more fitted
shirt,train,shirt_train_04002,B00FLKTMBM,B00EWB5C8I,is a light blue button down,is lighter
shirt,train,shirt_train_04003,B0002FHIM6,B005DI4POQ,has multiple shirts in the package,is a multi-pack
shirt,train,shirt_train_04004,B005I6P3U8,B00EKP70BI,is a red tank top with black words,is a tank top and color red and front picture.
shirt,train,shirt_train_04005,B001EJITMC,B004P9T454,is blue with multiple faces,it is blue with blue print
shirt,train,shirt_train_04006,B004C03U42,B00CHJ31OY,is a yellow polo shirt,is lighter
shirt,train,shirt_train_04007,B00A3RZV86,B006WHGMO8,Black with chest pockets,is a darker button up.
shirt,train,shirt_train_04008,B000VTI5MA,B000UE5X5I,is black and more ethnic,is brown with tan image
shirt,train,shirt_train_04009,B00E5H0YWI,B0086EGL0U,is red and has stripes,is a red plaid button-up
shirt,train,shirt_train_04011,B004KP9UDO,B0053Y8IG6,longed sleeved and no graphic print,has longer sleeves
shirt,train,shirt_train_04013,B00606OCCA,B008GROUZA,is lighter and has shorter sleeves,has shorter sleeves with stripes
shirt,train,shirt_train_04014,B008LWQ15M,B005FOSO36,is a darker color flannel shirt,Is darker.
shirt,train,shirt_train_04015,B0093HZGK0,B004Q84KFS,is a back t-shirt,is less formal
shirt,train,shirt_train_04016,B007E34494,B001FKDEOI,has more colors,is darker
shirt,train,shirt_train_04017,B000NCVOIC,B000OMGIG4,is more photographic and less symbolic,is light blue with penguins on front
shirt,train,shirt_train_04018,B006BL3B8U,B0051MQJHU,is black,is more formal
shirt,train,shirt_train_04019,B0072YG09M,B0072ZJ6RO,has a blue color with text,is blue
shirt,train,shirt_train_04020,B001D6JGIM,B0050Q3V5A,is dark blue with circular design,is blue with a pink logo
shirt,train,shirt_train_04021,B005PZRIWS,B007IO1IP2,is dark blue,is more navy blue
shirt,train,shirt_train_04023,B002T0JMSK,B00GJSQM90,is red,is red
shirt,train,shirt_train_04024,B002TZWOSA,B002TZUONW,Is a lighter color.,is lighter
shirt,train,shirt_train_04025,B003E20ST4,B0078U9R9U,is black is colored and less form fitting,Black Hello Kitty in white with red bow
shirt,train,shirt_train_04026,B00FI1D1MA,B00AG3VCQM,is black with got ? on front.,is darker
shirt,train,shirt_train_04027,B00EA93GDU,B00B9JS9CW,is just words,does not have a person pictured
shirt,train,shirt_train_04028,B007JES552,B00BOJNUGM,is green with a black and white logo, has shorter sleeves
shirt,train,shirt_train_04029,B00FQ9AR2G,B006JB8WH2,Is white with smaller graphic.,is white with a cartoon
shirt,train,shirt_train_04031,B00591HRGA,B001D0GUYQ,darker colored and white graphic logo,is darker
shirt,train,shirt_train_04032,B002DYJ08O,B004ISKWFI,is more light colored with patterns,has shorter sleeves and has white in the plaid
shirt,train,shirt_train_04033,B004VRK28S,B00DD4A9W4,is burgundy and black,is darker in color
shirt,train,shirt_train_04034,B00BXU1DO8,B001COZV98,is a gray colored shirt with a NASA logo,is lighter
shirt,train,shirt_train_04035,B005916W70,B00BYS1RJK,has shorter sleeves,is yellow and has shorter sleeve
shirt,train,shirt_train_04037,B00935MMWC,B00BNJX4KA,is solid gray,is darker
shirt,train,shirt_train_04038,B00CBJU83M,B00509ALUA, but I like this shirt,has less buttons
shirt,train,shirt_train_04039,B00691HWXW,B00AF66VY8,Is red and monochromatic,is more red
shirt,train,shirt_train_04040,B0030BYZSO,B00C3LL5L2,Is grey,has pine-tree graphic on gray background
shirt,train,shirt_train_04041,B0042AOWMG,B0048LXAU4,is brown with a more colorful graphic,is a lighter color
shirt,train,shirt_train_04042,B008BQ5JCO,B00B51GJGC,is brighter with color,Is brighter in color
shirt,train,shirt_train_04043,B00GPOMWEW,B000YXHLFK,is more matte colored and has fewer chest pockets,it has no pockets and a washed jean
shirt,train,shirt_train_04044,B00CHXSW08,B00DR7G6CE,has more print,A black color with light print
shirt,train,shirt_train_04045,B0041LBCFQ,B006FKQ78S,is a long sleeve button up shirt in lighter color,is lighter in color
shirt,train,shirt_train_04046,B002EO85OS,B003KSDK06,is red color and smaller graphic print,it is red
shirt,train,shirt_train_04047,B00BSGYQ1O,B00FN9L6Q0,has longer sleeves,Desired item has long sleeves and chest insignia
shirt,train,shirt_train_04048,B006VTC27S,B006VTC37C,has a collared neck and is more formal,is a light blue button up
shirt,train,shirt_train_04049,B0011TWQHO,B009VDTYYK,is a striped polo shirt,is bold and striped
shirt,train,shirt_train_04050,B0058PDYFU,B004KPBQLI,has shorter sleeves and more stripes,yellow
shirt,train,shirt_train_04051,B00GDLIZDE,B00GB0JQV2,Has no sleeves.,is red with no sleeves
shirt,train,shirt_train_04052,B008DXZQ5K,B00EIKTSWY,has longer sleeves,has long sleeves
shirt,train,shirt_train_04053,B005OCAVNA,B005WJYKB4,is gray with yellow words,is a gray tshirt
shirt,train,shirt_train_04054,B00AHZX59Q,B00AHUPTWC,is monochrome,Has more grey print and design on front
shirt,train,shirt_train_04055,B005CMGWV2,B004HIMT3M,has longer sleeves and a more colorful graphic,has longer sleeves
shirt,train,shirt_train_04057,B006TCDLLI,B002EXJVFQ,is turquiose,Is darker
shirt,train,shirt_train_04058,B001J4XSKK,B001IIHCNG,has a different graphic,has a horse graphic and less colors
shirt,train,shirt_train_04059,B001SERVF4,B003CTRSZQ,is simpler,is less colorful
shirt,train,shirt_train_04061,B006JD9EMW,B006LWF4XY,has black color with a picture in the middle,is black with different logo
shirt,train,shirt_train_04062,B00CQF364E,B009RUMUTS,is black with white words,is dark in color
shirt,train,shirt_train_04063,B004L6HXYK,B008XKFF7M,Has special words only on it.,has words about socialism on it
shirt,train,shirt_train_04065,B008P76MMA,B004ZI04EA,is dark red colored,is a brighter color
shirt,train,shirt_train_04066,B0074EAGYU,B0076CC8LO,is more childish,A solid white shirt with circle face on front
shirt,train,shirt_train_04067,B0058YC3K8,B00472N0WW,has longer sleeves and checkered pattern,is plaid and has long sleeves
shirt,train,shirt_train_04071,B005OSFHJW,B00BEZ3W00,is black with long sleeves,is black with longer sleeves
shirt,train,shirt_train_04072,B0051CML0E,B00CPEEOMY,is blue colored and white lettered print,is blue and more religious
shirt,train,shirt_train_04073,B00AN7XL10,B002EQ9EKU,Is blue and monochromatic,Is more businesslike and less patterned.
shirt,train,shirt_train_04074,B004YXNOJI,B005YKJVNS,is black with on third white on the side,is more formal
shirt,train,shirt_train_04075,B0038JC2RO,B00BCFWDC0,is a darker blue shirt,is more navy blue in color
shirt,train,shirt_train_04076,B009VOB4WY,B00833ZD1C,Is more green and fun,is green with a different depiction.
shirt,train,shirt_train_04078,B00A3WLLEO,B006R6SEAY,has purple color with text,is more colorful
shirt,train,shirt_train_04079,B003ITWBFM,B00B7HWOI6,is sleeveless with stripped horzontally,striped cotton tank with pocket
shirt,train,shirt_train_04080,B0058RUU00,B00BZCP5QG,is white colored,is white red and blue with kennedy
shirt,train,shirt_train_04081,B00BHBACM2,B00BHBAD58,is deeply green and less shiny,is green and branded with pop culture
shirt,train,shirt_train_04083,B002LREH36,B002CMLPN0,is a short sleeved dark shirt,is gray with a collar
shirt,train,shirt_train_04084,B008YF39P6,B000USSUIG,Is more wordy,has a bigger logo
shirt,train,shirt_train_04085,B009ZI2ME0,B00494U6ES,this looks more fashioned,is black and has longer sleeves
shirt,train,shirt_train_04086,B009T7AWOO,B00BD3OK18,has a darker color with text, not an entire button up.
shirt,train,shirt_train_04087,B009EZFQZ6,B00EYG88CI,is purple with colorful designs,is purple and is more colorful
shirt,train,shirt_train_04089,B009H9JN3U,B0051BV3AO,Has an image of Rowdy Roddy Piper on front,has a rowdy roddy piper graphic
shirt,train,shirt_train_04090,B00EEI69UY,B003ASOC12,is looser,is black and has image logo
shirt,train,shirt_train_04091,B000WN9EQG,B003XEYW0Y,has a red top and black pants,is black on the bottom and red on top
shirt,train,shirt_train_04092,B0019MAW8I,B009FAJJD0,is a dark colored shirt with an image,is elss tropical
shirt,train,shirt_train_04093,B0012OBUS4,B0081U70CC,is solid black,is black and has short sleeve
shirt,train,shirt_train_04094,B007DJ3242,B00BT0HWX8,is black short sleeved tshirt with a steer head print,has a skull on it
shirt,train,shirt_train_04095,B007XD5IRW,B005S4HWHC,The shirt is white and black in color.,Desired item is solid white
shirt,train,shirt_train_04096,B007ENXVWU,B0041D807M,has an image of skull,has a smaller graphic on it
shirt,train,shirt_train_04097,B008AFYA6W,B003VQQH7U,has a pocket on one side,is more see through
shirt,train,shirt_train_04098,B0068YW44W,B008CE65RI,is long sleeved,has a lighter color of brown to it
shirt,train,shirt_train_04099,B001713X8C,B003ASWWKU,is less formal and tighter,Has short sleeves no pocket
shirt,train,shirt_train_04100,B00CTKTWIA,B007ZK1N9A,is much lighter in color,is grey
shirt,train,shirt_train_04101,B000EG96T6,B005THEWQW,Is darker and black,Is navy in color
shirt,train,shirt_train_04102,B00C2V47PE,B0036B6TZA,is a v shaped white t-shirt,A white v-neck shirt
shirt,train,shirt_train_04103,B005MWSAU8,B00DYVRA1Y,Is lighter with no logo,is lighter in color
shirt,train,shirt_train_04104,B0052VR1PO,B00DW3A7R8,has no color and is black,is darker and less tropical
shirt,train,shirt_train_04105,B00BJL7L38,B0052HYQQ0,has shorter sleeves and is darker,is white
shirt,train,shirt_train_04106,B00DE0PBUM,B00DNJUBVI,is more girly and whimsical,is blue and has floral print
shirt,train,shirt_train_04107,B00606OP7C,B00606OCCA,has longer sleeves and is multi colored,is a checked shirt and has longer sleeves
shirt,train,shirt_train_04108,B009B1S4HK,B004XQ97RE,is white,is lighter and has a plunging neckline
shirt,train,shirt_train_04109,B0054PSNZ0,B00A6XGX5M,Is slightly longer and is grey,It is blue
shirt,train,shirt_train_04110,B008ZAAKKM,B0028K38BI,has longer sleeves and is darker,much lighter grey with a colored pocket.
shirt,train,shirt_train_04111,B00FH22YLO,B003CD7NRK,has blue designs,does not have text present
shirt,train,shirt_train_04112,B00EZWPZK4,B00E9LIHKG,is a medium gray shirt with Minion art,It is grey
shirt,train,shirt_train_04113,B002ULPBME,B0080G8LMU,has a smaller graphic,has a smaller logo
shirt,train,shirt_train_04114,B0084BBOOI,B002TUUTEG,is darker in color and has longer sleeves,has a zipper and longer sleeves
shirt,train,shirt_train_04115,B004U325SI,B001UQYJ3C,is brown with a larger Elvis,Has a larger graphic & smaller sleeves
shirt,train,shirt_train_04116,B000R8Y28Q,B009ZYP9FS,has more different color art,is blue
shirt,train,shirt_train_04117,B007OV6ID6,B00CCJ35AO,has many characters on it., with two more buttons
shirt,train,shirt_train_04118,B00561W9RU,B004TRQ8TM,Is more green and pocketed,is all green with collar
shirt,train,shirt_train_04119,B001M0MV9U,B000ULN4NO,has blue and long sleeves,has multiple colors
shirt,train,shirt_train_04120,B00AH7VKT6,B0047W7TQK,is a lighter coral,is lighter
shirt,train,shirt_train_04121,B002W21RFG,B007YYYTH0,is more formal and whiter,is more formal and has a collar
shirt,train,shirt_train_04122,B008MIPUKC,B005QB75RE,is darker and more patriotic,is dark blue with a star in the centre
shirt,train,shirt_train_04123,B0067DNHH2,B006IKQO24,The shirt is black in color.,is darker in color
shirt,train,shirt_train_04124,B002CFNJ0Y,B0012QKT98,is grey in color,is darker and has pinky and the brain on it
shirt,train,shirt_train_04125,B00EVALOW8,B005KGF8Y2,is a black long sleeved shirt, short-sleeved shirt
shirt,train,shirt_train_04126,B00DSRTNZK,B004OXHNR2,is white and has a image in center,is lighter in color and more colorful
shirt,train,shirt_train_04127,B00CB3CJSA,B009CE641O,is black with white designs,has a deadmau5 graphic
shirt,train,shirt_train_04128,B00BJOQ0F0,B00D57Z50A,is blue with a hand holding a diamond,is more colorful
shirt,train,shirt_train_04129,B0050XM7NA,B004JGLDTI,is black with same logo in green,has black background with thicker circle
shirt,train,shirt_train_04130,B0018OQ68M,B006DUN1SY,Is more black and white,is darker in color
shirt,train,shirt_train_04131,B008GNQUW0,B008FB1RUI,is more childish,has more colorful logo
shirt,train,shirt_train_04132,B006MQ8602,B007Y8JI5O,has a white bird outline,is a simpler design drawn in lines.
shirt,train,shirt_train_04133,B00D37OKRQ,B00D37OY8G,has a different logo,says Ed Hardy on front with an elaborate design
shirt,train,shirt_train_04134,B009ZPOEOE,B00AHTJYTW,is a short sleeve with multiple one inch stripes,is gray and white striped
shirt,train,shirt_train_04135,B007W2WUFM,B00A8QN0MQ,a t shirt with design,has short sleeves
shirt,train,shirt_train_04136,B005VM2I52,B009EOL3JK,is blue,has longer sleeves and more colourfull
shirt,train,shirt_train_04137,B0048KRD6C,B005VM2I52,is black and button up,is black with a collar
shirt,train,shirt_train_04138,B00BQ9TA3C,B00BF9EATC,is tropical,it is more lemon green
shirt,train,shirt_train_04139,B007134JSI,B008RO5QIW,none,is more faded
shirt,train,shirt_train_04140,B000RL2PNW,B001V9LOT0,has a man on it,A dark yellow shirt with black letter and man design
shirt,train,shirt_train_04141,B003R7HFDI,B004JGJ5DY,The shirt is black in color with red and yellow writing.,is black with Meltdown Metropolis graphic
shirt,train,shirt_train_04142,B0088A4W58,B008ER1OV0,The shirt is long sleeved and white.,Desired item has long sleeves and is light grey
shirt,train,shirt_train_04143,B004YHPTCY,B0045H8LQE,has a simpler graphic and is ligher color,is more colourfull
shirt,train,shirt_train_04145,B009I4XMR2,B00DGX8JOW,is darker grey and smaller chest logo,has a lighter logo
shirt,train,shirt_train_04146,B003DSI0TE,B000NPI86A,Is a solar system T shirt,has more colors and is longer
shirt,train,shirt_train_04147,B000TMBAXK,B00EOYGSNG,is lighter and more monochrome,is gray with white lettering
shirt,train,shirt_train_04148,B006OCU36O,B00C17GBEO,is white with a square design,is white colored with a different graphic
shirt,train,shirt_train_04149,B0014ULM7A,B0001VRXYE,has long sleeves,is a gray sweater
shirt,train,shirt_train_04150,B00BNT6S94,B007XCSS2U,is stripped from side to side,is blue with black patterns
shirt,train,shirt_train_04152,B000NJBW6O,B0036BI962,is light blue with horses,A blue shirt with print on the front
shirt,train,shirt_train_04153,B00EBE6H3A,B007TLOM6G,Is more green and less wordy,has a green face motif
shirt,train,shirt_train_04154,B00A0OEJWG,B004ONXMMM,is gray with black lettering,is gray
shirt,train,shirt_train_04155,B0096D9DO6,B00AR0UJIQ,suitable for kids,is blue with cat and mouse motif
shirt,train,shirt_train_04157,B00B21XPIK,B00BV2SLIE,is red long sleeved button down shirt with collar,is red with double breast pockets
shirt,train,shirt_train_04158,B00EKP70BI,B00BTHSG4A,is black and has a colorful logo,is black with sleeves
shirt,train,shirt_train_04159,B00272I5YC,B005NJY8MO,is black in color,is black colored with a large graphic
shirt,train,shirt_train_04160,B0085UCDCA,B005Z07FAS,is black with a more colorful graphic,is a darker color
shirt,train,shirt_train_04161,B009P6BCCA,B00BU9QO8C,is pink with tye dye,is gradient pink
shirt,train,shirt_train_04162,B007QICCGY,B00322PJG8,is a short sleeve white button down shirt,has shorter sleeves and more intense patterns
shirt,train,shirt_train_04163,B00FWSK0VO,B005TFEIGS,is gray with black designs,is lighter in color
shirt,train,shirt_train_04164,B001CP1M9K,B0093NEH0Y,is black with GTI written on it,is darker
shirt,train,shirt_train_04165,B00439HWTG,B002BA5V1U,Is short sleeved and white,has shorter sleeves
shirt,train,shirt_train_04166,B006N026SA,B001398GXU,is a darker olive color,is olive green
shirt,train,shirt_train_04167,B003TIYYQQ,B0028FUFS2,is bright white,is white colored and has text written on it
shirt,train,shirt_train_04168,B0089KFC06,B00714Q78M,is a black tee shirt,is black and has less text
shirt,train,shirt_train_04169,B00640ACXK,B00640AI7A,Is more fun and is black,is black and white and trendy
shirt,train,shirt_train_04170,B003XKO57S,B007P1GJTI,is a short sleeved shirt with art,is dark gray and more colorful
shirt,train,shirt_train_04171,B0063J1ATW,B007L7DLMY,is blue and is not as fitted,is navy blue and larger
shirt,train,shirt_train_04172,B00E5KOCMS,B007SYJ9JE,is a tropical red color shirt,is more tropical
shirt,train,shirt_train_04173,B0083P2SYU,B003YLNVDK,is more plaid and has pockets,is button up and plaid
shirt,train,shirt_train_04174,B0086EKC8M,B004NBXY4G,is a polo shirt with blue,A black
shirt,train,shirt_train_04175,B007ZNK6YK,B002ES10LO,is a large t shirt,A solid black shirt with white print
shirt,train,shirt_train_04176,B006961ITG,B00731P83I,is black and wordy,is black with yellow text
shirt,train,shirt_train_04178,B009ETVJM6,B002S40BX2,is a lighter shade,is lighter green
shirt,train,shirt_train_04179,B009ZZDFXU,B00CZD36MO,is white color and black graphic letters,is white colored with a different graphic
shirt,train,shirt_train_04180,B007L7DLMY,B007W56D98,is bolder blue with logo on both sides,is blue
shirt,train,shirt_train_04181,B009LJ1UOQ,B00BF2JQ7K,Is less colorful and bright,is more green
shirt,train,shirt_train_04182,B00AOJHHXU,B00144810W,is a white button down shirt with less stripes.,has more of a silky fabric
shirt,train,shirt_train_04184,B008H7OWUC,B005WWZ9UW,has different phrase,has a different graphic
shirt,train,shirt_train_04185,B005KGFOYG,B005S1ZXPI,darker color with letter graphic print,is a darker color and a crew neck
shirt,train,shirt_train_04187,B003E20ST4,B0045K4LX8,is black with a different logo,is darker
shirt,train,shirt_train_04188,B0047Y0S70,B006JATQWI,More grey,has less black and different image
shirt,train,shirt_train_04189,B0036O3PKO,B007FHZ99S,is white with black designs,is in lighter shades with a black print.
shirt,train,shirt_train_04190,B007MKTRPU,B001B98QBY,Is more blue,is darker
shirt,train,shirt_train_04191,B0017WM1R0,B003BXMD2Q,has longer sleeves and a darker color,is long sleeved and crew necked
shirt,train,shirt_train_04192,B000NV64ME,B004X7SXMS,Is more fitted and grey,is lighter in color
shirt,train,shirt_train_04193,B009FAJF34,B006GLN21Q,has a small logo and no writing,is black with smaller graphics
shirt,train,shirt_train_04194,B00EII1E7S,B00AQ87W0W,has checkered pattern,is plaid and has button front
shirt,train,shirt_train_04195,B00B4FY286,B00FX6M3DI,is blue in color,has more orange color to it
shirt,train,shirt_train_04196,B0089AY87O,B008DHO3AK,The shirt is a long sleeve blue jean shirt.,is denim
shirt,train,shirt_train_04197,B0067EYQJO,B005LOTOIE,Is black,black with white graphic
shirt,train,shirt_train_04198,B002Z2PJ3O,B000FNTH5G,is a blue colored fitness short sleeve shirt,is dark blue
shirt,train,shirt_train_04199,B008O7VM26,B003HFXQ6U,is larger and blue,is blue and has a different graphic
shirt,train,shirt_train_04200,B003RKM5DA,B008FFPGG0,is darker with longer sleeves,is blue and has longer sleeves
shirt,train,shirt_train_04201,B002YGT01I,B006BL3B8U,is red and white stripes,more horizontal strips
shirt,train,shirt_train_04202,B004ON6FEO,B000LF645E,The shirt is orange with white stripes.,is more colorful and shorter
shirt,train,shirt_train_04203,B005AA6X9C,B009ENSWSG,is blue with white stripes on it,is darker
shirt,train,shirt_train_04204,B0084NY2SQ,B0084NYWP4,is blue with a grey tie, is black
shirt,train,shirt_train_04205,B004JGIWKQ,B008BEOEU4,has larger graphic and more contrast,is dark blue and has white letters
shirt,train,shirt_train_04207,B004JRKAFU,B003CF9ZGK,looks more clean and crisp,is white not pink
shirt,train,shirt_train_04208,B00AN0O4DQ,B005GYUVIQ,is darker and more casual,is less formal
shirt,train,shirt_train_04209,B001C1GG22,B000RA5WSI,has a smaller graphic with a skeleton and cross on it,Has white drawing of skeleton riding motorcycle and cross
shirt,train,shirt_train_04210,B000YVGOA0,B003F1Z6H8,is identical,is the same
shirt,train,shirt_train_04211,B008DYUAOG,B0009U7WQQ,is white in color,is white with black logo
shirt,train,shirt_train_04212,B004OYGR4G,B007R0AT84,is black with white wording and no picture,is black with words on it
shirt,train,shirt_train_04213,B005BTODVM,B00590Q7G2,is brighter,has yellow lettering
shirt,train,shirt_train_04214,B009LA8GFG,B006D9F1VK,Has more designs on it,has mix stickers and is light grey
shirt,train,shirt_train_04215,B0042AOWMG,B006ZVWCQI,is gray with white designs,is black with multi-colored lettering
shirt,train,shirt_train_04216,B00799WF3U,B005NYBYRQ,this is a lighter color tee with a large face and a slogan,is less sporty and more humorous
shirt,train,shirt_train_04217,B005DHGJZK,B007SWAXHI,a tee shirt with a large logo,is black tshirt with Pumba on front
shirt,train,shirt_train_04218,B0013A7GMG,B004YUIWRA,is darker and has longer sleeves,is fitted and is black
shirt,train,shirt_train_04219,B004OYWLW8,B004N819GE,is black with stripes on sleeves in white,has white sleeve stripes
shirt,train,shirt_train_04220,B005HJJ0G4,B00DV4DHSE,is grey and has a image of a person,is lighter in color and less wordy
shirt,train,shirt_train_04221,B007VYSQC2,B006YXKJTY,is a blue tee shirt,is blue and has more color
shirt,train,shirt_train_04222,B00AAHUBRK,B00GPTFZY6,is blue,Is brighter with a more simple design.
shirt,train,shirt_train_04223,B00C1ETPV8,B0081EFE58,is lighter with a different logo,is solid white with a black logo on the top corner
shirt,train,shirt_train_04224,B00346B4O8,B00487XV4S,is grey short sleeved t-shirt with green picture print,is less formal
shirt,train,shirt_train_04225,B0013OZ47Q,B006CYMSHG,has more diagonal cross,has white and red graphic
shirt,train,shirt_train_04226,B007ZTJBQI,B002U4ROQ2,is looser and less colorful,is gray with yellow Z graphic
shirt,train,shirt_train_04227,B0008TSEGA,B000VCQ1Y6,has colorful logo,has a bigger logo
shirt,train,shirt_train_04228,B00BMGC8JC,B0088NZ5EW,has a more prominent graphic and is brighter,has a skull graphic
shirt,train,shirt_train_04229,B00AOA2JIM,B007AD4FE2,is more of a polo and more modest,is a darker blue and buttons up
shirt,train,shirt_train_04230,B008CE65RI,B008CE653M,is lighter shade and has contrasting buttons,is a paler shade of grey
shirt,train,shirt_train_04231,B006H6WOR8,B007TBVK84,is larger, buttoned
shirt,train,shirt_train_04232,B0036ZAPOC,B008NRUNU4,is more black with white logo,is a black and white tap out shirt
shirt,train,shirt_train_04233,B004ISKWFI,B008GE8R2K,is a black T-shirt with a John Cena logo,darker blue
shirt,train,shirt_train_04234,B000RJ3Q78,B009DX4E3Y,is more masculine,is light blue colored
shirt,train,shirt_train_04235,B00AOBNVHY,B0087RFGY8,is a black colored dress shirt,has white button and is black color
shirt,train,shirt_train_04236,B003OYJOAG,B0036B8QT2,has no checks and is paler grey,has short sleeve and is grey color
shirt,train,shirt_train_04237,B000Y8Y48C,B001J1KTKA,has more red,has a different graphic
shirt,train,shirt_train_04238,B007A2YA6Q,B000IZ6W1I,has short sleeves and brighter in color,is black colored and has a different graphic
shirt,train,shirt_train_04239,B007E5E1H2,B004RR5I0E,is a tshirt and is black,is black with logo
shirt,train,shirt_train_04240,B0072D6RRI,B0036URSV0,is green with alligators,A black shirt with green print on front
shirt,train,shirt_train_04241,B003AWG9BO,B0009PS0C6,lighter colored, blue
shirt,train,shirt_train_04242,B00EII1E7S,B008N71CHM,is a brown t-shirt,is dark grey and has no stripe
shirt,train,shirt_train_04244,B009ZPNNB4,B00BY2UX5U,a dark colored tee shirt with a large monster graphic,a more colorful graphic on it
shirt,train,shirt_train_04245,B00BXQNBY2,B002PQZING,Is blue,is a different brand
shirt,train,shirt_train_04247,B008L422BW,B005GCMU2I,Is bronze and silver,is darker
shirt,train,shirt_train_04248,B009YL9H50,B00BQ0XTB0,is darker colored,is bolder
shirt,train,shirt_train_04249,B006IUZEQQ,B00590TALQ,The shirt is black with red and white writing.,has shorter sleeves
shirt,train,shirt_train_04250,B003XEU4RE,B00FQ9AR2G,is bolder,Is more colorful
shirt,train,shirt_train_04251,B007CCTDIE,B00AOA2Q3A,is a black striped vest,is a tank top with colored stripes
shirt,train,shirt_train_04252,9822504365,B0013A7GMG,is darker and has shorter sleeves,Is red girls blouse with red scarf
shirt,train,shirt_train_04253,B00DEMN8DW,B00DMIWB22,is a t-shirt and has writing on it,is black and a shirt
shirt,train,shirt_train_04254,B00CWA1MEY,9828397331,is a pink button down,is more purple
shirt,train,shirt_train_04255,B0037S9ARQ,B007X5YEEI,is gray,Is a lighter color
shirt,train,shirt_train_04256,B007TBHCRM,B000VCCBRW,is black short sleeved t-shirt with Canadian flag motif,has smaller graphics and no text
shirt,train,shirt_train_04257,B0037VPVIU,B00BQA3M7G,is lighter,is white and a button up shirt
shirt,train,shirt_train_04258,B009VAP7YY,B005TVUKXC,The shirt is black with white writing.,is black with white lettering
shirt,train,shirt_train_04260,B004VTLCTO,B003H8JPDK,has cotton,is a plain black sweatshirt
shirt,train,shirt_train_04261,B0085ZN9FA,B00CPU5O86,Is charchol and more chic,black with a picture of a guitar
shirt,train,shirt_train_04262,B00AZM06C0,B00DRFUZ5K,has no strips,has thinner stripes and is lighter colored
shirt,train,shirt_train_04263,B003IAWKR0,B0053X7VZ6,is plaid button up with collar,is more patterned
shirt,train,shirt_train_04264,B0072D729A,B00B3NPGVG,is blue with many frogs on it,is lighter
shirt,train,shirt_train_04265,B000YHF090,B007X44KSE,Is a white polo shirt.,is more formal
shirt,train,shirt_train_04266,B00DC4HCSO,B00D92EW6E,is darker and less nerdy,is black with a graphic on it
shirt,train,shirt_train_04267,B00AGFB0TY,B004WKWMOQ,is black,is black with a man on a motorcycle
shirt,train,shirt_train_04268,B008RJTLUG,B005UAG67Q,is tan with solid color,is not plaid
shirt,train,shirt_train_04269,B009NR19C4,B00BII9N4W,has short sleeves and light red,has shorter sleeves
shirt,train,shirt_train_04270,B001CTIWQW,B001C1ZY3O,is army,is grey camouflaged
shirt,train,shirt_train_04271,B0026GSGZM,B0026GQEUQ,is darker,is darker
shirt,train,shirt_train_04272,B004U325SI,B0019ZIDF4,is more dated and less active,is more colourfull
shirt,train,shirt_train_04273,B004VW5V9S,B00BPBCIKS,Is less bright and less striped,is navy blue with a more geometric pattern
shirt,train,shirt_train_04274,B001UHMZ0U,B0017SSS5I,is white with a large chest logo,is lighter
shirt,train,shirt_train_04275,B002V3PZJ0,B004WLKHMO,has a music logo,is more humorous and has more text
shirt,train,shirt_train_04276,B005I0IT9Q,B006YXSK04,has art and text but not a shirt,is a black backpack
shirt,train,shirt_train_04277,B005LSNRHO,B008MCX78K,has grpahics on white,has a white base color
shirt,train,shirt_train_04278,B00ASK905I,B00ASK8MN4,is similar to,has a skull logo
shirt,train,shirt_train_04279,B0018E6DY4,B0026T3OUQ,Is more colorful and whimsical,has a galaxy photo
shirt,train,shirt_train_04280,B0016BMCWQ,B0042GZ7S8,is more colorful and hypnotic,has long sleeve and is mix colors
shirt,train,shirt_train_04281,B000LKK07W,B007FTZEVO,The shirt is white in color with black buttons.,is white and long sleeve
shirt,train,shirt_train_04282,B002BOMBFA,B00CUU26PA,is solid black with a white logo,is darker and more stylish
shirt,train,shirt_train_04283,B008A5FWDC,B0030GG7TE,is darker colored and buttons down,is gray with pockets and a collar
shirt,train,shirt_train_04284,B001R1TV5G,B002EAZJFK,Has no sleeves in same color.,is sleeveless
shirt,train,shirt_train_04285,B008GXDR0S,B008YGE5QM,is white and blye with a diagnol stripe design,is white
shirt,train,shirt_train_04286,B007Q3Z0U4,B004N1PWSM,has no collar,is blue with no collar
shirt,train,shirt_train_04287,B009I8CVUC,B008BHBAFS,is a lighter blue with white words,lighter blue shirt with different graphics
shirt,train,shirt_train_04288,B004E5HTCE,B002QCF9A6,is white in color,Is white in color
shirt,train,shirt_train_04289,B005M29SMC,B00D5ZLMKE,is darker colored,is black with white lettering
shirt,train,shirt_train_04290,B00A3UEX96,B004MA6MR4,has shorter sleeves,is short sleeved with a red image on front
shirt,train,shirt_train_04291,B00FWZPK80,B00DLCN1WI,Black and less text,is darker
shirt,train,shirt_train_04292,B0091RIV4K,B005HJ5J1O,White and longer sleeves,has long sleeves and is white
shirt,train,shirt_train_04293,B00BRB268K,B007S1MIX6,has no sleeves,is more red in color
shirt,train,shirt_train_04294,B006HT1BTW,B000BB6O0I,is lighter in color,is lighter
shirt,train,shirt_train_04295,B0050TAZR4,B0047MZF3E,is more lighter,is darker
shirt,train,shirt_train_04296,B0098WCX0Q,B0098WCYT6,is black with longer sleeves,has a black background with indian wearing shades
shirt,train,shirt_train_04297,B004V6499W,B002MGEEE8,has a shorter sleeve with a small logo,is a short sleeve polo.
shirt,train,shirt_train_04298,B008R7F1GQ,B008R7FJ4K,is more earthy colored and subdued,Is black and white
shirt,train,shirt_train_04300,B000TJ59IA,B000VDM8SI,is grey with splash written on it,is gray with a picture of flash gordon
shirt,train,shirt_train_04301,B00AIYCW8Q,B007CN7ZB0, plain and has longer sleeves,is gray with black lettering
shirt,train,shirt_train_04302,B005MRG6KE,B006DI2NDA,is white with no logo,A solid white tank top
shirt,train,shirt_train_04303,B0017WM1R0,B0012OBUS4,is a darker color,Is darker colored.
shirt,train,shirt_train_04304,B00C9S67C6,B007X21YLM,The shirt has long sleeves and is blue plaid.,has longer sleeves
shirt,train,shirt_train_04305,B00674Y6YE,B00CBRXLII,is black with a blue circle,is a darker shirt
shirt,train,shirt_train_04306,B008Z85LMG,B006LGTJJA,Is more casual and not patterned,is white with shorter sleeves
shirt,train,shirt_train_04307,B00E7MP67E,B005A8FKPW,is green colored,is more colourfull
shirt,train,shirt_train_04309,B0069ZMXRI,B007QFQZ92,is curvier and less silhouette-like,has a Tebow football-fish logo
shirt,train,shirt_train_04310,B003HB35GA,B002RXCZV0,is a white long sleeves,is darker and has longer sleeves
shirt,train,shirt_train_04311,B008BH8X80,B00AABV5SK,has a funny message,has a different graphic printed
shirt,train,shirt_train_04312,B00BIOAVNS,B00BIRS0YM,Is more bright and orange,is more orange
shirt,train,shirt_train_04313,B00D555SSQ,B0002V40FS,Has a simpler design and is lighter.,has daintier flowers across top and sleeve edging
shirt,train,shirt_train_04315,B009YVFX3U,B007MOP7SC,A black long sleeve Guinness shirt,has long sleeves and is black
shirt,train,shirt_train_04316,B00BYS9S4Q,B00BYS9M6K,A grey and yellow tank top,Desired item is mostly white with yellow and grey
shirt,train,shirt_train_04318,B000FV8VP0,B006MQ7YO6,is more abstract and less dark in color,is lighter colored
shirt,train,shirt_train_04320,B004L2B2DW,B00AOIB3LI,is green and blue with no drumset,A blue/brown striped with brown pocket and sleeves
shirt,train,shirt_train_04321,B005Y0FQ0A,B007R1OD6M,is lighter colored and a more asymmetric graphic,is lighter and more vintage
shirt,train,shirt_train_04322,B0045090WK,B00AH4PWIY,Is a brighter color with a design not letters.,is lighter
shirt,train,shirt_train_04323,B0039227WA,B0030BG5LY,is a the right color but is  3/4 sleeve with plaid,Has longer sleeves and is more patterned.
shirt,train,shirt_train_04324,B006QT0QBC,B007VXRJ3A,grey shirt with white large white logo,is lighter in color
shirt,train,shirt_train_04325,B0002V2F3C,B0006N7HVQ,has different wording,has more green in it
shirt,train,shirt_train_04326,B008LJWFFK,B003AIIVK0,is long sleeved,has long sleeves and buttons all the way down
shirt,train,shirt_train_04327,B00C68SOKM,B000LMYL16,is gray,A grey t-shirt.
shirt,train,shirt_train_04328,B0032FPQB8,B00BY99ANY,has a more colorful and different photo,has a more colorful graphic
shirt,train,shirt_train_04329,B004JGJ5DY,B001HDTRJ4,has more color,is blue with a superman logo
shirt,train,shirt_train_04330,B004O7GBCG,B005J4CI9I,Has the word Tanks and a logo on the chest area,has a Tanks design on it
shirt,train,shirt_train_04331,B00BHA7J88,B00AAJK330,is red in color,is orange with  smaller Marvel graphic
shirt,train,shirt_train_04332,B0095FLW8K,B007HKOJOO,has minimal art and black color,is black with a white logo
shirt,train,shirt_train_04333,B00AK43KQW,B003JOL8GO,is black with red designs,is more colorful
shirt,train,shirt_train_04334,B0037GOUUK,B00AG4190A,The shirt is blue with a cat's picture.,is darker
shirt,train,shirt_train_04335,B00AY1IVK6,B000JKBQ5Y,is black short sleeved shirt with sun motif, shorter sleeves
shirt,train,shirt_train_04336,B0027ZO5GQ,B000L5UCBG,is lighter,Has lighter colors
shirt,train,shirt_train_04337,B00E4OGJCQ,B008D4JZEM,has a graphic design,has shorter sleeves and a more color graphic
shirt,train,shirt_train_04339,B0081ME50U,B006TG805Q,is more direct and less serious,yellow and red letters.
shirt,train,shirt_train_04340,B0072D868G,B000EXS43S,has a very attractive image printed on it,A purple shirt with white horses on front
shirt,train,shirt_train_04341,B000VOKUGO,B005HJP46O,is a green polo shirt,is more formal
shirt,train,shirt_train_04342,B00BLR6ZMS,B004W52TNK,is white in color,is white business shirt with red-striped tie
shirt,train,shirt_train_04343,B003DKO1T0,B007C8YS24,has text written in white and red,is more faded
shirt,train,shirt_train_04344,B0073SLJUW,B0086CUZDG,is darker,has thick blue and black stripes
shirt,train,shirt_train_04345,B00CDJZ5Z6,B003ATBHW8,Is white with a print t-shirt and short sleeves.,has shorter sleeves
shirt,train,shirt_train_04346,B00B9QZDKG,B00C1EKKYY,its blue muscle shirt no sleeves,A blue tank shirt
shirt,train,shirt_train_04347,B0055PF2AI,B0059YLJO8, with a comic book hero print in the center,Is tan in color
shirt,train,shirt_train_04348,B0016BK4ZS,B0016BI1QM,has a short sleeve with red,has a duller shade of blue and more red
shirt,train,shirt_train_04349,B005X054JE,B007X5Q1HQ,The shirt is blue with Ren & Stimpy.,is blue with yellow lettering
shirt,train,shirt_train_04350,B00DIGLI7M,B00960YZ3I,is grey,is hooded and gray
shirt,train,shirt_train_04351,B00DX7BELQ,B00DBXLH9G,has brown and red designs,It is a lighter grey
shirt,train,shirt_train_04352,B0089QTGIO,B001Q7JKYI,Is a dark colored short sleeve polo,is darker and has shorter sleeves
shirt,train,shirt_train_04353,B004F1MBCU,B003F6M018,is similar but blueish,A dark blue shirt with a superhero on front
shirt,train,shirt_train_04354,B0081S5Q5W,B00BGN94LQ, v necked and shorter sleeved,Is less colorful and more simple.
shirt,train,shirt_train_04355,B0014QPMUW,B000MLSK1I,has strips with green striped tie,is more striped
shirt,train,shirt_train_04356,B008G6IA3O,B00850BIQW,has a flag for a logo,has a different graphic
shirt,train,shirt_train_04357,B00BD9G1NC,B004RKK35G,has no sleeves and is grey,Is sleeveless and more solid
shirt,train,shirt_train_04358,B004U9F55M,B007CU8J18,has shorter sleeves and no plaid,is blue with no sleeves
shirt,train,shirt_train_04359,B00BJL9SM0,B000QGL40S,is a dark blue long sleeve rugby shirt,is a solid color and has a larger graphic and text
shirt,train,shirt_train_04360,B0009TIKY0,B008KYRH7C,has collar and is blue,Desired item is blue with buttoned collar
shirt,train,shirt_train_04361,B0077DR53S,B000YWT1V8,is solid white,plain white
shirt,train,shirt_train_04362,B005SW25DU,B000QW66QO,Is a buttoned shirt and darker,button up shirt with sleeves in green
shirt,train,shirt_train_04363,B00BLHUO1Q,B00A6KSPME,is more faded and monly,is a darker blue with a white design on the chest
shirt,train,shirt_train_04364,B001V9LP12,B001LNDFAM,is maroon in color,is solid cranberry and plain
shirt,train,shirt_train_04365,B004R96R4I,B00DPSZSCE,is a bright pink dress shirt,is more gay
shirt,train,shirt_train_04366,B0013THN7A,B000UCUO4A,The shirt is blue with light blue stripes.,has horizontal stripes and is brighter
shirt,train,shirt_train_04367,B007HY6HPE,B00485R1VE,is a long sleeve sports shirt, floral print button down
shirt,train,shirt_train_04368,B0036ZAPOC,B004512EVS,has a darker color and a different print which is warmer in color,is tighter gitting
shirt,train,shirt_train_04369,B00E0R5WZM,B008FDJFSW,is less colorful but more clear,is a white tshirt
shirt,train,shirt_train_04370,B005LSJ53O,B004KUQFJQ,The shirt is black with a Chevy sign.,is darker coloured
shirt,train,shirt_train_04371,B00AY0JIGS,B004KLXAIY,has a bear on it,has darker colors
shirt,train,shirt_train_04372,B00CV9F5SA,B001VSZ16S,has a brighter color,Same but yellow
shirt,train,shirt_train_04373,B005FNO2RE,B001DIO0YA,has a collar and front buttons,is collared
shirt,train,shirt_train_04374,B008AJOC3Y,B00113NE2G,Is blue and not striped,is darker
shirt,train,shirt_train_04375,B007BQBSS4,B008M9XQR0,is lighter,is lighter in color and is shorter in length
shirt,train,shirt_train_04376,B005BY0HSK,B006GEOZ00,has a darker color and resembles a jersey,is darker
shirt,train,shirt_train_04377,B001MS8FGU,B00B9E43KE,has longer sleeves,Is more loose
shirt,train,shirt_train_04378,B00BMGCIR4,B00DRORHE8,Is more wordy and blue,has writing with the graphic and is more navy
shirt,train,shirt_train_04379,B003XDNWBA,B0096CQVPQ,is more animated,Is white
shirt,train,shirt_train_04380,B00BEUDWYG,B0026OL77I,is lighter,it is more white
shirt,train,shirt_train_04381,B00917DLYA,B00B40FMN0,Is black and has a different graphic,is black in color
shirt,train,shirt_train_04382,B0043RCZ6S,B0043RE6QK,is tan and gold logo,is cream
shirt,train,shirt_train_04383,B00AXL4MDM,B000ZKE808,is black with a cow,is more animal-like and darker
shirt,train,shirt_train_04384,B00BQKC8AI,B007JQKKUI,is darker,is darker in color
shirt,train,shirt_train_04385,B00BJJJPJ8,B00BOZHOXG,is darker,has a smaller design on it
shirt,train,shirt_train_04386,B0036DE7XO,B0045Y0Y3K,is a green loose polo,is green with no pockets
shirt,train,shirt_train_04387,B004TMM29W,B004DE82WC,has Shhhhh! This is my hangover shirt written in center,is lighter black with bigger motif
shirt,train,shirt_train_04388,B001CDJE10,B007JBKQFC,is slim and brighter,is a lighter color
shirt,train,shirt_train_04389,B0041T8IVO,B00642W8UI,is sleeveless and has a smaller graphic,is darker and has shorter sleeves
shirt,train,shirt_train_04390,B00C3KGM7U,B00BTNHNJ8,has a black and white photo,is black and white with squatting woman
shirt,train,shirt_train_04391,B00BZCP5QG,B0015VAYMC,is black colored and letter print,is black and has a Barack graphic
shirt,train,shirt_train_04392,B005DXL04E,B007TTBMRK,is white long sleeved t-shirt with black stripes,has long sleeves and is white with black stripes
shirt,train,shirt_train_04393,B00AYSUXA0,B00AYSUQ66,blue with a different graphic,is a darker color with different artwork
shirt,train,shirt_train_04394,B0070264BU,B0097DMFKO,is a t shirt with wording,has longer sleeves
shirt,train,shirt_train_04395,B0025LNYFK,B008LT2ZWS,is the same as, no collar
shirt,train,shirt_train_04396,B009ZYZ30O,B000N5VP5G,has 2 wolves and is darker colored.,Is lighter blue
shirt,train,shirt_train_04397,B0002FHIM6,B00AWEW5ZW,Is white and v-neck,it is white
shirt,train,shirt_train_04398,B005VLZ8FA,B00EVBITCU,is black with gray designs,Desired item is black and has the word Hurley
shirt,train,shirt_train_04399,B002ZZAHYM,B0045MA4SC,has a different logo,has a music meter design on front
shirt,train,shirt_train_04400,B003ZK1LJG,B006LGT2I8,Is less casual and is striped,has buttons
shirt,train,shirt_train_04401,B0095D8DHA,B00DJM81BG,is black with a frong pocket and shorted sleeves,is black with shorter sleeves
shirt,train,shirt_train_04402,B008VHGGRA,B0081S5Q5W,is larger and brighter,white and red with buttons
shirt,train,shirt_train_04403,B00ATRSGR8,B00B7PPLLU,has shorter sleeves and white colored,is white with blue lettering
shirt,train,shirt_train_04404,B00DD4A9W4,B00263KBV2,is a bit light gray with buttons,is much lighter in color
shirt,train,shirt_train_04405,B00DIHK4AS,B005F0XT6W,is white with black designs,is white
shirt,train,shirt_train_04406,B00B36166M,B00B361B94,is gray with black designs,is a grey t shirt with graphic and is more casual
shirt,train,shirt_train_04407,B00AA0N35O,B00A7Y4X0C,is lighter,is more tropical
shirt,train,shirt_train_04408,B00B79TB0I,B000HQ6QW8,is red with yellow words,is red
shirt,train,shirt_train_04409,B004FV8FMA,B007JBKBBG,is black with a person,Desired item is brown picturing a Cheers character
shirt,train,shirt_train_04410,B0072D8LV8,B004UIJPVS,has an image of a wolf,is blue and has a wolf head
shirt,train,shirt_train_04411,B007OX6T9C,B005GYFD7U,is longsleeved and bright,A solid light red long sleeved shirt
shirt,train,shirt_train_04412,B0069V7APM,B001EH4I8I,Is more flowing and brown,is light brown and has short sleeve
shirt,train,shirt_train_04413,B00154CI50,B000QWY558,is faded more,has more neutral colors in it
shirt,train,shirt_train_04414,B002LNQQWK,B002LNOO6U,is light blue,is light blue
shirt,train,shirt_train_04415,B000MQOOC2,B00E9E1CDC,is more light colored,is longer and darker
shirt,train,shirt_train_04416,B002ZXV9GO,B00CDRJJ7S,Is a shirt,is blue with white text
shirt,train,shirt_train_04417,B0006SCZMM,B0006SCZWW,Lighter and longer sleeves,is light blue
shirt,train,shirt_train_04418,B00DENSPHK,B00DENOS8A,The short is multi-colored with a white dog.,is brighter
shirt,train,shirt_train_04419,B00918VH18,B0035LDL7K,is yellow colored,is yellow with a small design
shirt,train,shirt_train_04420,B006VE9DZ2,B00BBASIFW,is darker in color,is blue and has floral
shirt,train,shirt_train_04421,B007HKOJIK,B008LDGIFO, has long sleeves,is darker
shirt,train,shirt_train_04422,B0040H78MM,B00404ATV2,has button going down in middle,is a dark blue button up with a collar
shirt,train,shirt_train_04423,B00266PE3E,B00ANDVIUK,is orange with a neck button down,is darker
shirt,train,shirt_train_04424,B00A5BEGJU,B00A5BECX0,has numbers in center,is darker
shirt,train,shirt_train_04425,B00671CDI8,B009MRG85I,is lighter,is white with black text
shirt,train,shirt_train_04426,B003B7B4LS,B001SN7XEO,is gray with pink figures,has large painting and is grey color
shirt,train,shirt_train_04427,B00CBES82K,B00BQDK0F0,is neon green,is green and has looser fit
shirt,train,shirt_train_04428,B009LJ1UOQ,B001NPD59Y,is a short sleeve white shirt with colored stripes,has large stripe space and is white color
shirt,train,shirt_train_04429,B004ON6FEO,B00305G966,is lighter color with longer sleeves,is white with black stripes on side
shirt,train,shirt_train_04430,B005CDUR3U,B000E60GKE,is plain and formal,is dark blue polo
shirt,train,shirt_train_04431,B002X0M3HS,B002ONVO3S,Has a very different pattern and color,Has longer sleeves and lighter colors
shirt,train,shirt_train_04432,B002SC53NW,B0058L7TJQ,has a dark color with a prominent symbol,is a black t-shirt with an R on it
shirt,train,shirt_train_04433,B005006162,B0014HMKJM,is grey with jeep written on it,is pale grey with red logo
shirt,train,shirt_train_04434,B002HWOZHS,B00EDLY1P2,is button up with pockets,is more formal
shirt,train,shirt_train_04435,B0002FHIM6,B00069IP3E,is a blue sweat shirt,is darker in color
shirt,train,shirt_train_04436,B00BL86TV4,B006KWPQ2O,is black,it is black with slightly different graphics on the front
shirt,train,shirt_train_04437,B00EEI69UY,B009UTYEMW,has someones face,has more writing with a picture
shirt,train,shirt_train_04439,B00367FX1U,B001PIWVRQ,has a message about love,has a different word.
shirt,train,shirt_train_04440,B00D9ERKQ6,B007VDOGMM,is simpler,is sexuak
shirt,train,shirt_train_04442,B00A28X0M0,B0085X1GFM,is a white shirt with vertical black stripes,is white and black striped and more classic
shirt,train,shirt_train_04443,B006961ITG,B005BWA200,is black in color,is black with white lettering
shirt,train,shirt_train_04444,B00336EUC2,B000783IAY,is a large bold red and navy striped,has more red in it
shirt,train,shirt_train_04445,B006C9A8VE,B0097DYLTM, red,has more words on it
shirt,train,shirt_train_04446,B00BHASECS,B00BHASE5A,is exactly the same,Is the perfect product
shirt,train,shirt_train_04447,B00ATSGK7U,B004R1I4QK,is a casual shirt,is collared
shirt,train,shirt_train_04448,B005KN1IH6,B001DIO0QS,is very similar,has shorter sleeves
shirt,train,shirt_train_04449,B009PHE58C,B009PHDXXK,is green with a bigger logo,is green
shirt,train,shirt_train_04450,B002RS4NDS,B009E37WPK,has shorter sleeves without buttons,has car logo and no buttons
shirt,train,shirt_train_04451,B002LYZPXK,B007US8M3M,sleeveless jersey,is a sports jersey with no sleeves
shirt,train,shirt_train_04452,B00DV0VYK6,B00DUZL2OU,is pink shoes.,are pink and white slippers
shirt,train,shirt_train_04453,B004LES2Q0,B000XPKB42,Long sleeves and sporty,is white and long-sleeved
shirt,train,shirt_train_04454,B00D99O3ES,B00D6XECUC,is a short sleeved shirt with a giant image,Desired item is purple and contains the Goofy character
shirt,train,shirt_train_04455,B00872V5J8,B00BSUEKRA,is red with a black logo,Is less fitted
shirt,train,shirt_train_04456,B0037OJ2ZU,B00B58TSYA,is black with buttons,has buttons around the neck
shirt,train,shirt_train_04457,B00AB2Q3DK,B008LOFY94,is a lot more simpler with one detroit logo,Is less wordy and less colorful
shirt,train,shirt_train_04458,B00CDL2IZ4,B00CDJZ5ZG,is a single color and plain,is less striped and more professional
shirt,train,shirt_train_04459,B0075BEDFK,B0075BE0U8,is orange,is bright orange
shirt,train,shirt_train_04460,B003BOSL0I,B005STUVD4,dark colored and larger graphic print,is more Star Wars and has darker graphics
shirt,train,shirt_train_04461,B006LG88OC,B00DEHWY6Y,is black with no sleeves and white logo,is black with no sleeves
shirt,train,shirt_train_04463,B001BLZJYE,B00CORQ9RA,The shirt is green in color with black writing.,Is green with a Nurse graphic on it
shirt,train,shirt_train_04464,B0036SP2Y2,B003C24OA0,is navy blue,is brown
shirt,train,shirt_train_04465,B00679AVC0,B00931VLU0,is a white t-shirt,has two figures and is a tee shirt
shirt,train,shirt_train_04466,B006C9TY14,B005NJK54Y,is black with a different logo,has a larger logo
shirt,train,shirt_train_04467,B000WQ5MSC,B00DOS96FK,is black with mundane written on it,is lighter colored
shirt,train,shirt_train_04468,B0065KQ5RQ,B008VIELZS,Is more charcoal and colorful,is more colorful
shirt,train,shirt_train_04469,B0083KVG48,B0070NZ59G,is beige with a skull,is light brown and has large logo
shirt,train,shirt_train_04470,B005KN1LL4,B005KN1IH6,is white,is white and has longer sleeve
shirt,train,shirt_train_04472,B00CAHOA8E,B003TFDGX6,is similar but with centred picture in black on front,has a bigger logo
shirt,train,shirt_train_04473,B008RK9ZF6,B0084JEFAK,is black with white chart on the front,has a larger graphic on front
shirt,train,shirt_train_04474,B0081GGJT6,B008LXLWXW,is gayer,Is more colorful
shirt,train,shirt_train_04475,B0085OIP2S,B007T4SU02,Has a more distinct collar and sleeve accents,is the same!
shirt,train,shirt_train_04476,B003XDNWBA,B000WN9EQG,is blue in color,is blue with a different logo
shirt,train,shirt_train_04477,B004OMTSSK,B00331RVV4,is more polish and is green,is darker
shirt,train,shirt_train_04478,B001FQ8IM0,B0042UIDL2,is lighter with different graphics,it is brown with green print
shirt,train,shirt_train_04479,B003OB5BGA,B005MN6GOE,is much brighter in color,is dark blue
shirt,train,shirt_train_04480,B00365EWR8,B00D3TADQG,is a 1973 Affliction Performance T shirt,Is black with large logo and short sleeves
shirt,train,shirt_train_04481,B00CMVSNSG,B00C1Y4X10,is medium dark red and plain,has no graphic and is more red
shirt,train,shirt_train_04482,B0013FI8SW,B0052EMNFO,is green colored and short sleeve,is a shirt
shirt,train,shirt_train_04483,B007643TOW,B003VM80SS,has different graphics,has less blue
shirt,train,shirt_train_04484,B004U9F174,B002DYJ0S4,is lighter colored and more monochromatic,has no red in it
shirt,train,shirt_train_04485,B00DGM0392,B009YLDBDY,is a short sleeve button up plaid,is an orange plaid
shirt,train,shirt_train_04486,B00A3UEX96,B001TJISNW,is a white button down,is a button-down
shirt,train,shirt_train_04487,B00ARUJAY0,B007E3LMWG,a short sleeve dark colored tee shirt with a large colorful latin graphic i,has longer sleeves
shirt,train,shirt_train_04488,B006H4K7JC,B005NZ6H9K,is darker,has longer sleeves and is plaid
shirt,train,shirt_train_04489,B00AUCH1N2,B005DHG2UM,is grey and short sleeves,has a big chest logo
shirt,train,shirt_train_04490,B00F0XB9C0,B00DIHMCP8,is dark gray with white designs,is black in color with a Jesus message
shirt,train,shirt_train_04491,B005253H4O,B004W2P1J2,has clearer graphic and is less metallic,has red graphics
shirt,train,shirt_train_04492,B0049ALDTO,B00AXL4G3S,is white,has a dog face and is white
shirt,train,shirt_train_04493,B00BQLKBRY,B007KXAV0Y,has long sleeves,has longer sleeves
shirt,train,shirt_train_04494,B0034OFMV6,B0055PRH0G,is dark colored with more stripes,is darker
shirt,train,shirt_train_04495,B00B9HHI12,B0040D0WM4,is solid black with sleeves,is more short sleeves and brown
shirt,train,shirt_train_04496,B00436G89Y,B008B5HGIK,has an argyle pattern,is black with buttons
shirt,train,shirt_train_04497,B0062XAHU2,B008X3Y9LM,has a longer sleeve with more stripes,has plaid
shirt,train,shirt_train_04498,B003XKTJEW,B008DOJ3MG,is a darker color with a slogan and a gun,is a black tshirt with a certain quotel
shirt,train,shirt_train_04500,B000RB4WQ0,B000EY8ZAO,is more sexual,is lighter
shirt,train,shirt_train_04501,B006ZP7BIS,B009ETVJM6,Is a darker color.,is more colorful
shirt,train,shirt_train_04502,B00E9KDNLK,B004TNUQOO,Is a gold shirt with an image, no graphics
shirt,train,shirt_train_04503,B0001HA8CW,B00CJC86Q2,is more t-shirt and whites with anime graphic,has a star BARS graphic on front and short sleeve.
shirt,train,shirt_train_04504,B009PXVHDC,B00DV7FD6A,has no collar and has a face on it,is a white tee with a graphic
shirt,train,shirt_train_04505,B00DPM544W,B002JX4WG4,is white with red designs,is white and pink
shirt,train,shirt_train_04506,B008K4QS9A,B002RS449Q,is light blue with a picture of someone.,has less words and is more blue
shirt,train,shirt_train_04507,B001PIUPZ6,B005DPTKRQ,has longer sleeves and an image of dog,is black
shirt,train,shirt_train_04508,B003CP09VA,B003CD7NUC,is more scary,is black with white logo
shirt,train,shirt_train_04509,B000EW0L3A,B0009GCU80,is orange colored,is a sold orange T shirt
shirt,train,shirt_train_04510,B00E40LN9O,B00E40LV7I,is darker,is blue
shirt,train,shirt_train_04511,B008ER1NJS,B009WN9F16,is brighter with buttons,is light blue with white trim
shirt,train,shirt_train_04512,B00BJ5YNC6,B00B2TIY9W,has clearer wording,has more words on the shirt
shirt,train,shirt_train_04513,B0058ZQYBG,B009B5O3VM,has a contrasting color collar and bolder stripes,more stripes and whiter
shirt,train,shirt_train_04514,B007K5ZIHI,B005FIU4PI,is darker with longer sleeves,has contrasting pocket and has turtleneck
shirt,train,shirt_train_04515,B00915K61S,B002OTJUQ0,is black with white words,A black shirt with white letters
shirt,train,shirt_train_04517,B004U325SI,B001731TZ4,is light in color and bright,is whiter
shirt,train,shirt_train_04518,B0096CQVPQ,B00BUTTJ5M,white and much more simple,is a bob ross costume
shirt,train,shirt_train_04519,B007004EHS,B000Y4GM1I,has a cat with a pink rose,is cuter and less scary
shirt,train,shirt_train_04520,B0087KYR2C,B00DXKZU6I,is white,is lighter
shirt,train,shirt_train_04521,B00BPYKY6A,B0067CCZPS,is long sleeved dark hood,is navy
shirt,train,shirt_train_04522,B0041H568Y,B004KNANFU,is gray,is lighter
shirt,train,shirt_train_04523,B0043LDLGM,B0096DYU6M,is primarily black,It is a darker shirt
shirt,train,shirt_train_04524,B00BIFERAK,B009VW8U6E,is solid red with white logo,is red with white logo
shirt,train,shirt_train_04525,B005KQX8EO,B00B7KVU60,has a shorter sleeve shirt with flower art,is beige color with floral detail
shirt,train,shirt_train_04526,B007QZ3J0A,B005KGLANU,has a bright color and has long sleeves,has longer sleeves
shirt,train,shirt_train_04527,B0042CVBG4,B006BZ73VC,is more scientific and less sporty,is lighter
shirt,train,shirt_train_04528,B004ZC6UWG,B000AL8IQ2,The shirt is long sleeve and is gray in color.,is lighter and has longer sleeves
shirt,train,shirt_train_04529,B00CZD36MO,B0054JYYGI,has a darker color and shorter slogan,is green and bold
shirt,train,shirt_train_04530,B002DEUHFE,B002DETQOW,a long sleeve dark colored shirt with a logo on the sleeves,has brand name on sleeve and nothing on chest
shirt,train,shirt_train_04531,B005U9IGRA,B00EOM8WCI,is orange with longer sleeves,is orange and is a sweatshirt
shirt,train,shirt_train_04532,B008GFGNM0,B001SAY0IY,is darker in color,is the same product
shirt,train,shirt_train_04534,B005LCPYTO,B000M0HC6S,is a brown polo shirt,is a striped polo and short sleeves
shirt,train,shirt_train_04535,B003URL40K,B00B4VGO7W,is a polo shirt,it is a peach short sleeve polo shirt
shirt,train,shirt_train_04536,B00AN7XL10,B009K8BRSC,has checkered design,is plaid and had buttons
shirt,train,shirt_train_04537,B005A0NTT4,B009PHB6HA,is a red colored shirt with background images,is more colorful
shirt,train,shirt_train_04538,B005HGT65M,B007643D0M,Has more of a graphic,has wavy thin lines and bold lines
shirt,train,shirt_train_04539,B004CS9K4I,B006LT8T5M,The shirt is black in color with red writing.,has a darker logo
shirt,train,shirt_train_04540,B009H9JN3U,B005L65KYE,is a gray tee shirt,is red with one large owl
shirt,train,shirt_train_04541,B00CR90HQY,B00C7SC1X2,is divided in two colors,is a black with gray on the upper part of shirt.
shirt,train,shirt_train_04542,B00AZLSILC,B006BL3HG6,is a shirt with blue and white stripes,has only two colors
shirt,train,shirt_train_04543,B0088NZ5EW,B00EAXBT1C,Is a black shirt with a flag.,has more red
shirt,train,shirt_train_04544,B005NRG7R0,B00355624K,has a more satirical logo,says Linux inside
shirt,train,shirt_train_04545,B00EDLXBIU,B007Q4KSDW,is darker,is green with a floppy disk design
shirt,train,shirt_train_04546,B00CHXSW08,B00E7MO5LC,is light yellow and darker buttons,is yellow with black buttons
shirt,train,shirt_train_04547,B005J1KSUC,B0054QZ2WG,is black colored with art in the middle,is black and has a different graphic
shirt,train,shirt_train_04548,B001RS8DUS,B0091OQ16S,says Ring Bearer on the front,is lighter
shirt,train,shirt_train_04549,B00AZIOYKO,B007PYE0E6,is a blue short sleeve button down with floral print,is blue and has short sleeve
shirt,train,shirt_train_04550,B008YFUOXG,B007YYW9X6,Is a jersey and has fewer stripes,is a tri-colored tank top
shirt,train,shirt_train_04551,B009ZKLETC,B008ACIGX8,has a different graphic,is black with white lettering
shirt,train,shirt_train_04552,B004XW0EUM,B0032EZHGI,is a black short sleeved shirt with two color art,is more faded
shirt,train,shirt_train_04553,B00B8QYI2G,B005LCN0N6,is black with a red logo,is black colored
shirt,train,shirt_train_04554,B008135OJU,B0052KA2JM,has longer sleeves with red color and large art,is red with more fiery graphic
shirt,train,shirt_train_04555,B005DSJWOY,B0032FPQEK,is gray and longer,is gray and has larger text
shirt,train,shirt_train_04556,B009VDUNQ8,B000S75BDG,is more dramatic and less striped,is red and white with Pitbull Gym on front
shirt,train,shirt_train_04558,B007JX11NQ,B007TD7CR0,Is more fun and logo,is green-brown with a boy's face on it
shirt,train,shirt_train_04559,B00CYP0YX2,B009POI1FI,This is the type of shirt I want that has graphics on it.,has shorter sleeves and a graphic
shirt,train,shirt_train_04560,B002CSEYT6,B005FYL1UO,is all black and has tech text on it,is darker
shirt,train,shirt_train_04561,B007CN98WY,B00DO33SRW,is grey and have tree images in center.,says gond squatching and is black
shirt,train,shirt_train_04562,B000EP1K8M,B000EOWTGU,is a T shirt with a New Foundland dog,has bigger dog head with larger mouth
shirt,train,shirt_train_04563,B00C24U0DO,B009KPEJYE,is a black tee,has shorter sleeves
shirt,train,shirt_train_04564,B00CJH6OTS,B00BSNA0EO,is beige colored and an image of person,is beige tan colored
shirt,train,shirt_train_04565,B005S6YIN6,B006BFZXCS,is gray with black designs,Is grey
shirt,train,shirt_train_04566,B00C7AYM8C,B00CPLBZ1U,is black with words,is darker with white letters
shirt,train,shirt_train_04567,B006BB97ME,B002I6FR4I,is a darker color and is one color,is all black and no undershirt
shirt,train,shirt_train_04568,B004QF0FDM,B0059B3EI0,a light colored button down shirt with long sleeves,has longer sleeves and is brighter coloured
shirt,train,shirt_train_04569,B0075AIZ5A,B009R76RGI,is black with white designs,it is black
shirt,train,shirt_train_04570,B0026GSGZM,B000YW3ORU,is white,is white and has reinforced sleeves
shirt,train,shirt_train_04571,B0008TSEGA,B006HM9II0,Is white with a red print,is lighter in color
shirt,train,shirt_train_04572,B0054QZ2WG,B006311T32,a black giants and warriors shirt,has lines of lettering and no birds
shirt,train,shirt_train_04573,B00B36166M,B0068NMPPG,Is short sleeve and has stripes,has stripes and short sleeves
shirt,train,shirt_train_04574,B00AH7R4YG,B0092KSP2O,has no pockets and is grey,single color with patch overlay
shirt,train,shirt_train_04575,B00801Q2LM,B0083EZD7A,Is darker and subdued.,is darker
shirt,train,shirt_train_04576,B000EUF4E8,B0009VX8VI,is navy blue,is lighter and shorter
shirt,train,shirt_train_04577,B0080FV9SE,B000BPZ5UO,Is more simple and black,has more simple graphics
shirt,train,shirt_train_04578,B006YXSK04,B00C1LJ8YU,is gray patterned with orange designs,is grey with an orange number 5 on it
shirt,train,shirt_train_04579,B00CS50DLG,B007QW5KDM,is blue,is blue and less athletic
shirt,train,shirt_train_04580,B000SYGLHE,B000SVAF06,is darker with different words,is black with white lettering
shirt,train,shirt_train_04581,B004HW69J8,B007B8RM3W,is darker in color,is black and has stripes
shirt,train,shirt_train_04582,B00C7IOTNW,B00AWQ6MW2,is brighter,is lighter in color and less stripes
shirt,train,shirt_train_04583,B004GTM716,B003KTMP2Y,Is a gold shirt with white lines.,is mofe mustard colored
shirt,train,shirt_train_04585,B008VX0P1W,B00D3CE2MO,is a long sleeved shirt,is brown with long sleeves and has buttons
shirt,train,shirt_train_04586,B001YHEJVY,B005HEFRWU,has a shorter sleeve and text,has short sleeve and is dark blue
shirt,train,shirt_train_04587,B00969W1XA,B008400ZJO,is a light blue tee shirt,is grey
shirt,train,shirt_train_04588,B00BHASDRE,B00CC21O5E,a relaxed fit Bill Murray tee shirt,is the same
shirt,train,shirt_train_04589,B006ZHFTGW,B00ASK94AE,is white in color,is white and has more colorful graphics
shirt,train,shirt_train_04590,B009LJPX12,B001LJHV8I,are long pants of a darker color,are denim pants
shirt,train,shirt_train_04591,B007P28RNS,B003MWXWGC,is a black Bruce Lee T shirt,is darker in color
shirt,train,shirt_train_04592,B00CKSBJVE,B00CNV7764,is a floral large shirt,A white patterned long sleeved shirt
shirt,train,shirt_train_04593,B0087J50R4,B0087J57JA,is a lighter color and larger graphics,is white with ig logo
shirt,train,shirt_train_04594,B008M9GCDU,B007FUBHK0,is grey with one hand print,is a gray t-shirt with and hand print.
shirt,train,shirt_train_04595,B004UGP36G,B003TTSBK0,Less black,is longer and a duller black
shirt,train,shirt_train_04596,B0037VYUY6,B0037VYU78,is white in color,is white with shorter sleeves
shirt,train,shirt_train_04597,B003MS4CLU,B00BBQ9TWC,is darker in color and has shorter sleeves,has no sleeves
shirt,train,shirt_train_04599,B00270VE7E,B000M4UK90,is white with collar,is lighter in color and more buttons
shirt,train,shirt_train_04600,B0050JP7LS,B00CDSYTEU,has longer sleeves,A black long sleeve shirt
shirt,train,shirt_train_04601,B000KRHIYY,B00FQSC0AE,is gray,is grey with black text
shirt,train,shirt_train_04602,B002ONVPVO,B000NOLEIU,is black with blue writing,Black shirt with blue words on front
shirt,train,shirt_train_04603,B005JQ94S4,B000XUQK1K,has a collar,has a collar and buttons on top
shirt,train,shirt_train_04604,B001AN3B8O,B0013KSTMW,is black with collar and buttons,is lighter blue
shirt,train,shirt_train_04605,B0072C6E0O,B00B9AQNTM,is darker,is black with small logo
shirt,train,shirt_train_04606,B00E9IHCZA,B003BQSZ5C,is black with words,is black with shorter sleeves
shirt,train,shirt_train_04607,B001O883SS,B001O82IAC,has brighter red stripes,It has a brighter red
shirt,train,shirt_train_04608,B00ET9TD42,B00BOWTG44,is a tshirt with heart logo,is dark green colored
shirt,train,shirt_train_04609,B0033M4Y72,B00BD6XDXQ,is a white t shirt with a champions logo,has a different graphic printed and is lighter colored with a collar
shirt,train,shirt_train_04610,B0094G6H8K,B00C92YO3G,is similar,Desired item has red and white checkered trim
shirt,train,shirt_train_04611,B0036SP2YW,B0009GD7W8,has longer sleeves,is long sleeved
shirt,train,shirt_train_04612,B0078WNCOE,B005J2EAFA,is more formal and pinker,is more formal with pockets
shirt,train,shirt_train_04613,B00CWA1MEY,B00CHXPEYU,is more mature, is dark gray
shirt,train,shirt_train_04614,B0046DOGHU,B009UQCSH8,is fancier,plaid no pockets
shirt,train,shirt_train_04615,B007K45FA4,B007HXLTTO,is similar,is short sleeved with only white trimming
shirt,train,shirt_train_04616,B000H776A8,B008DXQ0RI,Is white and has no sleeves,is a tank top and is white
shirt,train,shirt_train_04617,B00EFVUN20,B005VF6F4Y,Has a circle within a triangle logo on front,A black shirt with a white triangle on front
shirt,train,shirt_train_04618,B005TS27VS,B007KFQQPQ,is black with skull on it,is black with white logo
shirt,train,shirt_train_04619,B0072CR3FY,B00139B6XW,The shirt is short sleeve and is white in color.,is white with buttons and a collar
shirt,train,shirt_train_04620,B0050I9PWQ,B005LAJQVI,is dark with a huge design in the middle,A black shirt with light blue letters
shirt,train,shirt_train_04621,B00C1EPB4I,B0099NNNGM,has longer sleeves and is darker,has longer sleeves
shirt,train,shirt_train_04622,B008Y7K4ZW,B002KMKD3A,is a red T shirt with a yellow lightning bolt,has a yellow motif
shirt,train,shirt_train_04623,B005LN8EEU,B009MMPGPG,has pockets,has more stripes and more buttons
shirt,train,shirt_train_04624,B007CNA2GK,B00B0D8IDM,is black with white writing on front,is a black screen tee
shirt,train,shirt_train_04625,B0096A1I38,B0096A1AAY,Is a grey and black tee with a cross,is lighter and has a different picture
shirt,train,shirt_train_04626,B0030F3ET6,B00BRB2AK4,a sporty 2 button shirt with a small star wars character on chest,has more white
shirt,train,shirt_train_04627,B0099UJ9JK,B000BP8ULK,has short sleeves and is dark colored,Is more formal
shirt,train,shirt_train_04628,B005KP0GPE,B007Q069H0,is a bright white dress shirt,is lighter and does not have a pattern
shirt,train,shirt_train_04630,B0033M4Y9K,B0033LW7WW,is dark with a collar and sleeves,is darker
shirt,train,shirt_train_04631,B007NCA896,B002AV3SUG,is grey with red lettering,Solid grey with red letters
shirt,train,shirt_train_04632,B0058ZQYBG,B00AAQTG4A,Is blue and not striped,is less formal
shirt,train,shirt_train_04633,B00C3B32V8,B00F50LJ5A,has a circle print,is a black shirt with a round collard
shirt,train,shirt_train_04634,B007N7NPDW,B00FS47JZC,grey grinch tee shirt,is grey
shirt,train,shirt_train_04635,B007JFCWSW,B00594OD5K,has spades logo on it,is more scary and less font
shirt,train,shirt_train_04636,B00B1FCC1S,B00A061KMG,is a darker blue,is darker
shirt,train,shirt_train_04637,B004IP4JE6,B006DFP3P8,is simpler and has a smaller graphic,is darker and less graphic
shirt,train,shirt_train_04638,B00805EFF8,B008NB1UXY,Is less masculine,has red heart as picture
shirt,train,shirt_train_04639,B004JV7SDI,B00BG3YMHC,is a plain white V neck T shirt,is lighter in color
shirt,train,shirt_train_04640,B0079K2WIW,B004Y0Y3ZA,is a black t shirt,it is black
shirt,train,shirt_train_04641,B007IVEC26,B0087Q2H8W,is the same as,is exactly the same
shirt,train,shirt_train_04642,B00AXL4P3Y,B007006URU,is light brown in color with image of hamster,has a cat graphic and is much lighter in colour
shirt,train,shirt_train_04643,B0084BBOOI,B004OTZBB6,is brighter in color and large,is white with multiple pictures
shirt,train,shirt_train_04644,B009YK4BV6,B005DX0ML6,is off white with happy face logo,is much lighter in color
shirt,train,shirt_train_04645,B008UDC94E,B008UDBL9S,is lighter with a v neck,is white with an orange graphic
shirt,train,shirt_train_04646,B002ANCGE8,B007QPASTK,has a print with cooler colors,It is more blue
shirt,train,shirt_train_04647,B009ZYOP1C,B00BS2KJ46,is light purple with cats on it,has winged kittens and is pastel
shirt,train,shirt_train_04648,B007JN056A,B0085NCMUU,is black with white words and designs,is darker and more slim
shirt,train,shirt_train_04649,B003YM8350,B0017JUKXA,is long and a slim fit,A green shirt with black letters
shirt,train,shirt_train_04650,B008MTYHNC,B00CA65MBE,Is more whimsical and brighter,has a St. Louis Cardinal print all over
shirt,train,shirt_train_04651,B004WOEXPS,B006ORHZYW,is lighter with a different image,is more blue in color
shirt,train,shirt_train_04652,B0075A71LO,B006ZYW98Q,has no sleaves and is lighter,is sleeveless and has different graphics
shirt,train,shirt_train_04653,B00BI399PK,B002G9UBNO,has a fading color with short sleeves,Desired item is short-sleeved and orange ombre
shirt,train,shirt_train_04654,B003UM5JZG,B007OYPPZ0,is red and short sleeved with no collar or logo,has short sleeves
shirt,train,shirt_train_04655,B000QGL40S,B009HTRT4A,is less blue and short sleeves,A grey/blue striped short sleeved shirt
shirt,train,shirt_train_04656,B004ZGE45W,B00AB2FI7W,is grey with hulk on it,is grey and has bolder graphics
shirt,train,shirt_train_04657,B007FVZCMI,B00A7ATR48,is darker,is political on logo and patriotic
shirt,train,shirt_train_04658,B008CJ64WO,B00AO872J0,is white with black logo,A white shirt with black pattern on front
shirt,train,shirt_train_04659,B00AHEQDC8,B00D9ERKQ6,Black with large text,Dark grey shirt with I Make Adorable Babies
shirt,train,shirt_train_04660,B005PQ2HT6,B005ISOWHG,is black with white and blue writing,is less colorful
shirt,train,shirt_train_04661,B00B7LV5AK,B001DEPTFI,has three different colors with a logo,has no sleeves
shirt,train,shirt_train_04663,B004WKWMOQ,B005QQNSPC,is more lighter,is lighter and has a different graphic
shirt,train,shirt_train_04664,B0073SLJUW,B0036XOGAI,is a light blue polo,is lighter blue with no pocket
shirt,train,shirt_train_04665,B007I77LNC,B007I77LVE,is exactly what you provided,is the same exact product
shirt,train,shirt_train_04666,B008X6DYME,B00AZWVSG8,is a short sleeve simpler print,is lighter
shirt,train,shirt_train_04667,B007481D9S,B00ENYC4OE,is darker and has longer message,is darker
shirt,train,shirt_train_04668,B0093NP1AE,B001FD37H4,is light green in color,is light green with pocket square
shirt,train,shirt_train_04669,B003BSG9S0,B0012FNFKO,white,is a tank top with no print
shirt,train,shirt_train_04670,B000QHGDIA,B009QEETSA,is blue short sleeved t-shirt with paper print,is lighter
shirt,train,shirt_train_04671,B00CM9K4X0,B00DKZFZ52,is black with abs showing,is darker
shirt,train,shirt_train_04673,B00BU241WA,B005GJB36A,has no buttons and is darker colored,is darker colored and has graphics
shirt,train,shirt_train_04674,B007MUQUFA,B00A3B6GY0,The shirt is dark blue in color with white stripes.,is darker
shirt,train,shirt_train_04675,B006JGV3EG,B005POAHOK,has a black color with a musician image,has shorter sleeves and  is darker coloured
shirt,train,shirt_train_04676,B000VTI5MA,B00355FM8W,is a darker color,is funny and has round graphic
shirt,train,shirt_train_04677,B002VYVUA2,B000IF3VDK,is dark blue with a frog,is darker
shirt,train,shirt_train_04678,B0056B8VF4,B00CI6UR4S,is a gray shirt with a line,has long sleeves and is grey
shirt,train,shirt_train_04679,B004M45JZ6,B002O03BZU,is a graphic shirt,is green
shirt,train,shirt_train_04680,B00GPOMWEW,B00E9G0Y2A,has more designs,is red and black checked
shirt,train,shirt_train_04681,B008MHFO5E,B00AFR2SUS,The shirt is pink plaid.,is pink
shirt,train,shirt_train_04682,B001VSWW5G,B005C176WC,is a dark blue shirt with more text,Same but startrack
shirt,train,shirt_train_04684,B005G3W4XM,B003FLMT8W,is white with shorter sleeves and side orange design,is lighter and has shorter sleeves
shirt,train,shirt_train_04685,B00CHQJSEO,B005OODNFQ,Is white and less wordy,A white t shirt with black/grey letters
shirt,train,shirt_train_04686,B00AW8X4KS,B0090YUK48,is blue Famous T shirt,it is blue
shirt,train,shirt_train_04687,B0084ZU472,B0084ZTZ36,Is longer sleeves and is blue,has brighter colors
shirt,train,shirt_train_04688,B00DY1DP7M,B0094807DO,is a dark blue plaid shirt with buttons on it,Is more patterned
shirt,train,shirt_train_04689,B007Y4OWKO,B005CN43QC,has black sleeves and two pockets,has black sleeves
shirt,train,shirt_train_04690,B003WE9J8U,B0055X0CCI,is less formal and has one color,is not a full button up.
shirt,train,shirt_train_04691,B00539QOKS,B004MYFRU8,has different words and graphic,has graphic with motion and three words
shirt,train,shirt_train_04692,B00AY4796U,B00AAF3RJ6,is grey and short sleeved,Gray USER # FRIENDLY t-shirt
shirt,train,shirt_train_04694,B0059YKSZY,B008HRQHGY,is black with no sleeves,is sleeveless and more sporty
shirt,train,shirt_train_04695,B004Y6JKAC,B00BYGDX12,is red and has a hand on it,is a red shirt with a black and white design
shirt,train,shirt_train_04696,B007P1GIOE,B007P1GMEU, with color on neck sleeves.,is blue with arm a different design
shirt,train,shirt_train_04697,B00D4UI2P8,B00BZ5HV3S,Has longer sleeves,has long sleeves
shirt,train,shirt_train_04698,B00DFEXPE6,B004MW3H98,is a ]u shaped neck and is blue,is light blue
shirt,train,shirt_train_04699,B007ZTFCTI,B003ZANVTE,is the same but more maroon in colour,is plum colored and more athletic
shirt,train,shirt_train_04700,B00AY1JY5C,B008JGG592,is black with white designs,has a different graphic print.
shirt,train,shirt_train_04701,B003DQTY3M,B000FLXRZE,is a long sleeved sweater,is dark hoodie with Ramones on front
shirt,train,shirt_train_04702,B007POS5CE,B004KIJDS8,Is darker with a black pattern,has round neckline and graphic across top half
shirt,train,shirt_train_04703,B002Q6ONWC,B002TT7738,is black colored,A black shirt with PETA on front
shirt,train,shirt_train_04704,B000ZH9T5K,B009YZRE2Y,is black with surfing dogs,is masculine and stylish
shirt,train,shirt_train_04705,B006201K6U,B00B8PM5ZY,Is solid white with no pattern.,slinkier
shirt,train,shirt_train_04706,B005SZI4JG,B00BUTUAU0,is a tool belt,is more green colored
shirt,train,shirt_train_04707,B00BOJNUGM,B007JQKRR4,is grey with a smaller graphic,is solid grey
shirt,train,shirt_train_04709,B007E6AE5E,B00CHO0E0I,Is more of a hat,Is a hat
shirt,train,shirt_train_04710,B00B2JTC1G,B00B1PCKLA,has wider stripes and more buttons,has a full button up.
shirt,train,shirt_train_04711,B00CZD0UJ6,B004N21GJA,Has Longer sleeves and is darker,is darker in color and longer sleeves
shirt,train,shirt_train_04712,B00C7ZN008,B005UXF3L8,has a big colorful logo,is darker
shirt,train,shirt_train_04713,B0052N1Z7M,B00ABAYN0C,is lighter in color with larger graphics,it is a white t-shirt with graphics on the front
shirt,train,shirt_train_04714,B000IEK1B6,B00EECJJVQ,is black with a Last Kings logo,is black with white lettering
shirt,train,shirt_train_04715,B008S7E1W0,B00CPE8J20,Is more patterned and has shorter sleeves,is a patterned sleeveless shirt
shirt,train,shirt_train_04716,B006L2ZRHC,B008NB1UQG,Is more red and yellow,is red with a yellow cape.
shirt,train,shirt_train_04717,B00DQAK16O,B00BTFUMKI,is a blue collared shirt,is more business like
shirt,train,shirt_train_04718,B00BM8ZSNS,B005TG0E7O,The shirt is black in color with red writing.,is black and red
shirt,train,shirt_train_04719,B008K8E9RO,B0085EFH7O,The shirt is black with Obama 2012.,is black with red white and blue political logo
shirt,train,shirt_train_04720,B004ZC5SDS,B004ZC5SPG,Is tan,is lighter
shirt,train,shirt_train_04721,B007RBUZKU,B00BWCE2XG,is a striped polo t-shirt,A striped shirt with red
shirt,train,shirt_train_04722,B005H29FEI,B001MX75FC,Is darker with more more graphics,is black
shirt,train,shirt_train_04723,B002RS6HTQ,B007PCKU88,is lighter and has shorter sleeves,has a graphic design and shorter sleeves
shirt,train,shirt_train_04724,B0016BOHUG,B000VTKCA8,is blue with orange designs,is blue with a peace sign design
shirt,train,shirt_train_04725,B006ESJOHM,B00FD7YWYK,is black,Is darker & a larger size
shirt,train,shirt_train_04726,B007EFM3Y0,B007TNIWH4,is blue without collars,is brighter in color
shirt,train,shirt_train_04727,B00CIZJ0QU,B0099QG78A,is blue with long sleeves,has long sleeve and is dark blue color
shirt,train,shirt_train_04728,B007W5CAQ8,B0087WCSSU,is red in color,is red with black text
shirt,train,shirt_train_04729,B0062N3AE2,B004TEN93S,is darker,is bright red colored
shirt,train,shirt_train_04730,B00DPSNXNA,B004TD5KN6,is a black tshirt with white logos,is darker in color
shirt,train,shirt_train_04731,B00BJE8M7Y,B000JSGL1K,is more than 1 shirt,comes in more colors
shirt,train,shirt_train_04732,B003L2JPMS,B004YWC198,has a v-neck and is colorful and white,is lighter
shirt,train,shirt_train_04733,B00AFJO4ZS,B00AFJT79Q,is black in color,gray with picture graphic on front
shirt,train,shirt_train_04734,B002YRXOGY,B003QCEHD0,Is darker blue with no stripes,Solid black with blue print says PLUMPKIN
shirt,train,shirt_train_04735,B002DETQOW,B006TC6YNA,has shorter sleeves with collar and buttons,short sleeve button up shirt with collar
shirt,train,shirt_train_04736,B0084F9KNQ,B003S3SAMQ,is long sleeve and white colored,is white and has longer sleeves
shirt,train,shirt_train_04737,B003FL4192,B009TYL43A,Is more white,is more bright
shirt,train,shirt_train_04738,B00BJOQ0F0,B00BGDDY30,has two hands for the logo,has a different graphic
shirt,train,shirt_train_04739,B005DPRG04,B007Z7AJOI,is a animal skull,has more skull graphics
shirt,train,shirt_train_04740,B007FMIAL2,B00C1EPM7E,has lighter colored stripes in pastel,is yellow pink grey and green
shirt,train,shirt_train_04741,B00F4B0ZKA,B00DRKKEHY,is white with sunset designs,is lighter with shorter sleeves
shirt,train,shirt_train_04742,B001CDH8H2,B00E18RDPC,is smaller and red in color,is red and white and not wrinkled
shirt,train,shirt_train_04743,B0088WCG5Y,B004QC8PUA,is very light colored with huge font,is light blue and yellow and has large text
shirt,train,shirt_train_04744,B00CA10GLA,B004KUR2LG,is blue and has a different saying,is blue and has one line logo
shirt,train,shirt_train_04745,B00CIJ99LC,B005TPNDU0,is white colored and more images,is lighter
shirt,train,shirt_train_04746,B00919PIQW,B00AUCF5MQ,is darker in color and floral,has cheetah print
shirt,train,shirt_train_04747,B003S0TU1E,B00B0EISI6,is a black t shirt,is black with white lettering
shirt,train,shirt_train_04748,B0080L7YAU,B006Z57MO6,is white,is long sleeve and buttons up
shirt,train,shirt_train_04749,B0036DE7XO,B004MW42TW,is more formal,is more pin striped
shirt,train,shirt_train_04751,B003ZD4XDO,B005OKTBY2,is darker,it has a darker color
shirt,train,shirt_train_04752,B0037TMAZ4,B000BZ8QUK,is green with a yellow dragon,Is dark green with a dragon on it
shirt,train,shirt_train_04753,B00AHYNBBE,B007RZ87FQ,Has a different design,shorter hemmed
shirt,train,shirt_train_04754,B00DRPHDVE,B00DV0L4UG,is light in color and less shiny,is lighter
shirt,train,shirt_train_04755,B0016DG05E,B0093FUWQU,is blue with white lettters,is blue with a band name
shirt,train,shirt_train_04756,B0081S5Q5W,B002OPYHN0,is red with darker pattern,is more tropical
shirt,train,shirt_train_04757,B004YJPNSC,B004OVE1ZG,is a long sleeve green striped dress shirt,is lighter
shirt,train,shirt_train_04758,B00AKQHSWM,B00A7L85OU,is black with yellow designs,has more yellow color
shirt,train,shirt_train_04759,B000T0A5BK,B00FDSSX0I,is a green t shirt is less fam, long-sleeved with small logo on shoulder
shirt,train,shirt_train_04760,B002QGSL52,B002DGS5O2,is white colored and more tight,is darker with a different graphic
shirt,train,shirt_train_04761,B00F67XSHO,B00B4XDIV0,is black,is less gay
shirt,train,shirt_train_04763,B003C2OE8W,B002TAJN4I,The shirt is maroon in color.,Has longer sleeves & is burgundy
shirt,train,shirt_train_04764,B008EE9DKM,B007SH4G9Y,is more masculine,is black
shirt,train,shirt_train_04765,B009L33NLU,B00251GL3M,is gray with black designs,is gray with black logo
shirt,train,shirt_train_04766,B00CR90AA2,B00C7SB066,is a long sleeve shirt with faded stripes,has lines on it
shirt,train,shirt_train_04767,B000VZMC1E,B001AMTU9Y,Is green,is grey
shirt,train,shirt_train_04769,B009HL33SO,B000VUNXP8,is more graphic and less plain,has more design
shirt,train,shirt_train_04770,B008G2MIC2,B0094FK2BE,has longer sleeves,is black with longer sleeves
shirt,train,shirt_train_04771,B006OCU36O,B00DAXAVL2,is a blue tank top,is a Billabong blue muscle shirt
shirt,train,shirt_train_04772,B007RHFIBA,B007RGS8RW,is darker in color with super dad in a circle,is darker grey
shirt,train,shirt_train_04773,B0084YXZE2,B003FLN28I,is lighter colored with less stripes,has blue and light grey stripes
shirt,train,shirt_train_04774,B00BFTMU7G,B0067M4XY4,is royal blue with a different logo,A bright blue shirt with white pattern across chest.
shirt,train,shirt_train_04775,B009K867QO,B009XEEPN2,is blue,blue shirt with different wording
shirt,train,shirt_train_04776,B007W58L8Y,B006CB4BII,has a round neck,has red lines on the front
shirt,train,shirt_train_04777,B002KQ6NCG,B00CX0F5SC,is gray,it is gray and has a print
shirt,train,shirt_train_04778,B00BHSKNXS,B0019RSQHM,is beige with strips,is striped and a polo
shirt,train,shirt_train_04779,B009N07QH8,B001WAL3Q2,Has a more simple graphic,is more shiny
shirt,train,shirt_train_04780,B008DYUAOG,B00BRYQJ08,is gray with a different logo,is gray with a flag
shirt,train,shirt_train_04781,B008657YAU,B008656ABE,has longer sleeves and is black colored,has short sleeves and is black
shirt,train,shirt_train_04782,B003DSHAHW,B00BMFTQKW,is two tone half frontal zip up,is two-toned with a half zipper
shirt,train,shirt_train_04783,B00AVMONC8,B009ZPMURM,is light blue with a Volcom logo,is blue with white lettering
shirt,train,shirt_train_04784,B003NZV31Y,B00EFVUN20,Is darker with similar but different graphic,has only words
shirt,train,shirt_train_04785,B00BF8NQUC,B006UJXA3O,is white with sleeves,has longer sleeves
shirt,train,shirt_train_04786,B00A6YK4YC,B00838I2ZQ, collar and grey,Has a long phrase printed on it.
shirt,train,shirt_train_04787,B004BZDWGY,B008GE8TUU,has a picture of the rock on it,has more words on it
shirt,train,shirt_train_04788,B00BOJMZQI,B005BW91GQ,is dark colored with a meme image,is brighter
shirt,train,shirt_train_04789,B0007YRRPK,B002C6I6I8,Darker and multicolored,is darker and has stripes
shirt,train,shirt_train_04790,B007E5DI76,B007NFUCEE,Is a white color.,is lighter
shirt,train,shirt_train_04791,B00EII1E7S,B001PTZVN6,is more solid and has contrast trim,is longer sleeved and brown
shirt,train,shirt_train_04792,B000IZ6W1I,B007A2YA6Q,is red with long sleeves,is longer sleeved and has a different graphic
shirt,train,shirt_train_04793,B00BFI02HC,B009ZZ0EHA,has no stripes on the sleeves,has no white
shirt,train,shirt_train_04794,B005LRYCIS,B00BCDUV5I,is a red T shirt with yellow waves on it,is orange with yellow wavy lines
shirt,train,shirt_train_04795,B00GMSU3E2,B005TN4LJE,Black and shorter sleeves,is darker and has shorter sleeves
shirt,train,shirt_train_04796,B005LU35LU,B00DQEEDBY,is more inspiring,is shorter
shirt,train,shirt_train_04797,B000RZ1MNC,B000RZ7M40,is more casual and has buttons,is blue
shirt,train,shirt_train_04798,B0084NY2SQ,B005THJW9O,Is  more casual and logo,is white color short sleeved with red font
shirt,train,shirt_train_04800,B002KG6ONE,B002KGFK48,is identical,is exactly the same
shirt,train,shirt_train_04801,B00ACIF9U6,B000LRC27G,is a darker color,is a packaged black tshirt
shirt,train,shirt_train_04802,B001TETMC8,B001KWH24O,is black figures on it,has a different graphic
shirt,train,shirt_train_04803,B00744CEKE,B004O41YW6,is more lighter,is light purple
shirt,train,shirt_train_04804,B004OZ42M4,B009LQ0KZO,has a symbol of sword,has less black on it
shirt,train,shirt_train_04805,B004OZHSW0,B004OZL1EG,is a different dog like husky,is the same item
shirt,train,shirt_train_04806,B002MRXD8K,B005MYW7BO,is black with red and white words,is darker and less stylish
shirt,train,shirt_train_04807,B007IVEC26,B007Z5PNH8,is black and has a different image,is black with a yellow and red motif
shirt,train,shirt_train_04808,B007NFUBWW,B007NFU7IK,is white,The desired item is light grey
shirt,train,shirt_train_04809,B001DGFHFS,B003TP3N8O,is lighter and has more color,is pink
shirt,train,shirt_train_04810,B0042ESBD8,B005MN1UQ8,has long sleeves,has longer sleeves
shirt,train,shirt_train_04811,B004UR1P62,B00AGM4562,is blue with green designs,has a larger graphic
shirt,train,shirt_train_04812,B00AOA2JIM,B004SFOZKY,is a short-sleeved,is plaid and buttoned
shirt,train,shirt_train_04813,B00AA0YNMG,B00AA0YTIE,Is  more wordy and brown,is brown with beige lettering
shirt,train,shirt_train_04814,B008U8VBSY,B007PUPNXM,is brown and has shorter sleeves,is brown with green logo
shirt,train,shirt_train_04815,B00906BR0C,B00B0FR12O,is orange with black words,is orange
shirt,train,shirt_train_04816,B005HGT65M,B004LGRV5G,Is more complex and cream color,has a larger graphic on front
shirt,train,shirt_train_04817,B003IG1JOY,B001BELAEO,has red and blue designs,It is more black
shirt,train,shirt_train_04819,B004BGUG9Y,B007JRO3G4,is grey with a smaller cat,is lighter
shirt,train,shirt_train_04822,B000NBJAGG,B000MY6R38,has a side view of a wolf's head,is darker grey
shirt,train,shirt_train_04823,B0051CML0E,B005BQRZQA,has a waiting for sign from God saying on it,is a square logo with a hand signal
shirt,train,shirt_train_04824,B004L54JZW,B00AWUP3T6,is green with an owl,A brown shirt with large owl face on front
shirt,train,shirt_train_04825,B00A063OL6,B00CS6YRFI,has rounder graphic and is less detailed,is black with orange and white logo
shirt,train,shirt_train_04826,B00484A25C,B005OCDTRU,Is red and has a large elmo face.,is more colorful
shirt,train,shirt_train_04827,B0002GIVT4,B0052O85ZQ,is pocketed,is button down beige color
shirt,train,shirt_train_04828,B0001W1L6E,B0014C3DDY,is darker and has a two cirlces,is more ethnic
shirt,train,shirt_train_04829,B00CSBH8EU,B00C7AX9TU,is smaller in size,has a smaller skull on it
shirt,train,shirt_train_04830,B009OZRX98,B003Z0BHAE,has longer sleeves and stripes,is button down with long sleeves
shirt,train,shirt_train_04831,B0028OM4R8,B007G2RPMQ,is black and white with a bow tie,has lighter colors
shirt,train,shirt_train_04832,B00C7UPNXA,B0080GSAQM,has long sleeves and a hoodie,has longer sleeves
shirt,train,shirt_train_04833,B00E7JTLGO,B00E7JTKRE,is white in color,is lighter
shirt,train,shirt_train_04834,B00AJA1APU,B00FWWDBQG,Has longer sleeves,has shorter sleeves
shirt,train,shirt_train_04836,B00BI3A1DO,B005CU4CRK,is darker,Is darker and more patterned.
shirt,train,shirt_train_04837,B007P28YLS,B006G7OC0A,has long sleeves and is white and green,Desired is long-sleeved and the provided while similar style is short with different design.
shirt,train,shirt_train_04838,B0071LLZ2S,B005DPEKVM,is solid black with longer sleeves,has longer sleeves and is black
shirt,train,shirt_train_04839,B005KQX4PW,B00935MBLY,is red and black plaid,is plaid and is more colorful
shirt,train,shirt_train_04840,B006G7OC0A,B006NUQ2Z8,Has stripes and shorter sleeves.,has promienent stripes and short sleeves
shirt,train,shirt_train_04841,B005MTVDL4,B00AFW6XY0,is more childish,is black with red words
shirt,train,shirt_train_04842,B00E9E41OY,B00CFQ2JU6,is lighter colored,is grey colored with a different graphic
shirt,train,shirt_train_04843,B00212P57S,B00179BB06,has a cooler color and a different text print,is darker
shirt,train,shirt_train_04844,B0089FSYBU,B003FIAAEA,is more casual,is white and collarless
shirt,train,shirt_train_04845,B00BJ6WQLU,B006IVLAEK,is a checked yellow shirt,is button up and plaid
shirt,train,shirt_train_04846,B005HV1D6W,B00B5PWEOY,is more business like,has shorter sleeves and is a button up
shirt,train,shirt_train_04847,B000T0A5BK,B007B42W5E,Is a shirt,has less black and is larger
shirt,train,shirt_train_04848,B008HN2LX6,B009LHBURU,a dark colored tee with a multicolored logo and graphica,has more black
shirt,train,shirt_train_04849,B00BV29BH4,B00ASK9HCE,has an image of shoe with wings,is less violent
shirt,train,shirt_train_04850,B004ZC5KFY,B002GXPKMW,is similar,has more design
shirt,train,shirt_train_04851,B007VYO75W,B00333XGDY,has long sleeves,has long sleeves
shirt,train,shirt_train_04852,B00AOJHXLQ,B004KKX6Y8,is lighter,is a lighter color
shirt,train,shirt_train_04853,B00EFGMZ6W,B008YIRXGE,is a lighter color with a simpler graphic,is lighter and more vintage
shirt,train,shirt_train_04854,B00AY0JIGS,B004OKD8R4,is darker and less tie-dyed.,is black and has dog motif
shirt,train,shirt_train_04855,B005BXVRJE,B001S45GLU,is black with no collar,has no buttons and no collar
shirt,train,shirt_train_04856,B00470O762,B000LPYP0A,has longer sleeves,is more emo
shirt,train,shirt_train_04857,B004KNFPAI,B0037B93ZC,has more straight lines and looks more modern,has smaller words
shirt,train,shirt_train_04858,B0036BVD2Y,B005M4IMTA,Bigger text and has less F words,has different white text
shirt,train,shirt_train_04859,B004LGRUOS,B004LVO5DC,has short sleeves,Very light blue
shirt,train,shirt_train_04861,B0042ESBD8,B009ENSQ1O,The tank white with black trim.,Is a tank top fit with darker colors
shirt,train,shirt_train_04862,B008T3WGR0,B003TXZSIY,Is warmer and brighter,is a zip up long sleeved hoodie
shirt,train,shirt_train_04863,B006TAFWFS,B006HJ1VG0,Is black,is black with a honey badger
shirt,train,shirt_train_04864,B008NGBKDO,B008LBQMBQ,Is a button down and is plaid,is more formal
shirt,train,shirt_train_04865,B002PZHDTY,B002O2EM4W,is black and less trendy,is black with red writing
shirt,train,shirt_train_04866,B005XGOFF2,B009LNPWE6,has a lighter color and smaller graphic,is more brightly colored
shirt,train,shirt_train_04867,B008ER1OV0,B002UD5VJ0,is black button down collared shirt,has buttons
shirt,train,shirt_train_04868,B008G6I6TM,B0067ACQQI,is a full screen tee,has more colors in it
shirt,train,shirt_train_04869,B008582Z16,B00A45ED9U,has long sleeves and is more formal,is long sleeved dark color
shirt,train,shirt_train_04870,B004ONDSDU,B003R4ZMC2,Is more black and fitted,is a fitted black shirt
shirt,train,shirt_train_04871,B00AF4B686,B007PET3AC, short sleeves with button up collar.,is white and no sleeves
shirt,train,shirt_train_04872,B008CLTEOW,B00E7JTLGO,is grey with words,is black with PistolWhip on front
shirt,train,shirt_train_04873,B008HO0966,B00DOAJLVM, and yellow designs,is a single product
shirt,train,shirt_train_04874,B00CLFLA24,B005XNIENY,is darker in color,has a collar and buttons
shirt,train,shirt_train_04875,B0059RA21Q,B0059RA0FE,seems to be plain,it is blue
shirt,train,shirt_train_04876,B001ACPJ30,B001OA9BV4,has the Joker on it,has the Joker on it
shirt,train,shirt_train_04877,B0084TBAE4,B0086WRGE2,is darker with black and white graphics,is darker
shirt,train,shirt_train_04878,B0085HB9PA,B006O4SWZ6,has thinner stripes,has red and not blue
shirt,train,shirt_train_04879,B002SXMDIO,B00BEEF3NK,Is more charcoal and casual,is darker and also has horizontal stripes
shirt,train,shirt_train_04880,B00EIRMSGK,B000FZ97K4,The shirt is white in color with red and yellow writing.,is white with red and yellow wording
shirt,train,shirt_train_04881,B005VM1Q3W,B004LVP93C,lighter color graphic t-shirt,is more multi colored
shirt,train,shirt_train_04882,B00B5WDLNU,B000EMRQYM,Is a more colorful shirt.,is brown with a big bear
shirt,train,shirt_train_04883,B00C4PX4TS,B007WRKBTO,has a v-neck and is lighter,is grey and has a V neck
shirt,train,shirt_train_04884,B001O883TM,B001O869LQ,has red and black vertical stripes,is black with red stripes
shirt,train,shirt_train_04885,B0029A26RY,B00G06S4MO,is more childish,has white outlines on it
shirt,train,shirt_train_04886,B00C9S67C6,B0041FH8IW,Has buttons and longer sleeves, blue
shirt,train,shirt_train_04887,B003BW5MH0,B005DSJWOY,is solid black,is more black
shirt,train,shirt_train_04888,B00CPP98D8,B001B10NEK,is red in color,is more red
shirt,train,shirt_train_04889,B00AREJYG0,B00BEDYAJE,has a collar and is colorful,is more formal
shirt,train,shirt_train_04890,B009P8JT5U,B001B9ZZ2C,is camo and has no bill,is a beenie
shirt,train,shirt_train_04891,B00ET9UN82,B007KIA96K,long sleeved and button down,is longer sleeved
shirt,train,shirt_train_04892,B000TJ59IA,B000BTBD8I,is black with different graphics,is black with yellow and red logo
shirt,train,shirt_train_04893,B006OCU36O,B00AZ29DGU,is light green with blue,is light green with stripes and no words
shirt,train,shirt_train_04894,B0074U0C98,B007JVWDOE,The shirt is long sleeve and white with a fish.,Has longer sleeves & a fish graphic
shirt,train,shirt_train_04895,B00383WPEK,B000YOUFEI,does not say Star Wars,is a white shirt with no graphic
shirt,train,shirt_train_04896,B00654XHFU,B004NNA9JW,is black colored,is darker  coloured
shirt,train,shirt_train_04897,B001E443AO,B004D76BE0, long sleeved,is lighter
shirt,train,shirt_train_04898,B00DIHK4AS,B005F0XT1C,is light gray with a different logo,is gray with a black logo and no sleeves
shirt,train,shirt_train_04899,B009QEEM8W,B00BGCXOZO,is navy blue with red designs,is darker in color
shirt,train,shirt_train_04900,B00F4635ZW,B00E4799H0,is a darker color,is darker in color
shirt,train,shirt_train_04901,B001VMSHQA,B00BQWTLRY,has a black color with a picture of Yoda,has a different image
shirt,train,shirt_train_04902,B005AA6X9C,B004JQP7EK,is t-shirt style,has longer sleeves
shirt,train,shirt_train_04903,B006C9A8VE,B00FD98HXK,has red designs,has a cartoon character
shirt,train,shirt_train_04904,B0062XAHU2,B007Y7QEAW,is large and black,has more graphics and a crew neckline
shirt,train,shirt_train_04905,B008N17894,B007TC0U48,Is a black thermal shirt with a red stripe,is a long-sleeve black thermal
shirt,train,shirt_train_04906,B002Y2HLIG,B00BBCS7LU,is green and filled with words,is funny and green
shirt,train,shirt_train_04907,B001YHEJVY,B001F26WU4,has shorter sleeves,Has shorter sleeves.
shirt,train,shirt_train_04908,B00AIHLIS8,B00AIHLFU4,is a lighter color and more graphics,is white and has a different graphic
shirt,train,shirt_train_04909,B00BEWWGCS,B005A4Y3K4,is white with green designs,A white buttoned shirt with brown and green on it.
shirt,train,shirt_train_04910,B006C9D2VC,B003C2FKW6,is more light colored with a colorful visual, and shorter sleeves
shirt,train,shirt_train_04911,B0013A7GMG,B0048GOG2K,has more patterns and a collar,is more animal-like and has longer sleeves
shirt,train,shirt_train_04912,B00AZ02ZTO,B00E4AEAGM,has orange words,has red writing on front
shirt,train,shirt_train_04913,B0052D1KA4,B00CB443ZQ,is white with red,has more red colors
shirt,train,shirt_train_04914,B00CBS2SQI,B009PTERJW,is black,is black with short sleeves
shirt,train,shirt_train_04915,B0073VBMFQ,B009L33NLU,is not poltical,Is more fitted
shirt,train,shirt_train_04916,B00AHUPX5U,9822494750,is a cream white t-shirt,is white
shirt,train,shirt_train_04918,B0027XDWZS,B0032BEVHM,is a T shirt with a pink fish on back,is yellow with a fish on it
shirt,train,shirt_train_04919,B004BGUG9Y,B00COHIL9O,Is a long sleeved tee with a cat print,is has a long sleeve
shirt,train,shirt_train_04920,B008NGBKDO,B00BIFZVVO,Is more blue and less graphic,is light blue
shirt,train,shirt_train_04921,B005MRG6KE,B007S19MMQ,has no sleeves with two different design logos,has a black and white design on the front and back
shirt,train,shirt_train_04923,B000YA114A,B00079ZW7K,is blue,is much darker in color
shirt,train,shirt_train_04924,B00BLHUO1Q,B006G8DXF4,is black with white designs,is darker
shirt,train,shirt_train_04925,B0015MY2BA,B005POLSW0,is black colored with black and white art,is black
shirt,train,shirt_train_04926,B00BYOEGO2,B00CL2HP62,is darker,is dark blue
shirt,train,shirt_train_04927,B004UPA2JA,B007R1O8XU,is dark colored but not a dress shirt,is less formal
shirt,train,shirt_train_04928,B0018LHOWW,B006KCABZ6,is grey with a chest emblem,is black and tighter
shirt,train,shirt_train_04929,B009ZPNNB4,B004O0TZZ8,Red and smaller graphic,Red with cartoon burger face in yellow with blue eyes
shirt,train,shirt_train_04930,B006RM0FH8,B0069HQG06,has short sleeves and brighter in color,is grey with red lettering on it
shirt,train,shirt_train_04931,B005FBQ404,B005EJMIX4,has a darker color and no print,is black and less casual
shirt,train,shirt_train_04932,B00CCJ35AO,B008CXWFE6,is just words,is black with white text
shirt,train,shirt_train_04933,B00AY4XST2,B008J59GKI,is black,A solid black short sleeved shirt
shirt,train,shirt_train_04934,B0083EZD7A,B007FD0DNO,is brighter in color,is grey green with a different graphic
shirt,train,shirt_train_04935,B00C04DZOC,B00451AU32,is more dark and centered image,is darker with shorter sleeves
shirt,train,shirt_train_04936,B00972LDTE,B003QOMBOU,is a short sleeve dress shirt,is solid black and has no logos
shirt,train,shirt_train_04938,B00AXL4MDM,B006ZZCUKM, red and white logo,is black and has a terrier graphic
shirt,train,shirt_train_04939,B003QU19FG,B003SG89VA,is black with Spain flag,is darker
shirt,train,shirt_train_04940,B007P6SDA6,B007P6SE2S,The item is black in color.,Desired item is black
shirt,train,shirt_train_04941,B0051QEZ54,B004ZJBJCU,is a red,Has no sleeves
shirt,train,shirt_train_04942,B004CO0ZLY,B001OGMR6Y,is a lighter color,is light blue in color
shirt,train,shirt_train_04943,B000F5IDCC,B000F5M2MO,has teal and yellow stripes on it,has blue stripes
shirt,train,shirt_train_04944,B007CGQ5Z4,B001AWXEBY,green colored and no pocket,is more grey in colour
shirt,train,shirt_train_04945,B001YHEJVY,B003H7ES06,The shirt is blue with short sleeves.,has shorter sleeves
shirt,train,shirt_train_04946,B0002MGM30,B0035F83PQ,has a plaid pattern,is plaid and more western
shirt,train,shirt_train_04947,B00D223ZPA,B00FQDF1IM,is black with yellow designs,is grey
shirt,train,shirt_train_04948,B0024FAYRS,B003620W48,Is more  white,is lighter in color
shirt,train,shirt_train_04949,B006CQWDHO,B002RYS87O,is a pouch,is not a t shirt
shirt,train,shirt_train_04950,B0037VYU78,B0037VYUY6,is black,is longer-sleeved and dark grey.
shirt,train,shirt_train_04952,B00093G5U2,B006JGUGRG,Has a blue collar,has a blue color
shirt,train,shirt_train_04953,B002JX4WG4,B0046K447A,darker colored and letter graphic print,it is black
shirt,train,shirt_train_04954,B00093E3A6,B00093E504,has blue and white vertical stripes,is pin striped and is blue
shirt,train,shirt_train_04955,B00BPYB8BA,B0035J9ADQ,is black with red and blue figures,Black darth vador t-shirt with half red
shirt,train,shirt_train_04956,B007TKYD16,B0087R35AK,The shirt is white in color with a collar.,is a collared
shirt,train,shirt_train_04957,B00030LH18,B004DAYQ30,The shirt is black in color with white writing.,is black with white lettering
shirt,train,shirt_train_04958,B0000E0AG5,B0097M8NFG,has long sleeves and is more fitted,is darker and has longer sleeves
shirt,train,shirt_train_04960,B007ICP6FM,B002Q7Q6P8,is brown with a different logo,Desired item is dark brown with a skull pictured
shirt,train,shirt_train_04961,B009VCOT0U,B008FT7BLY,is more formal with plaid,has longer sleeves and a plaid pattern
shirt,train,shirt_train_04962,B007BO06ZC,B0051CMFUA,Is less wordy and more green,is lighter in color and has a religious print
shirt,train,shirt_train_04963,B001B5CM40,B0098LGX7Q,Is more patiriotic and fitted,is a tank top with a full flag print
shirt,train,shirt_train_04964,B007Q0DECI,B009GKTCUY,is more formal and has plaid,is plaid
shirt,train,shirt_train_04965,B006JATQWI,B004TKGU0G,is less retro looking,does not have black on arms and neck
shirt,train,shirt_train_04966,B00D99D9AW,B008ND17O4,is black color with alcohol art,has a picture of a liquor bottle
shirt,train,shirt_train_04967,B00847A94I,B005OCHEYY,The shirt is green with a green and white mushroom.,is green with a number
shirt,train,shirt_train_04968,B0082HCOD4,B002R1S0FM,has long complete sleeves,is yellow with a black logo
shirt,train,shirt_train_04969,B0025LNYFK,B0018UZXG2,is pink with short sleeves,it is purple and has a longer sleeve
shirt,train,shirt_train_04970,B00C1KMRGM,B00HF7QZZ0,is darker and slimmer,brown with smaller graphic on the front
shirt,train,shirt_train_04971,B008AFYA6W,B008QV3C1Y,is light blue and plain,is darker
shirt,train,shirt_train_04972,B00GW46I4K,B00E678ZPU,is more dark and textered,is darker
shirt,train,shirt_train_04973,B003L2JPMS,B0034OG684,is off white and looser,Tan t-shirt
shirt,train,shirt_train_04975,B007CPH53Q,B005DD9JHO,Is darker with a cowl neck,has shorter sleeves and is black
shirt,train,shirt_train_04976,B0013GKIPW,B000GGZP1W,Is a grey narwhal tee shirt,is lighter and has shorter sleeves
shirt,train,shirt_train_04977,B0075CSK9O,B00EO8FZB8,Is more wordy,has a text logo
shirt,train,shirt_train_04979,B00AZLZPXG,B00DRG01DK,is a dark solid color with no tie,is more dark coloured
shirt,train,shirt_train_04980,B00563CCNO,B007Z4QPAI,is black and more conservative,less text and darker color
shirt,train,shirt_train_04981,B003C1BUU8,B00DQYVD6C,is black colored with more suitable art,has a design on the back
shirt,train,shirt_train_04982,B005USAHJ6,B006ERWKIS,is darker in color,Is dark grey in color
shirt,train,shirt_train_04984,B008A5FX90,B006FZB670,has thicker stripes with white and brown,is more formal
shirt,train,shirt_train_04985,B00BI3AG66,B00BF6L4YE,is a striped tight fitting tee,is darker and has shorter sleeves
shirt,train,shirt_train_04986,B00EII1E7S,B005J0RQ5S,Is more white and logo,has long sleeves and is white
shirt,train,shirt_train_04987,B00288TN1O,B00AW3XLB0,is grey with a v neck without collar,Is a lighter grey tee with short sleeves
shirt,train,shirt_train_04988,B008696HRW,B008MMDZ82,has a graphic of Batman,is more bold and masculine
shirt,train,shirt_train_04989,B00BJHEB76,B0055XGUPQ,has longer sleeves and is more plaid,has long sleeves and is checkered
shirt,train,shirt_train_04990,B007XD5VUQ,B007XD5V1K,is white in color,is all white
shirt,train,shirt_train_04991,B008656ABE,B001ACPT6C,is lighter and has shorter sleeves,is a lighter collar and shorter sleeves
shirt,train,shirt_train_04992,B00AQ86BRW,B007POKF86,Has more stripes and a white collar.,has more stripes
shirt,train,shirt_train_04993,B000QHHWTO,B000QHGDIA,is black without sleeves,is black with yellow writing
shirt,train,shirt_train_04994,B0071B4AS4,B00EQE8YHC,is black with white designs,is dark colored
shirt,train,shirt_train_04995,B0025LNYFK,B00078W1IO,is more formal and has color,is more formal
shirt,train,shirt_train_04996,B009TBYRO6,B00CMURFXG,is white with black words,it is white and has a black print
shirt,train,shirt_train_04997,B008Y24JYY,B00AG41BAI,is red with respect few fear none written on it,Is burgundy with bigger words
shirt,train,shirt_train_04998,B005NZ6HUY,B008G2MIC2,The shirt is gray with white writing.,is black with white lettering
shirt,train,shirt_train_04999,B008L0224I,B003U6INSC,Has longer sleeves and is darker,is brown with long sleeves
shirt,train,shirt_train_05000,B00C7IQSJ0,B007HYPNCW,is more revealing,has horizontal stripes and deeper neckline
shirt,train,shirt_train_05001,B00EBGTVHM,B00C5JDST4,is gray with black designs,is a gray tank top
shirt,train,shirt_train_05002,B006JAQMAC,B002QQ7IQU,is a red Captain America T shirt,red with different graphic
shirt,train,shirt_train_05003,B005LWO75G,B005LRYCIS,has sleeves,is a black tshirt with a white logo
shirt,train,shirt_train_05004,B0015OCLC0,B008B171LG,has no image and is white,is lighter and has text
shirt,train,shirt_train_05005,B007TCBLMS,B00B1FXSTS,Is a lighter blue and more whimsical,is paler blue and writing is black and white
shirt,train,shirt_train_05006,B007PPY644,B00561W9RU,is pink with a picture,is lighter and whiter
shirt,train,shirt_train_05007,B009PMSUU6,B009L35V4C,is black with people on it,A solid black shirt with people on front
shirt,train,shirt_train_05008,B006C95LP2,B0070NWRBU,has more blue and more graphics,Has a huge blue graphic
shirt,train,shirt_train_05009,B005G40078,B00AEB14I2,is a yellow long sleeve shirt with a snake on it,has longer sleeves
shirt,train,shirt_train_05010,B006C9CXHQ,B001AZNFYM,is white colored with image of Einstein,Is white
shirt,train,shirt_train_05011,B005OCD948,B003QJFNCW,is solid blue with a white and blue logo,has more blue and a smaller design on it
shirt,train,shirt_train_05013,B00BP1HI80,B00BP44XZS,has a different graphic,is cuter with bear graphic
shirt,train,shirt_train_05014,B005DCR5IU,B009LA8GFG,is a similar with a grey color,is gray
shirt,train,shirt_train_05015,B00137RYS0,B002TZWOSA,is black with a different logo,is black with gray lettering
shirt,train,shirt_train_05016,B005CK3A9G,B00DO57M7W,long sleeved and more graphic prints,has graphics on sleeves and has longer sleeves
shirt,train,shirt_train_05017,B0016KC6WI,B000FP0HEE,Is less fun and darker,is a darker blue
shirt,train,shirt_train_05018,B00470CO0S,B001MMT1WS,is darker and more simple,is darker
shirt,train,shirt_train_05019,B009223U4U,B00921OYYG,has different wording,Desired item references Vermont
shirt,train,shirt_train_05020,B000SYB21E,B004TGT9U8,is green and says mountain dew,is lighter
shirt,train,shirt_train_05021,B003R4ZKE2,B00305G0GK,is more tight with shorter sleeves,has a small Adidas logo
shirt,train,shirt_train_05022,B005H131IA,B008058K6S,is more casual,is blue
shirt,train,shirt_train_05023,B002XP33WC,B0057X86ZG,is a solid black T shirt,is black with no logo
shirt,train,shirt_train_05024,B004VN60CO,B007WA3JB8,Is a red Orgasam Donor teeshirt,is red colored with a different graphic
shirt,train,shirt_train_05025,B005DPO7PG,B003D09I16,is long and a slim fit,is more faded
shirt,train,shirt_train_05026,B00FQIJT2Q,B00ATRDMHM,is blue with long sleeves,it is blue and has a longer sleeve with hood
shirt,train,shirt_train_05028,B006JAQMAC,B0098IEGBO,is pink and has superman on logo, white and grey
shirt,train,shirt_train_05029,B004512EVS,B001509DGQ,is patriotic,it has a print
shirt,train,shirt_train_05030,B008GORIOI,B00ARAA9BS,is darker with a different graphic,is dark blue
shirt,train,shirt_train_05031,B004X9KDOW,B004X9KNTM,is a solid blue,is much darker in color
shirt,train,shirt_train_05032,B00H4GLJAI,B007ZTB99U,is more commercial and less humorous,is black with a Criminal Minds design
shirt,train,shirt_train_05033,B008G6I7DC,B003ZQ77K2,Is black and has an opposite meaning message,is a black tee with white words
shirt,train,shirt_train_05034,B009H9JN3U,B004K3JG2Q,is green with black words,is darker
shirt,train,shirt_train_05035,B00AELGU40,B005OODIQ0,Has a red logo and short sleeves,has large red writing on front
shirt,train,shirt_train_05036,B001Q52KRE,B00644NG9S,has more color,It is more red and simpler design
shirt,train,shirt_train_05037,B00BUZZ4J6,B00C1NZ5ZY,is sleeveless and a brighter color,is sleeveless and yellow
shirt,train,shirt_train_05039,B00BI399PK,B00B2HVA3G,is black without buttons or collar,is black
shirt,train,shirt_train_05040,B006IU462E,B006IU51S2,is white with a red logo,is lighter
shirt,train,shirt_train_05041,B00BRB2950,B004T6AK42,is more visually stylistic,it has a darker color and bigger print
shirt,train,shirt_train_05042,B007C9LQPA,B008N8AEFC,is darker with no pattern,is darker with long sleeves
shirt,train,shirt_train_05043,B000LUUFOU,B00172SYZS,is black with colorful logo,is longer sleeved and has multiple colours on the design
shirt,train,shirt_train_05045,B00BP91GXA,B00BXAPSO4,is green and black in color,is lighter and has longer sleeves
shirt,train,shirt_train_05046,B0095ZGWGM,B0064PP7W6,is navy blue with white designs,is blue with logo
shirt,train,shirt_train_05047,B0088W0R3C,B00AREQGZ2,is black and white chevron,is dark brown stripped shirt
shirt,train,shirt_train_05048,B005NZ6HUY,B00BP1PUOE,is a blue t shirt with white pants,is blue and has short sleeves
shirt,train,shirt_train_05049,B00CBQB97E,B00CBQ6S1G,has no stripes,Is light purple
shirt,train,shirt_train_05050,B007ZOKPTU,B0085UA8OU,is black and says jesus freek,is lighter colored
shirt,train,shirt_train_05051,B007RSZ8LY,B003VADOZY,Is less whimsical,is black in the middle
shirt,train,shirt_train_05052,B0069ZMXRI,B007NYJYEE,is green with white words,is green with a number motif
shirt,train,shirt_train_05053,B00421SAWI,B00421U3AK,is a long sleeved red shirt,is darker and has more buttons
shirt,train,shirt_train_05054,B004M5I20E,B001IOET9U,a short sleeve polo shirt,is cream
shirt,train,shirt_train_05055,B004JGHD2E,B002755G9G,is lighter colored with a sports and character theme,is gray with blue lettering
shirt,train,shirt_train_05056,B005OODNFQ,B009E8I9V6,is darker in color,is black with text in red
shirt,train,shirt_train_05057,B00DCY7IZQ,B00DDU99YM,The shirt is white with a gray picture.,Desired item is white with the singer from The Doors
shirt,train,shirt_train_05058,B0067EWDGM,B0085FVYSO,is darker,is longer
shirt,train,shirt_train_05059,B009FW7OGM,B009FW7LG0,has smaller boxes,is a nave white tightly plain shirt.
shirt,train,shirt_train_05060,B00BRB28J2,B007TW6Z5Q,is black colored with green art,Has a larger graphic
shirt,train,shirt_train_05061,B00AVMONC8,B008YDVAYK,Has a different design of the volcom stone and it says what it is,is lighter
shirt,train,shirt_train_05062,B009O5FB7O,B007JZ983Y,is darker,is blue with the anatomy of a Creeper on it
shirt,train,shirt_train_05063,B00BNT6S94,B00872WLDW,Has a logo,is less athletic and more branded
shirt,train,shirt_train_05064,B00CV9F5SA,B00EPNY6NK,is red with words,is more colorful
shirt,train,shirt_train_05065,B000JM0964,B007BQM29S,is a white shirt,has a pleated front and blue bow tie
shirt,train,shirt_train_05066,B00AZWLIXQ,B006ZT92YA,has recognizable names on it,is less formal
shirt,train,shirt_train_05067,B006LMMJ1E,B00CBN2NDG,is a plain white t shirt,is lighter
shirt,train,shirt_train_05068,B009WQU5JO,B00DOEMV6U,is checked pink and white,Is pink in color
shirt,train,shirt_train_05069,B004KUUK3S,B006T438A0,has a large cars graphic and slogan,Is lighter colored with larger graphics.
shirt,train,shirt_train_05070,B0019FXC96,B00AOJFT76,is more lighter,has oval pattern and is brighter
shirt,train,shirt_train_05071,B007CIXS66,B000FJ9CLO,is brighter in color with shorter sleeves,has shorter sleeves
shirt,train,shirt_train_05072,B006HT51QQ,B006HT2RB8,is a blue polo shirt,is a dark blue polo with shorter sleeves
shirt,train,shirt_train_05073,B004TNUQOO,B00AFJM3OC,is blue with a writing,is blue and has text logo
shirt,train,shirt_train_05074,B00BUZWFGQ,B004YDMLGA,Is brown,is darker in color
shirt,train,shirt_train_05075,B009AGCK62,B0091T8Z8A,Is bright yellow with similar graphic.,is more colorful
shirt,train,shirt_train_05076,B002YRXOGY,B00E8HQRDA,is formal and dark,is grey with vertical darker grey stripes
shirt,train,shirt_train_05077,B004QL7BEC,B007ZNJVSW,has a red plaid design,is more pocketed and more flannel
shirt,train,shirt_train_05078,B002EDL2F8,B00FYW5FOK,black and white button up shirt,is collared and has buttons
shirt,train,shirt_train_05079,B007P62EYM,B005DTERCU,Is grey and has sleeves,is mostly dark gray and longer sleeved
shirt,train,shirt_train_05080,B006GS52N0,B00AE7KXRY,Is a darker design,is darker
shirt,train,shirt_train_05081,B0054QZ5QE,B009398IIA,is darker,is a black shirt
shirt,train,shirt_train_05082,B008J3B8ME,B0067O6MBE,is pink and long sleeves,is a button down shirt
shirt,train,shirt_train_05083,B0012BPXCQ,B007PZQRDM,is a brighter color with no print,Is green and not striped
shirt,train,shirt_train_05084,B0094AFNBI,B00430B69M,is more sports related and lighter,is lighter
shirt,train,shirt_train_05086,B001CX1M7Y,B00ATQ398A,is white with red stripes,is white with red lettering and picture
shirt,train,shirt_train_05087,B004JHQZMM,B0002X4HJU,is white in color,is lighter
shirt,train,shirt_train_05088,B009K97GTK,B002G4MU1K,has shorter sleeves,is red with shorter sleeves
shirt,train,shirt_train_05089,B000C0IHMG,B001D21GKC,has shorter sleeves,is more flowy and short-sleeved
shirt,train,shirt_train_05090,B009X99MQC,B00A7H66P4,is striped black and blue with longer sleeves,has blue and black stripes and is longer sleeved
shirt,train,shirt_train_05091,B006C95LP2,B0091G4B2M,is more stylish,it has a darker black
shirt,train,shirt_train_05092,B00C7UPNXA,B009GFN0FM,Is more faded and colorful,Blue and pink with white lettering 'BRAVE'
shirt,train,shirt_train_05093,B0083H3RGG,B007FJJBEA,is black and blue striped,is darker and striped
shirt,train,shirt_train_05094,B00AZLZPXG,B005XBG5TQ,has darker stripes,is slightly darker
shirt,train,shirt_train_05095,B009ZYKNWW,B002GUJXCI,White and graphic takes up whole front,is lighter
shirt,train,shirt_train_05096,B00DENRV8O,B00DHOY2SM,is a gold and brown T shirt depicting Archangel Michael,is more graphic
shirt,train,shirt_train_05097,B008LMFM5M,B0038MLEYS,Is more chic and black,is black
shirt,train,shirt_train_05098,B003JBJE5Y,B00AOI1OKS,has blue stripes,has more stripes
shirt,train,shirt_train_05099,B004P40LZQ,B00DYWETC6,has only white logos, no collar
shirt,train,shirt_train_05100,B0051UOCLM,B00C3LLKPI,has a Element logo with sea blue color, purple colored
shirt,train,shirt_train_05101,B0098GE314,B00AEJPGZ6,A black tee shirt with a white print,is black with white text
shirt,train,shirt_train_05102,B00EEI69UY,B00GEDOFNU,is black,has a longer logo and a picture
shirt,train,shirt_train_05103,B0052W8M0G,B008MTYFN4,is more of a tropical shirt,is more floral
shirt,train,shirt_train_05104,B003NH023M,B000RO0LH6,The shirt is orange in color with white writing.,is orange
shirt,train,shirt_train_05105,B0063TS446,B007JNUJ4S,is an orange traditional t-shirt with Dukes of Hazzard graphic,is less formal
shirt,train,shirt_train_05106,B009WIS5IA,B00BCX4RM6,has a round neckline,is black with white lettering
shirt,train,shirt_train_05107,B0056ZMRFU,B005W2MIII,is darker,has lighter plaid and longer sleeves
shirt,train,shirt_train_05109,B000X4KVXO,B00AEYXKHW,is tan and has a lightly etched logo,is tan with a black line logo
shirt,train,shirt_train_05110,B004UXXEPQ,B007P3BF6S,is red with white words,Pink with white lettering CALMER THAN YOU ARE'
shirt,train,shirt_train_05111,B0042AOWMG,B00BJHDZZU,Is white and has a larger graphic,is cream with a larger design
shirt,train,shirt_train_05112,B007OXS5XK,B007OXSCBK,has a multicolored image in center,has more psychedelic colours
shirt,train,shirt_train_05113,B003Y0B7HI,B007KGFHSW,is white with words on it,is white with lettering
shirt,train,shirt_train_05114,B00520DX5C,B005KGPGTY,is black with a larger logo,Is black wit Gears of War 3 graphic
shirt,train,shirt_train_05115,B0009SU9R2,B00B3O9LHK,is red,is a red shirt with a bigger graphic
shirt,train,shirt_train_05116,B00ET9JJBE,B00F6477WE,is shorter sleeved and pink,is pink colored
shirt,train,shirt_train_05117,B006MQL57S,B0015N5O02,is black with white design,is black with white text
shirt,train,shirt_train_05118,B0088720QE,B0068ZNXO6,is lighter colored,is shorter
shirt,train,shirt_train_05119,B004U7WVOM,B000X43KOG,has a sporty masculine theme,is more masculine
shirt,train,shirt_train_05120,B00CHXSW08,B00CY3BDMK,has a tropical design,Desired item is beige with white floral print
shirt,train,shirt_train_05121,B000MRG92O,B003PDNNJO,is a black T shirt with white stripes on shoulders,has no collar
shirt,train,shirt_train_05123,B000BDDFX0,B000BDDFWQ,none,no difference
shirt,train,shirt_train_05124,B0088CUB8S,B007CNA2GK,is more lighter and text about grandpa,is lighter in color and has a larger design
shirt,train,shirt_train_05125,B00CTSRBVW,B000BGID1Q,is a gray T-Shirt,A solid grey t-shirt
shirt,train,shirt_train_05126,B001S2PQ76,B005IHKIHU,grey with vintage logo,has a larger graphic and is more grey
shirt,train,shirt_train_05127,B007R1OB8C,B007R1OB5K,is darker colored with a star wars graphic,is darker and more stylish
shirt,train,shirt_train_05128,B000W293XQ,B0018K7CVG,is a black Felix the Cat tee shirt,is black with a picture of Felix the cat on it
shirt,train,shirt_train_05129,B0049ADQ3A,B006ZZOASM,has a lighter logo,has a dog on it
shirt,train,shirt_train_05130,B0048KTHDO,B009NF3S8O,has a different image,is darker
shirt,train,shirt_train_05131,B006Z2GIV2,B009WNAUR4,is a tshirt with words,has more graphics
shirt,train,shirt_train_05132,B005TS2I5I,B002KQ6NCG,is a solid white with no logo,is white with no graphic
shirt,train,shirt_train_05133,B005OCIMNQ,B004OMGR7U,has brighter graphics,The item is black with characters dressed as superheroes
shirt,train,shirt_train_05134,B007JFEH26,B007P28JRW,is black,Is black with a smaller head graphic
shirt,train,shirt_train_05135,B008LTRI4I,B008LTRJ4C,has contrast trim and has buttons,has longer sleeves and is darker coloured
shirt,train,shirt_train_05136,B007OZX934,B00B2HDSIG,is dark lavender color,it is purple and has a pocket
shirt,train,shirt_train_05138,B0084BBOOI,B009LEN02G,is a blue short sleeve shirt with graphic,is blue and logo without words
shirt,train,shirt_train_05140,B00BYHIIBQ,B00DNIMF3G,is black with batman logo onit,has more yellow in it
shirt,train,shirt_train_05141,B006547MVU,B003P4Q48K,is black with nerd herd written on it,is black with nerd herd on it
shirt,train,shirt_train_05142,B00AJHLN46,B008U35XS8,is a shirt with light color and pockets on each side,is white with longer sleeves and buttons
shirt,train,shirt_train_05143,B007WPGGU4,B005OCE35C,Is white and has a simplier graphic,is white colored
shirt,train,shirt_train_05144,B00AK8OFB2,B00B4J6DDO,has buttons and a collar,has more red
shirt,train,shirt_train_05145,B003701MKW,B004PBKNPW,is red in color,is red colored
shirt,train,shirt_train_05146,B0009G63H4,B000QX2SD8,is dark in color and has military print,camo colored shirt
shirt,train,shirt_train_05147,B009ZPMURM,B004EHYK2E,Has no logo and has stripes,has a large stripe and is black color
shirt,train,shirt_train_05148,B007IRZ4KY,B0055WZWNS,has long sleeves,has longer sleeves
shirt,train,shirt_train_05149,B009WEYDB2,B002M1LYR8,has white logo on front and back,has a less colorful graphic
shirt,train,shirt_train_05150,B007ZQIZ40,B007JBJVEE,Lighter and doesn't have words,is lighter blue with ligher image
shirt,train,shirt_train_05151,B0081S5Q5W,B004SQIRUC,is not colorful with trees,is less animated and less colorful
shirt,train,shirt_train_05152,B007WSAD00,B009S8OYTS,Has a cleaner background on the graphic print,Is darker and less patterned.
shirt,train,shirt_train_05153,B006ZHQ1NW,B0044R8CL4,is a darker color,gray tee shirt with a bird
shirt,train,shirt_train_05154,B000NCVOIC,B004PZXMLA,is more photographic and less symbolic,it is grey
shirt,train,shirt_train_05156,B00A7LB55G,B0076S8EJI,is more formal and colorful,Is solid in all colors
shirt,train,shirt_train_05157,B00FQAPQ8K,B00D92EPX4,is darker in color,is a darker color
shirt,train,shirt_train_05159,B002A2W5RW,B004UOO0EY,has no designs,is white
shirt,train,shirt_train_05160,B005MND4AI,B006Y2DLF4,is blue with green trees,is in a blue shade with similar graphics.
shirt,train,shirt_train_05161,B0049ATR9W,B0036V0TKQ,Burgundy with a reptile graphic,is a muddle maroon color
shirt,train,shirt_train_05162,B007P2IJR2,B008P7LV80,Is more fitted with a hood,is black
shirt,train,shirt_train_05164,B000E60GKE,B002LBDEE0,is green,is lighter
shirt,train,shirt_train_05166,B000N87TIA,B00BT68BGE,is solid white with longer sleeves and collars,has long sleeves and is white
shirt,train,shirt_train_05167,B00ECCER2Y,B00E132U78,is pink with different color text,has less text on it
shirt,train,shirt_train_05168,B0017PMCXU,B00AC5AWMY,has a black and white different print,is black and white striped
shirt,train,shirt_train_05169,B00AAYNHPQ,B000CKL5LG,Is white,white shirt showing cards on the back of it
shirt,train,shirt_train_05170,B00ADIIZF6,B007NCM9NE,is a aqua polo shirt with shorter sleeves,is turqoise with white collar
shirt,train,shirt_train_05171,B004YQVXGG,B000JM0964,is a white button down shirt with a black bow tie,is whitewith bowtie
shirt,train,shirt_train_05172,B00CZ6PC82,B004IZFIXM,is black with blue designs,is black with a different logo and higher neck
shirt,train,shirt_train_05173,B00CR90B10,B009PXKMNS,is a long sleeve u shaped neck t shirt,is red and long-sleeved
shirt,train,shirt_train_05174,B002T45SO8,B00CE13HXU,has smaller checkered pattern,is black and has a different graphic
shirt,train,shirt_train_05175,B000VTI5MA,B000BNRSQK,The shirt is white in color with  no sleeves.,Is more fitted
shirt,train,shirt_train_05177,B0023U1F8Q,B00FF8MKC8,has long sleeves and is more pastel-colored,is pink with long sleeves
shirt,train,shirt_train_05178,B00B50Z9GY,B00B51C6T6,The shirt is white and blue plaid.,Is lighter and more patterned.
shirt,train,shirt_train_05179,B002AQBFM4,B008FQ1LHC,is gray colored with red text,is less sexy
shirt,train,shirt_train_05180,B000WQ5MSC,B00671EMIW,has a white ghost with red design,is more iconic and has a simpler graphic
shirt,train,shirt_train_05181,B004VRK2LK,B001OATKCO,is black with lighter stripes going down the front,has grey stripes down the front
shirt,train,shirt_train_05182,B00A8D0LW6,B00AG8IGIY,is darker and more monotone,is blue with pockets and a collar
shirt,train,shirt_train_05183,B005HMOVYC,B00BBRAB4G,is black colored,Black solid and plain
shirt,train,shirt_train_05184,B008N71AVU,B0085BA934,is a plaid button down,is more formal
shirt,train,shirt_train_05185,B005DHWXF0,B0087F54YW,has enimem on it,has a different graphic on the front
shirt,train,shirt_train_05186,B006YJJK3O,B009VCZJLS,is white with a pocket,has shorter sleeves
shirt,train,shirt_train_05187,B00APPDS22,B00BYOEGO2,The shirt is black with white writing.,is darker
shirt,train,shirt_train_05188,B003SE6B08,B00DIGO2MA,lighter color and more tight fitting,is white and fitted
shirt,train,shirt_train_05189,B003TLMH0I,B003UWZXAC,is more human-focused and less evening-focused,is purple and is more colorful
shirt,train,shirt_train_05191,B000ELVMQG,B008G3NQUY,is light blue with a skull,has more detailed graphics
shirt,train,shirt_train_05192,B007SOGRXU,B004LUKHNU,is a black t shirt with blue writing,is darker
shirt,train,shirt_train_05193,B00EIKTSWY,B008HQFKZO,is blue without sleeves,has short sleeves and rectangular symbol
shirt,train,shirt_train_05195,B004433QTQ,B007WEVDJ4,is black with white words and a broken heart,has a broken heart graphic
shirt,train,shirt_train_05196,B00AJLJTES,B005KT5A4C,has a green pineapple on it,is a pullover with a cartoon graphic
shirt,train,shirt_train_05197,B00A6AUKPE,B005WYCH1Y,is brown with a rocko's modern life design,brown with cartoon graphics
shirt,train,shirt_train_05198,B006ZHFTGW,B00ASK8PCM,has an image of a monkey,Has a smaller graphic
shirt,train,shirt_train_05199,B007LVN9F4,B006WLWH4I,is black with no graphic,is darker
shirt,train,shirt_train_05201,B0081366SS,B006ZU9GFE,is a color line pattern shirt,it is stripped
shirt,train,shirt_train_05202,B00EFGMZ6W,B0091CUJRC,is similar,A black shirt with white print
shirt,train,shirt_train_05203,B004ISKHOE,B002N5N6YM,is a white colored long sleeved shirt,is long sleeved but much lighter in colour
shirt,train,shirt_train_05204,B00C2017JO,B00915K61S,is white with red and blue designs,White t-shirt with red and blue colors of picture
shirt,train,shirt_train_05205,B008D9OK92,B00884M6BQ,Is white t-shirt with short sleeves.,is white and is more casual
shirt,train,shirt_train_05206,B003URL40K,B00AEDRUWO,is a black long sleeve dress shirt,is darker
shirt,train,shirt_train_05207,B009H4RV6Q,B00A0R14MQ,is black in color,is black
shirt,train,shirt_train_05208,B0014GU3GA,B000BUUS5G,is plain white,is lighgter
shirt,train,shirt_train_05209,B00CB3AH2U,B00CHBDXDQ,is checked with both chest pockets,A red/blue checkered short sleeved shirt
shirt,train,shirt_train_05210,B00BOZQH20,B0089L5ULG,is lighter with no collar,Light blue with bar drawing and lettering
shirt,train,shirt_train_05211,B007RKG9CE,B0044WPTQ0,Has stripes on the middle.,is black with white striping
shirt,train,shirt_train_05212,B00C40RO12,B008X6DX2A,is beige color with long sleeves,is tan
shirt,train,shirt_train_05213,B003JDL38I,B00BUZXKS8,is white,has a white background
shirt,train,shirt_train_05214,B00115G09S,B004MG67X2,has a white colored logo,A black shirt with white MARX words on front
shirt,train,shirt_train_05215,B009OZRX98,B000C7KFVU,The shirt is white in color and has buttons.,is button up and is solid white
shirt,train,shirt_train_05216,B00BD4LGS2,B00CMKB3MK,does not have pockets,is black with a v-neck
shirt,train,shirt_train_05217,B001KADHMM,B002XNR8DO,Darker and bigger text,is a navy blue t shirt with yankees on it
shirt,train,shirt_train_05218,B007ZW3L0C,B0062O404K,is darker,A grey shirt with car design
shirt,train,shirt_train_05220,B00CAHOA8E,B003O0NY2E,has longer sleeves with buttons and collar,is more formal
shirt,train,shirt_train_05221,B00C97IXZG,B0094G6H8K,is a black fitted button down shirt with open collar,is black with buttons
shirt,train,shirt_train_05222,B004JGKMQI,B00AO7VB6G,is larger and brighter,It is white with simpler design
shirt,train,shirt_train_05223,B00A1B24AC,B00396ARGY,has more encouraging words,is darker
shirt,train,shirt_train_05224,B00FB4EJIY,B009LJAUPG,is short sleeves,has shorter sleeves
shirt,train,shirt_train_05225,B00A3GRM5C,B00AJT5F84,is brown with both pockets,is brown and has two pockets
shirt,train,shirt_train_05226,B000AY0T4I,B0096HP3TG,The shirt is red plaid.,has vertical stripes on it
shirt,train,shirt_train_05228,B005THPP90,B0091V4SO8,is black with a yellow sign,is darker with yellow image
shirt,train,shirt_train_05229,B0006U00FO,B00BCB9BJ2,has buttons at the front,is more formal
shirt,train,shirt_train_05230,B00D38P092,B00BIPJSD6,is a jersey,is darker and more masculine
shirt,train,shirt_train_05231,B00DT6ZZXE,B00BP40NFC,is a lighter gray with a cat and words on it,is grey
shirt,train,shirt_train_05232,B0082GJK1E,B0076LA8XU,has a different logo,is lighter
shirt,train,shirt_train_05233,B00CHXSW08,B00CY3AU6K,is more tropical,has more of a busy pattern
shirt,train,shirt_train_05234,B009I4XHQI,B0094D2CV4,dark colored and larger graphic print,is darker and more pop culture
shirt,train,shirt_train_05235,B007VYRHSG,B001V9LN6O,Is blue,is lighter
shirt,train,shirt_train_05236,B009R751I8,B008Z0PYNU,is black and has a rectangle on it,is black
shirt,train,shirt_train_05237,B0036ZAPOC,B005MWDG5W,is red with lettering,is red with different graphic
shirt,train,shirt_train_05239,B005CQHWPS,B00A4NJ9NW,Darker and more masculine,is gray with yellow and white lettering
shirt,train,shirt_train_05240,B007Y5JWO4,B009CF65CQ,is black and has a different design,is black and white
shirt,train,shirt_train_05241,B00AQF9SEI,B00AQFAIE2,The shirt is light blue with gray writing,Is gray with a different logo year
shirt,train,shirt_train_05242,B007TBVK84,B005NKBA6U,is black wit blue designs,has more pattern
shirt,train,shirt_train_05243,B009E2DUR0,B004UFTAIO,is white colored with red art,Is a simpler
shirt,train,shirt_train_05244,B00AMD5IUM,B004DNXJ2G,is more plain,has a design only on the chest
shirt,train,shirt_train_05245,B007SZL38I,B005Z6KHRA,Has a yellow picture on the front,is darker
shirt,train,shirt_train_05246,B004QWYYRI,B001LFQ1NI,is green with black designs,is less darker
shirt,train,shirt_train_05247,B009VIK29G,B005BRP8UO,Is more white and colorful,is white with cartoon characters
shirt,train,shirt_train_05248,B007ZNLL8A,B005FM75EW,is not a crows neck,is lighter
shirt,train,shirt_train_05250,B003Y3ZM6C,B003F22Y0Y,The shirt is gray in color.,Is more fitted and grey in color
shirt,train,shirt_train_05251,B005GTR44K,B004PJYCHY,is black in color with green stripes,is darker with green stripes
shirt,train,shirt_train_05252,B00BCZ2LOA,B003P9VNDQ,Grey and longer sleeves,is lighter and long-sleeved
shirt,train,shirt_train_05253,B008O3IJLC,B000S8W3Z4,Is white,is white and more revealing
shirt,train,shirt_train_05254,B006NUQL4A,B0051VMERA,Is darker and more casual,is black
shirt,train,shirt_train_05255,B0070NUTR4,B0070NURK8,Is a dark blue tee shirt.,is darker in color
shirt,train,shirt_train_05256,B008CE6VIG,B00BFX22AC,has no color and has an image in the middle,is black with white images
shirt,train,shirt_train_05257,B000SYGLHE,B000SV592U,is more colorful,is red with a quote on front
shirt,train,shirt_train_05258,B007VYRHSG,B001V9LMYC,Is more animated,is black
shirt,train,shirt_train_05259,B003E1E2VA,B001Q5CH2C,is more dark gray with a small image,is grey
shirt,train,shirt_train_05260,B009FAJ1ME,B00C9RGJ1G,has a skeleton on the back,has a large graphic on back
shirt,train,shirt_train_05261,B00CIJ9GN8,B005LWO75G,is a green tank,Is light green in color with no sleeves
shirt,train,shirt_train_05262,B002OO123O,B003XKTJEW,is green with blue designs,is darker in color
shirt,train,shirt_train_05263,B003PDNNJO,B00CLVMH34,is long sleeved gray shirt,has longer sleeves
shirt,train,shirt_train_05264,B00C22IMTA,B003FXLIDW,Black and has graphic on front,is darker
shirt,train,shirt_train_05266,B00CS1W6S8,B0035N0XUQ,is a different brand and off white,is more textured
shirt,train,shirt_train_05267,B0091BZ4VO,B004YRU2SU,has a different graphic,has larger graphic and has red color
shirt,train,shirt_train_05268,B00DRD4M3S,B00FM4TW1W,is longer in length,is darker
shirt,train,shirt_train_05269,B00CMVSNSG,B00AOBBFI6,The shirt is black with white writing.,Is more fitted with a different graphic
shirt,train,shirt_train_05270,B002PRA4G6,B0055L2912,has a bow tie and is much lighter,is grey and more formal
shirt,train,shirt_train_05271,B004T8S9J8,B009WWBXWG,is a light blue hawaiian print button down shirt,is more vacationy
shirt,train,shirt_train_05272,B00B86S53O,B00BFTQ13K,Is grey,Is grey in color
shirt,train,shirt_train_05273,B001EB2ERQ,B007AD2T2C,is black shorts,is short black pants
shirt,train,shirt_train_05274,B002U4NAXI,B005AKASR0,is white with a collar,more buttons
shirt,train,shirt_train_05275,B0072D868G,B0071OU620,is purple and has one horse face on it,is more colorful
shirt,train,shirt_train_05276,B0089W8CGK,B004LE91TW,is a brown shirt,is more formal
shirt,train,shirt_train_05277,B008A5FWNC,B004GUTVVE,has a v shaped neck and plain white,is more seethrough
shirt,train,shirt_train_05278,B005HEFRWU,B005HJDEY8,is a larger print,has a red logo under white writing
shirt,train,shirt_train_05279,B003CTRSZQ,B001SERVF4,Has more of a larger pattern,is camo and emblem other is black with different emblem
shirt,train,shirt_train_05280,B009LQ0KZO,B004OYZMQU,Is blue and more colorful,is darker
shirt,train,shirt_train_05281,B00885UX4M,B00BCGWA3G,is a black hood,is black with longer sleeves
shirt,train,shirt_train_05282,B00137RYS0,B00DG6X99O,has short sleeves with different lettering,Is more wordy and has sleeves
shirt,train,shirt_train_05283,B005H42NF4,B005H4C1CE,is transparent and has pockets,Desired item is solid white
shirt,train,shirt_train_05284,B00EYEK8Y6,B00EUBVB3K,Is black and more fun, no sleeves and is more green
shirt,train,shirt_train_05285,B007JBJOGE,B007JBK00I,has a different graphic,has a different graphic
shirt,train,shirt_train_05286,B0002JUWE8,B00486X63A,is darker,Is more whimsical
shirt,train,shirt_train_05287,B007JQKOTU,B007JQKGES,is lighter,is yellow
shirt,train,shirt_train_05288,B004JRKAFU,B007PYE258,is more official,is solid white
shirt,train,shirt_train_05289,B008X6DYME,B00AZWVX1S,is lighter colored and vertically stripped,is lighter
shirt,train,shirt_train_05290,B00A21K0PM,B00093EHRU,has shorter sleeves and is not a full length button shirt,is lighter
shirt,train,shirt_train_05291,B002RV07K8,B007ZTJPSC,Is more dark and less funny,is darker in color and says Hollywood
shirt,train,shirt_train_05292,B00093G5U2,B00093E4WS,is solid white,is all one color
shirt,train,shirt_train_05293,B002YRXOGY,B00C5CI1QG,is collarless and darker,Is solid colored and more casual.
shirt,train,shirt_train_05294,B007P5LNPY,B00062OY0O,is dark blue,is more colorful
shirt,train,shirt_train_05295,B000X4KVXO,B00AQ4AU7I,Is white and more colorful,is lighter
shirt,train,shirt_train_05296,B003SUY65O,B009MOY8XA,is a short sleeved shirt with different colored images,is a pattern using tans and blues.
shirt,train,shirt_train_05297,B00DQBRF3A,B006ZO2EX6,The shirt is black in color with white writing.,has whiter text on it
shirt,train,shirt_train_05298,B003JDL38I,B005LQ3WY4,is red purple colored with visual art,is lighter
shirt,train,shirt_train_05299,B000XSIRN6,B000WAH3PI,background of shirt is white and some print,is a white tshirt with black stripes
shirt,train,shirt_train_05300,B008NMCMEE,B00BFHG6AU,is darker,is more velvety with skull graphic
shirt,train,shirt_train_05301,B0026GSGZM,B003IX3EWC,is white in color,gray plain t-shirt
shirt,train,shirt_train_05302,B009T7AWOO,B00F7C3AQW,has a different logo,has a large red letter on the front
shirt,train,shirt_train_05303,B001BZ6J1W,B001FQPBNO,Is darker and more fun,is darker and has a squirrel graphic
shirt,train,shirt_train_05304,B007QZ3J0A,B007VBC29I,is a brown button down with long sleeves,is much paler blue and white
shirt,train,shirt_train_05305,B00AY4796U,B004HEX8SG,Is darker and has a v-neck.,is darker in color
shirt,train,shirt_train_05306,B008N82AE0,B006D9C8KM,has no sleeves,Desired item is grey with tank top sleeves
shirt,train,shirt_train_05307,B004IYJTQK,B004QZB3OW,is dark blue,is navy blue
shirt,train,shirt_train_05308,B000N4QKMU,B000MWXV16,has shorter sleeves,is brown with short sleeves
shirt,train,shirt_train_05309,B00CE8CPEA,B0095ODAU4,has two more long sleeved shirts,has longer sleeves
shirt,train,shirt_train_05310,B006CYMSHG,B0032CLYFI,is gray,has a larger graphic but is much paler
shirt,train,shirt_train_05311,B004UO68ZS,B007F88EU8,is darker with a different graphic,is dark blue with a different graphic
shirt,train,shirt_train_05312,B007QZ7TC4,B008BHELMC,is a blue t shirt with short sleeves,has shorter sleeves and is darker colored
shirt,train,shirt_train_05313,B0036MRUIO,B0062PY8TG,has brighter colors,has a blue design
shirt,train,shirt_train_05314,B0019691X6,B00CPGX0D6,is a yellow and red  logo,has a green and brown logo
shirt,train,shirt_train_05315,B007JBKQFC,B007Y6DS1Q,is lighter,is a yellow Lakers t-shirt
shirt,train,shirt_train_05316,B00BV2SM74,B00BV2SMYW,It's the same thing,is the same product
shirt,train,shirt_train_05318,B00921OYYG,B005JZFUI8,has different words on it,A black with I love My Wife on front
shirt,train,shirt_train_05319,B005G8VM2G,B00ABFXJXO,is a blue t shirt,is a shirt not a wristband
shirt,train,shirt_train_05320,B009X99MQC,B00F2CATT8,is red and with less print,has a smaller graphic and is more red
shirt,train,shirt_train_05321,B00CMTEM74,B00CJEY39E,is more geometric and has sleeves,is black and white checkered
shirt,train,shirt_train_05322,B005XON23A,B0045KG1C2,Is a black T shirt with a yellow smiley face,is less black and has smile logo
shirt,train,shirt_train_05323,B000VTI5MA,B00A6Z3L3W,is black and a print on it,is black and has a different graphic
shirt,train,shirt_train_05324,B003YQMPKA,B00AYU5CZY,is a vest with no sleeves,is brighter in color
shirt,train,shirt_train_05325,B00C97NTA0,B004M5I1SW,is cheched with a collar,is more formal
shirt,train,shirt_train_05326,B008J0W5YM,B005I6QN2A,is more formal and blue with buttons,is blue with buttons
shirt,train,shirt_train_05327,B004R1JX1A,B00FDMQ9KK,is blue with long sleeves,is blue and has long sleeves
shirt,train,shirt_train_05329,B002JWDLSU,B002PN8HW8,is black with white designs,is darker
shirt,train,shirt_train_05330,B005U87XRU,B008NCGPH4,is a darker gray with a california flag,is darker colored with a different graphic
shirt,train,shirt_train_05331,B001OZL1AI,B0009G7ZU8,has longer sleeves and is darker colored,is a t-shirt
shirt,train,shirt_train_05332,B00C7AX9TU,B003E3LJGO,is yellow with a snake on it,is a yellow tee
shirt,train,shirt_train_05334,B004U75S6U,B00CITLXPW,has long sleeves and a print,is striped with long sleeves
shirt,train,shirt_train_05335,B0012ODHMG,B0036O5P4S,is orange and has long sleeves,is solid orange
shirt,train,shirt_train_05336,B009DH5DF8,B00521T75G,has darker colors,black with colorful graphics
shirt,train,shirt_train_05337,B0087E8IWS,B008A9GAFC,is blue with white words,is blue in colour
shirt,train,shirt_train_05338,B003D88A12,B0024UM7TQ,is yellow with green stripes on sleeves,is lighter in color and has a smaller design
shirt,train,shirt_train_05339,B005L2L7MW,B0071BOHGO,is less formal,is tan without a collar
shirt,train,shirt_train_05340,B00638C1QO,B0045DWFKQ,is an Irish Pub Boxing T shirt,it has a darker color
shirt,train,shirt_train_05342,B005OCD948,B002KQO7W4,The shirt is gray in color.,is a solid blue shirt
shirt,train,shirt_train_05343,B004U32PN8,B00B8CAO1Y,is a yellow T shirt saying thats a fact jack, button up
shirt,train,shirt_train_05344,B0009I67D2,B001M0A33Q,has longer sleeves and is a brighter color,has longer sleeves
shirt,train,shirt_train_05345,B007TXNUOE,B006SDZ0OY,is gray colored with transparent art,A light grey short sleeved shirt with face on front
shirt,train,shirt_train_05346,B00A8I93SO,B003RGAE4Q,is a dark colored shirt with an image,is black with image
shirt,train,shirt_train_05347,B008ZBR29I,B00CW4HO5G,is dark green in color and text in center,is a lighter color
shirt,train,shirt_train_05348,B001GQYCH4,B00A3BO3B8,is black,It is black and has design
shirt,train,shirt_train_05349,B007N8GFHE,B003TNKI2K,is short sleeved and has black and white stripes,is stripe and has shorter sleeve
shirt,train,shirt_train_05350,B004HEXDOU,B004HEX43A,has larger stripes,has no sleeves and is gray
shirt,train,shirt_train_05351,B003K7F0L4,B006L13NDI,is darker and longer and has longer sleeves,white
shirt,train,shirt_train_05352,B00EJP1WAE,B004JPOCPQ,is blue with yellow designs,has middle logo and is blue color
shirt,train,shirt_train_05353,B009UTXNRE,B009UTZBGA,his red and has a different logo,has different graphics
shirt,train,shirt_train_05354,B005DPRG04,B0053WTG8W,No sleeves and graphic is smaller,has shorter sleeves
shirt,train,shirt_train_05355,B0098WCUN6,B00ASK9G7U,Is more  black and has no sleeves,is darker and has shorter sleeves
shirt,train,shirt_train_05357,B00DH98EQS,B00BFWAJLM,has a lighter color and depicts a product with a star wars image,is faded
shirt,train,shirt_train_05358,B002KO943S,B00CLAVZKG,is black with white designs,has a less colourful and smaller graphic
shirt,train,shirt_train_05359,B006WA4WQU,B00BL86TV4,is a lighter gray,is purple
shirt,train,shirt_train_05360,B00CKZZU2G,B00CIIG0K6,is the same,is the same
shirt,train,shirt_train_05361,B00C3LLA4O,B00AOGIRDW,is white with a circular logo,has more red
shirt,train,shirt_train_05362,B00C7SAYKE,B0081ZLTDI,is not one color,It is plain
shirt,train,shirt_train_05363,B0085M54QU,B00827XNES,is  white with a  smaller logo,is white and has more text
shirt,train,shirt_train_05364,B00E7MP67E,9822504365,a tropical looking shirt,is lighter
shirt,train,shirt_train_05365,B0085E3ZLE,B005H0JHEI,is a more vibrant shade of color,is the same
shirt,train,shirt_train_05366,B005J80FR6,B006LC5M68,is comic,is grey and has no shiny
shirt,train,shirt_train_05367,B004PW6CPQ,B0037S0W32,is brown,is button up and has collar
shirt,train,shirt_train_05368,B005SJAY4A,B005OLMF1W,The shirt is black with I love Bacon.,has different text
shirt,train,shirt_train_05369,B009LJ0UCY,B007KZMDOO,is green,is green with stripes
shirt,train,shirt_train_05370,B007OXS5XK,B004EYIFTG,Is neon green with gray stripes.,is neon green/yellow with grey piping
shirt,train,shirt_train_05371,B002I19XQG,B00AY9NAVS,green zoo york tee shirt,has a symbol graphic and is more green
shirt,train,shirt_train_05372,B00A3FORRO,B004L90SWG,is black with a different logo and words,is less insulting
shirt,train,shirt_train_05373,B009L8VFUQ,B001SERVBS,is black wit red designs,Desired item pictures band members
shirt,train,shirt_train_05374,B007RFXIZA,B007RH3H5Y,is grey colored,is grey with fewer letters
shirt,train,shirt_train_05375,B00B1FCC1S,B000I7Q7PW,is less attractive,has more red and a sun
shirt,train,shirt_train_05376,B0086EKC8M,B004TRQ41E,has brighter colors,is lighter colored and more stripes
shirt,train,shirt_train_05377,B0036APD8U,B00C4W4FOE,is a green checked shirt,is more formal
shirt,train,shirt_train_05378,B00ASK905I,B006ZHFNJU,The shirt is white with a giraffe.,is lighter
shirt,train,shirt_train_05379,B001SN7X9O,B003B7B4LS,is lighter with a different image,white soccer graphic t-shirt
shirt,train,shirt_train_05380,B005G6LD5O,B004QW0JYK,The shirt is gray with a black Sons of Anarchy.,is lighter
shirt,train,shirt_train_05381,B00AM2JXAO,B009H43LH4,bright in color with grey trousers,is lighter
shirt,train,shirt_train_05382,B00D8YF50U,B007Z9P5VS,I want a darker t-shirt.,is more grey and has a wing design
shirt,train,shirt_train_05383,B002O2EM4W,B00ENYEOK6,is green and shiny,is more colorful
shirt,train,shirt_train_05384,B00133SI8Y,B003DKTJME,is dark blue in color,has more buttons
shirt,train,shirt_train_05385,B00EZ6ZVWC,B005WLRWY4,is black with a picture,is darker colored and longer sleeves
shirt,train,shirt_train_05386,B003VIWHGS,B0040205PO,The shirt is long sleeve and blue in color.,Desired item is a single color with neckline buttons
shirt,train,shirt_train_05387,B003Z0BH86,B00436G89Y,is similar but navy and with a zip,is more navy blue
shirt,train,shirt_train_05388,B00BV2QC2Q,B00BV2Q6N6,is black with grey accents,black button up work shirt.
shirt,train,shirt_train_05389,B001OCMB0A,B00AKR3L40,is white colored with blue outlines,is same product
shirt,train,shirt_train_05390,B00478PVI2,B006HM9F1A, button down shirt,has Jerry Springer name
shirt,train,shirt_train_05391,B009ZH9M80,B00BQROW14,is a dark colored shirt with text,has more white and less color
shirt,train,shirt_train_05392,B008O7VM26,B00EA93GDU,has text in grey and red,has more colors to it
shirt,train,shirt_train_05393,B00B8C5VSU,B00CYGXHMQ,is darker and less formal,is a tee shirt with triangular graphic
shirt,train,shirt_train_05395,B00564VO1E,B004Z8OJZU,is red,is of red color
shirt,train,shirt_train_05396,B0087KO92K,B0087KO8QW,Has less graphics,has a logo on only one side near a breast pocket.
shirt,train,shirt_train_05397,B008MWHRR2,B0058YS8IO,is blue with designs on it,is in lighter blue
shirt,train,shirt_train_05398,B004QEZ7YA,B00CHIMA74,is a black short sleeved T-Shirt with a logo,Desired item is black and pictures the Blade character
shirt,train,shirt_train_05399,B00338GS0M,B0044TZJTK,Is more fun and darker,has a darker color
shirt,train,shirt_train_05400,B003EUVTHG,B00BULAOUE,is white with red stripes,is less pop culture and more everyday
shirt,train,shirt_train_05401,B001HDZQ9O,B007YFRTD0,is a blue t-shirt,is a blue tee
shirt,train,shirt_train_05402,B004LCPDBY,B000CEQKMG,is burgundy,is darker
shirt,train,shirt_train_05403,B006OODYZY,B00BOX6TR0,Is more long sleeved and fitted,is grey with black lettering on it
shirt,train,shirt_train_05404,B00874CEWI,B008219UJG,has shorter sleeves and is more graphic,is more casual and short sleeves
shirt,train,shirt_train_05405,B0081S5Q5W,B0072YLMIG,Is darker and more whimsical,is dark blue and is less animated
shirt,train,shirt_train_05406,B003BSG9S0,B004ZC70HA,is darker and has longer sleeves,Is more fitted and darker
shirt,train,shirt_train_05407,B00AOA4GQ0,B005LC938C,Is a short sleeve,has short sleeves and is plaid
shirt,train,shirt_train_05408,B002SKELD2,B002AGZLK6,is brighter and has a more simple graphic,is more colorful
shirt,train,shirt_train_05409,B003E3HOYU,B00137SEG6,has no sleeves,is white and sleevelss
shirt,train,shirt_train_05410,B0079K1WJW,B005HFCQ8C,has a skull on it,has large painting and is black color
shirt,train,shirt_train_05411,B004ON1R24,B003R4ZKE2,black with a larger red and white graphic,has a brand mark and is black color
shirt,train,shirt_train_05412,B006ZHFNJU,B006ZHFTGW,has a native american pictured on it,has more black
shirt,train,shirt_train_05413,B00BNT6EGQ,B007X4V370,is large and red,is red with every day i'm shufflin on it
shirt,train,shirt_train_05414,B0077L58GQ,B00BVWUMIG,is more formal with a pattern,has a color and is button down.
shirt,train,shirt_train_05415,B008T3VZ86,B00FH22YLO,is darker and less super hero,is black and has a chemical compound on the front
shirt,train,shirt_train_05416,B00ASK8IQA,B0098WCUIG,The shirt is white in color with a black Indian.,is whiter
shirt,train,shirt_train_05417,B007RWV60M,B0044UJXX2,has sleeves,has longer sleeves
shirt,train,shirt_train_05418,B003KZ1IH6,B002SKELD2,Brighter and graphic is smaller,Green and white light going out from symbol
shirt,train,shirt_train_05419,B004MW3LT4,B003FSSPWY,is darker with a different image,is black
shirt,train,shirt_train_05420,B00885UX4M,B0055PG2YS,is yellow with small characters,Is yellow in color
shirt,train,shirt_train_05421,B0042T99UC,B00A3I6UTE,is dark blue with a graphic on it,is dark blue with an orange and blue graphic.
shirt,train,shirt_train_05422,B000FISWP2,B004YNX6DC,is brighter and less striped,is lavender and more casual
shirt,train,shirt_train_05423,B008R35IFY,B00347F8EY,is grey and shorter sleeves,is grey with blue chest logo
shirt,train,shirt_train_05424,B007KTQBDO,B0087T7WSY,has a purple logo,is more purple
shirt,train,shirt_train_05425,B0029ZAI4C,B001BZ6J1W,is grey with writing on it,is lighter in color
shirt,train,shirt_train_05426,B008CXW5Q4,B00CJJUH6W,is red with a character,is darker in color
shirt,train,shirt_train_05427,B006WLBK5A,B006WLBJLU,Is less yellow,is more faded
shirt,train,shirt_train_05428,B00BV08T5Q,B00B7HW0NK,is lighter,it is plain and has no collar
shirt,train,shirt_train_05429,B0095SIMGC,B004I1KZFW,is darker and bolder,is black color with a simple graphic design
shirt,train,shirt_train_05430,B004U7WVOM,B000RLKKUC,none,is the same color and design
shirt,train,shirt_train_05431,B00AY4796U,B004HEXDOU,Shorter sleeves and lighter colored,It is white and has prints
shirt,train,shirt_train_05432,B00BW5VF4W,B0094KCQMM,is a dark color with a skull graphic and slogan,is black with a skull design
shirt,train,shirt_train_05433,B00E3DISB8,B0073VBMBK,is black with blue and red designs,is black with a Barack Obama 2012 photo
shirt,train,shirt_train_05434,B007TS220C,B001WSLVEI,is a full logo,has a lil wayne graphic
shirt,train,shirt_train_05435,B0085FVYSO,B00478PVI2,has heroes written on it,Is more simple with the graphic
shirt,train,shirt_train_05436,B00C2AVIES,B00B3KQ2X0, hooded and much heavier material,is black and wider
shirt,train,shirt_train_05437,B00AK46E2O,B005JH9BGI,is white with a religious graph on the front,is lighter
shirt,train,shirt_train_05438,B00937VXMK,B00920YA1E,is similar,is just words with logo in bright white
shirt,train,shirt_train_05439,B001ET7H3O,B00BQ33DLI,has longer sleeves and more plaid,is lighter
shirt,train,shirt_train_05440,B003XUVUYO,B00EP26JQI,has different shades of blue,is more blue plaid
shirt,train,shirt_train_05441,B00AQKLP4O,B008109516,is black with white lettering,is dark gray
shirt,train,shirt_train_05442,B005BNYN0O,B009ICG8CA,is darker colored,is a light blue with a colored design on it.
shirt,train,shirt_train_05443,B00BTGGM2E,B00B7AXA7M,has no buttons and stripes,has a pocket
shirt,train,shirt_train_05444,B000YA114A,B007IRKRVU,is white with stripes on the sleeves,is less formal
shirt,train,shirt_train_05445,B000K2BD1S,B00B6RQXFW,has a astronaut image,is less faded
shirt,train,shirt_train_05446,B00H8TFGPK,B00DSRLTUM,has different graphics,is black with chuck norris
shirt,train,shirt_train_05447,B001ET7DDS,B004D3S8IG,is more bright colored and plain,Desired item is off-white with two thin black lines
shirt,train,shirt_train_05448,B008DYUAOG,B006IKQMUS,has the American Flag logo,has a larger design and more color
shirt,train,shirt_train_05449,B000G2JNGO,B001TN3DTM,is checkered and short sleeved,has shorter sleeves and is tighter fitted
shirt,train,shirt_train_05450,B008DI3S96,B00A3I0JL4,has 73 on it and is blue,is simpler and more blue
shirt,train,shirt_train_05451,B0067EYQJO,B00B659GUI,Is more charcoal and logo,is darker colored and smaller font
shirt,train,shirt_train_05452,B00EXD7N7S,B00CSBB8YG,has no sleeve with a city logo,is sleeveless and more like a jersey.
shirt,train,shirt_train_05453,B008WDUEV2,B007QDRWPA,has a graphic,Desired item is light grey with a red battlefield flag
shirt,train,shirt_train_05454,B00501ATAA,B001WAL2N6,is beige with chinese writing on it,is cream colored and has an animated graphic
shirt,train,shirt_train_05455,B007YYW9X6,B00CHYADD6,is yellow with short sleeves,is lighter and has longer sleeves
shirt,train,shirt_train_05456,B00075ZXLE,B0002VNMZ2,is a darker gray shirt,is darker and more bold
shirt,train,shirt_train_05457,B000H3Z3FW,B006VWVCUS,is a tshirt not a toy,is darker
shirt,train,shirt_train_05458,B0072D8LV8,B000N9P2VK,The shirt is blue in color with colorful pictures.,is darker
shirt,train,shirt_train_05459,B0001VRXYE,B0036X977A,Has a large whimsical graphic and is casual,has more blue color
shirt,train,shirt_train_05460,B002PZHDTY,B00AB7MFEG,The shirt is red with white writing.,is more red
shirt,train,shirt_train_05461,B005VM1Q3W,B005METH9O,is a larger t-shirt, has no buttons
shirt,train,shirt_train_05462,B009KC4EFQ,B003TTLHQ0,Is green with a risque lacrosse message on front,is lighter
shirt,train,shirt_train_05463,B00719W4WK,B007NDTI2S,is sprtier with a smaller logo,has a smaller graphic on it
shirt,train,shirt_train_05464,B000H2PMFO,B008KXN5KG,Has a black bow tie.,appears identical
shirt,train,shirt_train_05465,B00507SHGC,B009ABUQ0O,is sleeveless and is solid,Is a cutoff type vest.
shirt,train,shirt_train_05466,B00383WPEK,B008FQ1QDQ,Is more grey,A grey shirt with green on front
shirt,train,shirt_train_05467,B00CHYADD6,B00CHYA5LQ,is gray with leaves and buttons down,is darker in color
shirt,train,shirt_train_05468,B001AYAOC4,B0015N061O,has a darker shade of color,is shorter
shirt,train,shirt_train_05469,B0001TOLHI,B000EOVELG,has buttons and a plaid design,has more pockets
shirt,train,shirt_train_05470,B008ZYSA9Q,B007WA3YXQ,is a black t shirt with long sleeves,A solid black shirt with long sleeves
shirt,train,shirt_train_05471,B000ULQYFE,B000ULL7R4,is identical,is very similar
shirt,train,shirt_train_05472,B000KHGVKG,B000S741OG,is less fitted with more graphics,has a red graphic design
shirt,train,shirt_train_05473,B000PJDKPS,B000MNHKP8,is plain white,is black with a monkey cartoon
shirt,train,shirt_train_05474,B009W5POYG,B005SH2U4Y,is lighter and has a different graphic,is lighter
shirt,train,shirt_train_05475,B005H4C12Y,B002BFFETO,is light colored,is white with pockets
shirt,train,shirt_train_05476,B00A2A5NSC,B007JS9JLW,is red in color,is red
shirt,train,shirt_train_05477,B00375UJH4,B00BBW6G7W,is yellow with stripes,is yellow striped
shirt,train,shirt_train_05478,B005901PBO,B00ATXO234,White and buttons up only at neck,is white and is more casual
shirt,train,shirt_train_05479,B00AJWOR9E,B00BJMX1H2,is beige with brown patterns,is less colorful
shirt,train,shirt_train_05480,B007Z8W5GC,B007WML04O,is lighter with longer sleeves,is lighter
shirt,train,shirt_train_05481,B0072DAUOY,B000MX236Y,different color,is green and has an orange tiger
shirt,train,shirt_train_05482,B004VJ299G,B0098FF3YQ,Is red and wordy,is red with words
shirt,train,shirt_train_05483,B00260GYTI,B0098IEIF8,is lighter,Is grey in color
shirt,train,shirt_train_05484,B0031QIMBY,B0012OJYDC,is very similar but white in color,is a lighter color
shirt,train,shirt_train_05485,B00AOJERLK,B00998G4HW,has American flag design on it,is lighter
shirt,train,shirt_train_05486,B00FBHNO00,B005KFLFVS,has white writing,has car logo and words in same font
shirt,train,shirt_train_05487,B00A74AYN2,B0089SY7ZY,Has more buttons and no design,has a collar to it
shirt,train,shirt_train_05488,B00BJV01LC,B00AZ49SYU,Less revealing,is short sleeved and green
shirt,train,shirt_train_05489,B00113HBRK,B001Q9EC5I,The shirt is short sleeve and green in color.,is green
shirt,train,shirt_train_05490,B0012BPXCQ,B007PZQL4C,Is monochromatic and lighter,is light mint color
shirt,train,shirt_train_05491,B00C7SC1X2,B00A7MFYZM,Is more striped and blue,is more blue in color
shirt,train,shirt_train_05492,B005MNY5BA,B00BWZPPAC,is darker in color,is bluer
shirt,train,shirt_train_05494,B008NGBBD8,B000GA97JO,is a collared long sleeve shirt,is a long sleeved sweater with a zipper at the top
shirt,train,shirt_train_05495,B0062N3AE2,B005IHVCNE,is black and different graphic,is black with white lettering
shirt,train,shirt_train_05496,B00A8S6B20,B007THM5JG,is grey with blue writing,has more blue to it
shirt,train,shirt_train_05497,B0060A21FQ,B0060A20ZC,is the same shirt,is black and has a bold graphic
shirt,train,shirt_train_05498,B00AARAX5A,B009XESWWM,different type of graphics,It has a different graphic on the front
shirt,train,shirt_train_05499,B009L5ZUGY,B003WEQN2A,is grey in color and plain,is darker colored
shirt,train,shirt_train_05500,B00AHUPAYO,B00BGVQDFI,is lighter,A white tank top with design on front
shirt,train,shirt_train_05502,B000VTI5MA,B000BQ0B66,Is blue,Is navy and more simple
shirt,train,shirt_train_05503,B000SBC5Y0,B004H4WTRC,is a green and white striped polo, tied stringed clevage
shirt,train,shirt_train_05504,B003BQRVHA,B003BQTQBO,is grey,A grey t-shirt with black/red design on front
shirt,train,shirt_train_05505,B001GPJP0E,B000YHF090,Is more yellow and less casual,Red with breast pockets
shirt,train,shirt_train_05506,B008LDGIFO,B00AO1TF88,is more colorful,is lighter
shirt,train,shirt_train_05507,B00FJ0KI3K,B003ZH9U2E,is darker,is orange and more draped
shirt,train,shirt_train_05508,B002LSIEW0,B00AHZU8OQ,is an off white with black words,is more simple and plain
shirt,train,shirt_train_05509,B00AVMONC8,B009ZPNNB4,Has more words and is more vintage,is lighter and more masculine
shirt,train,shirt_train_05510,B007QZ7TC4,B00AHRKLAK,is yellow with no sleeves,is yellow with no sleeves
shirt,train,shirt_train_05511,B005409C2S,B009S0T22A,is gray with more birds on it, not a tank top
shirt,train,shirt_train_05512,B004M45JZ6,B004517J7C,is smaller and darker,is dark brown with Deftones graphic on front
shirt,train,shirt_train_05513,B007TW76TU,B007TW7CIU,is black,has a graphic than is more dull
shirt,train,shirt_train_05514,B0063MO6GI,B009E8CE7Q,Is a cream color button up.,is more beige and buttoned down
shirt,train,shirt_train_05515,B008I62JN4,B009LOJW8M,has more colors,has a yellow camaro
shirt,train,shirt_train_05516,B001SERZPA,B001SERZV4,is more colorful and dramatic,Is red in color
shirt,train,shirt_train_05517,B008FZP0SY,B006BL2O42,Black and not as sporty,is more athletic
shirt,train,shirt_train_05518,B0085FSDMY,B00BBQ9SBY,Is black,is plain black in colour
shirt,train,shirt_train_05519,B008PJBW2S,B00C5RU66E,is grey with colorful owls,it has a darker color
shirt,train,shirt_train_05520,B009ME1F22,B0084NYK6U,is more pink with no tie,is more pink colored
shirt,train,shirt_train_05521,B0062XAHU2,B0036DEYDC,is a white shirt and with a collar,is white with buttons up front
shirt,train,shirt_train_05522,B0015N3TC2,B0015N00WO,has four different colors,A black shirt with Africa in red
shirt,train,shirt_train_05523,B0042ESBD8,B009ENSW4A,is red white stripes and no sleeves,is shorter sleeved with white stripes
shirt,train,shirt_train_05524,B00AZWLIXQ,B0064I42ZG,Is black with long sleeves,is long-sleeved and black
shirt,train,shirt_train_05525,B004BKZRW6,B005AD7Z46,is lighter colored and not as trendy,is purple with no design
shirt,train,shirt_train_05526,B000O3KW0G,B001GWCPTU,Is a candle,is white and ceramic
shirt,train,shirt_train_05527,B00A3HMCWY,B008G9UDDG,has cash written in center,is more black
shirt,train,shirt_train_05528,B00FXSLNKU,B0009I89QK,is a white t-shirt with the MINUTEMEN SAN PEDRO phrase,Is less colorful
shirt,train,shirt_train_05529,B005ZCNCVW,B008X6DYME,is red and grey flannel,has larger print and has breast pockets
shirt,train,shirt_train_05530,B000F4U4EI,B000X1MC2U,is a white shirt with a different dog,is bolder
shirt,train,shirt_train_05531,B004YBC49G,B00631BTFU,is a long sleeved t shirt with green and white print,has long sleeves
shirt,train,shirt_train_05532,B007X492DC,B007X4DIZA,This Blue tshirt has short sleeves and looks more fashion,is khaki with long sleeves
shirt,train,shirt_train_05533,B007UDQ6WG,B005430V7A,has longer sleeves with only text,has longer sleeves and a different graphic
shirt,train,shirt_train_05534,B0041LBCFQ,B002ZHZKZG,is more black,is darker in color and less stripes
shirt,train,shirt_train_05535,B004ORNJL2,B000G9ICQY,is very similar but much darker in colour,is black and classic
shirt,train,shirt_train_05536,B00B2TZC4C,B00C3LZOEG,Different text on shirt,is black with white lettering
shirt,train,shirt_train_05537,B005W2MIII,B008CP9948, striped,is darker and has longer sleeves
shirt,train,shirt_train_05538,B00GIW0FG8,B0075WJT8K,is a white shirt and a larger size,is white with black text
shirt,train,shirt_train_05539,B008WCL7PU,B00873EEB8,is grey with shorter sleeves,is grey and short
shirt,train,shirt_train_05540,B000RMUA56,B0001TPAP0,is a dark colored shirt with text,Desired item is solid color containing black and white text
shirt,train,shirt_train_05541,B00B1SY196,B00BGR8ZSA,has a lighter color but similar graphic,is more orange in colour
shirt,train,shirt_train_05543,B008EE5BBC,B007YUIDEE,has a quote on it,has less red text on it
shirt,train,shirt_train_05544,B0014JIGGQ,B006SI8PKU,is dark and very plain,is black and short sleeves
shirt,train,shirt_train_05545,B00B24D8KM,B001EHDGV8,a white long sleeve button down,is more formal
shirt,train,shirt_train_05546,B0097YXZS4,B00509BKLO,is a white T shirt with Irish whiskey ad,is lighter and not collared
shirt,train,shirt_train_05547,B0000C2RNF,B004TKHR3U,is darker colored,is grey colored with a v-neck collar
shirt,train,shirt_train_05549,B005CK3A9G,B004YL7STC,is white with buildings designs,is white with Twin Towers graphic
shirt,train,shirt_train_05550,B00BL85AGE,B008BENOOG,more graphic print and lighter gray,is a lighter shade of gray
shirt,train,shirt_train_05551,B007R1O3CQ,B003D9M1RA,Darker color and contrast design,is darker colored
shirt,train,shirt_train_05552,B004ZFHP2W,B004ZFHNU6,Is black with a white bird on it.,is more colorful
shirt,train,shirt_train_05553,B0074D0Q00,B004W1CWTK,is plaid with buttons,is more formal
shirt,train,shirt_train_05554,B00C1KMRGM,B007OWUIEU,is green with less words,is green with a different design on it
shirt,train,shirt_train_05555,B00E9IHCZA,B000M92H8C,is plain white,has a white color to it with white buttons
shirt,train,shirt_train_05556,B000QGL40S,B006CXV5PI,is darker,has short sleeves
shirt,train,shirt_train_05557,B00D7JQJ56,B00455XHX8,is lighter colored,is gray with words only
shirt,train,shirt_train_05558,B005DPFU02,B002X7AA3A,is beige with a collar,is cream with a collar
shirt,train,shirt_train_05560,B0052OT97O,B009XUGUGQ,Blue and no buttons,is black and has no buttons
shirt,train,shirt_train_05561,B004VN60CO,B000LR0UFM,had a fiery symbol in center,has more colors and less words
shirt,train,shirt_train_05562,B00C200TJI,B00DUJMM4A,is black with blue writing,Black shirt with blue design with eagle
shirt,train,shirt_train_05563,B008NRUNU4,B009O9159S,has a white skeleton pattern,shows more graphic over the whole product
shirt,train,shirt_train_05564,B0089SVJKU,B008GOGM0O,is more casual,is a tshirt with no buttons
shirt,train,shirt_train_05565,B000JNXSY8,B002VY9EEG,black color and graphic print on the back,is black
shirt,train,shirt_train_05566,B005LBWO0C,B009D53JLA,is a black T shirt saying that sh*t cray,has shorter sleeves and darker in color
shirt,train,shirt_train_05567,B003XPD2TA,B007BA39GO,has longer sleeves and is more plaid,is a flannel button up
shirt,train,shirt_train_05568,B00A9XL6T2,B00413OUE4,has longer sleeves and is much darker,Has longer sleeves and is black
shirt,train,shirt_train_05570,B0072C6E0O,B005L2OXI2,is more formal beige with longer sleeves and buttons,is cream with collar and buttons and is more formal
shirt,train,shirt_train_05571,B0067C7OTA,B0067C7OMC,is black with 3 pictures,is darker with three separate graphics
shirt,train,shirt_train_05572,B003556056,B00EEK87I4,is green,has a bird graphic on it
shirt,train,shirt_train_05573,B007J8PBB4,B00DDTQHTI,has sleeves and is more graphic,is a white t shirt with a red and black basketball graphic
shirt,train,shirt_train_05574,B002Y5LBES,B0059HUL3A,is much lighter in color,It has more gray and less offensive
shirt,train,shirt_train_05575,B007O3F2EK,B004RBKYM2,is black with a different logo,is black
shirt,train,shirt_train_05576,B000VCJIM8,B0014H00EO,is darker colored,Is black and has a colorful decal
shirt,train,shirt_train_05577,B002VY9EEG,B000T0A5BK,Less edgy and more  fun,is a towel and not a shirt
shirt,train,shirt_train_05578,B003MPFPNW,B002TSUSBW,has shorter sleeves and is gray colored,is light gray color with white color graphi
shirt,train,shirt_train_05579,B00AO1G72U,B00EM2IS8S,is a dressier long sleeve shirt,is a long sleeve button up collar
shirt,train,shirt_train_05580,B00E3DISB8,B0073VBCWY,blue colored and lettered graphic print,is dark blue with a male picture
shirt,train,shirt_train_05581,B004IIEVD2,B004IIEVDC,is the same,is exactly the same!
shirt,train,shirt_train_05582,B00CBS2SQI,B009PTHUPK,Grey and short sleeves,is grey with black patterns
shirt,train,shirt_train_05583,B009PNS37A,B00FZSV8VM,is longsleeved and plaided,is dark plaid
shirt,train,shirt_train_05585,B00BJ6YFZA,B00BXQNBY2,has a darker color,is dark grey
shirt,train,shirt_train_05586,B0032MSN0M,B00906DBN8,is navy blue without collars,is less formal
shirt,train,shirt_train_05587,B004UAFLEQ,B003MWXXCK,has images of bruce less,has a more colorful graphic
shirt,train,shirt_train_05588,B000VTFFB4,B005VHVL1E,has a different logo,has darker text on it
shirt,train,shirt_train_05589,B009S2X2WO,B007IW87U8,has a striped print and no pockets,is more colourfull and has stripes
shirt,train,shirt_train_05590,B0081HYS70,B005N1Q8XE,has short sleeve design t shirt and is black in color,is darker and has longer sleeves
shirt,train,shirt_train_05591,B003NXAMK4,B004YW6T82,is white only designed including on sleeves,A black shirt with a large white skull on front
shirt,train,shirt_train_05592,B00BJ5YNC6,B00CH8PT18,is a black t-shirt with keep calm phrase in white,is shorter
shirt,train,shirt_train_05594,B00999ECCA,B005WE23B8,is darker,has large logo and is light blue
shirt,train,shirt_train_05595,B00CCSD1H2,B005IMHNSW,has a more coloful print,is more colorful
shirt,train,shirt_train_05596,B002AECUSO,B00BFA1OMC,is a man's t shirt and grey,is darker in color
shirt,train,shirt_train_05597,B006H4K7JC,B008G2S09C,is a darker color country style shirt,is orange
shirt,train,shirt_train_05598,B007SH234Y,B007JBFJ4K,is a long sleeve black colored shirt with gold text,has longer sleeves and elegant font
shirt,train,shirt_train_05599,B009HL33SO,B0012OK1NE,is red,is red and single product
shirt,train,shirt_train_05600,B0072YG09M,B0072ZDRSS,is lighter colored and less outdoorsy,is gray and white
shirt,train,shirt_train_05601,B005C2QYOC,B0046EDC1K,is a darker color with no graphic,is darker blue and has only text
shirt,train,shirt_train_05602,B003NZV31Y,B00BGXH3KU,is blue colored with a centered image,is longer
shirt,train,shirt_train_05603,B00B9QZDKG,B008OM1GDQ,has longer sleeves,A blue long sleeved shirt
shirt,train,shirt_train_05604,B00BWB6SMU,B0092HQAS8,is a slim fit,different graphic
shirt,train,shirt_train_05605,B004S9ANQK,B005AQSQUA,is black with cross symbol,is black with a cross
shirt,train,shirt_train_05606,B001SERZV4,B005DSK3F6,has cooler tones,is blue and has a different graphic
shirt,train,shirt_train_05608,B009NKETD2,B0094J9KRM,has sleeves rolled up and is grey,Grayer and has two front pockets
shirt,train,shirt_train_05609,B003WHE2VG,B004HO6FQ8,is dark colored with an inappropriate joke,Is dark blue with a redneck plumber themed graphic
shirt,train,shirt_train_05610,B004MKNCNG,B00C637DKE,Has no sleeves and a whimsical graphic,it has no sleeve
shirt,train,shirt_train_05611,B00299K758,B00A3T3X8Y,has longer sleeves and a different pattern,has longer sleeves and is darker
shirt,train,shirt_train_05612,B00E4WAWVM,B005ZO9XPE,is larger and more colorful,is red and more feminine
shirt,train,shirt_train_05613,B007IVSRCM,B00FJW4LCM,is wider and has more than one character logo,has less obvious text
shirt,train,shirt_train_05614,B0099UDBFS,B00AEVV19O,The shirt is black in color with light blue writing.,is darker
shirt,train,shirt_train_05615,B004JHP438,B004JGEWLE,is darker in color,is darker
shirt,train,shirt_train_05616,B00DUBRP8G,B0014UHOH2,Has a different graphic and lighter color,is light blue
shirt,train,shirt_train_05617,B0040H78MM,B005I4OEZ0,is lighter, and has more color
shirt,train,shirt_train_05618,B00B5FT3FC,B00BJJJ8F4,The shirt is gray and yellow in color.,Desired item is a grey graphic tee
shirt,train,shirt_train_05619,B00AFW6XY0,B0068Z9Q5Q,has an image of a person walking,is tighter
shirt,train,shirt_train_05620,B007KZJ2IE,B008MTK844,are both identical,is blousy
shirt,train,shirt_train_05621,B00CULZMT6,B00B2IAHE8,is a striped polo shirt with a v-neck,is darker coloured and has no collar
shirt,train,shirt_train_05622,B000EOP9O4,B004VT166S,is cuter and less dizzying,doesn't have black lining.
shirt,train,shirt_train_05624,B00DUGFSPS,B0007YRRPK,is lime green socks,can be work on the feet
shirt,train,shirt_train_05625,B003JBJE5Y,B00AE1MZXA,is more form fitting and darker in color,Has darker colors & a tighter fit
shirt,train,shirt_train_05626,B00AY4796U,B003SE6B08,is similar but is much darker in colour,is black and more masciline
shirt,train,shirt_train_05627,B001HBED6S,B008IXCTD2,is a short sleeve dark blue shirt with an image,has circular graphic to it
shirt,train,shirt_train_05628,B003DZ06NU,B00ET65U1K,Is more whimsical and colorful,it is black
shirt,train,shirt_train_05629,B008I8C7T8,B008IJO8GW,colorful cars as design and white toned,is white and has different graphics
shirt,train,shirt_train_05630,B00C1LWSLU,B008K2M25Q,is longer,has multiple pictures not just one
shirt,train,shirt_train_05632,B002RKYWLE,B000MPQU5W,is more detailed and is more descriptive,it is green and has a colorful print
shirt,train,shirt_train_05633,B003A21F3Q,B00CBANRFW,has a long sleeve multicolored shirt,has longer sleeves and is brighter colored
shirt,train,shirt_train_05634,B009GFN4D0,B004ISKGT0,has no pocket,has graphics instead of a pocket
shirt,train,shirt_train_05635,B001U3U7OK,B000EFOU2A,is black with no collar,is t-shirt style with guitars on front
shirt,train,shirt_train_05636,B00COLCON4,B002OLC97K,black with white bird graphic,Desired item is black with a white phoenix outline
shirt,train,shirt_train_05637,B002Y5LBES,B00BCLLSMA,is black with blue designs,it has no sleeves and it is more casual
shirt,train,shirt_train_05638,B00AZ29DGU,B005MJVT90,is olive green with a black pattern,is darker green
shirt,train,shirt_train_05639,B00DY3XJNA,B009WB93KQ,is black with a red design,has a different logo
shirt,train,shirt_train_05640,B002Z8SRC8,B000W7LTEM,is a short sleeve tee shirt with many trains,has less graphics
shirt,train,shirt_train_05641,B0075G006Q,B00BDS0X5K,is blue,is blue colored
shirt,train,shirt_train_05642,B005ZKH3Y6,B004ISKI3E,is darker,has more buttons and is darker in color
shirt,train,shirt_train_05643,B00BL89XBW,B00C6ACT06,is a solid color short sleeve shirt,is brown and doesn't have a collar or buttons
shirt,train,shirt_train_05644,B006HJJI4C,B000PAQNR4,more formal and with a tie,is dressier looking
shirt,train,shirt_train_05645,B00F0SLLM8,B00AX2QIMY,is more manly,it has print at the back
shirt,train,shirt_train_05646,B00A4LCZXA,B0023UJT8O,is a blue button down shirt,has less graphics
shirt,train,shirt_train_05647,B006MW97UO,B005QR8Q9E,has a darker background.,is darker
shirt,train,shirt_train_05648,B005SNBNEQ,B00A9PU9M0,is a black colored cap with black and white art,Desired item is a baseball cap
shirt,train,shirt_train_05649,B0059AN8FK,B00439HZ0W,Is blue and less basic,Blue athletic long sleeve shirt
shirt,train,shirt_train_05650,B00E9KCXUC,B005M6DA2C,is more juvemile and more graphic,It is red with a picture design
shirt,train,shirt_train_05651,B0087NC7B2,B004AELA74, with a green pattern,has longer sleeves and without a cartoon or logo
shirt,train,shirt_train_05652,B009223U4U,B00367FX1U,has a different graphic on front and is lighter,has a lighter color
shirt,train,shirt_train_05653,B000I7PRLW,B007P6JTNG,has gray color with art,is grey and has the German flag
shirt,train,shirt_train_05654,B002OO123O,B004TMM29W,is black with writing in it,is black with a smaller logo in a white box.
shirt,train,shirt_train_05655,B0052KA2JM,B0090KCB80,is brown,is darker
shirt,train,shirt_train_05657,B003R5130Q,B007XCSWIA,Is lighter in color.,is grey and has  a different design
shirt,train,shirt_train_05658,B00A8ZF07A,B00E0I9FNQ,is more colorful and has short sleeves.,has short sleeves and more colorful
shirt,train,shirt_train_05659,B001CP1M9K,B008FO5OYK,is a jacket,is a darker zip up jacket
shirt,train,shirt_train_05660,B006C23K4I,B0011ZGGQU,has a collar with buttons going down,is brown and is more formal
shirt,train,shirt_train_05661,B00A3SJHBC,B003HKQOJQ,is a blue plaid button down shirt with short sleeves,is a plaid button down
shirt,train,shirt_train_05662,B007Q8NTRA,B004O0TR7Y,is a long sleeve fading gray sweater,it has long sleeves with no pattern
shirt,train,shirt_train_05663,B007SH234Y,B007GZ9NVY,is darker,Desired item contains an image of multiple characters
shirt,train,shirt_train_05664,B00AK43KQW,B003K1EIR2,is black with mexico written on it,Is more sporty and colorful
shirt,train,shirt_train_05665,B00ENGPJUS,B00DRH63Z4,Has a lighter graphic., white letters
shirt,train,shirt_train_05666,B009E82UMA,B00306N1TI,is blue in color,is darker blue
shirt,train,shirt_train_05667,B008E6HKC8,B0098ZHEZW,is darker with short sleeves,has shorter sleeves and is black
shirt,train,shirt_train_05668,B007E4VVDA,B009QPNKKC,is blue with a Weyland Corp logo,is a royal blue t-shirt with wetland corp on it.
shirt,train,shirt_train_05669,B005NSKIRE,B00536FZQA,Has a different pattern with blue blue and white,Has a similar design but is red.
shirt,train,shirt_train_05670,B0028K3S2M,B0067FVN1M,is a light green colored shirt,is light green t shirt with a picture of palm trees
shirt,train,shirt_train_05671,B002M4DJW8,B008V64YZC,is green and a graphic on it,is green
shirt,train,shirt_train_05672,B007UZD5T6,B00B01ILAO,shorter sleeves and brown,is a short sleeved tshirt with a bear design on the front
shirt,train,shirt_train_05673,B006HT4W0W,B0038JC2RO,is green,is hunter green
shirt,train,shirt_train_05674,B008SF1VOI,B004SJX6SC,is darker adn has graphics,It has a darker color and less Hawaiian
shirt,train,shirt_train_05675,B0093N1RC0,B005OCEPA0,is masculine,is more flowy and masculine
shirt,train,shirt_train_05676,B008UTWM8G,B00AFHEZL8,has shorter sleeves without collar and is green,has shorter sleeves
shirt,train,shirt_train_05677,B003BSG9S0,B000XMQ6XA,is gray with navy borders,is lighter and has a blue collar
shirt,train,shirt_train_05678,B007E98HS2,B007P1GNN0,has a different logo,has Darth Vadar and Stormtroopers on it
shirt,train,shirt_train_05679,B006QY49VA,B007P5FHHY,is more fitting and brighter,white and not black
shirt,train,shirt_train_05680,B00FGCAENU,B005JMLZ9E,Has a larger graphic and is not monochromatic,it is blacker with white design
shirt,train,shirt_train_05681,B00APPDS22,B0098C7WSE,Is white,is white and has a bit logo
shirt,train,shirt_train_05682,B008O83ECQ,B00BNH57FM,has an image of Marilyn Monroe.,has a more revealing picture of marlyn
shirt,train,shirt_train_05683,B000HE7JIU,B00641ZVOE,is white in color,is lighter
shirt,train,shirt_train_05684,B002W8IEEM,B00B4M7HJU,is black with yellow words,is black with gold logo
shirt,train,shirt_train_05685,B009ZZ8GMA,B007JMV9B6,Has a print on the front.,has a larger white design on the front
shirt,train,shirt_train_05686,B0009GAYZQ,B00817DZ0G,is pocketed and is lighter color,is four tshirts
shirt,train,shirt_train_05687,B003YUBT2G,B0006SL8ZM,is an off white collared shirt,has collar and buttons and is off white
shirt,train,shirt_train_05688,B00AG8ZJDY,B009PPZHH2,is a black t-shirt with yellow dragon head motif and lettering,is more colorful
shirt,train,shirt_train_05689,B007ZIM3UA,B0031QKROY,is light in color,gray with different graphic
shirt,train,shirt_train_05690,B00AEJPDGI,B00BQ9SQSW,has a greener color with images,is yellow and has vertical graphics
shirt,train,shirt_train_05691,B008U9OMK2,B008MTYHNC,is more simple,is orange colored with a different pattern
shirt,train,shirt_train_05692,B00GBAA94K,B0042AYBQI,is solid grey with annapolis written on it,is gray
shirt,train,shirt_train_05693,B004QWYYRI,B005GPFZF4,is olive green with a different logo,is a beige shirt with a black silhouette
shirt,train,shirt_train_05694,B000ENHNC6,B001697MKA,is black in color,is a darker color
shirt,train,shirt_train_05695,B0080CBVRQ,B005HIR3IM,is darker and has different graphics,It is more black and more colorful
shirt,train,shirt_train_05696,B00CLIV8C8,B00CN6H3MW,is a short sleeved shirt with gray art,it has larger whire Superman imprint.
shirt,train,shirt_train_05697,B00AW0LETO,B00ERCQS8K,is lighter,is lighter in color
shirt,train,shirt_train_05698,B004OIOOPQ,B00ATSGK7U,has longer sleeves,it has hood and pocket
shirt,train,shirt_train_05699,B00CYK2LBU,B00DUVG492,is colorful,is darker
shirt,train,shirt_train_05700,B0095BJ8Y4,B0060P8E6Q,is a long sleeved different colored shirt,is red and has two pocket
shirt,train,shirt_train_05701,B00E40LN9O,B00E40LTO8,is darker,is blue
shirt,train,shirt_train_05702,B000JM0964,B004YQVXGG,has a name brand label,A darker white color without tie
shirt,train,shirt_train_05703,B0012NMXQS,B00A6AUKPE,is black with white words,is a black tee
shirt,train,shirt_train_05704,B007JYK94M,B0080HC1IE,has a solid color with a small front pocket,is lime green
shirt,train,shirt_train_05705,B004YVOQMO,B007R9EC4M,is white with a man smoking,has more white
shirt,train,shirt_train_05706,B0036XOM6G,B0036XN104,is red in color,is darker
shirt,train,shirt_train_05707,B007AD4FE2,B008VT4OX6,is more detailed,is bold and more masculine
shirt,train,shirt_train_05708,B004L2KIIC,B004L2KI8M,is brighter and more colorful,is lighter with plaid patterns
shirt,train,shirt_train_05709,B00CN6GN7S,B00CM2XYDE,is darker and has different graphics,has a bigger picture
shirt,train,shirt_train_05710,B00ANR1YGY,B005ZM6QR4,is a green color with a logo,is green and has band logo
shirt,train,shirt_train_05711,B00279XE3C,B00192I1Y0,is white with black stripes,has stripes
shirt,train,shirt_train_05712,B004CYW6EI,B0098VZ34U,is red,Is a brighter color with words
shirt,train,shirt_train_05713,B009143ZOO,B0043WS4GI,is dark colored with a different text,is black and wider
shirt,train,shirt_train_05714,B0089ODZTW,B000VRHM2Q,is black,is dark blue
shirt,train,shirt_train_05716,B008FGSQ98,B00AG250Q6,is camo and short sleeved,is a camouflaged t shirt
shirt,train,shirt_train_05717,B0096LLJQ8,B00260GYCA,is blue in color,is blue color with red and yellow graphic desgin
shirt,train,shirt_train_05718,B007JFEH26,B009D3E6MI,is feminine,is lighter colored and more feminine
shirt,train,shirt_train_05719,B00D2IX7XY,B00AVCCNRK,Is more wordy,has a flux capacitor image on it
shirt,train,shirt_train_05720,B00BJSJQUM,B00EO2VYDW,is white with diagonal strips,is a polo shirt that is white with gray and navy
shirt,train,shirt_train_05722,B00B6YNJW0,B003YHOMYQ,has rock graphic and is darker colored,is black with heavy metal logo
shirt,train,shirt_train_05723,B000W7LTEM,B000KD3X42,is a blue colored shirt with art,Blue with red train
shirt,train,shirt_train_05724,B00AW5QA6Q,B00719YXVK,is darker and more casual,is darker
shirt,train,shirt_train_05725,B007FTG6QQ,B0083F9F1O,The long sleeve shirt is black and gray with red lettering.,has no buttons
shirt,train,shirt_train_05726,B005916VEY,B00AQ761CS,has a short sleeve with multiple images,is light gray colored with blue graphic
shirt,train,shirt_train_05727,B009815LUQ,B005J6T0II,Is black with a larger graphic,is darker
shirt,train,shirt_train_05728,B002Y2HLIG,B00292EJ0E,is black in color,is black with white text
shirt,train,shirt_train_05729,B009LJ0434,B0081UEB2O,has buttoned front and has pocket,is darker and button down
shirt,train,shirt_train_05730,B0036NWEBG,B0036O3PKO,Is black,is black
shirt,train,shirt_train_05731,B008MC2SSA,B008MC1XFE,has a more vivid graphic and looks less nerdy,is scary and feminine
shirt,train,shirt_train_05732,B008VS41KS,B00CAI8AJI,is black with white buttons,is black
shirt,train,shirt_train_05733,B0036APD8U,B00352946Q,is white with a collar,is white with buttons
shirt,train,shirt_train_05734,B009R6ZUWQ,B002P7KKBK,is a black colored shirt with red text,is more faded
shirt,train,shirt_train_05735,B002CNTTL4,B005EHL59E,is black with white collar,is darker
shirt,train,shirt_train_05736,B001E443AO,B003SOR2EW,is beige color with centered art,is more colorul
shirt,train,shirt_train_05737,B004O41YW6,B003WGIGZ0,is blue,darker colored
shirt,train,shirt_train_05738,B006Z57I2M,B00B70OGSE,looks like a perfect match,is the same product
shirt,train,shirt_train_05739,B00AFEGVM2,B003LYB95W,is yellow with a gun,is yellow with black trim
shirt,train,shirt_train_05740,B005WJYKB4,B001VSUR6C,has a picture logo with caption,is a black tshirt with star trek emblem.
shirt,train,shirt_train_05741,B006H23NI6,B0084YXZE2,has multi-colored stripes and is darker,has more colorful stripes
shirt,train,shirt_train_05742,B00ADQ9KSO,B00A14T3CQ,is dark blue with small designs,is dark blue with smaller picture
shirt,train,shirt_train_05743,B004E0AQ1A,B00CNHXFVO,in blue and striped,is checkered
shirt,train,shirt_train_05744,B0057XRJZE,B00DQALX2K,is a darker blue shade,is darker
shirt,train,shirt_train_05745,B00606OP7C,B0083RHIKC,has longer sleeves and is pladi,is button up with long sleeves
shirt,train,shirt_train_05746,B004GRB516,B0085J51I4,has diamond written on it,has larger graphic and pink oval
shirt,train,shirt_train_05747,B007HKOJYO,B007VYSK5A,is red with a large animated face,is red with laughing face
shirt,train,shirt_train_05748,B005VLYIKQ,B009AVTGR8,is grey and has move sleeve,Is darker with shorter sleeves.
shirt,train,shirt_train_05749,B00GBAM484,B00G7WJTTI,has a larger graphic and more words,is less colorful
shirt,train,shirt_train_05750,B00DVWKEK0,B00CKSBJVE,is black colored with white dots,has a different graphic
shirt,train,shirt_train_05751,B006TG6BB6,B0092UHD2C,is more colorful and less artistic,is pink with black lettering
shirt,train,shirt_train_05752,B003O0N0LO,B001BL732U,is more bllue and white,is light blue and has no button
shirt,train,shirt_train_05753,B009PHDUZQ,B001ENMX3E,is identical,has the text outside the box graphic
shirt,train,shirt_train_05754,B001D8U0SK,B0007G96HK,Has short sleeves and a small logo on the top right chest area,is darker and has short sleeves
shirt,train,shirt_train_05755,B007RAZMMC,B0046LU0NG,is black colored with pockets and buttons,is darker and shinier
shirt,train,shirt_train_05756,B000N256LS,B005I6UPYM,is black and a polo style with no graphic,is black and has button
shirt,train,shirt_train_05757,B003T4SBFK,B009ZA58G2,The shirt is blue in color with white writing.,has different text
shirt,train,shirt_train_05758,B002Y4M3F0,B004YXNOJI,has turquoise stripes,has blue stripes
shirt,train,shirt_train_05759,B005QFY4OW,B00387E6XE,is a darker color with a repeated beer name,is darker in color
shirt,train,shirt_train_05760,B00AOCAYZ0,B00BWTZ6IY,Is green with slightly longer sleeves,has short sleeves and a green color to it
shirt,train,shirt_train_05761,B008GE8WKW,B000O02ONW,is large and black,has one image and a name on front
shirt,train,shirt_train_05762,B007SORUOU,B000BNUBXW,has a zombie icon,has zombie logo and is black
shirt,train,shirt_train_05763,B00FLKTMBM,B00F9SRHZE,has longer sleeves and no buttons and collar,is beige and black color
shirt,train,shirt_train_05764,B009ME1F22,B0084NYHL8,is more pink and abstract,Is pink with contrasting cuffs
shirt,train,shirt_train_05765,B008NRUNU4,B0089FL5RU,White and doesn't have tribal logo,lighter colored
shirt,train,shirt_train_05766,B007IDM66I,B007IDFK7A,is lighter and more colorful,is green
shirt,train,shirt_train_05767,B0075AMJTS,B0015076WY,is red,has more multi colored graphics
shirt,train,shirt_train_05768,B005H24PHU,B00FH3FM7G,is similar,It has black and yellow at the back
shirt,train,shirt_train_05769,B00BD54FJI,B00C1BJPQ6,is a grey t shirt with no collar,is a t-shirt
shirt,train,shirt_train_05770,B007IKUH80,B0013HSUE2,Is lighter with a 'three stooges' logo,is light gray
shirt,train,shirt_train_05771,B008GE8QIK,B001ENR5TG,is brown with blue designs,is tan with pale blue picture
shirt,train,shirt_train_05772,B0013KWRS4,B00857JA5Q,striped different material,is darker and has stripes
shirt,train,shirt_train_05773,B009LELPH8,B00DHYLUIC,has number '1' in it,is more faded
shirt,train,shirt_train_05774,B005ZAAQ68,B000MF94AK,is lighter in color and a looser fit,is lighter colored
shirt,train,shirt_train_05775,B0087F54YW,B005DHWXF0,is lighter,has a plus sign on it
shirt,train,shirt_train_05776,B0058PDYFU,B004TVH1HQ,short sleeved and brighter colored,is blue with shorter sleeves
shirt,train,shirt_train_05777,B00AOJHKL4,B00CBPA0MU,is white with longer sleeves,has exposed buttons and no pocket
shirt,train,shirt_train_05778,B000X74Y5M,B003JU97WK,is a dark colored with patterns,is long-sleeved and ruffled
shirt,train,shirt_train_05779,B004U9F55M,B0085JR9B6,Is more casual and has no sleeves,is a blue tank top
shirt,train,shirt_train_05780,B000KD21WC,B000KD7ZK0,is dark grey in color with yellow train image,is darker
shirt,train,shirt_train_05781,B00BFX64F6,B00AJWOR9E,is more green with a different pattern, red and green writing
shirt,train,shirt_train_05782,B007JFCWSW,B0081367VY,The shirt is black in color with black writing.,is lighter colored
shirt,train,shirt_train_05783,B002X0NZ3O,B006KF2WZK,is lighter,is more tropical
shirt,train,shirt_train_05784,B005K8LYCU,B004KMVTCC,has red colors,is tighter
shirt,train,shirt_train_05785,B007SH1VMY,B007GQCM84,has a different logo,has a Lord of the Rings image on it
shirt,train,shirt_train_05786,B0036DE86K,B0039NMNH8,is white,is lighter in color
shirt,train,shirt_train_05787,B000RO0LH6,B000WH74FA,is black,is black and has bigger logo
shirt,train,shirt_train_05788,B004NBXY4G,B001W3KILA,is darker in color,Is red and white smaller stripes
shirt,train,shirt_train_05789,B006YIQ7OA,B00DNNY6T2,is darker with no collar,has no buttons or collar
shirt,train,shirt_train_05790,B009KFR63A,B00801PZTW,is beige with a collar and buttons,is cream colored
shirt,train,shirt_train_05791,B00BZAXN6M,B005S6NN6Y,has no sleeves,is a darker tanktop
shirt,train,shirt_train_05792,B00DENRV8O,B00DE0MLZ0,a tee with graphics all over,is darker
shirt,train,shirt_train_05793,B005BTODVM,B005TY17PE,has no graphic,has less graphics
shirt,train,shirt_train_05794,B009VW8U6E,B00A225HOU,is gray,is grey and has Native American on front
shirt,train,shirt_train_05795,B001YHEJVY,B0016K7X7Q,is dark blue in color and is short sleeved,is cotton and has shorter sleeves
shirt,train,shirt_train_05796,B001E2045O,B00573M5AI,is darker in color,black shirt with skull and metallica on it
shirt,train,shirt_train_05797,B000J4NHMA,B007RSZ8LY,is black and white with a figure,is more simple
shirt,train,shirt_train_05798,B00AVMONC8,B008YDVMUW,is a white t shirt with a face printed on it,is a white T shirt with a black face on it
shirt,train,shirt_train_05799,B005DHGJZK,B007LWLZZ4,is a red tee shirt,is solid red with black logo
shirt,train,shirt_train_05800,B004Y9DHIK,B00BCP7TBA,is darker colored,is darker
shirt,train,shirt_train_05801,B00F63UTBG,B00EDLTF3A,is a tshirt,has shorter sleeves
shirt,train,shirt_train_05802,B006TUXG5Q,B00ECIBYWE,has animal print sleeves and no buttons,no button collar animal print arms
shirt,train,shirt_train_05803,B001CP1M9K,B009XU5WSS,has longer sleeves and plain pattern,long sleeves solid white
shirt,train,shirt_train_05804,B0040V5UNC,B00BMP1TAM,is long sleeved with yellow,A plaid long sleeve with black
shirt,train,shirt_train_05805,B00AJHLN46,B00AJHLG3O,is lighter, patterned and shorter sleeved
shirt,train,shirt_train_05806,B00008JQXJ,B008K60CEU,is long sleeved red striped shirt,A red and white striped shirt w/ brown tie
shirt,train,shirt_train_05807,B003Y3ZM6C,B000YVGOA0,is identical,is the same
shirt,train,shirt_train_05808,B00CBJU83M,B00B0ONOHG,is a large black t-shirt,is black and a tee shirt
shirt,train,shirt_train_05809,B000IZT9HC,B000IZTBHU,is more formal,it is brown with a blue pattern
shirt,train,shirt_train_05810,B00B99JETE,B004E8NH5Y,is red with checks on it,is red with black lines
shirt,train,shirt_train_05811,B001GPMC3G,B00ARUJIJ2,Is more red and logo,it is red
shirt,train,shirt_train_05812,B006UKX8CG,B009MLZKLW,has a superman logo,is tighter
shirt,train,shirt_train_05813,B0091VKWIE,B006G03EC4,is black with tan logo,is darker and less graphic
shirt,train,shirt_train_05814,B001LZT0P4,B001LV8F7W,The shirt is black in color with white skulls.,is darker in color
shirt,train,shirt_train_05815,B0017DSC3Q,B0018IXE7E,has a larger more colorful graphic,has a different graphic
shirt,train,shirt_train_05816,B00ASP0N90,B009WS7TAU,is a dark colored shirt with an image,is a black shirt with an eagle on it
shirt,train,shirt_train_05817,B004RVQQUQ,B00C1LRN42,is lighter with different graphics,has more green color to it
shirt,train,shirt_train_05818,B0099UEPNK,B003ZK1LJG,a short sleeved green tee,green short sleeve with graphics
shirt,train,shirt_train_05819,B0009G9QA0,B000RMUA56,is black,Is grey in color
shirt,train,shirt_train_05820,B00270SEK4,B0058Z0EHQ,has one hem and is less shiny,is a red tank top
shirt,train,shirt_train_05821,B004UGP36G,B001NA99U8,has longer sleeves and a dress shirt,has longer sleeves and is blue
shirt,train,shirt_train_05822,B006IKQDDO,B0071CGFWW,is lighter,is white and has short sleeve
shirt,train,shirt_train_05823,B0067EYQJO,B007ZKB9A8,is darker and has longer sleeves,is plaid and less casual with long sleeves
shirt,train,shirt_train_05824,B002N8A368,B006C9VODU,More black and design,is a darker color
shirt,train,shirt_train_05825,B001KJ74R2,B000YVV73O,is a shirt with long sleeves and a horizontal strip.,has no imagery and more designs
shirt,train,shirt_train_05826,B005TS27VS,B005TS25IS,is darker in color,is darker
shirt,train,shirt_train_05827,B0050353ZE,B0085U9WN8,has a purplish cross pattern,is longer in length is lighter in color
shirt,train,shirt_train_05828,B00E3DISB8,B0073VBMFQ,is black with blue and red designs,is black with a Barack Obama 2012 photo
shirt,train,shirt_train_05829,B004M8T9O4,B006027YXI,is yellow with another design,is a yellow shirt
shirt,train,shirt_train_05830,B004W924O0,B00551IAZG,is similer],Is not as colorful
shirt,train,shirt_train_05831,B006YZTCQ8,B008FTQYIU,is identical,has the word wolf on it
shirt,train,shirt_train_05832,B00876F2L6,B00874GQ8Q,is blue,is light blue
shirt,train,shirt_train_05833,B003H1XZKQ,B00ANR1YGY,Is white and less colorful,is white with a black Sonic Youth graphic
shirt,train,shirt_train_05834,B003CF9ZGK,B001IDZ9ZO,has longer sleeves and is black,is black and white and stylish
shirt,train,shirt_train_05835,B009ZAEJM6,B00GNJL49I,is a dark blue t shirt with graphic on shoulder,is brighter in color
shirt,train,shirt_train_05836,B00AOI98NI,B006WVIRWO,is darker and not a gradient,Is black in color
shirt,train,shirt_train_05837,B00C1LWSLU,B00B315ZX2,is faded,has a lighter logo
shirt,train,shirt_train_05838,B002UHJK7A,B003KBIG16,Is less casual and more patterned,is a long sleeved flannel
shirt,train,shirt_train_05839,B00A83JB2W,B002EPYXVG,is light red,is a pocketed polo style shirt
shirt,train,shirt_train_05840,B007W2X61E,B00BMDW9LC,is black colored with art,has short sleeves
shirt,train,shirt_train_05841,B00AVCCNRK,B0080PYXB4,More wordy,has no graphic just text
shirt,train,shirt_train_05842,B007006URU,B000YHQGV6,is green and has several big cat staring through foliage,is darker and has more wild felines
shirt,train,shirt_train_05843,B001UE9448,B002LS9O56,Is more blue and chic,has a lighter color
shirt,train,shirt_train_05844,B000IPD7TI,B003U25PSM,is beige,is khaki with two pockets
shirt,train,shirt_train_05845,B0059AZI5I,B00CB3ET4M,is yellow with black words,is a yellow T shirt with text
shirt,train,shirt_train_05846,B006LGTJJA,B008Z85LMG,is more formal and has plaid,It is checked and has a longer sleeve
shirt,train,shirt_train_05848,B004IBZEAI,B00CUYTO9C,Is grey and has no sleeves,Desired item is grey tank top picturing a handgun
shirt,train,shirt_train_05849,B006C95LP2,B002RL84XK,is a blue polo shirt,is a solid blue polo shirt
shirt,train,shirt_train_05850,B007E5DI76,B002ONCRE8,has longer sleeves with collar and buttons going on,is longer sleeved
shirt,train,shirt_train_05851,B006H6WNQ0,B00CNWYO0A,is brighter in color,is white with a face picture
shirt,train,shirt_train_05852,B003SI44XU,B003TPXSZW,is darker,is less black and shorter logo
shirt,train,shirt_train_05853,B009O5FB7O,B00580KQO2,is darker,is blue with the anatomy of a Creeper on it
shirt,train,shirt_train_05854,B003WY85O4,B007SOS2A6,is gray with a different logo,is grey colored with a different graphic
shirt,train,shirt_train_05855,B007R1OJPM,B00B9DALK6,It's the same thing,is faded
shirt,train,shirt_train_05856,B00426DS0C,B006049YOS,has horizontal stripes and shorter sleeves,has stripes
shirt,train,shirt_train_05857,B0061RXQ0M,B009L3DBQC,is a dark sleeved shirt with text,is green with longer sleeves
shirt,train,shirt_train_05858,B000NJBW6O,B00A6HN7TS,is slim and black,is black with a similar design
shirt,train,shirt_train_05859,B0049DIVR8,B008IVP3KU,is a white t-shirt with chevrolet car motif,Has a larger decal
shirt,train,shirt_train_05860,B007T2H3IE,B007T2GZGU,has more colorful flowers,has a different graphic
shirt,train,shirt_train_05861,B009ZH9LQI,B00C0W2JBE,has white lettering,has a different graphic on the front
shirt,train,shirt_train_05862,B00AYKS12U,B004TBFN4Y,is black with words on it,has a different logo
shirt,train,shirt_train_05863,B005TF7NPQ,B006R5S2MA,is a dark shade of green,is green with a quote on the front
shirt,train,shirt_train_05864,B007JOQHUW,B002J6DU2I,is millitary,is a blue tee shirt
shirt,train,shirt_train_05865,B009KFDAK8,B007KDGD0G,is a darker color with a simpler graphic,is less random
shirt,train,shirt_train_05866,B00BL86TV4,B007IVSZJC,Is lighter and has a different graphic,has more blue to it
shirt,train,shirt_train_05867,B0067FDLKS,B007WU0A7O,has short sleeves and grey color,is lighter
shirt,train,shirt_train_05868,B009ZPMURM,B001ADGBA4,is more crazy,it is patterned
shirt,train,shirt_train_05869,B00579DQDM,B0053YAURQ,is a dark colored wresting jump suit and sleeveless,has shorter sleeves and is darker
shirt,train,shirt_train_05870,B007SH26EG,B007SH234Y,Has Legolas picture on shirt.,has an elf not a hobbit picture
shirt,train,shirt_train_05871,B000VTI5MA,B00BGFMKKQ,Is black and has a different logo,is much darker in color
shirt,train,shirt_train_05872,B00B5PPYNW,B00CM2Y3WA,is short sleeve and more manly,is black and has short sleeves
shirt,train,shirt_train_05873,B007ENUNEE,B007ENXVWU,is dark colored with white colored images,has less color graphics
shirt,train,shirt_train_05874,B006G8W1K2,B00AHUPUOY,is white with a different logo and short sleeves,is white with short sleeves
shirt,train,shirt_train_05875,B0076ILS9Q,B009A56EE2,is a solid color,is solid white and has a straight shirt tail.
shirt,train,shirt_train_05878,B00AIK0QIS,B002I639HA,is green with checkers on it,is less formal
shirt,train,shirt_train_05879,B005M8MB0C,B00D99D9AW,has what the frell written on it,has a slogan on the front
shirt,train,shirt_train_05880,B00C6EU1TS,B00FDW5LOU,I want longer sleeves and darker color.,is black with longer sleeves
shirt,train,shirt_train_05881,B00520DX7K,B006C9CJZ2,is a black color Gears of War 3 shirt,is black with a red picture
shirt,train,shirt_train_05882,B005J2EAFA,B0078WNCOE,is white with no sleeves,is white with no sleeves
shirt,train,shirt_train_05883,B00BS2KJ46,B007TBFEPE,has a pink color with a small logo,has one butterfly and is light pink
shirt,train,shirt_train_05884,B001YHEJVY,B00173EPLY,Has shorter sleeves,is grey with white lettering and short sleeves
shirt,train,shirt_train_05885,B0017WM6ZM,B00AOJHNJI,is more of a floral print,is more floral and hawaiian
shirt,train,shirt_train_05886,B0070LUEVC,B00BMBIRZQ,is pink in color and has colorful print,is darker
shirt,train,shirt_train_05888,B00BTNHNJ8,B00C201FYQ,is a short sleeved black shirt with contrasting art,is darker with red letters
shirt,train,shirt_train_05889,B00BPASOM0,B0043KSIGQ,has less bright stripes,is blue colored with beige stripes
shirt,train,shirt_train_05890,B00B80JXZO,B005XHDMSW,is less formal and has stripes,is less formal
shirt,train,shirt_train_05891,B007T7D8NI,B007T78KRC,Has longer sleeves and stripes,Has longer sleeves
shirt,train,shirt_train_05892,B004KM3J1Q,B004NPAQHA,Is more casual,has longer sleeves
shirt,train,shirt_train_05893,B007907Z0M,B007OXAXBC,is more green and less contrasting,has less red
shirt,train,shirt_train_05895,B0090KCB80,B007PORPMU,Is a preppy grey and green v neck,it is gray and stripped
shirt,train,shirt_train_05896,B00C8AZM6C,B006IIX5EG,is grey colored,is grey with white text
shirt,train,shirt_train_05897,B00BI3AG66,B006201MNG,has shorter sleeves and is more casual,is black with no buttons
shirt,train,shirt_train_05898,B0019TV4MY,B00563CNYM,is white with a truck and wording,is white shiny and has large logo
shirt,train,shirt_train_05899,B004XL1HF4,B004PW8Q64,Is a darker color,is lighter
shirt,train,shirt_train_05900,B0009G7ZU8,B0027AJSRM,is a light yellow tee shirt,is darker in color
shirt,train,shirt_train_05901,B009SDBILU,B009SDHB7U,is a blue t shirt,is blue in color
shirt,train,shirt_train_05902,B00E7MO5LC,B00CWA1MEY,The shirt is black in color.,is black with lighter buttons
shirt,train,shirt_train_05903,B004BZDWGY,B00AAX06VU,has a darker logo,A solid black shirt with a circle design on front
shirt,train,shirt_train_05904,B006KCABZ6,B00E0W9ZWI,Darker and doesn't have logo,has less logo graphic
shirt,train,shirt_train_05905,B0042AOWMG,B00A8HDSNG,is blue with gray designs,is lighter in color
shirt,train,shirt_train_05906,B006Z8G802,B001H0F1RO,is a white sports fitness shirt,is lighter
shirt,train,shirt_train_05907,B004COAPPU,B0026GSGZM,is more green and doesn't have a pocket,The shirt is green.
shirt,train,shirt_train_05908,B00BXKD2AQ,B00ENP0OXG,is darker,is darker
shirt,train,shirt_train_05909,B005Z1IDBC,B004TU2XES,has more color and graphical,is brown and has a different graphic
shirt,train,shirt_train_05910,B007F9OB6S,B00A9ZIRZQ,has longer sleeves and button,has longer sleeves and is a darker color
shirt,train,shirt_train_05911,B004LUGE9Q,B000LMSW4S,is lighter in color,Item is grey with comic image on the chest
shirt,train,shirt_train_05912,B007F85HGM,B009VBXOV6,has longer sleeves,has much longer sleeves
shirt,train,shirt_train_05913,B00C1LKXRG,B00CKZ5TZY,is the dame as the provided product,is longer
shirt,train,shirt_train_05914,B00CR90NWM,B008QV2MBU,is more less formal,it is checked
shirt,train,shirt_train_05915,B00BI399PK,B006BPZFGM,is pale grey and more casual,It is short sleeved
shirt,train,shirt_train_05916,B0087F54YW,B00658NT2C,is a striped button down, orange
shirt,train,shirt_train_05917,B00C6ACT06,B007N7CCMC,has longer sleeves and a plaid pattern is more formal,is a plaid button down shirt with long sleeves
shirt,train,shirt_train_05918,B00ASK8MN4,B0098WCQT4,is white with colorful feathers in  logo,A white shirt with Indian face with feathers
shirt,train,shirt_train_05919,B004C4YOC0,B005VF6RL0,is black with call of duty,more green color
shirt,train,shirt_train_05920,B0017WNVWY,B0038MPGBA,is navy blue,a navy short sleeved ribbed collar button down
shirt,train,shirt_train_05921,B008J0W0XS,B008PI9X1Q,is more monochromatic and less sporty,Pack of solid colors shirts
shirt,train,shirt_train_05922,B007W4O8IC,B001D5ZJ02,is solid black,has more grey and less designs
shirt,train,shirt_train_05923,B003EEN7X6,B002ZPGHIW,is a bulb,is not clothing but a light bulb
shirt,train,shirt_train_05924,B009B5O3VM,B00AOBNVHY,is white collar short sleeved shirt with blue polo image,is white and much plainer
shirt,train,shirt_train_05925,B007F9OB6S,B00026OJRC,The shirt is long sleeve and is gray.,is a long sleeved grey button up shirt
shirt,train,shirt_train_05926,B001HSMYF8,B004N3BADQ,Is tan and more casual,has short sleeve and is brown color
shirt,train,shirt_train_05927,B007TWQ4VQ,B00DV16VLW,is a college sport shirt,is grey with long
shirt,train,shirt_train_05928,B009T4M39Y,B00A4OQY5M,is more geometric and less cartoonish,has a smaller logo and is printed on a grey tee.
shirt,train,shirt_train_05929,B004HO6FQ8,B003WHE2VG,is black and is about hunting,is black with orange writing
shirt,train,shirt_train_05930,B005H29FEI,B002EB9GB2,has less written words, buttons
shirt,train,shirt_train_05931,B00BQ20UD8,B009ZH9NGG,is black in color, black shirt with white print
shirt,train,shirt_train_05932,B005JN5SFK,B000SQAZA6,is a simple tee shirt with a movie quote,is darker
shirt,train,shirt_train_05933,B004H7REGK,B004T8S9J8,is blue with a fish,A light blue solid shirt.
shirt,train,shirt_train_05934,B005ESOD2Y,B005F5Y9KM,has more verbage and darker graphics,has no golden design in the center.
shirt,train,shirt_train_05935,B0072C69B8,B005H7Z7YA,is more athletic,is green and long sleeves
shirt,train,shirt_train_05936,B00AP5QKHC,B009PPFJCU,is blue with 4 lines of writing,is purple with white logo
shirt,train,shirt_train_05937,B005H2BDZW,B003H3Q09M,has a darker color and a text print,is darker
shirt,train,shirt_train_05938,B0047PYBCM,B004E5HTCE,is black with red and white designs,is black white and red
shirt,train,shirt_train_05939,B003E9JSCU,B0078YC85G,is more dressy looking,has a collar and is a button up
shirt,train,shirt_train_05940,B0047MZER6,B004ISKWNA, tighter fitting,has shorter sleeves and is darker colored
shirt,train,shirt_train_05941,B007QICCGY,B006BL46WK,is a white colored short sleeve shirt with pockets,has shorter sleeves and a pocket
shirt,train,shirt_train_05942,B008P8A1F8,B005LCNNWO,is a black tshirt,is less red and less words
shirt,train,shirt_train_05943,B0096A1AAY,B00C2ZFBEG,has a bird on it,is lighter
shirt,train,shirt_train_05944,B0056AT3Q6,B005EZTFSO,is black in color,Is women's tee with German corset top graphic
shirt,train,shirt_train_05945,B007TOXV8I,B008RTRHSY,a black tank top with a symbol and slogan,has different print on it
shirt,train,shirt_train_05946,B00CBDHO4Y,B009A566YK,has pockets,has pockets on both breasts
shirt,train,shirt_train_05947,B004YWQJSW,B0071UM94M,is simpler and has more contrast,has no color and more graphics.
shirt,train,shirt_train_05948,B0012PUNRW,B003NRLP9C,Is more bright and less fitted,is of a bright yellow color
shirt,train,shirt_train_05949,B002KQ6N4Y,B001WSN5YM,is purple with a band,Is blue with The Beatles logo on it
shirt,train,shirt_train_05950,B00CBP7GZY,B008POB3K4,The shirt is black in color with red writing.,is black with red text
shirt,train,shirt_train_05951,B0042ESUFC,B007BH80PC,is white colored with more text,has middle logo and is white color
shirt,train,shirt_train_05952,B00880ZOXW,B008MHFO5E,is a button up with a collar,is more formal
shirt,train,shirt_train_05953,B005KKBF9K,B00AIU3G5S, has a zip and longer sleeves,is black and has collar
shirt,train,shirt_train_05954,B006LGM0ZU,B00C6W6PL8,Is a call of the wildman shirt.,is green with cartoon logo
shirt,train,shirt_train_05955,B00CJ2097G,B005X5NBHG,is much brighter in color with no stripes,Is brighter and less patterned.
shirt,train,shirt_train_05956,B009E6T4NU,B0094IUQFI,is white and blue with a hood,is a white pullover with blue sleeves and hood
shirt,train,shirt_train_05957,B0059AN8FK,B003YSWQXE,is tighter with a different solid color sleeve,has red arms and black shirt
shirt,train,shirt_train_05958,B008RRJYPK,B000LBKN3M,is larger and black,has text on the back of the black tee.
shirt,train,shirt_train_05959,B0072D8LV8,B000I7KTGA,is darker,is purple with a different graphic
shirt,train,shirt_train_05960,B00AE00GD2,B004AHL4WM,is darker and has sleeves,has longer sleeves
shirt,train,shirt_train_05961,B00BHSKKUY,B00B5S1DNY,has red stripes horizontally,is black with red lines
shirt,train,shirt_train_05962,B004VLGDVE,B0076ILS9Q,is lighter,has blue line and is light yellow
shirt,train,shirt_train_05963,B0095D8DHA,B00919PIQW,is white with a pattern,is a white long sleeve tshirt with a round collar.
shirt,train,shirt_train_05964,B008S7E1W0,B0045QJEYI,is brighter and long sleeved,is long sleeve and fitted waist
shirt,train,shirt_train_05965,B008FQ1QDQ,B009I4XHQI,is lighter and different graphic,is gray with colorful lettering
shirt,train,shirt_train_05966,B007X5NEW6,B004J89WSU,is black with a Charmed logo,is black with red lettering
shirt,train,shirt_train_05967,B007FUG64W,B007FUGZI4,is blue with a white graphic,is blue with white lettering
shirt,train,shirt_train_05968,B001G2AED4,B00EHQJ3T2,Is more blue and less casual,has a color and is an athletic style
shirt,train,shirt_train_05969,B006JATQWI,B003H9N73I,is brown,is more brown colored
shirt,train,shirt_train_05970,B004GJ0JQ6,B003XQG9ZI,has floral print,has longer sleeves and a camoflage pattern
shirt,train,shirt_train_05971,B00DRD4M3S,B00CEJBOFK,is lighter with different graphics,is light grey in color
shirt,train,shirt_train_05972,B006SHDD4E,B00BQ9G6UW,is darker in color,is more darker and has no pockets
shirt,train,shirt_train_05973,B00DEMN8DW,B001KJ74R2,Is more shirt and wordy,is darker in color and more practical to wear
shirt,train,shirt_train_05974,B008F4SAJG,B001GTVE1S,is less colorful and brighter,is a white tee shirt
shirt,train,shirt_train_05975,B007NR5JNG,B0014E081W,is yellow with shorter sleeves,it has a short sleeve and few buttons
shirt,train,shirt_train_05976,B009E8CE7Q,B0062TFX4Q,Is solid white with no collar,Is lighter and more solid.
shirt,train,shirt_train_05977,B00CMVSNSG,B005RUI0BE,is a black fitted button shirt with long sleeves,is black and has long sleeve
shirt,train,shirt_train_05978,B007KZJ2IE,B0042DD09O,are both identical,is blousy
shirt,train,shirt_train_05979,B005THEWQW,B004JGJDPY,has orange logo color,has an orange motif
shirt,train,shirt_train_05980,B004FLWO0O,B0081BFC7G,Red and has an Angry Bird on it,is bolder
shirt,train,shirt_train_05981,B008UTDMNU,B00DGM0LYO,is black with one zipper,is darker
shirt,train,shirt_train_05982,B00DRG01DK,B009AIZKWG,is a simple light colored tee shirt with no image,is white and more casual
shirt,train,shirt_train_05983,B0096A1ML6,B00FISJ186,has red designs,is lighter
shirt,train,shirt_train_05984,B002CNVNGI,B0085XIDDA,Is more blue and has more  buttons,Light blue
shirt,train,shirt_train_05985,B00683X1HC,B0087J4NT0,is blue colored with text,is more colorful
shirt,train,shirt_train_05986,B000KE2JS2,B00138QBX8,is blue in color and no symbols or text.,is childish
shirt,train,shirt_train_05987,B007K3IXZ4,B005X5ZX8Q,is darker and less wordy,is darker
