category,split,query_id,candidate,target,caption_1,caption_2
toptee,train,toptee_train_00000,B000FLD4AC,B005LUQ0FI,has no sleeves and is light pink, pink
toptee,train,toptee_train_00001,B007GO6I4K,B00AKPE8XU,is sleeveless and has brighter colors,is much more colorful
toptee,train,toptee_train_00002,B00A4LM6L6,B006R7HLOS,It is a grey shirt with green letters.,has pawn star on it
toptee,train,toptee_train_00003,B003ZVIWL0,B00355BRZE, brown and green in color.,is lighter
toptee,train,toptee_train_00004,B00FFGZ2JI,B00CA90III,is lighter and has shorter sleeves,short sleeves yellow and grey stripes
toptee,train,toptee_train_00005,B0096HNR1C,B00C3X89XC,The shirt is loose fitting and is beige,has pinkish necklin
toptee,train,toptee_train_00006,B00CC2IUZG,B0009I89QK,is lighter,is much lighter in color
toptee,train,toptee_train_00007,B00A4DOGUI,B004NEIFTW,is female fitted with different logo,is more feminine and fun
toptee,train,toptee_train_00008,B0098LVLV4,B004P4KT0I,is pink with longer sleeves,is a 3/4 long sleeves
toptee,train,toptee_train_00009,B00BRCLPJ0,B00AGC2MP8,left longer sleeves not see through,Has longer sleeves
toptee,train,toptee_train_00010,B00ELMUDQO,B007LCPQMC,is a lighter color, shirttail hem
toptee,train,toptee_train_00011,B00EUUPAG0,B00AIIVM10,is floral dressy like,is colorful and longer sleeves
toptee,train,toptee_train_00012,B009IAQJRG,B00CDC2OB6,is black with uneven design,it is black and has no collar
toptee,train,toptee_train_00013,B00BXDTB4O,B00BN7J8OI,is a grey buttoned vest, and has no sleeves.
toptee,train,toptee_train_00014,B006SF627Q,B005SH65WM,has a shorter sleeve,is red and looser
toptee,train,toptee_train_00015,B009S284XQ,B005FOFYXE,The shirt is short sleeve and is black in color.,is black and features white and black stripes
toptee,train,toptee_train_00016,B000X1MC2U,B000EP103M,has a different dog,has a white and black graphic detail
toptee,train,toptee_train_00017,B0091J1GNQ,B00AJJ9XJQ,is dark blue colored and has sleeves,has longer sleeves and is navy
toptee,train,toptee_train_00018,B004KUUJHA,B001Q54LNA,The shirt is green with white writing.,is green with white image
toptee,train,toptee_train_00019,B008C01WNO,B006STQH3Q,is shorter sleeved and darker in color,is darker and has shorter sleeves
toptee,train,toptee_train_00020,B00A9CBCWY,B009UST8VK,Is less wordy,has a red and blue flag graphic
toptee,train,toptee_train_00021,B00BJU8UYI,B00D4FUXSM,is a darker blue and sexier,is blue and has off shoulder
toptee,train,toptee_train_00022,B008NFLQ6Q,B007HCAFH2,has longer sleeves with leopard print,is sheer with an animal print
toptee,train,toptee_train_00023,B00BI4T02G,B006G3BHG6,is white colored and has longer sleeves,is long sleeved and has a lower neckline
toptee,train,toptee_train_00024,B00CBBFRCM,B008SBEFYK,is white and fitted,has both shoulders exposed
toptee,train,toptee_train_00025,B006L1F72I,B00B72EMB8,is a short sleeve solid black,is more plain and has short sleeves
toptee,train,toptee_train_00026,B0010ZFN10,B00BQMGR58,is white with some detailing,smaller arm hole white more ripples
toptee,train,toptee_train_00027,B00C7CSURY,B00C7CTESI,has horizontal stripes,has longer sleeves and is stripe coloured
toptee,train,toptee_train_00028,B0046IB5PQ,B001GJ3T4I,is suede.,is more brown colored
toptee,train,toptee_train_00029,B00BBW5A5Q,B002RNR1QY,is black with sleeves,is a draker color and less revealing
toptee,train,toptee_train_00030,B0051GLDKO,B00417RX5S,has tie shoulder and less black,is black without sleeves
toptee,train,toptee_train_00031,B00CFRY0FW,B000NRL2SE,is paisley with no buttons,is colorful with a nice pattern
toptee,train,toptee_train_00032,B006NKNNNM,B00DP3447O,is blue and much more summery,is a blue shirt in similar style with darker borders.
toptee,train,toptee_train_00033,B008OGWITI,B0049MOEGG,is darker,is pink with rounder neckline and cinched under bustline
toptee,train,toptee_train_00034,B0025V86V2,B0025VCDWU,is red,is pink only
toptee,train,toptee_train_00035,B005T3YF5Y,B00B72HHJW,has long sleeves,Has longer sleeves
toptee,train,toptee_train_00036,B00B44Y822,B00B44W04U,has longer sleeves,is red with long sleeves
toptee,train,toptee_train_00037,B007TKI08I,B007TKI1S2,is pink,is pink
toptee,train,toptee_train_00038,B00590I38M,B004GUTOO8,Is more flowing and floral,has more colors and longer sleeves
toptee,train,toptee_train_00039,B00BQN1G4O,B00CSLLYG8,The shirt is short sleeved and white in color.,is white and more wide
toptee,train,toptee_train_00040,B004NQUMV4,B000NFAY6W,has long sleeves and is red,is red with longer sleeves
toptee,train,toptee_train_00041,B00C3X7NZM,B002C4WWLC,white longer babydoll style,is white and sleeveless
toptee,train,toptee_train_00042,B0069VGMOM,B00AW8T5TC,has longer sleeves with buttons,is 3/4 sleeve black button down
toptee,train,toptee_train_00043,B008D36WCQ,B00AT6Q1GM,Is more  whimsical  and has no sleeves,has no sleeves.
toptee,train,toptee_train_00045,B005X8U09U,B007FOEVQS,is darker,has white and black pattern
toptee,train,toptee_train_00046,B008XOYB78,B00DHW2CO0,is darker,is darker in color
toptee,train,toptee_train_00047,B00AZP2X96,B00B11Z9TE,is a pastel print with small shoulder straps,is less revealing
toptee,train,toptee_train_00048,B007ZTC3LI,B006NFRPW2,Is brown with a different logo,is brown and pink logo
toptee,train,toptee_train_00049,B000OT9CO2,B00EHAS05G,has yellow butterfly logo on it,has yellow graphic image
toptee,train,toptee_train_00050,B00DF23M8C,B00EEAP0T8,has no sleeves and has a sexy bow,it is animal print and had no sleeve
toptee,train,toptee_train_00051,B0074BJHG6,B0075GVMH2,is less revealing and multi-colored,two toned blue and pink longer waiste less revealing
toptee,train,toptee_train_00053,B0047PASFG,B006T438A0,is a lighter shade of blue with a large white car,has larger image and is grayer
toptee,train,toptee_train_00054,B007IRMTUC,B009T57AUK,is darker colored and has longer sleeves,is black with long sleeves
toptee,train,toptee_train_00055,B00BY3K5H0,B008AU6X62,Is satil and more elegant,longer sleeves solid shiny blue
toptee,train,toptee_train_00056,B00DC99584,B0060ODA3O,is a belt,is a batman belt
toptee,train,toptee_train_00057,B009YJEHN4,B006GHBOMY,is lighter,is mix colors and has larger v-neck
toptee,train,toptee_train_00058,B008CG0PX6,B00AZL8D7G,is darker blue with a louder pattern,is a full button up without the frills and a neon pattern print.
toptee,train,toptee_train_00059,B00B5A7SHW,B00CN5LOLO,is blue without stripes,is blue and doesn't have stripes
toptee,train,toptee_train_00060,B0089K2RMW,B004WI8BEI,dark colored and has short sleeves,doesn't have ruffles
toptee,train,toptee_train_00061,B005NY6PLQ,B005NY6KKW,is red with black trim and loger sleeves,is darker
toptee,train,toptee_train_00062,B008H38JM8,B002LBND9Q,is darker and more formal,is dark colored
toptee,train,toptee_train_00063,B008CPLUPE,B008R4XVZW,Has sleeves and less colorful,is darker
toptee,train,toptee_train_00064,B002N34B20,B003T4V2Q0,is white and less scary,is white with green image
toptee,train,toptee_train_00065,B008C01WNO,B004Z2OF14,The tank top is green in color with lace fringe.,grey baby doll shirt
toptee,train,toptee_train_00066,B00BOZ96NC,B006O60QE4,is more revealing with more art,is a black shirt with a pink design
toptee,train,toptee_train_00067,B008QJ6SVW,B008N6I9NI,Is blue with a scoop neck,is blue
toptee,train,toptee_train_00068,B009EZNB0S,B0096CEED2,The shirt is black with yellow and white writing.,is black with white text on it
toptee,train,toptee_train_00069,B009YMKZUK,B00B77PAT6,is brown with small designs,has brown patterns and long sleeves
toptee,train,toptee_train_00070,B00DQCVPGW,B00DIGRMHC,Is more whimsical,is sleeveless and black
toptee,train,toptee_train_00071,B00BSHJKGE,B00B8P4WKK, white and black in color.,is a black and gold mix
toptee,train,toptee_train_00072,B009OOAYJU,B00C7Z5WGI,is lighter and has shorter sleeves,is blue with shorter sleeves
toptee,train,toptee_train_00073,B00EK0FYHA,B00EJZY5EY,The shirt is red tie dye.,has the addition of red to the print.
toptee,train,toptee_train_00074,B007FH4UOI,B007WADMD8,has a longer sleeve with red color,Is red with peek a book sleeves
toptee,train,toptee_train_00075,B00BF72LP4,B0027REA96,is tighter,Is form fitting with shorter sleeves.
toptee,train,toptee_train_00076,B00C6ANJ4G,B007EUXDP8,The shirt is sleeveless and dark gray.,is sleeveless and has small logo
toptee,train,toptee_train_00077,B00BC04Q4S,B007L3WSZ4,is pink with tiered ruffles,is less colourfull
toptee,train,toptee_train_00078,B009R72WLC,B004IPUK12,The shirt is black with yellow character smoking.,has longer sleeves
toptee,train,toptee_train_00079,B00EYIEGX6,B00CRP9AIO,The tank top is white with green stripes.,has green and white stripes
toptee,train,toptee_train_00080,B006YYNYM2,B007E3777U,The green shirt has a shamrock.,is a Green Irish firefighter T shirt
toptee,train,toptee_train_00081,B007XD5M96,B00A8WMLDE,Is more flowing and loose,is more maternity and has short sleeves
toptee,train,toptee_train_00082,B00EA1M6UC,B00AZO3MRO,has a color with darker pink stripes,has a collar
toptee,train,toptee_train_00083,B0036MPETQ,B00A13FKLU,is a darker blue.,Is dark blue
toptee,train,toptee_train_00084,B009EETXPQ,B000VTBEBY,is black with red designs,is more boxy and black
toptee,train,toptee_train_00085,B005KHYWEI,B004GTMPMM,is black with a round neck, button-up collar
toptee,train,toptee_train_00086,B00EPLXSAO,B002GOSQBS,is short sleeved, only.
toptee,train,toptee_train_00087,B005LXFXIA,B005IT8OBA,off white tshirt black lolo,is tan with a black logo and longer sleeves
toptee,train,toptee_train_00089,B009QUC7EC,B009J1E2AK,The shirt is black with The Dogfather.,is black
toptee,train,toptee_train_00090,B00AF2OMMK,B009LEFXK8,has more of an uneven neckline, with longer sleeves
toptee,train,toptee_train_00091,B005WXZJEW,B004V2NA0U,is sleeveless black and white zebra print,is sleeveless and zebra print
toptee,train,toptee_train_00092,B008OZSFD2,B006N04SXQ,has longer sleeves with buttons and no print,is dark pink with longer sleeves
toptee,train,toptee_train_00093,B009T9SIYS,B004R1RJTS,is more solid and less childish,is coral v-neck color
toptee,train,toptee_train_00094,B005FJUKMO,B00GI3JR6Q,is lighter with longer sleeves and a pattern,is less shirty and more frilly
toptee,train,toptee_train_00095,B007Y5K6QM,B000JTCQQ8,is black and white,has a small graphic design
toptee,train,toptee_train_00097,B001GPRCWW,B0007P5JZY,is white colored,is white with red text
toptee,train,toptee_train_00098,B0043G1JMA,B004YD0QE4,is a black shirt with Harley-Davidson,is a tighter fit with a different graphic
toptee,train,toptee_train_00099,B00FGXW0FY,B0095SQB9C,has longer sleeves and is transparent,has buttons and is long sleeved
toptee,train,toptee_train_00100,B00BCQ0RZ4,B007C3NXY8,The loose fitting tank top is blue in color.,is several shades of blue only
toptee,train,toptee_train_00101,B001OI3G6W,B007PUFZIK,has a pattern and has a looser fit,is yellow and black with shorter sleeves
toptee,train,toptee_train_00102,B000QUZSXS,B000IIQRA6,is brighter colored with long sleeves,it is transparent and has long sleeves
toptee,train,toptee_train_00103,B00C3N771C,B00AJ3N33E,v-neck with longer sleeves,longer sleeves reder less revealing
toptee,train,toptee_train_00104,B006WITMVW,B0062WL55E,is sleeveless.,has no sleeves
toptee,train,toptee_train_00105,B0086JXCRA,B002Y72PXW,is black in color,Is a sheer white with pattern and scoop neck
toptee,train,toptee_train_00106,B00D7IRDF2,B00BWUWG5O,is darker and has longer sleeves,is tan with longer sleeves
toptee,train,toptee_train_00107,B00AANHWGC,B006WZ5RCI,hot pink open back open sleeves,Is brighter and more complex.
toptee,train,toptee_train_00108,B001V4UMRA,B004ZLBFDG,has a bright pattern and is more frilly,has shorter sleeve and is pink color
toptee,train,toptee_train_00109,B00BQR7H2A,B008D903ZM,I would like just a little longer sleeve with a more variety of colors in it.,Has a peacock print
toptee,train,toptee_train_00110,B00A3Y9KYA,B00BR40SQY,is flowier and pink,is light colored and light material
toptee,train,toptee_train_00111,B008X3B44W,B00CMFH2Z2,is mint green with buttons down,is white with no sleeves
toptee,train,toptee_train_00112,B003XT4ZZQ,B00CAAMNEY,Is black with a more whimsical pattern, with a different graphic
toptee,train,toptee_train_00115,B005CT2AFW,B004QGY4YW,is more flared and has deeper neckline,has loose neckline and loose bottom and a tiger pattern
toptee,train,toptee_train_00116,B00CRBXPQ6,B002HREUDM,is black with a higher neck,is darker and has sleeves
toptee,train,toptee_train_00117,B00AFVHF34,B008P8MVJC,is looser fitting,Solid black fitted blouse with half sleeves
toptee,train,toptee_train_00118,B0014UJCAY,B00C2TL71S,The vest is made from blue jean.,is jean button up jacket
toptee,train,toptee_train_00119,B00DLAGM3U,B00ENOEKOG,is brighter colored,is pink with button
toptee,train,toptee_train_00120,B00CE5YX4S,B00C5SE768,is ambika jurk panter and has short sleeves,has more designs and longer sleeves
toptee,train,toptee_train_00121,B000GZ6WOM,B0036SFSJ6,is blue with animated characters,blue slim fitted large graphic shirt
toptee,train,toptee_train_00122,B00AJOIDF6,B0049H3EYE,has black stripes and is white,Desired item is black and white with dressier neckline
toptee,train,toptee_train_00123,B004J26V3K,B00847DG8Y,is white colored and has shorter sleeves,has no hood and a lighter color
toptee,train,toptee_train_00124,B009DZO8O2,B007ZK38YS,is lighter,is brighter in color
toptee,train,toptee_train_00125,B00CS8OV4S,B00A03RCO4,is black and white printed,is lighter in color.
toptee,train,toptee_train_00126,B00A14JGUU,B00A14JLKA,has a brighter color,is black without sleeves and less flowery print
toptee,train,toptee_train_00127,B00629MAQK,B00FBBCJCK,is pink with round neck,is a pink woman's tee
toptee,train,toptee_train_00128,B00B0QD5DW,B007WA3VNE,is darker and more revealing,is more revealing
toptee,train,toptee_train_00129,B003IG9S8S,B006UKX8CG,has a black color with big art,black more masculant logo
toptee,train,toptee_train_00130,B00AWFUOT0,B00AN5V1V4,has longer sleeves and is beige,is beige colored with long sleeves and tighter neckline
toptee,train,toptee_train_00131,B002RKYWLE,B002QJ5SK0,has a darker color with text,Has words and no animals
toptee,train,toptee_train_00132,B0065K5IZG,B00AQJPAHS,has longer sleeves and dark green colored,has longer sleeves and is darker
toptee,train,toptee_train_00133,B003MENJE0,B003O1NRDE,Is darker with a less colorful logo,is lighter and more revealing
toptee,train,toptee_train_00134,B0062SKZYU,B009CX2K90,has longer sleeves and is maroon and white,Has whiter colors & longer sleeves
toptee,train,toptee_train_00135,B00CIBNVEG,B007NKYM5E,is more flowing and less colorful, deep green
toptee,train,toptee_train_00136,B008MC23F8,B008MC2TQQ,has no sleeves and skulls,is darker in color
toptee,train,toptee_train_00137,B008WYCZE0,B004O5FCMS,is darker in color with a button down front,has buttons and longer sleeves and is blue
toptee,train,toptee_train_00138,B004I8VCC0,B000Y9ODA0,is a shiny green with long sleeves,is long sleeved and satin green
toptee,train,toptee_train_00139,B00405SSHI,B00979NALG,is lighter and has shorter sleeves,Is orange colored and sleeveless
toptee,train,toptee_train_00140,B00C3VIHBS,B008GS78G2,is a button up,is more of a button up.
toptee,train,toptee_train_00141,B00DYT84BG,B002LOGFO8,is black with different graphics,black more sexy cat logo
toptee,train,toptee_train_00142,B000VVP1XO,B00D1G7MGU,is grey colored and has longer sleeves,has long sleeves and sequined shoulders
toptee,train,toptee_train_00143,B005KKDHGY,B00EPC3J3E,is darker,is green in color
toptee,train,toptee_train_00144,B00C7CTGH2,B00C7CTF4Q,is pink in color,is pink with longer sleeves
toptee,train,toptee_train_00145,B00COE69Y6,B005LREG66,is lighter,has dark gray sleeves
toptee,train,toptee_train_00146,B00CXU758U,B00DCKUF3M,is a white long blouse,is lighter and has a gradient
toptee,train,toptee_train_00147,B008Y9ZWAC,B00AONTR8O,is darker,has colorful stripes
toptee,train,toptee_train_00148,B004LXO68Y,B004I784E0,is light gray with turquose logos,has longer sleeves
toptee,train,toptee_train_00149,B0094G02TU,B0080E5CTW,is white with green designs,is short sleeve and green
toptee,train,toptee_train_00150,B007HXMQXM,B008MLZ5YK,The shirt is black and white with a skull.,banded straight hem
toptee,train,toptee_train_00151,B004SWJ75A,B004HO6MIE,is purple and have bigger checkered pattern,is a darker color and a plaid pattern
toptee,train,toptee_train_00152,B00B2JITDI,B007ZMVT56,is dark colored,is blue colored knit design
toptee,train,toptee_train_00153,B00EVVI03S,B00EQ1ZTD2,is white and has short sleeves,has longer sleeves and is white
toptee,train,toptee_train_00154,B002804SIK,B00B7ETV3U,is long sleeves and shiny red,has longer sleeves
toptee,train,toptee_train_00155,B0051VJWWU,B00387ZY2G,is dark green,is more colourfull
toptee,train,toptee_train_00156,B0075PMBM8,B00FPKREX6,is lighter colored and less bulky,Is a sleeveless
toptee,train,toptee_train_00157,B004BW63JU,B00AX354UA,is white with colorful flowers,is white with colorful patterns
toptee,train,toptee_train_00158,B0086UZZ88,B007F7P58I,is red with longer sleeves,has longer sleeves
toptee,train,toptee_train_00159,B000OBO5O2,B000PZOFRY,The shirt has capped sleeves and white in color.,has longer sleeves and is white
toptee,train,toptee_train_00160,B00BUI9OSK,B00EM5ZHO8,has no sleeves with two different colors,is less revealing and  plus size
toptee,train,toptee_train_00161,B008BJWYN8,B008NDW6NK,has two cats on it,has less pink color and more cats
toptee,train,toptee_train_00162,B005FPBOYQ,B004TS1TZE,is pink colored and has sleeves, silver
toptee,train,toptee_train_00163,B000TIND7K,B00C26XI5Y,is more conservative,is white and has three men on it
toptee,train,toptee_train_00164,B00A6GPX9Q,B007WADQUC,is darker and has longer sleeves,Is off the shoulder with long sleeves.
toptee,train,toptee_train_00165,B0098813OC,B009YKBWDQ,has shorter sleeves and is lighter blue,A grey/white short sleeved striped shirt
toptee,train,toptee_train_00166,B00A13GEEW,B00BDTVG14,is a long sleeve beige shirt,is brown with shortr sleeves
toptee,train,toptee_train_00167,B00C64LE8A,B005J6AROY,It is a darker color with a print.,has thinner straps and more color
toptee,train,toptee_train_00168,B0052IGQK8,B008N6XX8E,The shirt is red and gray in color.,has long sleeve and is grey color
toptee,train,toptee_train_00169,B0046R0BDE,B009D96T2C,is more solid colored with small graphic,is almost solid blue with a small flag design
toptee,train,toptee_train_00170,B009YJEHN4,B008CIS2G6,is lighter,is lighter
toptee,train,toptee_train_00171,B0051GLDKO,B00BGVUVJW,is pink with black designs,is pink and v necked
toptee,train,toptee_train_00172,B008ZYXSEI,B008X02N7C,left sleeves are a different style looser,Is less fitted and black
toptee,train,toptee_train_00173,B005OPSHN8,B004L6XRF4,has a longer sleeve with text,has white text and nothing else.
toptee,train,toptee_train_00174,B00E0KYN86,B00EEKLQFK,Is more fitted and darker in color,is long sleeved and a  darker pattern
toptee,train,toptee_train_00175,B004RUF8F6,B0057OO190,has a v shaped neckline,Has shorter sleeves and is more upscale
toptee,train,toptee_train_00176,B004P5PT7A,B009FEMJL0,is much looser,has higher neckline and is more blousy
toptee,train,toptee_train_00177,B00CII53G8,B00CB7TONO,has a darker color and a print,is lighter
toptee,train,toptee_train_00178,B00BOFWRME,B000GUU18K,has longer sleeves and is pink without strips,is a dark pink color
toptee,train,toptee_train_00180,B007N419Z6,B009HMRHLM,has no sleeves but darker color,is a darker color with no sleeves
toptee,train,toptee_train_00181,B000JR8TK2,B006PATDDY,The shirt is loose fitting and brown in color.,has more designs and no text
toptee,train,toptee_train_00182,B008TARO0W,B00CBQRXB0,is lighter,blue shorter sleeves
toptee,train,toptee_train_00183,B00A8WISNQ,B008SOQF6I,is darker,it is lacy and black
toptee,train,toptee_train_00184,B002U2QKAK,B005T4B6QY,is darker colored with an image,is black and has a picture
toptee,train,toptee_train_00185,B00ASIGQOI,B008HPO736,is darker and has matching buttons,is a black tee with collar.
toptee,train,toptee_train_00186,B000CEM9TY,B00C7BQSGK,is black colored,is black with v-neck and shorter sleeves
toptee,train,toptee_train_00187,B009MEN4P8,B001L2SFB2,is more monochromatic vintage looking,is dark pink and has deep print
toptee,train,toptee_train_00188,B009YMKZUK,B009PARNXI,has stripes and has longer sleeves,has horizontal strips
toptee,train,toptee_train_00189,B0087CHLN2,B008OR0QJ6,has longer sleeves and black buttons,is white with long sleeves
toptee,train,toptee_train_00190,B005BY1A9A,B007U6721W,is white and has a deer on it,is white with brown image
toptee,train,toptee_train_00191,B00EA31N5E,B00DPZ31K8,is blue in color,is darker blue
toptee,train,toptee_train_00192,B000UZCE2M,B001PTGKOU,is white colored and sleeveless,is white and sleeveless
toptee,train,toptee_train_00193,B00FFL967C,B008B0N8RS,has shorter,has a white color and shorter sleeves
toptee,train,toptee_train_00194,B008G51I0W,B00AW83K2U,is a zebra print blouse with a scoop neck collar,Is more casual
toptee,train,toptee_train_00195,B005FAOHDQ,B0006NX6LG,is red and more revealing,is mor revealing
toptee,train,toptee_train_00196,B004DUM9EI,B00AFRVSAO,has short sleeves and stripes,is short sleeved with stripes
toptee,train,toptee_train_00197,B00AYZFOZC,B008UU2GJK,is darker,is black with white picture
toptee,train,toptee_train_00198,B0009GAVY0,B004R1NO9W,is peach color with tiny shoulder straps,is darker
toptee,train,toptee_train_00199,B00CC2PTNM,B00FVQ41RQ,is darker,has a rounded collar
toptee,train,toptee_train_00200,B0078YCJP0,B004J3481G,has lacy overlay and is darker colored,is darker in color
toptee,train,toptee_train_00201,B008GSXO4W,B008M1R66K,The dress is black in color with no sleeves.,is black dress with sleeves
toptee,train,toptee_train_00202,B00CE1B06Q,B004KARV9E,is lacier,is more lacy
toptee,train,toptee_train_00203,B008BJSLYY,B00DCZSJHQ,is lighter colors of the ocean,white with poodle picture
toptee,train,toptee_train_00204,B00EL6U4UA,B00HCAW1UI,is multicolored and simple.,is white with multicolored sleeves
toptee,train,toptee_train_00205,B00AFOLKBY,B008SCMA5K,is beige with bunnies,is  a cream sweatshirt with cartoon design
toptee,train,toptee_train_00206,B0074Z8RYK,B002W5UMFY,is black with pink floral designs,stretch v neck in brown floral with no buttons
toptee,train,toptee_train_00207,B00AC2KL0U,B0052F4ZBI,The shirt is white with red picturing.,is lighter
toptee,train,toptee_train_00208,B006WQWFQ8,B002QSKISS,has shorter sleeves and is more vintage,is darker colored with a character
toptee,train,toptee_train_00209,B00A8ZDVIA,B00CUVVK9C,is more revealing and darker color,is black and sleeveless
toptee,train,toptee_train_00210,B006MGRJA0,B005DA3ZB8,It is a white blouse with solid color.,white 3/4 sleeve button up round neck
toptee,train,toptee_train_00211,B00DCUQA7M,B0046IDWUC,is more preppy and less cartoonish,is light blue with no graphic
toptee,train,toptee_train_00212,B005HPTTQE,B00GPQDJI8,is red,is red and has buttons
toptee,train,toptee_train_00213,B003CO205E,B001LNGCMA,is white colored,is bright white colo
toptee,train,toptee_train_00214,B0094R0MTE,B0088D23WY,The shirt is white with black polka dots.,has sleeves with a polka dot pattern
toptee,train,toptee_train_00215,B001EPO91Q,B001VSQI8S,is shorter and is blue,is blue with white image
toptee,train,toptee_train_00216,B007IIY6MU,B0041SNY0U,Is more revealing and has straps,Is darker with spaghetti straps
toptee,train,toptee_train_00217,B00AHXE44S,B000TIND7K,Is has less writing and is lighter in color.,is more colorful
toptee,train,toptee_train_00218,B00C7FA6Z0,B00D3RJ5LW,is sleeveless,is a black and white striped tank top
toptee,train,toptee_train_00219,B00F3KMWX0,B00C2ETAO4,is darker in color,Is a dark black shade
toptee,train,toptee_train_00220,B00CYP6MPG,B00EW1H6EG,is long sleeves with a different design,is shoet and white
toptee,train,toptee_train_00221,B003YH33BY,B004JJVF48,is more graphic and less grungy,is red and short sleeved
toptee,train,toptee_train_00222,B00E3GLH7C,B00D83YUJI,has a longer sleeve with two stripes,is orange and white
toptee,train,toptee_train_00223,B00EE0BSTE,B007WAEMB4,is much longer and lighter in color,is white and has a black graphic
toptee,train,toptee_train_00224,B009AX381G,B00BJXLGPU,is lighter,is sleeveless and button up front
toptee,train,toptee_train_00225,B00E9I3AYM,B00ESMW0H2,is beige colored and plain pattern,is more pink and doesn't have a pattern
toptee,train,toptee_train_00226,B003VZMN10,B00GSVCU6W,is lighter,is lighter
toptee,train,toptee_train_00227,B00BQTQBVG,B00BEDJYZO,is blue with long sleeves,it has a long sleeve and collar
toptee,train,toptee_train_00228,B007C3NZX2,B007P1M4UG,has more coverage and is baggier,has more brown and longer sleeves
toptee,train,toptee_train_00229,B002ZNKQYA,B0043O907S,whit short sleeves button up,is white with collar
toptee,train,toptee_train_00231,B009WV96P8,B004L6ZSVU,has shorter sleeves and less revealing,has sleeves and bigger logo
toptee,train,toptee_train_00232,B008CHF5QM,B009YKBO84,is a long sleeve multiple purple tier striped color shirt,is more purple
toptee,train,toptee_train_00233,B007WATA0W,B00F5BJB36,The shirt is black with leopard print pockets., button up
toptee,train,toptee_train_00234,B00CZDU0AA,B001B11HGI,is a no sleeve black tank top,is black and has wider straps
toptee,train,toptee_train_00235,B00AWEP0OU,B00AIBEDEA,has a longer sleeve and a darker color,is darker in color
toptee,train,toptee_train_00236,B00ESJKTEQ,B001FZX7YU,is tighter and more plain, with heart graphic
toptee,train,toptee_train_00237,B00139HZIC,B002KG6BDW,is off white,is white
toptee,train,toptee_train_00238,B007E8II6O,B003AM7V20,is shinier,is shinier and sleeveless
toptee,train,toptee_train_00239,B00CLY2MPY,B008GV0Y9W, has a collar and is lighter in color,is more solid green colored
toptee,train,toptee_train_00240,B004NE469K,B007VFI45A, sleeveless shirt,Is less wordy
toptee,train,toptee_train_00241,B00B11ZSHM,B00CHRDNDK,is longer with one shoulder and stripes,is darker and has shorter sleeves
toptee,train,toptee_train_00242,B006YJQF5U,B00BXZJEM6,has no sleeves and only light blue color,Is lighter and less patterned.
toptee,train,toptee_train_00243,B0085TX8J8,B00BBT7X3G,has no sleeves and is light blue,is light blue and sleeveless
toptee,train,toptee_train_00244,B00ASIGQOI,B005HNN85Y,is shinier,is lighter blue and sleeveless
toptee,train,toptee_train_00245,B007970YI0,B0077UO9PS,is black with wolves,has a darker color
toptee,train,toptee_train_00246,B008SAWXUE,B001UF2BEC,is lighter,is white and more casual
toptee,train,toptee_train_00247,B00359GA6G,B0036TG92U,is beige colored and has longer sleeves,is less athletic and more casual
toptee,train,toptee_train_00248,B006Q8OHGS,B008OGV4JS,is darker and has longer sleeves,bolder colors and longer sleeves
toptee,train,toptee_train_00249,B00ESQLNQM,B00FIX9Y2O,is shiny black,Is shorter sleeves with a collar
toptee,train,toptee_train_00250,B005HS55Z0,B007HII4XS,The crop top is black in color.,is long sleeved black color
toptee,train,toptee_train_00251,B009XMIJWM,B009F2DNJY,has an image of mickey mouse in black and white,is black and white with short sleeves
toptee,train,toptee_train_00252,B003981996,B003LJYM8S,is darker in color,is darker and has shorter sleeves
toptee,train,toptee_train_00253,B00DDWYLXE,B00DSODA0M,is white with green designs,is grey and has green logo
toptee,train,toptee_train_00254,B00AU2FFJ4,B007C5XCQA,is a bag,carries things around and is not worn on the torso
toptee,train,toptee_train_00255,B00318CS30,B004GJWBVW,Is more sexy and shorter,is grey with sleeves
toptee,train,toptee_train_00256,B00CSLE77G,B00DTIMHLA,is tighter and more colorful,Solid green shirt with black letters on it.
toptee,train,toptee_train_00257,B00580KVJM,B00CLW9E5W,has a larger graphic,has no text
toptee,train,toptee_train_00259,B00DS0NOP2,B00CLMABVI,The shirt is red with white stripes., with a different graphic
toptee,train,toptee_train_00260,B004JUL6X2,B00DRKKEHY,is more colorful and less woven,Is a regular t-shirt with graphic.
toptee,train,toptee_train_00262,B002LARXMU,B005GTEEBG,has a v shaped neck with short sleeves,Has a low v-neck and sleeves.
toptee,train,toptee_train_00263,B00EZSFBW0,B009IXWPSU,has a horsw,is blue with image
toptee,train,toptee_train_00264,B003V3N1HC,B004THHYI6,is lighter and has longer sleeves,has sleeves and graphic
toptee,train,toptee_train_00265,B00CLZ0PUW,B00CDXSQM6,is light green colored and shorter sleeves,has a smaller floral pattern with no lace
toptee,train,toptee_train_00266,B00B90D0DO,B00AZ7Y1IA,The shirt has no sleeves and in bright blue in color.,is blue with no sleeves
toptee,train,toptee_train_00267,B00D6CQQXE,B001SYRSDE,is more colorful and sexier,is form fitting and solid red
toptee,train,toptee_train_00268,B009Q4R6MQ,B00CF2X1BG,strappy multi color turquoise base,no sleeves and lighter colored
toptee,train,toptee_train_00269,B008BF8MGU,B000EOP9O4,is more masculine,is lighter and more colorful
toptee,train,toptee_train_00270,B003BNYHCK,B003U6ICF6,is darker with less intricate sleeves,Solid dark blue blouse
toptee,train,toptee_train_00271,B00BHBACM2,B00BHBAD58,is deeply green and less shiny,is green and branded with pop culture
toptee,train,toptee_train_00272,B0025VHWV2,B0025V86V2, purple and pink., shorter length
toptee,train,toptee_train_00273,B008G0D274,B00C4YWWWO,2 tone white 3/4 sleeve,has a lighter color
toptee,train,toptee_train_00274,B00BR40SQY,B00AU8Q7DG,The shirt has no sleeves is loose and pink in color.,Is longer and more sheer
toptee,train,toptee_train_00275,B00B8PNGTS,B0094AJ4CW,is grey colored and has shorter sleeves,it is grey and short sleved
toptee,train,toptee_train_00276,B00AO4ECYM,B00C8055TG,has lace and is navy,is dark blue colored
toptee,train,toptee_train_00277,B00AW7Z8H6,B00BHB854E,is a lighter pink shade,has strips on it
toptee,train,toptee_train_00278,B00A7RSA8K,B000QUP8EM,has quotes,black tee shirt with a logo on it
toptee,train,toptee_train_00279,B00ELTNH4C,B001R1UZSS,The shirt has black and green stripes.,is blue and black vertically striped
toptee,train,toptee_train_00280,B0080DLGRK,B00A8WNEVC,is less pink and longer,is red and white floral
toptee,train,toptee_train_00281,B009DZO8O2,B004SGQHOA,Has a different graphic,is a looser fit
toptee,train,toptee_train_00282,B00DOAU6TS,B0066EDY6Q,The tank top is black with white writing.,Has narrower straps and is more upscale
toptee,train,toptee_train_00283,B00BQLB0S8,B00AIIVHQ0,is white with black accents,it is shorter and more monochromatic
toptee,train,toptee_train_00284,B009GQPZRW,B007DY26EY,has a darker color and a different print,is short sleeved and black
toptee,train,toptee_train_00286,B005OPSHN8,B008MATR6S,has pink writing,Has a larger
toptee,train,toptee_train_00287,B007USN7TG,B00D939DO4,Is more masculine and grey,is darker and has a Native American headdress
toptee,train,toptee_train_00289,B007ABIVXU,B001QMAYN4,has more brighter colors,Patterned green
toptee,train,toptee_train_00290,B009MRNNS8,B004NE9W4E,has deeply black and no logo,Is black with less graphics
toptee,train,toptee_train_00291,B005KGYUZA,B005FW9LGM,has no art and only one color,is a grey scooped neck shirt
toptee,train,toptee_train_00292,B005Q5PY9Q,B00AYCL9JK,has longer sleeves,has longer sleeves and buttoned collar
toptee,train,toptee_train_00293,B00BJJXLTI,B00BJZ8NNQ,is longer and less revealing,is a longer shirt
toptee,train,toptee_train_00294,B007X49OCG,B00E99QGS8,It is white with a pattern and belt.,is less formal
toptee,train,toptee_train_00295,B00AM2BQEA,B00C51Z0OS,The shirt is black and sheer with lace.,has no buttons
toptee,train,toptee_train_00296,B00BTNSLNA,B00DB9U43U,is a pink t shirt,is a pink crew neck with black only print.
toptee,train,toptee_train_00297,B00BMEKYU4,B00B78MV5Q,is solid black with thin straps,has no sleeves
toptee,train,toptee_train_00298,B0062WL55E,B0088WP0Z2,is brown and more slouched,It is brown
toptee,train,toptee_train_00299,B00BFRMGMW,B0076G0MRW,has longer sleeves with art in the middle,is more colorful
toptee,train,toptee_train_00300,B0084APVGQ,B0084APOZO,is more colorful,Is cream colored
toptee,train,toptee_train_00301,B00BWULAQ0,B00C4XE93A,is blue in color and floral,is blue with white base
toptee,train,toptee_train_00302,B008S0CF0M,B008S0CA1G,is blue colored with checkered pattern,black and white
toptee,train,toptee_train_00303,B004ZGD69M,B0098R57AY,has a darker background,is black with two people
toptee,train,toptee_train_00304,B00F0UDTBM,B005KTPGQ4,has longer sleeves and color is red,is less maternity and more casual
toptee,train,toptee_train_00305,B00B3Y6BJQ,B0085J2RWM,has a vneck,is blue with green trim
toptee,train,toptee_train_00306,B0040F0APQ,B007OJWQIE,The red shirt had Drago from Rocky the movie.,is a red slim fit tshirt.
toptee,train,toptee_train_00307,B004J1HBD0,B00E5HRLRE,has halloween colors,is lighter black and orange words
toptee,train,toptee_train_00308,B008SBEFYK,B008G3KS0U,is identical to the provided product,is the exact same
toptee,train,toptee_train_00309,B002UFT5JA,B003ILS55U,has longer sleeves and color is white,is a much lighter color
toptee,train,toptee_train_00310,B007PB00G6,B005TEUWNM,The dress in short tight and black in color.,is a more revealing garment
toptee,train,toptee_train_00311,B008WZ6WK2,B00BE2MU7Y,has shorter sleeves and is monochromatic,has more blue and shorter sleeves
toptee,train,toptee_train_00312,B0046IB5PQ,B0096IWGO0,The jacket is light pink in color.,has a square neck and is blue with darker blue print
toptee,train,toptee_train_00313,B007T09DRK,B00F3DUOPU,The gray shirt has short sleeves and black writing.,is white with only black lettering
toptee,train,toptee_train_00314,B00BMEKYU4,B00ADX6ID2,is darker,is solid black and covers the belly
toptee,train,toptee_train_00315,B0076NLFIK,B00EPKU22W,is a very rock chick outfit,it is brown
toptee,train,toptee_train_00317,B005FPBOYQ,B004T1C2XO,Is more flowing and has a print,is long sleeved gray colored
toptee,train,toptee_train_00318,B00BJ7E1US,B004R2CM80,Is longer and more sheer,longer waist and more see through
toptee,train,toptee_train_00319,B008SAMGTC,B00C10N94Q,is lighter and has longer sleeves,is lighter pink with sleeves
toptee,train,toptee_train_00320,B0046V37F4,B00C7HD7OA,is a darker purple,is plum colored short sleeve
toptee,train,toptee_train_00321,B008X04C12,B00GO4PTRK,The sweater is gray with red lettering.,has longer sleeves and a hood
toptee,train,toptee_train_00323,B007YZKAYK,B008PFKSCM,is short sleeve and grey with stripes,Has sleeves and a higher neckline
toptee,train,toptee_train_00324,B004J3P9OG,B006SIDOWE,The short sleeve shirt is white in color.,has a collar and is white
toptee,train,toptee_train_00325,B00CJDWITW,B007KDG34W,is grey with a colorful logo,is grey in color with graphic in front
toptee,train,toptee_train_00326,B00BK6W9WU,B008MNOGIE,has green lettering and longer sleeves,has more green color and sleeve to it
toptee,train,toptee_train_00327,B006ZJ1R5C,B006ZIOSMM,is white with red accents,has button ups near the neck of the dress.
toptee,train,toptee_train_00328,B0088RFFNO,B00A4FGZU0,is a tube and cropped top, and a graphic
toptee,train,toptee_train_00329,B0059DBQ9C,B0059DCIC6,It is a darker color and v-neck.,is grey and lower neckling
toptee,train,toptee_train_00330,B00BTOAXEY,B00DSL4YSW,has sleeves and black colored,has a floral print.
toptee,train,toptee_train_00331,B0088CJ64S,B007LNK7TS,is striped and more colorful,is striped in colorful features.
toptee,train,toptee_train_00333,B00A6HOZYE,B008LYSBNA,Has less buttons and is more flowing,is less brighter coloured
toptee,train,toptee_train_00334,B0072BCV20,B008TS2BXY,is a beige color with a logo at the bottom,Is longer and less colorful.
toptee,train,toptee_train_00335,B002M3EVD0,B003B4E7D8,is smaller with a tighter logo,has a different logo
toptee,train,toptee_train_00336,B000I90RSS,B000QHEPJE,is white with black designs,is black and white
toptee,train,toptee_train_00337,B007OCIDBA,B0072B276A,The short sleeve shirt is blue in color.,is brighter in color
toptee,train,toptee_train_00339,B008EX0AOQ,B008AEDVPE,is a polka dot sleeveless blouse,is a sheer material and ties at the waist
toptee,train,toptee_train_00340,B00C7B65CC,B00AL1QEH6,The shirt is tight and dark blue in coloring.,is identical
toptee,train,toptee_train_00341,B00B4GFMAW,B00B4GFZSG,ia purple with black words,is a lighter purple color.
toptee,train,toptee_train_00342,B00CPRLNCA,B001J5VJRS,The shirt is lime green.,has a floral design shirt
toptee,train,toptee_train_00343,B009GM0300,B00E4UCWLM,has a darker color,is red in color for the tee.
toptee,train,toptee_train_00344,B001GQ1SFI,B008SAYZE6,has white stripes,is striped with two shoulders.
toptee,train,toptee_train_00346,B00BWIWRD2,B00BWLDZY4,is a pink and white tank with a slimmer fit,is a darker
toptee,train,toptee_train_00347,B002TYZJME,B0078Y01N2,3/4 sleeved white top,has shorter sleeves and is white
toptee,train,toptee_train_00348,B005TF9A6Q,B00BZNU4YS,has longer sleeves and has polka dots,is white with black dots
toptee,train,toptee_train_00349,B005HTQ134,B00BDF7AE0,has no sleeves and only one color scheme,is grey and black.
toptee,train,toptee_train_00350,B00C11VSAW,B00DZZU6CE,The shirt has long sleeves and is bright blue in color.,has full length buttons
toptee,train,toptee_train_00351,B00AO76TJK,B00AO76XIM,is more solid and has lower neckline,is a lighter color
toptee,train,toptee_train_00352,B0051V0TTA,B007WOEOMW,has less red more white,is more horrific and has more font
toptee,train,toptee_train_00353,B00CRRI650,B00E6E52RC,is low cut and brighter stripes,is less bright
toptee,train,toptee_train_00354,B00B67E39A,B00BY09AD8,is white with rhinestone collar,has longer sleeves and a tighter fit
toptee,train,toptee_train_00355,B004KJEJC2,B001QCXHII,is a teeshirt with a different image,A white shirt with short sleeves with large print on front
toptee,train,toptee_train_00356,B000YVKMC6,B00376KBXU,is black,is darker in color
toptee,train,toptee_train_00357,B00A8ZD9DC,B00CBPJ92W,Is more sheer and lighter in color,has no sleeves and is tan
toptee,train,toptee_train_00358,B007REM53M,B009SSTBH8,Is black and has longer sleeves,is fitted
toptee,train,toptee_train_00359,B00A3QPQGY,B003MNI30G,is more revealing, only grapic
toptee,train,toptee_train_00360,B005JR1LNE,B00COR2IMU,has a black color with layers,darker and unbelted
toptee,train,toptee_train_00361,B007RMNIP8,B005NY73HG,has a notched neckline and is burnt orange color,is bold and orange
toptee,train,toptee_train_00362,B005IPLPNI,B008AEE8SI,is black and sleeveless with a different graphic,is darker and sleeveless
toptee,train,toptee_train_00363,B00CHTGK8S,B00CGIXLFA,The shirt is blue with red writing.,is a blue crew neck with red boston branding.
toptee,train,toptee_train_00364,B003UVWVZ8,B002ATZFVI,is white colored with image of football,is white t-shirt with soccer ball on front
toptee,train,toptee_train_00365,B000I90RSS,B003HEYFBG,is a black shirt with white words,has only white printed wording
toptee,train,toptee_train_00366,B00CQRSV24,B00G12V190,has longer sleeves and more plaid,Has longer sleeves and cross patterns
toptee,train,toptee_train_00367,B00ELXKL1U,B0087XVSYO,is darker and has shorter sleeves,is black with white lettering
toptee,train,toptee_train_00368,B00DGXXU3M,B00DLJZW78,has longer sleeves with a blue cardigan,is a button up instead of a dress with a small white tube top.
toptee,train,toptee_train_00369,B005IPO1RU,B002KDYT70,The shirt is tie dye.,is tie dye
toptee,train,toptee_train_00370,B007WA0TK2,B009PIPLC0,is blue with long sleeves,is dark blue and long-sleeved
toptee,train,toptee_train_00371,B007WATNOU,B008X0EW44,is blue with gray long sleeves,is a blue short dress with gray and white thick stripes
toptee,train,toptee_train_00372,B00590I38M,B003PDND08,has long sleeves and color is grey,is lacking the print and now has longer sleeves.
toptee,train,toptee_train_00373,B00BKBCMKE,B00AJOIDF6,has longer sleeves and a bigger image,is purple with long sleeves
toptee,train,toptee_train_00374,B00A9SQILI,B0095GFGEK,The shirt has no sleeves is pink with a ruffled collar.,has shorter sleeves and is brighter coloured
toptee,train,toptee_train_00375,B00A9ZVCFS,B00DMDUV38,Is more cropped and has no sleeves,is blue with shorter sleeves and more revealing
toptee,train,toptee_train_00376,B00EE0BSTE,B0064YPDXA,The tank top is loose fitting black with a skull.,is black with a larger grey logo and a plunging neck line.
toptee,train,toptee_train_00377,B0091IX0ZE,B0091J3CGK,It is a beige color with no sleeves.,is cream in color
toptee,train,toptee_train_00378,B00BLQH30W,B00CX9SMWO,The shirt is black with sloths.,is a black tee with separate print.
toptee,train,toptee_train_00379,B008IGABDO,B008EQX4S2,is brown with sleeves,Has darker shades & longer sleeves
toptee,train,toptee_train_00380,B0050SFFWK,B004E3XSI0,is taupe and no buttons,is lighter and is a pullover
toptee,train,toptee_train_00381,B008NFLQ6Q,B00EK7ASAG,The shirt is light gray in color.,has more grey and has sleeves
toptee,train,toptee_train_00382,B0077RKRR0,B00BNNFBUM,The shirt is green in color with a shamrock.,has smaller graphic
toptee,train,toptee_train_00383,B002CIZQES,B005401ZGE,white dress looks more casual,is more solid colored
toptee,train,toptee_train_00384,B00F58B0F6,B006R0ZEE4,is more frilly and more feminine,is frillier and has a print
toptee,train,toptee_train_00385,B009T76L62,B002ZFGVMY,is black colored,is black with white image
toptee,train,toptee_train_00386,B005GWMV1I,B0084OBFP8,has longer sleeves and collar,has long sleeves
toptee,train,toptee_train_00387,B005F8E8PK,B00EOWOCW2,The shirt is brown in color with a suit printed on it.,is brown with image
toptee,train,toptee_train_00388,B00EJZY5EY,B007IP4P6U,is lighter,Is yellow with a giraffe themed design
toptee,train,toptee_train_00389,B00BI1ZZUU,B00FQ17E2A,has longer sleeves and is black and white, with thicker straps
toptee,train,toptee_train_00391,B00DGB9W5E,B008H3XWAW,is a dark blue color shirt with edge art in the middle,has yellow and pink colors
toptee,train,toptee_train_00392,B008A76L3A,B00CBM2GI4,is shorter,exposes more stomach
toptee,train,toptee_train_00393,B006VIHHFQ,B006VJED2K,Is more sheer and darker in color,is light purple in color
toptee,train,toptee_train_00394,B003R7HFDI,B005Q09LSG,has more red in it,is a white polo with red collar
toptee,train,toptee_train_00395,B00AM2BQEA,B008N1MSPI,Is more chic and sexy,is multi color and has straps.
toptee,train,toptee_train_00396,B00B8R8S76,B00935OEOQ,has a deeper neckline and is less tropical,is solid burgundy
toptee,train,toptee_train_00397,B004B59R4U,B008HRN960,a colorful tank top with a striped print,has no sleeves and is colorful
toptee,train,toptee_train_00398,B002ILL6ZC,B000WB6WTU,Is grey with letters.,is a gray school tee
toptee,train,toptee_train_00399,B00ALRX2V6,B007C4JQ9S,has stripes, no ties
toptee,train,toptee_train_00401,B00AUACFBC,B00GM45AH6,white with an eiffel tower on front,has Eiffel tower and Christmas colors
toptee,train,toptee_train_00402,B003ZUXYIW,B00CEVKIHS,is more see through,is a darker blue and has shorter sleeves.
toptee,train,toptee_train_00403,B009EF6EAW,B00BY1FFZ4,is strapless and lighter in colour,has a lighter pink and is more revealing
toptee,train,toptee_train_00404,B0014ULM7A,B0014UGDCY,has more white designs,it is blacker with a white print
toptee,train,toptee_train_00405,B005GLM1PA,B009TAYP5I,has long sleeves and is darker in colour,it has dark color and less print
toptee,train,toptee_train_00406,B00BELQOHW,B00DZYKJVS,The skirt is short and tight and melon in color.,is a solid pink color
toptee,train,toptee_train_00407,B000EOWT3S,B009ZGPY3I,has a lighter color and a different pattern,is darker
toptee,train,toptee_train_00408,B00B4FAWEY,B008RBNVTG,is green colored,Is light green
toptee,train,toptee_train_00409,B00E6RLJDA,B003STR0WG,is a v neck shirt with black designs,has short sleeves and image
toptee,train,toptee_train_00410,B00AKL9N4S,B003V1NYYE,is darker and has longer sleeves,has shorter sleeves and is darker colored
toptee,train,toptee_train_00411,B00GXF7CCK,B001QLCCGC,is more feminine with short sleeves,is darker
toptee,train,toptee_train_00412,B00DVWKN8I,B004HX87VA,is darker and has longer sleeves,is darker and has longer sleeves
toptee,train,toptee_train_00413,B00AXSY25S,B009NATH7U,is a purple striped shirt sleeved blouse.,Purple/white striped short sleeved blouse
toptee,train,toptee_train_00414,B00CO9QL8U,B005MQWO74,is worn below the waist,is only for the legs
toptee,train,toptee_train_00415,B0095WKO00,B004KV0604,is blue and has short sleeves,is a short sleeved graphic shirt
toptee,train,toptee_train_00416,B00C3VIHBS,B008MA6KIG,has a shinier fabric with more color,is a frilled mustard color.
toptee,train,toptee_train_00417,B00BJ8MTVA,B0026JKTBS,is yellow with buttons down,is yellow colored
toptee,train,toptee_train_00418,B00CTJ58L6,B00D8HM2V2,is shorter in length,only covers the shoulder area
toptee,train,toptee_train_00419,B00CF425GQ,B00BWUWRU8,u shaped neck yellow blouse with black casual trousers,is colorful with shorter sleeves
toptee,train,toptee_train_00420,B00AYV0KPK,B005180T3O,has checked pattern and has longer sleeve,is white in color
toptee,train,toptee_train_00421,B004OD90EQ,B009MQYSN8,is long sleeved and black,flared tulip shaped long sleeves
toptee,train,toptee_train_00422,B00CIVAK3G,B004EYLMIM,is black with a old car on it,has a yellow chest logo
toptee,train,toptee_train_00423,B008BT58UO,B00BBU5YOU,no sleeve flapping blouse,it has no sleeves and it is plain
toptee,train,toptee_train_00424,B003T4V2Q0,B005EPI12A,has gray color and image,is darker colored with a different logo
toptee,train,toptee_train_00425,B005F9O1WE,B0060LPPZI,is dark brown colored and shorter sleeves,It is stripped and less lacy
toptee,train,toptee_train_00426,B00F4BOICG,B001AS3WHY,has longer sleeves and is blue,Solid blue long sleeved blouse
toptee,train,toptee_train_00427,B00ATZO2XM,B009IAQJRG,has more buttons,has a collar and buttons
toptee,train,toptee_train_00428,B006ZQW7QI,B00CHRNTWA,is blue colored and has text on it,is blue
toptee,train,toptee_train_00429,B009R0B4BS,B00BEXNURC,a light colored short sleeve shirt with a simple colorful graphic,is white with longer sleeves
toptee,train,toptee_train_00430,B00ELO8X0A,B00AZWRAMY,has solid gray on front and no buttons,is a pink and purple plaid shirt
toptee,train,toptee_train_00431,B00CAC62DA,B006OKWT8G,has sleeves and few colors,has a v-neck
toptee,train,toptee_train_00432,B0024YOVKA,B005DTL2YQ,The t-shirt is black with red writing.,is black colored with large graphic design
toptee,train,toptee_train_00433,B005NY64NK,B005NY784O,is lighter and has shorter sleeves,has shorter sleeves
toptee,train,toptee_train_00434,B007TYZL0O,B001BR5KTW,is longer and has a collor,it is white with collar
toptee,train,toptee_train_00435,B004DUM9EI,B005X8U09U,is pink wit small designs and thin straps,lighter more flowers
toptee,train,toptee_train_00436,B00BQZB4Z8,B00A2W2ZT0,The button down shirt is white,has short sleeves and striped detail
toptee,train,toptee_train_00437,B004QGY4YW,B005FOKLA0,is black colored and plain pattern,Is darker with longer sleeves
toptee,train,toptee_train_00438,B009RVYAPE,B0058ZNGDK,has a lighter black color with scissors,has a scissors design on the front
toptee,train,toptee_train_00439,B00B1MY3OA,B00307S3H2,is red and more revealing,Desired item is a red tank top
toptee,train,toptee_train_00440,B00EFV4BXM,B00A789V1Y,is more girl,Desired item is pink with v-neck and full Minnie Mouse
toptee,train,toptee_train_00441,B004L5EUQU,B003UKCZBE,The shirt is black with the wording Weapons & Warfare.,is darker and has the silhouette of a soldier
toptee,train,toptee_train_00442,B007W19ITY,B00DDN59ES,is darker and more dressy,is black and grey in color and is longer
toptee,train,toptee_train_00444,B005TFW4WI,B005TFZGW8,is a red and blue V neck shirt,has long sleeves and is checkered
toptee,train,toptee_train_00445,B00E0XD20I,B00DZUD7CU,is a solid color,is dark and black only.
toptee,train,toptee_train_00446,B004L0JNXU,B006MRHHCE,Is lacy and sexier,it is black and lacy
toptee,train,toptee_train_00447,B00E0L0QCM,B009ERSVHY,black and white and shorter in length,it is more monochromatic
toptee,train,toptee_train_00448,B003J36KI6,B0044452TM,has black and has long sleeves,It is more transparent and has long sleeves
toptee,train,toptee_train_00449,B0014SC0R8,B004RKLTZY,The shirt is long sleeve and white.,is identical
toptee,train,toptee_train_00450,B0080E5INC,B008SAKCUM,has five different colors,has longer sleeves and is green
toptee,train,toptee_train_00451,B00DIK5ZAY,B005O79C3K, has text,it has long sleeve and it is dotted
toptee,train,toptee_train_00452,B004F9PIZO,B009LV304C,The shirt is red with red and white stripes.,Has red stripes and is longer
toptee,train,toptee_train_00453,B00C1KH3U2,B009V859IU,has a penguin on the shirt,is less colourful
toptee,train,toptee_train_00454,B00AFTORZA,B009XFZFUS,has red and blue color with print,is in printed design
toptee,train,toptee_train_00455,B00GC3GE0E,B00BSR948S,is more colorful,is a brighter color and is less wordy
toptee,train,toptee_train_00456,B00DWC1ENU,B00BOWT9JQ,is red and childish,has less buttons and is lighter in color
toptee,train,toptee_train_00457,B008RYECDC,B000EUCRQ6,Is white and more wordy,is white and less animal-like
toptee,train,toptee_train_00458,B00AAPNN54,B00FGFG8R8,is black with white designs,Is darker colored and has longer waist
toptee,train,toptee_train_00459,B005GVQ64M,B005WYD2K4,dark in  color,has more maroon
toptee,train,toptee_train_00460,B0098SAJ3I,B008S72DAM,is a dress with long sleeves,is a multipatterned dress
toptee,train,toptee_train_00461,B000GZ6WOM,B0064RHNY4,The shirt is purple with Jimmy Hendrex,has a larger graphic
toptee,train,toptee_train_00462,B00GQPQT5S,B00E18RDPC,is red,is a brighter red with different words
toptee,train,toptee_train_00463,B003BPZSTO,B00C11UYUM,dressy short sleeves blue and white,has more blue
toptee,train,toptee_train_00464,B009ERV86K,B007WAFLVE,Is purple and more girly,has a purple color to it
toptee,train,toptee_train_00465,B009DOOJ42,B00A4MTGFE,has no ruffles,is lighter in color and has longer sleeves
toptee,train,toptee_train_00466,B00AW1CWXK,B00G3J46DY,is darker,is a turtle neck and leopard design
toptee,train,toptee_train_00467,B0047N14B0,B0080Q6YL0,is lighter in color,is pink and flowing
toptee,train,toptee_train_00468,B000W1YA4E,B008646GXW, green and white.,is white patterned
toptee,train,toptee_train_00469,B002C7T3LG,B00080O77O,is less pink and has no sleeves,is less tshirty and more athletic
toptee,train,toptee_train_00470,B002UFUCII,B001M16OB0,is lighter and has longer sleeves,has a button front
toptee,train,toptee_train_00471,B0073YHA8G,B000Q723IO,is beige with thin straps,Is a fancier tank top
toptee,train,toptee_train_00472,B008PRJFTW,B005LC5RRS,has collars and is black and red,is plaid and has a collar
toptee,train,toptee_train_00473,B0094EI7EO,B00CIE6GGI,The shirt is black with a rock singer on the front.,is a black tshirt
toptee,train,toptee_train_00474,B008K6EHDM,B008LP6BEA,is a short sleeve yellow smiley face,is yellow with a smiley face
toptee,train,toptee_train_00475,B007TWYMJC,B00CXE51KU,is white with lace,white.
toptee,train,toptee_train_00476,B002YIUZLK,B00AC9RPS4,The shirt has long sleeves and is purple in color., off one shoulder tank with loose fit
toptee,train,toptee_train_00477,B00BF71W0E,B000BI4DVS,is more paisley and has longer sleeves,is blue and black patterned
toptee,train,toptee_train_00478,B004T7XFCK,B004D2A1LY,has no sleeves and is blue,is sleeveless with straps around a dark blue tank.
toptee,train,toptee_train_00479,B007PVX6VM,B007VWPK3M,is blue with red designs,is blue with image
toptee,train,toptee_train_00480,B008ZAU0Z2,B007W3THQQ,is darker and has shorter sleeves,is blue and flowing
toptee,train,toptee_train_00481,B00DPZQX8K,B00DJZQ5LG,is black colored top and pants,has no sleeves
toptee,train,toptee_train_00482,B00C7FA2GI,B00AR0SQXQ,is brown with short sleeves,has longer sleeves and is tan
toptee,train,toptee_train_00483,B00AL1QEY4,B00AL1QEU8,The shirt is tight and dark blue in coloring.,is identical
toptee,train,toptee_train_00484,B00FKETTSU,B004YDR552,is a shiny blue,is blue with short sleeves
toptee,train,toptee_train_00485,B00AQNAWAY,B00A3Y9WP2,is more modern and less ruffled,is darker tan with sleeves
toptee,train,toptee_train_00486,B003ILC5G0,B003ILQQV0,has shorter sleeves and is more cropped,shorter
toptee,train,toptee_train_00487,B00CBQVU9Q,B008TARRDG,has a larger pattern and is more casual,Is more fitted and more western
toptee,train,toptee_train_00488,B009L5Y76S,B004OG3EFY,lower cut looser,Is green and looser
toptee,train,toptee_train_00489,B005ERQPB2,B005EUE0X4,has no sleeves and is lighter in color,is blue plaid
toptee,train,toptee_train_00490,B006T53E4Y,B0083KGFLC,has a cross graphic and is more black in colour,is a darker color with a bigger graphic
toptee,train,toptee_train_00491,B00B7ETS8S,B004V2IQWC,has more sleeves and a black and gray color,is black sheer
toptee,train,toptee_train_00492,B007WA2U2C,B008DSLDCA,is beige colored,lace pointed ends longer tank top
toptee,train,toptee_train_00493,B00861V2XY,B0015N061O,is black colored and has shorter sleeves, v neck
toptee,train,toptee_train_00494,B00C7Z5WGI,B008DJDNIQ,has no sleeves with black color,is black and more revealing
toptee,train,toptee_train_00495,B007IRN4EC,B00BMTHZ7O,The shirt is dark blue with a lace neck.,has longer sleeves and a higher neckline
toptee,train,toptee_train_00496,B003O58K32,B005FX22Y4,more festive and red,Is brighter and more Christmasy
toptee,train,toptee_train_00497,B009ZGOLVO,B003VW92V2,The shirt is blue with a seal and sea turtle.,Is sea blue and has sea lions on the front in water.
toptee,train,toptee_train_00498,B009YJTFFY,B0087CHSLC,is white with a high neck,is white and has short sleeve
toptee,train,toptee_train_00499,B008QYZH0U,B009NQPQTW,The shirt is hot pink in color.,is purple
toptee,train,toptee_train_00500,B00EPFMUVI,B00B8RD1J6,is floral and shorter,is colorful and has patterns
toptee,train,toptee_train_00501,B009K4Y99K,B009D63TTG,has different words,has a larger red heart on it
toptee,train,toptee_train_00502,B00401BT5K,B0009JRVF4,is a sign,is just a logo
toptee,train,toptee_train_00503,B004N2IH60,B008YWRSK6,is more glowing and less patriotic,has the color green on it
toptee,train,toptee_train_00504,B0058K6XTY,B0031CCTDU,is tighter and darker,has neckline trim
toptee,train,toptee_train_00505,B004YD0QE4,B003E25N2G,has a more feminine graphic,has a pink graphic
toptee,train,toptee_train_00506,B007OZI588,B008KO9OPK,has a brighter red color,is more of a pink color
toptee,train,toptee_train_00507,B00864KURA,B005AVBLFC,has a higher neckline,Is more fitted
toptee,train,toptee_train_00508,B0084E7A48,B0084E7534,The tank top is white in color.,is exactly the same!
toptee,train,toptee_train_00509,B009E8RJBC,B004J8HPQ6,has more colorful stripes,cut shoulder
toptee,train,toptee_train_00511,B001J60ZZE,B00EOYGSNG,Is less fitted and more wordy,is lighter and is grey
toptee,train,toptee_train_00512,B00AWD5DRA,B0083KGHTW,has different words,has less redness to it
toptee,train,toptee_train_00513,B00AG3Y174,B006G7RDGK,has lace,Desired item is black lace over a spaghetti strap shirt
toptee,train,toptee_train_00514,B00GHQZPTM,B00B4MFDIC,is a short sleeve dark gray color shirt,is a loose fitting black
toptee,train,toptee_train_00515,B00B14II5I,B00B2I5RXO,has no sleeve with a flower pattern,has spaghetti straps
toptee,train,toptee_train_00516,B007N6NHZ4,B00B3ZG1CW,Is more elegant and less casual,is more brown in color
toptee,train,toptee_train_00517,B009IJ7PW0,B00A7QE3JQ,is light teal colored,is teal in color.
toptee,train,toptee_train_00518,B009HAJVDG,B00COFPKEK,is more casual,is brighter and more solid in color
toptee,train,toptee_train_00519,B00BYLLPGW,B00G2JMENO,has a bright pink shirt but more revealing,has thinner straps
toptee,train,toptee_train_00520,B00ELQB8WI,B00EKWZAFE,Is more sexy and colorful, olive color
toptee,train,toptee_train_00521,B008L5UKHO,B00F7H6ND4,Is green,green bat wing with fitted at waist
toptee,train,toptee_train_00523,B0014SC0R8,B0038JHR8S,is a long sleeves button down shirt,blue shirt
toptee,train,toptee_train_00524,B002K4O8DY,B002MNTJEG,The shirt is black with a white emblem.,has a white graphic on it
toptee,train,toptee_train_00525,B0041Q30YM,B004HEYHUE,is grey and has no sleeves,it is grey and a short sleeve
toptee,train,toptee_train_00526,B009YJQKMK,B008ND34U4,is a long sleeve dark green sweater,fits tighter and is green
toptee,train,toptee_train_00527,B00ELO8X0A,B005SW1TLE,The shirt is sleeveless pink plaid.,it has no sleeves
toptee,train,toptee_train_00528,B00AWDIETO,B00887I072,It is a brighter color green and white.,Is more flowing.
toptee,train,toptee_train_00529,B007VWPK3M,B0094964K8,Is not as colorful and is more nature like,has shades of brown to it
toptee,train,toptee_train_00530,B004OYUFEE,B0043D2HQ0,is longer sleeved and dark grey,is long sleeved and gray
toptee,train,toptee_train_00531,B0073IU2VO,B00A8YYC66,is darker in color,has long sleeve and is black color
toptee,train,toptee_train_00532,B00BUPWNMM,B00B0ZMOJO,is more darker with a star on it.,is blue with a red and white star
toptee,train,toptee_train_00533,B009ESDWCM,B007J7J4B8,Is grey,it is grey
toptee,train,toptee_train_00534,B00CJSTVJC,B000ZN1O02,is a denim long sleeved button down shirt with collar,is solid blue and long sleeves
toptee,train,toptee_train_00535,B002KG4I0K,B008FEPEIG,The loose fitting shirt is light gray with stripes.,is lighter and has shorter sleeves
toptee,train,toptee_train_00536,B0096I95KI,B0096I9E5E,has sleeves and uneven hem,is pink with sleeves
toptee,train,toptee_train_00537,B000FNKU84,B001FRV8FI,has a black background.,is dark brown with yellow text
toptee,train,toptee_train_00538,B0097B8XOS,B001UIM3Y2,is lighter and has shorter sleeves,is lighter and has shorter sleeves
toptee,train,toptee_train_00539,B00DPLZXOO,B00A8I02L6,is white colored and less revealing,white short sleeve fitted shirt with denim vest
toptee,train,toptee_train_00540,B00FPWFT5O,B003LR3ES4,The shirt is brown with yellow John Deere writing.,is brown with a yellow logo
toptee,train,toptee_train_00541,B00AM7R2U2,B00DEKQBJM,is more feminine and is black,formfitting black NOR.CA LOGO
toptee,train,toptee_train_00542,B009SWBPCS,B009L4F7QI,The shirt is sort sleeve blue in color with wite ariting.,is a purple crew neck tee with separate print.
toptee,train,toptee_train_00543,B00B4ESW9M,B00893UVHW,is white with thumbs up logo,is just a logo.
toptee,train,toptee_train_00544,B001E0F0HI,B003BTF0WK,is green with a v neck,is short sleeve and long green
toptee,train,toptee_train_00545,B002UF0YTU,B009L1XCJA,Is more sexy and elegant,has straps and is white
toptee,train,toptee_train_00546,B001PTK96A,B002LNMYZS,the yellow dress more slim fitting,is more mustard colored
toptee,train,toptee_train_00547,B00920OI66,B007TCU0OS,is more longer,is soft black colored
toptee,train,toptee_train_00548,B00GI3JR6Q,B00FXDRJX0,is a long sleeved sheer t-shirt with printing,is more resembling a traditional crew neck tee.
toptee,train,toptee_train_00549,B00DBF4OTE,B004UO3X7Y,is lighter,Has a blouson type fit in a softer color
toptee,train,toptee_train_00550,B00A14JLKA,B008BOTW5G,is darker in color,is a much darker color
toptee,train,toptee_train_00551,B009YYXSW0,B00AKKH1ES,is black and has text,is black with white text
toptee,train,toptee_train_00552,B0079QYMTS,B002ZQ6MRM,is black with white designs,has smaller sleeves and a black and white print.
toptee,train,toptee_train_00553,B009M95NHA,B0091IY7HY,is a plain blue shirt, black and white checkered 1/4 sleeves
toptee,train,toptee_train_00554,B00C96I2P8,B008CLIABA,is fitted and brown with a design,is brown with longer sleeves
toptee,train,toptee_train_00555,B003ZDNZME,B0030MHYOA,has no sleeves and is purple,is purple and has shorter sleeves
toptee,train,toptee_train_00556,B006NUXVF2,B005G0TU6Y,is lighter,has a more covered chest area
toptee,train,toptee_train_00557,B008YDEOTI,B00BULI1DG,The shirt has no sleeves and is black.,has shorter sleeves and is grey and white
toptee,train,toptee_train_00558,B009A4TSLE,B002VY7EPW,The shirt is white with Star Wars.,is white with a chest logo
toptee,train,toptee_train_00559,B00BYQ0HPW,B00EPIARTM,is darker,is black with no buttons
toptee,train,toptee_train_00560,B00E4MH5EE,B00FZXEU1W,is black with purple designs,is a black short sleeved flowy shirt
toptee,train,toptee_train_00561,B009YJSX5W,B008OFZ0OE,is open wide neck and has shorter sleeves,is darker
toptee,train,toptee_train_00562,B00BQ361EO,B00A7Z8Z5U,is half sleeved and red,is more lacey and less frilly
toptee,train,toptee_train_00563,B004QO9AZC,B00CPTS1P0,is darker,is a blue tshirt
toptee,train,toptee_train_00564,B009GPIXSQ,B00B90CZ1C,has shorter sleeves,has no lace
toptee,train,toptee_train_00565,B00A8N25FC,B008N2WZ1O,is darker,is purple with ruffles
toptee,train,toptee_train_00566,B007SV9DUM,B0089K2SWQ,is red and more silky,is red and ruffled
toptee,train,toptee_train_00567,B007TYWB98,B005OK1YZQ,is a pink cap,it is a pink cap
toptee,train,toptee_train_00568,B0038JE7SG,B003VTYIC8,has a longer sleeve with more teal,is blue and long sleeved
toptee,train,toptee_train_00569,B00E6E52RC,B00DHPZNWK,has longer sleeves with diamond print,is checkered
toptee,train,toptee_train_00570,B00CLMFW1M,B00F0SLLM8,has longer sleeves,has sleeves
toptee,train,toptee_train_00571,B0071DUF18,B00DQG3XF4,The shirt has white and black stripes.,has gray and white stripes
toptee,train,toptee_train_00572,B008E2PL8M,B002CJ3H48,is pink with dark pink designs,is pink
toptee,train,toptee_train_00573,B003C1IOB6,B009OK0RR8,is more glittery and less sexy,is bold and has shorter sleeves
toptee,train,toptee_train_00575,B001EPO91Q,B001VSWW5G,is bigger,different graphic
toptee,train,toptee_train_00576,B003EIKEPQ,B006O60GP8,is longer and darker accents,is lighter and has shorter sleeves
toptee,train,toptee_train_00577,B001LY0432,B0002XTXYO,is violet and has text in center, patterned tank top
toptee,train,toptee_train_00578,B008JF261Y,B00BSVX0D4,The shirt is yellow in color.,is yellow shirt and has longer sleeves
toptee,train,toptee_train_00579,B004UTATIU,B000N5OJG8,is a dark blue shirt with the American flag,is a lighter color
toptee,train,toptee_train_00580,B008BPVLBI,B007LAD57W,The tank top is black in color with lace sheer sides.,Is less blousey and sexier
toptee,train,toptee_train_00581,B00889Y8NA,B0059AA2D6,The long sleeve shirt is gray in color with a black trim.,is solid light brown
toptee,train,toptee_train_00582,B00945RYUG,B008XOAPTQ,The tank top is orange and white in color,is a sleeveless dress shirt.
toptee,train,toptee_train_00583,B003S0QWGK,B006BZCR5E,The shirt is black in color with white writing.,is darker
toptee,train,toptee_train_00584,B005GR014C,B004Z6FSUW,has a black and white color,is white with black tied above brim
toptee,train,toptee_train_00585,B003U0MCIA,B0051VJWWU,is the same but white,is white
toptee,train,toptee_train_00586,B00EE0Y6TI,B00EE0ZYIU,is black colored and image of lion on it,black with scar from lion king logo
toptee,train,toptee_train_00587,B00AFVGW92,B007WADRBK,is a sweatshirt without printing,has longer sleeves
toptee,train,toptee_train_00588,B004DMXSPU,B003SWZCQO,has an image of kitty sitting,has a deeper v neck
toptee,train,toptee_train_00589,B0077UO9PS,B0038RC8QG,is lighter and image of wolf under tree,is lighter green
toptee,train,toptee_train_00590,B00AEUHAN6,B007Q3USJ2,grey with wizard of oz on front.,has lion graphic and gray background
toptee,train,toptee_train_00591,B00DE0XU0U,B00CPS9G3C,is black with pink designs,is black with short sleeves
toptee,train,toptee_train_00592,B002W8CN3U,B003BQOG2S,The shirt is blue with white writing that states NCIS.,Is shorter and less graphic
toptee,train,toptee_train_00593,B0035WTJM0,B00AGFAEXC,is brown with buttons,is solid black
toptee,train,toptee_train_00594,B004ZGD69M,B0025UU09Y,is darker with a different graphic,much darker shirt
toptee,train,toptee_train_00595,B00A8WISNQ,B007WACX3I,Is longer and more sexy,black with shorter sleeves.
toptee,train,toptee_train_00596,B00438D9QM,B00BJJWQAS,has a large graphic and is more trendy,has longer sleeves
toptee,train,toptee_train_00597,B007WRDVPK,B00AOJDVOE,has sleeves.,has more white in it
toptee,train,toptee_train_00598,B0071DUF18,B008VGMMKG,The shirt is blue with light colored writing.,Is more wordy and less sexy
toptee,train,toptee_train_00599,B00D0AM8W0,B001BZ6J62,is darker,Desired item features intentionally misspelled text
toptee,train,toptee_train_00600,B000KD22G2,B006PAXYUC,is black in color,is black and flowing
toptee,train,toptee_train_00601,B009Y6OBK6,B009VIOP9O,has no shoulders,is off-the-shoulder and solid gray
toptee,train,toptee_train_00602,B007909MIU,B00BTYWK86,has shorter sleeves and is solid navy blue,is sleeveless and is darker
toptee,train,toptee_train_00603,B003ILC5G0,B006ZZUV58,has shorter sleeves,is purple with Ron Paul on front
toptee,train,toptee_train_00604,B005U5WGGQ,B00A3FAC4G,is lighter,Is white a red graphic
toptee,train,toptee_train_00605,B0058PH2JO,B004QJ1XV6,is more revealing,is sheer nylons
toptee,train,toptee_train_00606,B000RJMC50,B00C9O2MWE,Is brown and has pink lettering,is soft black and magenta graphic design
toptee,train,toptee_train_00607,B0057X9IIU,B006J7PJDQ,has a graphic and is more ethnic,is white colored with a graphic and no lace design
toptee,train,toptee_train_00608,B00AEGBTK0,B00AQO0S5W,has a collared neck and more solid colored,is yellow with ruffles
toptee,train,toptee_train_00609,B00DP8U5EA,B00DJC66EU,is striped with thicker straps,has more stripes
toptee,train,toptee_train_00610,B00EHQQMKK,B00C4XP5UG,is larger and brighter colored,is pink men's t-shirt with duck on front
toptee,train,toptee_train_00611,B004T05FI4,B003BT5CRI,is plain white,Is white and less beachy
toptee,train,toptee_train_00612,B00GA97TFO,B00169XAGK,is solid light blue,is light blue and solid in color
toptee,train,toptee_train_00613,B006532VIU,B0089HQMUS,The shirt is lingerie that is black and sheer.,is black and white with rounded sleeves
toptee,train,toptee_train_00614,B00B30IMFG,B008ID8TTA,is plain black more flowing and shorter,Is more plain with shorter sleeves
toptee,train,toptee_train_00615,B005LXFXIA,B009T9SIYS,is green,is green with green image
toptee,train,toptee_train_00616,B005GI9DMM,B009CQNYTC,is lighter and has longer sleeves,is a blue long sleeved shirt with a design on it
toptee,train,toptee_train_00617,B006MHUHC6,B004T1VYDI,is brighter colored and is patterned,is a floral top in the same design.
toptee,train,toptee_train_00618,B00BHHRY54,B0084HTD9U,is lighter,is white
toptee,train,toptee_train_00619,B00EIKOS3S,B00EJOBEA8,is white and blue shaded with strips up and down,is light blue and white
toptee,train,toptee_train_00620,B00ANBC2IY,B00AB1TCFM,is darker with a different graphic,is black in color
toptee,train,toptee_train_00621,B000GZ6WOM,B005DSK2YI,has a different graphic and more colours throughout,Is brighter in color
toptee,train,toptee_train_00622,B007T1CMM2,B0075JE578,is solid orange with sleeves and buttons going down,it is transparent and has a longer sleeve
toptee,train,toptee_train_00623,B007X43X1E,B007X43UAI,has a longer sleeve with black color,has longer sleeves and a silk fabric.
toptee,train,toptee_train_00624,B00FQMO3AU,B009RUQXPA,is more seasonal and less solid,shorter sleeves and text
toptee,train,toptee_train_00625,B009YJTFFY,B00CERDB6M,is sleeveless,has no sleeves
toptee,train,toptee_train_00626,B0063LTWNQ,B00CBJK3QY,is a brighter color and more ethnic,is more of a green color
toptee,train,toptee_train_00627,B009WV96P8,B007IQ9LEA,is red with black designs,is red colored
toptee,train,toptee_train_00628,B008QW7R9Q,B008TBS8KG,is similar but with a wider neck,has less cleavage
toptee,train,toptee_train_00629,B001E0F0HI,B00ET98O7O,is lighter in color,is purple in color
toptee,train,toptee_train_00630,B00EV6ARPM,B0097C8ST2,has shorter sleeves and darker colored,is a plaid top
toptee,train,toptee_train_00631,B008NFKL80,B008NFKMB6,Is brighter in color and not striped,blue diamond pattern
toptee,train,toptee_train_00632,B008NFLTOA,B00EE1V550,Is pink and more flowing,It is more flowery and has no collar
toptee,train,toptee_train_00633,B00EYINXG2,B00D3RB9Y8,The shirt is white with a green collar.,is white with green trim
toptee,train,toptee_train_00634,B00B5UJ0QO,B00GSW5SSS,It is a more fitted shirt.,is soft black colored with graphic design
toptee,train,toptee_train_00635,B00GGXFHYO,B00C1QFBMS,has no sleeves and is lighter,is green
toptee,train,toptee_train_00636,B00AW7Z8H6,B0064R73VW,has floral and color is red,is lighter
toptee,train,toptee_train_00637,B001UIM45K,B00A8ZDVIA,has a longer sleeve with pattern,has longer sleeves
toptee,train,toptee_train_00639,B0012OHXOO,B007QWPZQ4,is a blue tank-top,is tank top and is blue
toptee,train,toptee_train_00640,B00FAUQ4IW,B001PTGKA4,has shorter sleeves and busier coloring,is short sleeved and graphic print v-neck
toptee,train,toptee_train_00641,B009FEN5QI,B0072C6VIY,is pink with no sleeves or buttons,is darker and has shorter sleeves
toptee,train,toptee_train_00642,B006UR0E9O,B006VR97WI,is an off shoulder black top,is darker in color
toptee,train,toptee_train_00643,B000Q3C98M,B004HZFI9C,is darker and has more words,is black with white lettering
toptee,train,toptee_train_00644,B00B0QNEGA,B00902G7VK,has holes,Has shorter sleeves and is more casual
toptee,train,toptee_train_00646,B0081NZ6T8,B00716OROQ,is a white short sleeved cown neck top with belt,is white with a red flower belt
toptee,train,toptee_train_00647,B005MM4CPU,B008860W74,has a gathered neckline and more muted coloring,has large round neck and is dark grey color
toptee,train,toptee_train_00648,B0096HPM88,B0096HNVYU,different pattern,more flowery buttons in middle not top
toptee,train,toptee_train_00649,B000X1MC2U,B000EP32ZG,has a white color with a different dog picture,has a different dog
toptee,train,toptee_train_00650,B00C2G3XH2,B00BYLLPGW,is brighter and less political,is pink and has sleeves
toptee,train,toptee_train_00651,B004NE6K1W,B004NEBIIM,Has different words,has equal-size letters and no punctuation symbols
toptee,train,toptee_train_00652,B004COJFCE,B005NQAZ88,The shirt is black,is in a more colorful design
toptee,train,toptee_train_00653,B006LG8Z6S,B007JLQSVI,The sleeveless shirt is yellow in color.,is yellow with a collared neck
toptee,train,toptee_train_00654,B008MC2IW6,B008MC23F8,Longer sleeves and more blue,has short sleeves andblue picture
toptee,train,toptee_train_00655,B00455VX0C,B00E6790AY,is more cartoonish and less sophisticated,Is lighter color and different graphic.
toptee,train,toptee_train_00656,B00C2RX5QU,B00E4AE148,is black in color with text in red,is t-shirt and has no graphics
toptee,train,toptee_train_00657,B00DS0NOP2,B00BYNW9YC,is dark blue,is blue and longer
toptee,train,toptee_train_00658,B008S21JQG,B00BI56ZKU,is darker and more chic,is black and more flowing
toptee,train,toptee_train_00659,B008LQU1HM,B008OPNLDQ,The shirt is gray in color with black writng.,is gray and black graphic detail
toptee,train,toptee_train_00660,B007WAEUDE,B00EK7UYX2,The shirt is white on the top and black on the bottom.,has shorter sleeves
toptee,train,toptee_train_00661,B00G0SGN9S,B004L634HA, colorful and loose, colorful string toe at neck
toptee,train,toptee_train_00662,B00DQND2AS,B00CB7TC7W,has longer sleeves,has longer sleeves
toptee,train,toptee_train_00663,B00C11VOII,B00CXWMT2A,is yellow without sleeves,is solid yellow
toptee,train,toptee_train_00664,B002XR4SOW,B00CRNIUNC,Is more revealing and patriotic,is a tank top
toptee,train,toptee_train_00665,B0088CJ79C,B00BV7ALAK,is sexier and pink, black waist tied
toptee,train,toptee_train_00666,B006G7RDGK,B0093UGMIM,is more dynamic,Is striped and tie=up
toptee,train,toptee_train_00667,B007ABCB7M,B00BKVUF12,has a colorful tropical design art,has more purple
toptee,train,toptee_train_00668,B00ASIGQOI,B005HNN7AU,is a sleeveless light colored shirt,Is white with no sleeves
toptee,train,toptee_train_00669,B005GT1AI6,B008O11ML8,is darker,Is solid black and long sleeves
toptee,train,toptee_train_00670,B00E1JLOI8,B00E0KYQP6,has more colors and patterns,Is more colorful and more patterned.
toptee,train,toptee_train_00672,B003IHND88,B00BQZJXT2,has thicker straps and has pattern,has blue color to it goes past waist
toptee,train,toptee_train_00673,B003WY85O4,B00EJMLWES,is lighter colored and more humorous,is grey
toptee,train,toptee_train_00674,B001Q4T4FG,B00BU9OW3Q,blue comic shirt larger black gaming shirt,is brighter with MARVEL on the front
toptee,train,toptee_train_00675,B0065K5IZG,B00EE0H1BS,is solid black with open sleeves,deep v
toptee,train,toptee_train_00676,B007A8SHGO,B001P4WI5K,is darker,has black longer sleeves
toptee,train,toptee_train_00677,B00BTZXZ2A,B009XHOMOG,is multicolored and more loose,is colorful and longer
toptee,train,toptee_train_00678,B00AQZQLWU,B00AG3ZFUG,orange dress is too plain,has shorter sleeves
toptee,train,toptee_train_00679,B00B0W5DKE,B0088HTMC4,is darker colored and sleeveless,is dark grey with straps
toptee,train,toptee_train_00680,B00AUC50MG,B009JOH7JK,has a semi v-neck with a flower design,is lighter
toptee,train,toptee_train_00681,B0039UGS4K,B0080HUMZI,Is more feminine and sexy,is black in color and is sleeeveless
toptee,train,toptee_train_00682,B008U8VSU0,B0064SJ6EI,It is a blue t-shirt with larger letters.,blue shirt with large graphic
toptee,train,toptee_train_00683,B009E87FNO,B003DBN3UW,has shorter sleeves with design patterns, with buttons
toptee,train,toptee_train_00684,B008MC25JM,B008MC2SSA,The shirt is black in color with a black and red cartoon figure.,has a graphic with more color
toptee,train,toptee_train_00685,B00A6X0XEO,B00EJNYZ8M,Is sleevless and  darker in color,is more navy and is sleeveless
toptee,train,toptee_train_00686,B007ZQJBHU,B0070VVQN2,has light colored stripes,is pink and more form fitting
toptee,train,toptee_train_00687,B0079WSHBG,B004OVDO1S,I want something thats more for casual wear and a floral print,is teal in color and thinner should area
toptee,train,toptee_train_00688,B009YK9M0G,B00A8ZDWG6,has longer sleeves and darker colored,long sleeve extra long shirt
toptee,train,toptee_train_00689,B00BXRLAOY,B00BN1JVMS,has no sleeves and is darker,is sleeveless with white print.
toptee,train,toptee_train_00690,B0059DC0GA,B003PDNDCQ,is striped and shorter in lenght,has horizontal stripes to it
toptee,train,toptee_train_00693,B009IPJYW8,B006WM6PIG,Is sexier and more revealing,Desired item is pink with baggy sleeves with v-neck
toptee,train,toptee_train_00694,B00AWFTZRW,B00AZ7Y6TY,long blouse 2 layer partial buttons,is darker and has shorter sleeves
toptee,train,toptee_train_00695,B008D36WCQ,B008VPX8F0,is black and less flowy,Is white with a color
toptee,train,toptee_train_00697,B0052GLWYK,B00CD3ZZD4,has no sleeves and a card picture,Has shorter sleeves
toptee,train,toptee_train_00698,B004PP120I,B000W293XQ,,has bigger image
toptee,train,toptee_train_00699,B00622HINC,B007U3QMKC,The shirt is sleeveless and blue.,is brighter and has shorter sleeves
toptee,train,toptee_train_00700,B00AG3YBOC,B00G242FL0,is more revealing with spagetti straps,has spaghetti straps and is form-fitting knit
toptee,train,toptee_train_00701,B00GT43882,B00GAI4I8Q,is a long sleeve red shirt with textures,has longer sleeves and a ruffle on the front
toptee,train,toptee_train_00702,B002WIVCT6,B00AZBSJM0,Has a v-neck and is a less colorful graphic,v-neck with large white graphic
toptee,train,toptee_train_00703,B0079G1FIE,B0070VYID2,is pink stripes with longer sleeves,bold and colorful
toptee,train,toptee_train_00704,B00AWFTZRW,B00FOY3YIW,has more stripes and less floral,is green and black
toptee,train,toptee_train_00705,B008SCG2PE,B008X0FLRG,is more darker with more images,is black with white images
toptee,train,toptee_train_00706,B008RZAI6Q,B00864SDGU,is a checkered pattern color with a v-neck,is more checkered
toptee,train,toptee_train_00707,B00BQZ3CU8,B008WZ5PNM,is darker and has longer sleeves,longer sleeved
toptee,train,toptee_train_00708,B003F28R6E,B006MHLGFS,has a short sleeve purple text,is gray with black letters
toptee,train,toptee_train_00709,B00BR5R9LK,B008X02J5S,is black and has longer sleeves,has long sleeves and a v neck
toptee,train,toptee_train_00710,B004QWYYBY,B0055FKRIK,is plus size and lighter gray,Is lighter  in color
toptee,train,toptee_train_00711,B005UAHRYM,B004XYNYAW, has a zip and longer sleeves, and has a hood
toptee,train,toptee_train_00712,B008NF7RZA,B003VS427U,The tank top has black and grey stripes.,is a striped tank top
toptee,train,toptee_train_00713,B0028K2WOM,B004AM7DXG,The shirt is pink with a black collar.,is beige colored and has longer sleeves
toptee,train,toptee_train_00714,B00A42QH8S,B0055E27UW,has a white background,is white with words on it
toptee,train,toptee_train_00715,B00336EL1M,B00BQYNYWA,The shirt is black in color with a zipper.,more shiny and more revealing
toptee,train,toptee_train_00716,B007YJ1ITW,B007ZTXT0W,has a different logo,is royal blue and smaller logo
toptee,train,toptee_train_00717,B00BNRB4R2,B002PUR8E4,is t shirt,can be worn on the upper body
toptee,train,toptee_train_00718,B00DVWKN8I,B00AZ02ZTO, brown and black.,is blue with yellow logo
toptee,train,toptee_train_00719,B00EOBOSCM,B00E5QEB6E,has a floral pattern and peach color,it is transparentit  and flowery
toptee,train,toptee_train_00720,B003QPDW1K,B0038ZN1E6,is a long sleeve brown shirt,is darker in color and has longer sleeves
toptee,train,toptee_train_00721,B008B81LN8,B004VT1ARI,The shirt is a one shoulder shirt and is mint green.,says a different saying
toptee,train,toptee_train_00722,B00B5UUSZ6,B00B5UJ0QO,is a short sleeve shirt with red and white text,is black and has more colorful wording
toptee,train,toptee_train_00723,B00CBNK32E,B001DA90I4,is longer with thinner straps,longer
toptee,train,toptee_train_00724,B005EY3W6G,B005ERMSNG,has a lower neckline, and is yellow colored
toptee,train,toptee_train_00725,B00DQBY2WC,B00AZP47TK,The shirt has one shoulder loose fitting and blue in color.,is blue
toptee,train,toptee_train_00726,B009R77PKU,B00D4CEZ0M,is darker,is blue
toptee,train,toptee_train_00727,B0080E5INC,B008SBW9WU,Is black and more fitted,aqua blocked color pattern with short cutaway sleeves
toptee,train,toptee_train_00728,B00EYINXG2,B00G3XTBK8,long white flowing partial buttons,Is white with longer sleeves
toptee,train,toptee_train_00729,B00AWDIETO,B00CF4C40I,The tank top is sheer with white and black stripes.,wider striped
toptee,train,toptee_train_00730,B007IS0WIW,B006QGBPME,is a Marilyn Monroe glitter shirt,is gray and has a Marilyn image
toptee,train,toptee_train_00731,B00212WI64,B000CB02Q4,is black and tiny hips,has a darker color
toptee,train,toptee_train_00732,B007SYLI8O,B00ATNENVA,is more masculine,A white shirt with Worlds Best Grandpa on front
toptee,train,toptee_train_00733,B00FKXOK8U,B00754F84W,The shirt is gray in color with Mr. Bubbles.,is lighter and has shorter sleeves
toptee,train,toptee_train_00734,B008B81LN8,B005FUQXWO,The shirt is blue in color with Wonder Woman.,button up
toptee,train,toptee_train_00735,B007678ZVG,B004KJEIHS,loose tank black white stripes front pocket,has more stripes
toptee,train,toptee_train_00736,B00BAYDSG8,B00BQ6MTF6,is white and has longer sleeves,white
toptee,train,toptee_train_00737,B003Y3UELU,B009RUHMC8,grey tshirt company logo,has short sleeves and winged graphic
toptee,train,toptee_train_00738,B007XJRNEM,B001EQ86K0,is a gray short sleeve fitted t shirt,is short sleeved and dark gray
toptee,train,toptee_train_00739,B009E41DOK,B005JFHAEA,is grey and has longer sleeves,has a v-neck
toptee,train,toptee_train_00740,B0080LB5GE,B00CBR0RIK,has lettering and is less solid,is solid black with sleeves
toptee,train,toptee_train_00741,B004VMB1Y2,B00DQURCUW,tshirt with logo,has a graphic and no buttons
toptee,train,toptee_train_00742,B0098PXPHI,B00A13MQXU,is brown with longer sleeves,Is brown & more fitted
toptee,train,toptee_train_00743,B00A674I1Y,B007JFBKSU,Blue and no sleeves,is a turquoise tank top
toptee,train,toptee_train_00744,B004U45IYU,B00934WCIC,has longer sleeves with logo of pumpkin,has longer sleeves and a graphic
toptee,train,toptee_train_00745,B004NAOZOK,B00A6JCFD0,has higher neck,has a crew neck
toptee,train,toptee_train_00746,B003SNIE18,B00999IHKI,has shorter sleeves with monkey art,is less sexy and more junior
toptee,train,toptee_train_00747,B00C3XXAF4,B00BB8WJ68,is red,has brown and white patters
toptee,train,toptee_train_00749,B00BQHBS5W,B009YJRXKS,is more revealing and colorful,has red trim and a lower neckline
toptee,train,toptee_train_00750,B00139HZIC,B001FZV5S0,is grey with no sleeves or buttons,is grey with no sleeves
toptee,train,toptee_train_00751,B00720EWWI,B00AL1F5YO,is darker with a different graphic,has white words on it
toptee,train,toptee_train_00752,B0097EFHUI,B004PEHUOG,Is peach and more elegant,has an orange color to it
toptee,train,toptee_train_00753,B002WEE7K6,B002WEQIDA,is shorter and has less colors,it is more dark and has a white print
toptee,train,toptee_train_00754,B0051GCO3Y,B0009G4G78,has a shorter sleeve with green color,is green with shorter sleeves.
toptee,train,toptee_train_00755,B00GZZR5ES,B00C66927I,is lighter and has longer sleeves,is less graphic and more see-thru
toptee,train,toptee_train_00756,B009ERUY6A,B008X0KLVM,The shirt has blue and white stripes.,is blue and white stripes
toptee,train,toptee_train_00757,B002M7S53I,B0044WNOKI,is black and white checkered and has sleeves,is a checkered collared top
toptee,train,toptee_train_00758,B0042SVVPE,B008O7CQ26,is white and shinier,Is more plain in color
toptee,train,toptee_train_00759,B00AYD7URO,B005TFW4WI,It has black lettering on the front.,has wider neckline and has a print
toptee,train,toptee_train_00760,B007Q3USJ2,B00AEUHAN6,is white with a red graphic,Is three-quarter sleeved and reddish with no printing
toptee,train,toptee_train_00761,B007WADRBK,B00A13DJGI,Has more flowing sleeves and is black,is darker
toptee,train,toptee_train_00762,B007ECRAZU,B006JR1EJY,Is more whimsical and has longer sleeves.,is long sleeved with gray pattern design
toptee,train,toptee_train_00763,B005KKDHGY,B00935MNUI,has a darker color.,shorter sleeves and darker
toptee,train,toptee_train_00764,B0015N061O,B00BY86BLY,Is more sexy and revealing,has ripped sleeves and is white
toptee,train,toptee_train_00765,B00E0L28HI,B008DEW9WW,is geen with long sleeves,is green with longer sleeves
toptee,train,toptee_train_00766,B005BXYG6K,B008O3RGYS,Is more sheer and ruffled,is not denim
toptee,train,toptee_train_00767,B008MBKQHG,B004I7K79A,It is a white shirt with no sleeves.,is lighter and has shorter sleeves
toptee,train,toptee_train_00769,B005F04T7U,B00ELMUDQO,is darker and less colorful,black polo style
toptee,train,toptee_train_00770,B009A4TSLE,B001RVZZFG,The shirt is white with the word Juicy.,Is white with emblem with word Juicy
toptee,train,toptee_train_00771,B0091HW8H6,B00AX3MJH6,Is shorter with a scoop neck and longer sleeves,has a rounded collar with belly showing
toptee,train,toptee_train_00772,B004S3CZ8K,B00C0MBULO,is blue,is blue and has contrasting buttons
toptee,train,toptee_train_00773,B008VA53U8,B004R2HNUM,is white and v-necked,is v neck and single
toptee,train,toptee_train_00774,B00ABVI1I6,B00BYQ0N3I,is violet colored,is purple with four white buttons
toptee,train,toptee_train_00775,B002AH1PSC,B002673R1Y,is black,is darker in color
toptee,train,toptee_train_00776,B007OOPH3K,B007OOMF1C,is a pink top,is pink
toptee,train,toptee_train_00777,B008MB3KAG,B004PEOUB2,is solid black,Is black with a bow.
toptee,train,toptee_train_00778,B00DLGQUUE,B00CX3TLQQ,is lighter and has longer sleeves,is collared with longer sleeves
toptee,train,toptee_train_00779,B009XIHURG,B00980L69C,longer sleeves with deep neck,Solid red long sleeved blouse
toptee,train,toptee_train_00780,B00D0AM8W0,B005S6YXJA,has more word,is black with white writing
toptee,train,toptee_train_00781,B007WA35OE,B007XD5MLE,is white colored and has shorter sleeves,has a pencil skirt
toptee,train,toptee_train_00782,B003FIAAEA,B009TOC1KK,is darker with v-neck and logo,is a v-neck collar
toptee,train,toptee_train_00783,B00B9034CQ,B004S7W5K4,maroon tee short sleeve,has more of a maroon color
toptee,train,toptee_train_00785,B005IL7K6I,B0030ZRGMM,Is more casual and white,Is white and more casual
toptee,train,toptee_train_00786,B009HC5AKM,B0099VTTKS,is lighter, dolmen. longer sleeves
toptee,train,toptee_train_00787,B00E22ZMIW,B00BV1YKBM,The tank top is white in writing with the word CALI.,has more white color and text on it
toptee,train,toptee_train_00788,B00ELXKL1U,B008EDRKOE,has shorter sleeves and is black,is short sleeved
toptee,train,toptee_train_00789,B0037EU24A,B00DYVUIKY,has long sleeves and a belt,long sleeve white flirty
toptee,train,toptee_train_00790,B00CGAFRYQ,B00CHPMVF8,is pink,has more prints and is pink color
toptee,train,toptee_train_00791,B007PZOQ44,B0085W6Q9O,is more sheer and a-line,is looser
toptee,train,toptee_train_00792,B00CQI0CAW,B00DI5F5OK,Is black and has a bit longer sleeves,is a black t-shirt with graphic
toptee,train,toptee_train_00793,B003S9X0JS,B0088YNZJ8,is black and white paid,has blue and white checkers
toptee,train,toptee_train_00794,B003DBN3UW,B00BS4FM00,The tank top is yellow with red and white patterns.,is yellow with no sleeves
toptee,train,toptee_train_00795,B00BI3E7Z2,B009TLKUPQ,is a wild metallic zebra striped top and is sleeveless,has more neutral colors
toptee,train,toptee_train_00796,B00ESMVYME,B00AJ4BTOS,The shirt is purple and black in color.,is dark colored and darker.
toptee,train,toptee_train_00797,B00B03CQOE,B007RFJPP2,is identical,is a black tight tank top
toptee,train,toptee_train_00798,B000JR8TK2,B00ESYJX0C,has longer sleeves with buttons,has longer sleeves and a collar
toptee,train,toptee_train_00799,B009UJB6BE,B00EHYWJW2,is less furry and more solid,is black with grey fur trim
toptee,train,toptee_train_00800,B005JWEERY,B0071G8PF8,is a no sleeve gray shirt,is sleeveless and vnecked
toptee,train,toptee_train_00801,B00BMXDK3I,B009I30IQ6,is brown with red and blue designs,is darker and less revealing
toptee,train,toptee_train_00802,B00858RWJ6,B007WACM9I,The shirt is gray in color.,is grey with no buttons
toptee,train,toptee_train_00803,B009Q2CSGM,B00858C944,is black with a turtle neck,is a darker color
toptee,train,toptee_train_00804,B006QGBVF0,B006DB5J0G,is dark red in colour with longer sleeves,Has longer sleeves and is rosy toned
toptee,train,toptee_train_00805,B004NEIFTW,B002SULOMS,is a hat,is a tool black hat.
toptee,train,toptee_train_00806,B00AUACFBC,B00EZYWNFW,is brighter colored,has a lighter design print.
toptee,train,toptee_train_00807,B009286KVO,B00FKANF3Y,Is long sleeved and grey,Has longer sleeves
toptee,train,toptee_train_00808,B003YHJLTC,B00A0P8E5I,has red and white strips, more like an open neck tank top.
toptee,train,toptee_train_00809,B0062ID5E2,B0046A8JDK,has longer sleeves with blue and black boxes,is plaid with long sleeves
toptee,train,toptee_train_00810,B00BX9MH6W,B00AFDLEQG,is beige colored and has sleeves,is darker and has longer sleeves
toptee,train,toptee_train_00811,B00805G9FW,B007KAP5HQ,is a tank top,is pink and has shorter sleeves
toptee,train,toptee_train_00812,B00B00ZH2U,B004J1HBD0,is looser  with colorful square center logo,is black
toptee,train,toptee_train_00813,B00C9NR6MQ,B00CF217US,More shiny and pop,is shinier and has no sleeves
toptee,train,toptee_train_00814,B0080E57CY,B00858RWJ6,is a dark gray color,has more buttons
toptee,train,toptee_train_00815,B00BGFWDQ2,B004I5BT4Y,Is more chic and elegant,has no buttons
toptee,train,toptee_train_00816,B00851GY9W,B008D567PG,is less feminine,is blue and has short sleeve
toptee,train,toptee_train_00817,B008DEXJOY,B00A13APVU,has a shorter sleeve with darker colored,Is longer
toptee,train,toptee_train_00818,B00BC495SQ,B00C7WO01Y,It has a lighter pink and is fitted.,is lighter and has straps
toptee,train,toptee_train_00819,B007Z55T0Y,B00480KW9M,is white with thin straps,has off shoulder and is white colore
toptee,train,toptee_train_00820,B0097C80PO,B008X0FAGI,has long sleeves and polka dots,is a similar top with more sleeves and black polka dots.
toptee,train,toptee_train_00821,B008OIQTH8,B0073YHU1I,is blue with round neck and short sleeves,is blue with short sleeves and tighter fit
toptee,train,toptee_train_00822,B009VM1QF6,B003UKBS6M,is white with red lettering,is white with red logo
toptee,train,toptee_train_00823,B001QJMM0U,B003YVCBPO,has a different logo,Has a loser fit & larger graphic
toptee,train,toptee_train_00824,B0058NSUBU,B005K0IY1M,Is black and not patterned,is one solid print with white stripes
toptee,train,toptee_train_00825,B008SBELC6,B00FKETTSU,is more solid and less striped,Is less patterned with longer sleeves.
toptee,train,toptee_train_00827,B00E82QZWI,B00BTMH7RM,is blue with white words,is blue with yellow lettering
toptee,train,toptee_train_00828,B0030XM99Y,B009EDY5OG,is white with shorter sleeves,is a white short sleeved t shirt
toptee,train,toptee_train_00829,B001YOM93C,B002O0HWZU,has a lighter color and patterns,has a heart pattern
toptee,train,toptee_train_00830,B0083XI7XI,B00AP8D74I,has shorter sleeves with gray graphics,Desired item is a graphic tee with N7 in grey
toptee,train,toptee_train_00831,B0009RIYES,B00BJH6FD4,has floral print,Is less wordy and more feminine
toptee,train,toptee_train_00832,B00BI9EM60,B00CPE1WCY,is lighter with longer red sleeves,Has a kid movie graphic with sleeves.
toptee,train,toptee_train_00833,B009YMKML2,B007IXQ12I,is solid grey,is a solid light color
toptee,train,toptee_train_00834,B002PZHDTY,B0089L5ULG,It is a blue shirt with blue print.,Is a blue tone
toptee,train,toptee_train_00835,B000EP33GY,B004GXX7P2,is black with white words,is solid black with logo
toptee,train,toptee_train_00836,B000F2JA7W,B00CJSTVJC,is more solid and more colorful,is black in color
toptee,train,toptee_train_00837,B006ZVFSIW,B006PAOBFY,has more colors,is colorful and longer sleeves
toptee,train,toptee_train_00838,B004NEIFUG,B005DI4DWK,is lighter,is bright red colored and crew neck
toptee,train,toptee_train_00839,B000RWEHTG,B00DDYV8WY,is black colored,has off shoulder and is black color
toptee,train,toptee_train_00840,B00DT70BAU,B005OCGG5C,is grey with cat laying on his back,is a grey shirt with black writing
toptee,train,toptee_train_00841,B004J8HQDI,B001I7UJY6,The crop top tank top is black in color.,is tank top and solid black
toptee,train,toptee_train_00842,B009ZPZWZE,B001AYANYI,the same but a different print,is navy blue
toptee,train,toptee_train_00843,B007W9ZDIQ,B00F2B4U44, and pink.,has shorter sleeves
toptee,train,toptee_train_00844,B005LAML60,B00CA8JGQE,is more feminine and colorful,is a more colorful women's top
toptee,train,toptee_train_00845,B008GTF872,B00D85C5OS,is gray,has smaller neck and is grey color
toptee,train,toptee_train_00846,B00DQNBQ38,B00CB7TWYA,has a collar and is bright,is lighter and longer
toptee,train,toptee_train_00847,B00BIJGLKA,B00DEOHEB2,is dark grey with shorter sleeves,has short sleeve and is grey color
toptee,train,toptee_train_00848,B002U4NAQU,B00E6J1FG4,Is more plain with no graphic,is less graphic tee and more casual office wear.
toptee,train,toptee_train_00849,B00AZ7XT4C,B00B04K22G,is more monochrome,is more fashionable and floral
toptee,train,toptee_train_00850,B003GY3FCW,B006GLM6MC,has an image of a cartoon in yellow and red,is a black woman's tee with Captain Awesome on front
toptee,train,toptee_train_00851,B00AUI5VOM,B00EIW8WUQ,is a brighter pink,is of a brighter pink
toptee,train,toptee_train_00852,B007PUFZIK,B008AMFID4,Has longer sleeves and more buttons,has longer sleeves
toptee,train,toptee_train_00853,B00DT70BAU,B00A8CMNQY,Is longer and has longer sleeves,is grey flannel
toptee,train,toptee_train_00854,B00CXJN9FY,B00CXJN9FE,is identical,has same style and same colors
toptee,train,toptee_train_00856,B00AEZZKVK,B0035561O6,is short sleeved with a graphic,grey tee shirt relegious logo
toptee,train,toptee_train_00857,B008P520DM,B007WAT3I6,The sleeveless shirt is peach with a peach flower on the shoulder.,is more pink colored
toptee,train,toptee_train_00858,B00C8055TG,B007N42G12,Is more casual and not lacy,it has a lighter color
toptee,train,toptee_train_00859,B006GRHT32,B00A6JCC0Q,has narrower straps and is sexier,is the same
toptee,train,toptee_train_00860,B00B1N6CVG,B002GRTX3U,has longer sleeves,has longer sleeves
toptee,train,toptee_train_00861,B004OA08JU,B00DBDVVY2,has long sleeves and darker brown,is a button up of similar size in magenta.
toptee,train,toptee_train_00862,B00CRLKPXW,B00AKUSQHY,The short sleeve shirt is black in color.,is darker in color
toptee,train,toptee_train_00863,B005S6YGO2,B00DT8SXCW,The shirt is blue with a Polo emblem.,is primarily navy
toptee,train,toptee_train_00864,B00BTOAXEY,B00ATUGTJW,is off shoulder and less sheer,is brown and has one short sleeve
toptee,train,toptee_train_00865,B003EIKEPQ,B006BTLS5A,red v neck tee with design on front,is red and black and shorter sleeves
toptee,train,toptee_train_00866,B00BKTR3LE,B002J0K1RG,is black colored with floral pattern,it is more dark
toptee,train,toptee_train_00867,B009O90QHA,B0038FRM8C,The shirt is yellow and blue with little wayne.,is yelllow and crew neck
toptee,train,toptee_train_00868,B005VRN51I,B0084ZTKV8,Has buttons and is peach colored,is pink in color
toptee,train,toptee_train_00869,B009LEFYL6,B00BOFWGRU,is darker,is blue and white with round neckline
toptee,train,toptee_train_00870,B004ZGD69M,B0016DG05E,is black in color,is dark grey and text
toptee,train,toptee_train_00871,B00018AARO,B0087FPV1I,is more blue,is a brighter color
toptee,train,toptee_train_00872,B004I5A396,B008CRP1SY,Is more flowing at the sleeves and colorful,has vertical stripes
toptee,train,toptee_train_00873,B00BWYO22A,B00BCQ0OVG,The tank top is mult-colored.,has thicker straps and is colorful
toptee,train,toptee_train_00874,B00DRKJFRE,B004JUL6X2,is darker and plain,It is fitted and all a grayish white with scoop neck
toptee,train,toptee_train_00875,B00ANTV5L6,B00BAZ9Y38,has no sleeves,is white
toptee,train,toptee_train_00877,B009YJEHN4,B009YJCLIM,short sleeved grey blouse,is gray and more revealing
toptee,train,toptee_train_00878,B005COZ88I,B00CQHZZQO,is more of a white tank top with black trip and skull,Desired item is a white tank top with black skull
toptee,train,toptee_train_00879,B008AEEMGG,B009ERUDSY,is beige with bow patterns and has longer sleeves,i don't want any white in it
toptee,train,toptee_train_00880,B004E59ZE4,B002WXYU54,different color logo slightly different in size,is a lighter color with a blue logo
toptee,train,toptee_train_00881,B004JPHLUE,B005SI64TK,is short sleeved with inappropriate art,is darker
toptee,train,toptee_train_00882,B003JH736U,B00DOA8XS4,is tighter and brighter,is white and has British flag on it
toptee,train,toptee_train_00883,B004WDI4KE,B006PJ5KR8,is back with turtleneck,Has long sleeves and turtle neck.
toptee,train,toptee_train_00884,B00EIQL3DU,B00DH8YNFK,is more tan,Is heavier and less grungy
toptee,train,toptee_train_00885,B008RXC6N6,B0080HKUQO,The shirt is Aqua and has a black drawing.,is teal with a black print and short sleeves only.
toptee,train,toptee_train_00886,B00C4YKT2E,B00F4BOICG,is lighter and has longer sleeves,is purple with sleeves
toptee,train,toptee_train_00887,B00ENOEF1O,B00BNN2966,is a darker colored button down shirt,is grey and less casual
toptee,train,toptee_train_00888,B005C2Q46U,B00591PYRE,is black colored and has sleeves,it has sleeves and it is transparent
toptee,train,toptee_train_00889,B00BQZJXT2,B00423J9BW,is solid white with small collar floral pattern,is white colored and has longer sleeves
toptee,train,toptee_train_00890,B002ONZ36W,B003SK9GCC,is black with writing,it is black
toptee,train,toptee_train_00891,B008LTRRTY,B00A4GSNX6,is grey with a v neck,it has v neck and it is grey
toptee,train,toptee_train_00892,B008CG23OU,B008CG0XX8,has a different color and no pockets,is tan
toptee,train,toptee_train_00893,B00CWB0AM8,B00CBX8PME,is a sleeveless top,is more flouncy and has no sleeves
toptee,train,toptee_train_00894,B007Z38ZOS,B00AQDR248,has shorter sleeves and is brighter colored,and black colored long sleeved
toptee,train,toptee_train_00895,B00AG41KUE,B00DMEPLPK,Is more flowing and floral,has shorter sleeves
toptee,train,toptee_train_00896,B00D0DQ0US,B00F92STE8,is darker in color and less gathered,is darker
toptee,train,toptee_train_00897,B004CT3SQS,B009RR253M,Is not a shirt,a belt buckle
toptee,train,toptee_train_00898,B00BJEWTP0,B005C2Q46U,The tank top is black in color.,is a darker color
toptee,train,toptee_train_00899,B00EHAS05G,B00FG7LAYC,The shirt is white in color with the breaking bad character., and dark red overcoat
toptee,train,toptee_train_00900,B005XID7XG,B00C7F9OWG,Is more brightly colored,it is more colorful
toptee,train,toptee_train_00901,B006CEHRPE,B004BA65O0,has a v-neck with shorter sleeves,is lighter and has shorter sleeves
toptee,train,toptee_train_00902,B007XR4ID8,B004WIGI8Y,The shirt is a halter top with a plunging neck line and white in color.,is more revealing with less designs
toptee,train,toptee_train_00903,B009ZGP1AY,B009ZYVKCY,is darker,is brown with brown image
toptee,train,toptee_train_00905,B00B036UFU,B00B036IJS,is darker,red lacy neck
toptee,train,toptee_train_00907,B006BDGJBE,B005M6D8RE,has a less complex graphic,has less text
toptee,train,toptee_train_00908,B006JWR4B6,B0062QDO0Y,has shorter sleeves and is more casual,Is more graphic and less shiney
toptee,train,toptee_train_00909,B00EI4GWNI,B00EI4GWOC,The shirt has not sleeves and is white with lace.,is identical
toptee,train,toptee_train_00910,B005LC5W2S,B007HQISWC,is yelloe with side lettering,is darker
toptee,train,toptee_train_00911,B0061R4URK,B005HJO4BU,is a black female polo shirt with white pants,is darker
toptee,train,toptee_train_00912,B00AZL8D7G,B000T8GQQ0,is a solid color button up,is brighter in color
toptee,train,toptee_train_00913,B0084IROEK,B00DDZS6GE,Is lacy and more elegant,has buttons and sleeves
toptee,train,toptee_train_00914,B003H8PXJK,B000OBWYWC,is a darker gray,is a darker color
toptee,train,toptee_train_00915,B004T43FYG,B004YWQTZ0,has police department logo,bigger logo
toptee,train,toptee_train_00916,B008EDRKOE,B009J0LB0A,The shirt is gray with yellow wording and pictures.,is a gray tee shirt
toptee,train,toptee_train_00917,B00BX9ML36,B009NOG9MW,The capped sleeve shirt is blue.,is a lighter colored denim.
toptee,train,toptee_train_00918,B00AWD5DRA,B004KF9K20,has black and short sleeves,is more emo
toptee,train,toptee_train_00919,B00BEN14I4,B008KMN21E,has longer sleeves and orange colored,has longer sleeves
toptee,train,toptee_train_00920,B008ZBP5TC,B004TQN2GU,Has sleeves and is grey,is grey with short sleeves
toptee,train,toptee_train_00921,B003DZ4HIK,B00447W6DY,has shorter sleeves with nice art on the side,is more gray and has a graphic
toptee,train,toptee_train_00922,B007WAFL7S,B008G0KSXK,is lacier and has a shorter sleeve, brown colors
toptee,train,toptee_train_00923,B007G0Q4VQ,B003BGQ0ZE,more revealing and sexier,is a black one piece with exposed sides
toptee,train,toptee_train_00924,B00BKVUF12,B007VSRK98,is lighter,is colorful with collar and buttons
toptee,train,toptee_train_00925,B0067DPZDG,B008GOBNT4,It is purple with no sleeves.,is purple and sleeveless
toptee,train,toptee_train_00926,B0066PVM0K,B00AG3XAZ8,The shirt is black and gold in color.,is a white and black mix
toptee,train,toptee_train_00927,B006FDWYGE,B0090X3WG2,is more revealing and more gamer,is stripped and is tied at the bottom front
toptee,train,toptee_train_00928,B00CTUVV9I,B00C11SHNS,is yellow colored with a colar,is yellow-green with a collar
toptee,train,toptee_train_00929,B00ALNYZMA,B0062FTV20,The shirt is loose fitting and a very light color.,is more peach colored
toptee,train,toptee_train_00930,B00359GA1G,B007KHTSXQ,more revealing and a brighter plain color,is a pint tank top
toptee,train,toptee_train_00931,B00ACDC1J8,B008MUS764,is lighter and has shorter sleeves,has no sleeves
toptee,train,toptee_train_00932,B00D3RB9Y8,B00CQBMQ9E,is more colorful and striped,longer sleeved with vertical stripes
toptee,train,toptee_train_00934,B007W3EZKO,B00C7SRFI8,is purple with white designs,is purple and white colored
toptee,train,toptee_train_00935,B0090OLPMY,B0091NTQHA,has a vibrant print and drawstring collar,has a different pattern
toptee,train,toptee_train_00936,B00B2I5RXO,B00B7COD6M,is black with white designs,is blue and has a collar
toptee,train,toptee_train_00937,B00684K7UA,B004NQUMV4,has black color with a golden sign logo,is purple with short sleeves
toptee,train,toptee_train_00938,B00CSCFEXG,B00BWYO22A,none,is the same product
toptee,train,toptee_train_00940,B009CQNYB0,B000BZ6SCS,The tank top is purple in color.,is sleeveless and is dark colored
toptee,train,toptee_train_00941,B002OMURS2,B00171BBC2,The shirt is black with orange writing.,is black with orange text
toptee,train,toptee_train_00942,B0054KYONK,B00DP02RTE,is rude,is lighter shade of blue in color with words on it
toptee,train,toptee_train_00943,B0080ETSII,B0080ETB8U,is white and has a pink logo,white crewneck
toptee,train,toptee_train_00944,B00196OXTI,B001257NYI,,has spaghetti strap blue color
toptee,train,toptee_train_00945,B009YKPDN6,B004444MBQ,is casual,Has a graphic  with shorter sleeves.
toptee,train,toptee_train_00946,B00375N3AO,B0038OLTZA,has no sleeves and grayish color,is much lighter in color
toptee,train,toptee_train_00947,B007W19F6U,B008KFFAQ6,Has longer sleeves and is more fitted,comes in long sleeves and stripes
toptee,train,toptee_train_00948,B00C11VQMC,B00CCHVRMO,is more sexy,is more colorful and sleeveless
toptee,train,toptee_train_00949,B003BQOG2S,B002W8CN3U,is longer and black,has small hips and is black color
toptee,train,toptee_train_00950,B00D2ZC8V4,B00DOJ2LRE,has longer sleeves and less color more print,Is longer with B&W pattern
toptee,train,toptee_train_00951,B007U4AZ8Q,B00B8PNGTS,is white colored and has longer sleeves,is solid white
toptee,train,toptee_train_00952,B008ZBP58S,B008PSHHY6,has a longer sleeve with a light blue color, jacket-style with longer sleeves
toptee,train,toptee_train_00953,B00AWNGFD6,B009Z1Z6I6,has no strips and is white,Is lighter with no stripes
toptee,train,toptee_train_00954,B00CEPBIOQ,B008OQP4GC,The tank top is white and black.,black tank top with stars
toptee,train,toptee_train_00955,B00A3I6UTE,B008TWFHJ0,is black with white writing on it,is darker
toptee,train,toptee_train_00956,B00CFID5A2,B007QNNNUS,is more colorful,is an orange tank top with scalloped neckline
toptee,train,toptee_train_00957,B007P7NMV0,B00BBT80ZG,is white and plain pattern,is grey with pockets
toptee,train,toptee_train_00959,B0067ECBDM,B00BM0RHKI,It is a striped and longer shirt.,is a longer shirt
toptee,train,toptee_train_00960,B00465SQSS,B003X4DEVM,is a gray colored shirt with small art,is lighter with a more simple graphic
toptee,train,toptee_train_00961,B00EDEVVCU,B00AYCODAC,is solid white,is white
toptee,train,toptee_train_00962,B002CIZQES,B00CLCDS9A,The tank top is white with rainbow wording.,is tank top and color word logo
toptee,train,toptee_train_00963,B004AOKTJY,B00EET09FO,is blu with open sleeves,is in blue with unique design
toptee,train,toptee_train_00964,B001TOQO38,B0035ZHD52,is a black short sleeved t-shirt and AWESOMED phrase,is darker in color
toptee,train,toptee_train_00965,B005BR6LQY,B005CVKGD8,I need more a flannel type shirt and less of a red color,has a black
toptee,train,toptee_train_00966,B004070TE6,B00AKRG1GK,has no sleeves and is pink and black,is tight pink and black tank
toptee,train,toptee_train_00967,B00FN39PFK,B00CEJ2VTS,has a shorter sleeve with one color,is a purple t-shirt
toptee,train,toptee_train_00968,B007OCIDBA,B005FUET20,has longer sleeves,is more colorful and has long sleeves
toptee,train,toptee_train_00969,B005XYKNPU,B0074579BC,is darker,has an animal print
toptee,train,toptee_train_00970,B000R03J8I,B007P5JZKE,is darker,Is black with print I love my husband
toptee,train,toptee_train_00971,B0057X9IIU,B0088Z7V4C,has short sleeves and stripes,is light pink and has short sleeve
toptee,train,toptee_train_00972,B005V9YI26,B0091C6BJC,is a lighter color,is gray
toptee,train,toptee_train_00973,B00CFMWGV2,B00DUEKAYO,is more transparent,is grey and has more print letters
toptee,train,toptee_train_00974,B00D0AM8W0,B001BZ49SW,is gray with math equatoins,is pale grey with black lettering
toptee,train,toptee_train_00975,B008FEPEIG,B009EZKH1E,The shirt is white with a green dinosaur., but more with a crew neck.
toptee,train,toptee_train_00976,B00BEU10LI,B008K4D2US,is a red top with loose scoop neck,is longer sleeved and red
toptee,train,toptee_train_00977,B007PUR7JU,B005FRD8SY,pink with white sleeves large company logo,is pink in color and has longer sleeves
toptee,train,toptee_train_00978,B008H3VQ14,B008H3VTSO,is a bright green,has less revealing and is green colore
toptee,train,toptee_train_00979,B00DX758CW,B00C6NGYTU,is lighter,is light red
toptee,train,toptee_train_00980,B001VSQI8S,B002CM8TSE,is darker colored,is black in color
toptee,train,toptee_train_00981,B00D4CEZ0M,B00EIKF6HK,is a lighter color,is white and less print
toptee,train,toptee_train_00982,B009YKPAUW,B0038KYK7S,pale grey,is more adolescent and shorter sleeves
toptee,train,toptee_train_00983,B00CND6N80,B006UD90CA,has a darker shade of color,has more red and yellow patterns
toptee,train,toptee_train_00984,B00EA8HOFW,B00BX2I1TG,has more leather and has long sleeves,is black short top with longer sleeves
toptee,train,toptee_train_00985,B004NE469K,B004NEB9VS,It has smaller letters on the front.,has less text
toptee,train,toptee_train_00986,B004XH4ZDE,B008OENU74,The tank top is blue in color.,has more blue and no sleeves
toptee,train,toptee_train_00987,B00B230UXG,B008D64QD0,has shorter sleeves,has lacy sleeves and is more fitted
toptee,train,toptee_train_00988,B009XTUSLK,B008G3YVMQ,Is more lacy and white,is white and more revealing
toptee,train,toptee_train_00989,B009N7Y8DG,B00A78X7GY,is more transparent,black and sheer.
toptee,train,toptee_train_00990,B008YGCJXS,B008YGEOOA,is the same,same color and same sleeves
toptee,train,toptee_train_00991,B0098JSN8K,B00880F1JE,is more revealing with a cooler color,is sleeveless and turquoise
toptee,train,toptee_train_00992,B000MVEZF8,B0094KLRXQ,has a shorter waistline,is halter top with bare midriff
toptee,train,toptee_train_00993,B0051904TC,B004W6KDOG,The purse is orange in color.,is orange
toptee,train,toptee_train_00994,B004RUF8F6,B007IUO33K,The tank top is white with red designs and a skull., shinier
toptee,train,toptee_train_00995,B001UA336W,B00BDH58OM,is a short sleeve black shirt with the UK flag,Has redder colors & a tighter fit
toptee,train,toptee_train_00996,B00CXJN9FY,B00CB7TJH0,has shorter sleeves without strips,is white with floral pattern
toptee,train,toptee_train_00997,B003IHND88,B00D3LPC9C,has thicker straps,has wider shoulder straps
toptee,train,toptee_train_00998,B00AFZWR60,B00A7GSSEC,is green with rhinestones,has longer sleeves and  gold trim
toptee,train,toptee_train_00999,B00ABB3YWO,B007R24YII,has no sleeves with black and white print, solid orange
toptee,train,toptee_train_01000,B00A92V6XE,B00CCC3AXS,White and shorter, back longer than front lace underneath
toptee,train,toptee_train_01002,B00873FW6Y,B008A76L3A,The shirt is black in color.,is black with straps
toptee,train,toptee_train_01003,B007E8II6O,B002GKC9A6,has stripes and a collar,Gray stripped buttoned down with black belt
toptee,train,toptee_train_01004,B00EW1H6EG,B00CY1CN7Q,is lighter, bright red
toptee,train,toptee_train_01005,B009EX0TCS,B009ZGP1AY,is brown with a bear,has realistic lion head and is brown
toptee,train,toptee_train_01006,B008RDKVD8,B008RMLUUM, black and red.,has one open shoulder and is dark
toptee,train,toptee_train_01007,B0083T7YRC,B008MBSAJM,has longer sleeves and a collar,is beige and has a collar
toptee,train,toptee_train_01008,B005UX7JQA,B00B1P3LRW,is a brighter color and more frilly,has large v-neck and is pink color
toptee,train,toptee_train_01009,B00F9NG6N8,B00CHXI4XI,black dress with long sleeves,it is green
toptee,train,toptee_train_01010,B008EOXM7W,B00FBQPAIA,is grey with no sleeves and a different logo,is sleeveless and has words on it
toptee,train,toptee_train_01011,B008XOYB78,B009UYMQUY,has gray and white stripes,has more horizontal stripes
toptee,train,toptee_train_01013,B006MHUHC6,B00BSE0I3G,is darker,has more blue coloring
toptee,train,toptee_train_01014,B006ZQVYOY,B00AMS4560,has no sleeves with a blue pattern,has no sleeves
toptee,train,toptee_train_01015,B00G3YKYJO,B006HZ0B7E,The shirt is white with red stripes.,is pink and white with longer sleeves
toptee,train,toptee_train_01016,B003HGI1UA,B008Y926RO,The shirt has white buttons and is purple in color with long sleeves.,is pink with long sleeves
toptee,train,toptee_train_01017,B001VA3NZW,B00EIM9FZ2,is longer sleeves and a geometric print, but with graphic prints.
toptee,train,toptee_train_01018,B00BQLXW7U,B00DHMA8TQ,is a white cropped top,is more skimpy and has no sleeves
toptee,train,toptee_train_01019,B0096HQ5DY,B0096HQNAY,is more of a dress with shorter sleeves,is pink and purple in color
toptee,train,toptee_train_01020,B009G6LRH4,B009GPTI4E,is blue colored and sleeveless,has no sleeves
toptee,train,toptee_train_01021,B004ELAYY8,B0096LVTOU,has a longer sleeve with different print,has a colorful animal print on it
toptee,train,toptee_train_01023,B008SB92G6,B001AXW9W8,Is green with no sleeves,Desired item is a moss green tank top
toptee,train,toptee_train_01024,B00AK9IX5U,B00DY4V62U,is white with pink lettering,has simpler graphics
toptee,train,toptee_train_01025,B0095D1FF2,B00ECB4K68,The shirt is gray with black wording., with no sleeves.
toptee,train,toptee_train_01026,B0073JSPGC,B004S3CB98,has one line of tect,is more like a boston jersey.
toptee,train,toptee_train_01027,B00CMM2T6C,B00BBR9OXK,The shirt has capped sleeves with an animal print.,has a cheetah print
toptee,train,toptee_train_01028,B002MNTJEG,B004PJ91HK,Is grey with a larger graphic,grey with good to be king logo
toptee,train,toptee_train_01029,B0012OHXOO,B003CUMYJK,is pink,is more purple
toptee,train,toptee_train_01030,B00GSJFMM8,B00FOFSZHQ,has no sleeves and black color,is sleeveless with pointed hemline
toptee,train,toptee_train_01031,B002PZHDTY,B0089L5P2A,is black and has a different logo,has more print and is black color
toptee,train,toptee_train_01032,B004L5EP6A,B00EEZB8MQ,black muscle shirt with band logo,scooped sleeves black with avenger logo
toptee,train,toptee_train_01033,B000VTJ4TS,B0089XS4X0,has more of a stripe accent and a V-neck,has horizontal red and white stripes to it
toptee,train,toptee_train_01034,B004WLS2BM,B007QTMOYS,The halter top is brown with light brown motorcycle.,has no sleeves and is brown
toptee,train,toptee_train_01035,B008A5XRPW,B0088VUZLM,is a black colored long sleeve v-neck,is darker
toptee,train,toptee_train_01036,B007NFGTUK,B007NFGZZ4,It is yellow shirt.,it is more green with thinner stripes
toptee,train,toptee_train_01037,B008D65WDI,B008WYDV16,has more colors,has peter-pan collar and bow belt
toptee,train,toptee_train_01038,B004NW2G62,B005O8815O,more shiny and plain design,It has a lighter color and it is more feminine
toptee,train,toptee_train_01040,B002U34KGK,B00EHVC5YM,has longer sleeves and is maroon,has more maroon
toptee,train,toptee_train_01041,B009ZTT4PY,B00B3Y6OZC,has more green color.,is a much lighter blue
toptee,train,toptee_train_01042,B00EC5Y66S,B00D01OPO8,is longer,ties at the waist
toptee,train,toptee_train_01043,B004OD90EQ,B005FQGJ6I,is darker colored,is dark red colored
toptee,train,toptee_train_01044,B008AMGHCU,B0083817DU,has a printed pattern and is less frilly,has animal print and is more muted
toptee,train,toptee_train_01045,B00CI97H34,B00FAWJQAS,is a brown hat,is a brown hat and not a top.
toptee,train,toptee_train_01046,B00B5SKM36,B004ZER0HI,has longer sleeves and is looser,is gray with a v-neck
toptee,train,toptee_train_01047,B009LL07F2,B003X3HUW2,is more fitted and less drab,is a brighter color and no sleeves
toptee,train,toptee_train_01049,B00F35FJ3U,B0093UGNHM,is very similar but more patterned,has white and black pattern
toptee,train,toptee_train_01050,B00A2CB3D4,B009CYDQQ0,is more colorful,is purple with white text
toptee,train,toptee_train_01051,B00A4DOGUI,B0042DGWHQ,Is grey and more revealing at the neck,is dark grey in color and is lighter
toptee,train,toptee_train_01052,B0072444U4,B00EW0UFUY,It is darker in color with a larger print.,is dark colored
toptee,train,toptee_train_01053,B00EKWZAFE,B00E0W207K,is darker in colour,is of a darker purple
toptee,train,toptee_train_01054,B00FAUJ13C,B00BHX5HHU,The tank top is white with a zig-zag print.,is sleeveless and gray
toptee,train,toptee_train_01055,B0062HUEL0,B00898JDU8,is brighter and longer, larger and squared shape
toptee,train,toptee_train_01056,B00611S770,B002MNWO98,has black and white swirl designs,is patterned and darker
toptee,train,toptee_train_01057,B0079G6E3U,B006ON4XBY,is a tank top,is in solid pink
toptee,train,toptee_train_01058,B00DQDFI4G,B007O0X5TW,is short sleeved with a tuxedo graphic,has more graphics on it
toptee,train,toptee_train_01059,B00AW1Z80Y,B00B09ISFE,has longer sleeves,has sleeves
toptee,train,toptee_train_01060,B00196OXTI,B009PQ2E1S,The tank top is black with white lettering.,is a woman's tank top
toptee,train,toptee_train_01061,B008UD3268,B007P5GLMO,has longer sleeves,has a separate print.
toptee,train,toptee_train_01062,B0086JXCRA,B0086JXA5Y,is lighter,v neck
toptee,train,toptee_train_01063,B00ARBSFC2,B007LAL25O,is striped and has no sleeves,has less sleeves
toptee,train,toptee_train_01064,B00G0SGN9S,B007XR4G3A,has shorter sleeves with wider stripes,is white with purple stripes
toptee,train,toptee_train_01065,B007W19JFW,B006LD9AEM,is colorful and long,is more colorful with longer sleeves
toptee,train,toptee_train_01066,B003IHKZYI,B007J9IFKM,has shorter sleeves with only purple color,is blue in color
toptee,train,toptee_train_01067,B004OWANWA,B005963AX4,has longer sleeves and red colored,long sleeves smaller logo
toptee,train,toptee_train_01068,B008Y2R7TS,B008GSXO4W,Is more vintage and red,is a red halter top dress
toptee,train,toptee_train_01069,B004RZ5FBI,B000JCOF8C,is darker,has blue color base with a graphic on it
toptee,train,toptee_train_01070,B00B1VGAYW,B00CYNPE9S,is black and strappy,is tighter fitting and black with no sleeves
toptee,train,toptee_train_01071,B00CTXEIFO,B00AWVOXRI,The tank top is light purple.,is grey with straps
toptee,train,toptee_train_01072,B00ED2RV80,B001AZNFYM,is a white short sleeve t shirt,has einstein
toptee,train,toptee_train_01073,B00AML4I3M,B00A7Y55RM,The loose fitting tank top is light gray in color.,is gray with shorter sleeves
toptee,train,toptee_train_01074,B003Z6IKC6,B00C0GEWEM,is white with orange words,Is white in color with sleeves
toptee,train,toptee_train_01075,B0050GA1YE,B003IKOPD2,is  grey vest and is more revealing,is sleeveless and grey
toptee,train,toptee_train_01076,B00BWUM08W,B00D8J6SN8,The tank top is blue,is multi-colored striped
toptee,train,toptee_train_01077,B00DMEPLPK,B00AEZZKVK,is shiny and longer,is a silky classy long sleeved outfit
toptee,train,toptee_train_01078,B004WOTY6Q,B0073IU2VO,The peasant shirt is brown in color with a light colored neckline.,is maroon with no belt
toptee,train,toptee_train_01079,B0096VOUS2,B005GLM1PA,is lighter,is pink and a woman's shirt
toptee,train,toptee_train_01080,B00C7AFSHQ,B00AL1QETY,The shirt is tight and dark blue in coloring.,is identical
toptee,train,toptee_train_01081,B00CL1P6O6,B0056DRFQI,is green wit pink designs,is in printed design
toptee,train,toptee_train_01082,B00ENUC9PW,B0074QGF70,is transparent,is sleeveless and lace detail
toptee,train,toptee_train_01083,B005QQNOKQ,B001CORKSI,is black color with black and white art,Is darker with different graphic.
toptee,train,toptee_train_01084,B008OPMZ60,B009T0AXVS,It is lighter in color and no sleeves.,has no sleeves and is white
toptee,train,toptee_train_01085,B00FPFP2LM,B00E1A5WSK,is pink with black words,Is more pink with a different logo.
toptee,train,toptee_train_01086,B00893Z7Z8,B004RXKLU0,is more form fitting and pale yellow,is more junior and childish
toptee,train,toptee_train_01088,B0074PSDPI,B0079QYMTS,is lighter,is peach with a red floral print with loose fit
toptee,train,toptee_train_01089,B003N18K28,B00BNFFX44,is sheer purple,is more sheer and sexy
toptee,train,toptee_train_01090,B00B2QAWE0,B00AMQI47S,The loose fitting shirt has light and dark pink stripes.,it is stripped and more monochromatic.
toptee,train,toptee_train_01091,B00A4FPHF4,B008XCADUO,is patterned and less modern,has straps and patterns
toptee,train,toptee_train_01092,B009YFIW48,B001551A6W,is more of a T-shirt in white,white t-shirt not bag
toptee,train,toptee_train_01093,B008SAGOWW,B0089LQO7U,is darker,is a black tee with rust colored print.
toptee,train,toptee_train_01094,B007IZ6YH8,B00ANBC2IY,green mans tee with Irish logo,has a different logo
toptee,train,toptee_train_01095,B0071G8A2Q,B007R2H5AC,Has short sleeves and is brighter in color,is more colorful
toptee,train,toptee_train_01096,B004QOD814,B00CF15DXG,is peach in colour with longer sleeves,is salmon colored with longer sleeves
toptee,train,toptee_train_01097,B007XD5HHS,B00889A7O4,is lighter,is yellow and doesn't button up
toptee,train,toptee_train_01098,B006MHUHC6,B0088RD39M,is a color swatch,is not available to see
toptee,train,toptee_train_01099,B00EA65OWO,B00BPV1UD4,is striped with low neck, and white colored
toptee,train,toptee_train_01100,B00DP3SHLI,B00AANIICY,has thicker stripes pattern and orange colored,is multi-colored 3/4 sleeves
toptee,train,toptee_train_01101,B00D1FANDU,B0082CDDV6,is more solid and less repetitive,has revealing sleeves and is black
toptee,train,toptee_train_01102,B00B1MXH6A,B00B1OQT9U,is sleeveless and more casual,Is more fitted with three-quarter sleeves
toptee,train,toptee_train_01103,B0075LK4EY,B002MC7I0Y,has sleeves and two pockets,is longer sleeved and sheer
toptee,train,toptee_train_01104,B005NY6Q0Q,B005NYIG0E,The dress is red and brown in color.,Is more whimsical and colorful
toptee,train,toptee_train_01105,B007XXGRJA,B004I4O7CQ,is a black t shirt,is a shirt
toptee,train,toptee_train_01106,B008HO1X0C,B00347F9DY,is darker with short sleeves and a graphic,has more black and has sleeves
toptee,train,toptee_train_01107,B0098PXPHI,B009EQBVSQ,The sweater is gray with cut out shoulders and a picture of a tiger.,is a gray sweater with slit shoulders similar to that blue one.
toptee,train,toptee_train_01108,B00ELC6SLI,B005KGYUZA,has short sleeves with  a lighter color and a simple print,Is blue with shorter sleeves
toptee,train,toptee_train_01109,B001WSPFZO,B009ZZGEVA,is tighter,has more purple in it
toptee,train,toptee_train_01110,B007WADMD8,B007WA2UI6,is black with no open sleeves,has closed sholders
toptee,train,toptee_train_01111,B00CMX2KLK,B003YLHVKE,is blue with white designs on the sleeve,Desired item is a beige tank top
toptee,train,toptee_train_01112,B00BTHQS2W,B007909MIU,The peasant shirt is white, hot pink
toptee,train,toptee_train_01113,B00716OR1E,B0081NZ6T8,is white colored and has longer sleeves,black
toptee,train,toptee_train_01114,B0035KPZPC,B004QL2OOY,shorter sleeves and print,has spaghetti straps
toptee,train,toptee_train_01115,B001C4DAHS,B001CP1M9K,has sprawled graphic and is whiter,is white with black text
toptee,train,toptee_train_01116,B001ANYPEI,B00EHOZJ5Q,Is more fitted  with a v-neck,is lighter colored and has a v neck
toptee,train,toptee_train_01117,B0080DL0YO,B004VCFYMW,The shirt does not have sleeves it is black with ruffles.,Has longer sleeves and is looser
toptee,train,toptee_train_01118,B002FKAFX0,B0060TFUZA,is shorter and white,is solid white colored with a different graphic
toptee,train,toptee_train_01119,B00375N3AO,B0038OLTVY,has no sleeves and no buttons,has off shoulder and is black color
toptee,train,toptee_train_01120,B009PKE7M8,B00D4FR9UW,has a shorter sleeve with a transparent stripe pattern,Teal blue see-through striped
toptee,train,toptee_train_01121,B0096SMBXG,B006WP18VC,has a rectangle image,is ess graphic and more sporty
toptee,train,toptee_train_01122,B004K6LZHC,B004HHO3OQ,is lighter in color,it is stripped
toptee,train,toptee_train_01123,B006PD1FSW,B001QYGGTS,Is more casual and has shorter sleeves,Is a whiter tee with shorter sleeves
toptee,train,toptee_train_01124,B006O60CBQ,B002Y26SWQ,is green with longer sleeves and a collar,Is longer and less casual
toptee,train,toptee_train_01125,B00B3VM2VU,B00BTQ82IQ,is a no sleeve blue long shirt,is solid blue and a tank top
toptee,train,toptee_train_01126,B00BB5KKOO,B00A2XRQQQ,has blue color with Mario art,has more blue and has a larger Mario
toptee,train,toptee_train_01127,B008DY1GJE,B007U9250W,is white colored and strapless,is lighter in color
toptee,train,toptee_train_01128,B008JF261Y,B008KMSV3S,has different colored stripes, shorter sleeved
toptee,train,toptee_train_01129,B002ATQOKY,B00BC9BKY8,has no sleeves and is brown, v neck tee shirt
toptee,train,toptee_train_01130,B003MENIGY,B002VZDQ80,is more nerdy,it is white and more monochromatic
toptee,train,toptee_train_01131,B0076J9FTK,B00A2VAD6S,The shirt has short sleeves and is blue in color.,is blue in color with jean wash appearance
toptee,train,toptee_train_01133,B00C4KSEY8,B003B004SE,is a printed loose blouse,Is looser with reddish florals
toptee,train,toptee_train_01134,B004P5PT7A,B008R8BK2Y,The top is loose fitting and is dark in coloe.,has longer sleeves
toptee,train,toptee_train_01135,B00A771UKU,B00A77317K,is lighter colored and more ethnic,has large round neck and is orange color
toptee,train,toptee_train_01136,B00B7Q8ICS,B00DLA8I6E,is black colored and has sleeves,is more revealing with no buttons
toptee,train,toptee_train_01137,B00A0I87HA,B00C7SS820,is almost similar,it is tighter
toptee,train,toptee_train_01138,B009CQU73I,B0036WS3IU,is more revealing and darker, and is longer.
toptee,train,toptee_train_01139,B0082CDDV6,B00FPJ8X1E,has longer less transparent sleeves,is less sexy
toptee,train,toptee_train_01140,B005NY6Q0Q,B004XFX21M,is lighter,is light red and not buttoned
toptee,train,toptee_train_01141,B00AVRHLM2,B003V4A4NK,The shirt has capped sleeves and is gray and black.,has a pocket
toptee,train,toptee_train_01142,B00AZ9FXKS,B0084ZTLBW,is white with longer sleeves,has longer sleeves
toptee,train,toptee_train_01143,B006OVYVIQ,B00B17DLUW,The shirt is long sleeved and blue in color.,has a lighter bluish color
toptee,train,toptee_train_01144,B00EZW1GPM,B00E4OQ31I,Is pink with shorter sleeves,is a pink lavander shirt
toptee,train,toptee_train_01145,B000XSIRN6,B000WAH3PI,background of shirt is white and some print,is a white tshirt with black stripes
toptee,train,toptee_train_01146,B00869ZKCK,B000J0M6BC,is a green t shirt with logo,it is plain with a longer sleeve
toptee,train,toptee_train_01147,B00ANG41KQ,B008QCVU2Q,is smaller and light green in color,is yellow with a face on it
toptee,train,toptee_train_01148,B0058NSUBU,B0081OWBDQ,is pastel floral and v neck,has a yellow color to it
toptee,train,toptee_train_01149,B005NKBA6U,B003UGV3OS,is more grey and has middle logo,Has a Thor emblem and is white
toptee,train,toptee_train_01150,B00BUWNGPI,B00BEMJ1SA,is white with pink flowers,is a tank top.
toptee,train,toptee_train_01151,B003SLRT4I,B000NZ8X42,has long sleeves and offers more coverage,is white with long sleeves
toptee,train,toptee_train_01152,B0056C0QLK,B0056HQ1YQ,has darker lace is is less nude,is in light olive green
toptee,train,toptee_train_01153,B00AG4A1UO,B008H63NXU,is warmer and plain,is a pink top
toptee,train,toptee_train_01154,B002B2PXLQ,B000RI9NTO,The shirt is purple with white lettering.,it is purple
toptee,train,toptee_train_01155,B008596ZJS,B007WA4BCE,It is a black and white striped shirt.,is white and black in color
toptee,train,toptee_train_01156,B009ZYNH84,B005DJOP0E,is a leopard patter long sleeve shirt,is an animal print nad has long sleeves
toptee,train,toptee_train_01157,B002ZP1ABG,B002B2V6OO,has a logo that is only white, has a cat
toptee,train,toptee_train_01158,B005FAOHDQ,B0019705C6,is shorter in length,is less revealing and longer
toptee,train,toptee_train_01159,B007Y5KMI4,B004MNJGR4,is lighter in color,is lighter
toptee,train,toptee_train_01160,B00A6HOZYE,B005J29RAI,is a cream t-shirt with short sleeves,It has no collar and button
toptee,train,toptee_train_01161,B00C93W93C,B00E60GOXW,The short is stripped with a leopard.,is black with white stripes
toptee,train,toptee_train_01162,B007C7JA5U,B0075LK4EY,Is white in color,is white
toptee,train,toptee_train_01163,B002U4SJP2,B00CMXYCRU,a medium sleeve top with a few buttons and long waist,is longer sleeved
toptee,train,toptee_train_01164,B003VZMN10,B005H16MMC,has large v neck and black solid,Is darker with a looser fit
toptee,train,toptee_train_01165,B009WVZ6DY,B0052UBWU0,has shorter sleeves and is red,Solid red shirt with blue person on front
toptee,train,toptee_train_01166,B0049B3R0G,B005LU0G9O,longer and neckline is different,is white and is drapped.
toptee,train,toptee_train_01167,B007C3NQTA,B004ZBGWTI,has more elbow length loose sleeves with tie belt,is more fashionable and casual
toptee,train,toptee_train_01168,B008CI2Q3Q,B0097YEZD8,has cheetah prints on it,has cheetah print
toptee,train,toptee_train_01169,B009YKPAUW,B00CIOON2M,The shirt is purple and white.,is more floral
toptee,train,toptee_train_01170,B00B11ZSHM,B00DZ3A8BA,is strapless printed,is sleeveless and more patterned
toptee,train,toptee_train_01171,B00A13GEEW,B00DOS9U2E,is black and shorter sleeves,is a black tshirt
toptee,train,toptee_train_01172,B00247HRG2,B00BT90ULA,has one shoulder, and not a button up
toptee,train,toptee_train_01173,B002PUSVT0,B0040UIMGK,It is more fitted and shorter sleeves., solid red
toptee,train,toptee_train_01174,B000A3BWBS,B0098813OC,black pattern design shirt tie at waist,comes in long sleeved V neck design
toptee,train,toptee_train_01175,B000OBWYWC,B00EZUEWMS,is a red lace dress,it is red and has long sleeve
toptee,train,toptee_train_01176,B00BUTUAU0,B0052NPFY6,The black shirt has Merlotte's Bar and Grill.,is darker coloured
toptee,train,toptee_train_01177,B00BJZ8NNQ,B00BJJXLTI,is more revealing,has no sleeves and is more revealing
toptee,train,toptee_train_01178,B0051HUEXK,B003OXPZ50,has an image of a horse,comes in black
toptee,train,toptee_train_01180,B0040894DW,B003ZSIYIO,The shirt is a boat neck and is blue in color.,has a higher neckline and is more opaque
toptee,train,toptee_train_01181,B00E82QZWI,B00GEDOFNU,has image of fist on it,has white hand graphics on it
toptee,train,toptee_train_01182,B002FKAFX0,B005EROPBY,is grey,Solid light grey Hello Kitty on front
toptee,train,toptee_train_01183,B006JWR4B6,B00C4W5IJ0,sleeveless and has words on it,is less feminine and more athletic
toptee,train,toptee_train_01184,B001PTGKA4,B005LTN228,The shirt is red and black in color.,has a higher neck line and is darker
toptee,train,toptee_train_01185,B000OT9CDI,B00BLQH30W,is darker,is black with blue logo
toptee,train,toptee_train_01186,B00GHQTG2Y,B00C6TXMBC,is black colored with longer sleeves,is long sleeved and black
toptee,train,toptee_train_01187,B004KF4PM0,B007KPX2EE,is green,Green with army logo
toptee,train,toptee_train_01188,B005NQAZ88,B00824XN7I,has round wide neck and mostly black,black hit length
toptee,train,toptee_train_01189,B005LC976U,B0067UOBPM,has longer sleeves,has sleeves
toptee,train,toptee_train_01190,B0012RUQEA,B00164GQDY,is smaller in size,has smaller graphics
toptee,train,toptee_train_01191,B009GM0300,B009GLZH8Y,is brown with gray sleeves,is darker and masculine
toptee,train,toptee_train_01192,B007KTJ4PQ,B00386JLWG,This is a green shirt with a sleeve.,is sheer with a green cami underneath
toptee,train,toptee_train_01193,B003HKQU86,B0064SFITA,has no sleeves with two color stripes,is more open without frills
toptee,train,toptee_train_01194,B0077SGZO8,B00GI1ESRG,is red with yellow designs,Is a red sweat shirt.
toptee,train,toptee_train_01195,B004I784E0,B005GV4VSA,has a darker green color,Is less revealing
toptee,train,toptee_train_01196,B00DS7A7ZA,B0013TL2S6,a tshirt with wording,is a yellow t-shirt with words
toptee,train,toptee_train_01197,B007LA4EIG,B008P520DM,is lighter,Is lighter with more patterns
toptee,train,toptee_train_01198,B00BZV4GMG,B00DYW0EV6,is a lighter color,is lighter
toptee,train,toptee_train_01199,B0013CMOAS,B002Y2BX4O,is a beige tshirt with a buffalo picture,Desired item is a t-shirt with a buffalo pictured
toptee,train,toptee_train_01200,B009205PCW,B0020MZ2EU,has no sleeves and one color,is tank top and blue
toptee,train,toptee_train_01201,B002ACG7TY,B008NF9L2C,are sunglasses,are shades
toptee,train,toptee_train_01202,B005OZN0LM,B00BBU8RDA,has abstract colors and collar,is blue and patterned
toptee,train,toptee_train_01203,B007TGJO7S,B008IEFAZK,is black and yellow color,is yellow and leopard design
toptee,train,toptee_train_01204,B002M3EVD0,B006X0BDGQ,dark colored and large graphic print,darker with band graphic
toptee,train,toptee_train_01205,B00DC99VXI,B00FM1D45A,has an aztec black and white print and is sexier, sleeveless and has a zipper
toptee,train,toptee_train_01206,B002UKPUL2,B002872ETS,is beige without the black belt,Is a darker off white color
toptee,train,toptee_train_01207,B009Z4TY8Q,B005EWGGFW,is black with long sleeves,is black with longer sleeves
toptee,train,toptee_train_01208,B003KSDK06,B002ILL6ZC,has a different design and is blue,it is purple
toptee,train,toptee_train_01209,B00CEU2T30,B007WAI882,has a short sleeve with a Hello Kitty image,is  a tied bottom shirt
toptee,train,toptee_train_01210,B0089O9RO4,B008NDWJ14,The shirt is blue with a horse.,is blue toned
toptee,train,toptee_train_01211,B009CC4EGI,B00850S1Z8,is lacier and has rounded collar,is red and is sleeveless
toptee,train,toptee_train_01212,B00BQR7H2A,B007PWOAHK,has a brown color.,is black with large gold coffee graphic on front
toptee,train,toptee_train_01213,B003IKOOF6,B005SOHDX0,has blue and black strips and has longer sleeves,is purple and grey striped with long sleeves
toptee,train,toptee_train_01215,B007M8SLKO,B006VDS9H6,is a blue see-thru striped button down top with sleeves,is blue with stripes
toptee,train,toptee_train_01216,B0055EC2VQ,B001VA3NZW,has black striped and off-shoulder,has gray and black striped design
toptee,train,toptee_train_01217,B00AWDIEKI,B00B9HCZUG,has cheetah prints,has leopard print in color
toptee,train,toptee_train_01218,B007X4DAS0,B00265PE94,The shirt is black with white buttons.,is solid black
toptee,train,toptee_train_01219,B006HSCF5C,B006HT3MDA,is a buttoned down shirt,Has more buttons and is more business like
toptee,train,toptee_train_01220,B0085TVFSO,B0092SLE06,has longer sleeves.,more like a tee shirt with billows
toptee,train,toptee_train_01221,B00B8RD1J6,B00935PB6Q,is v neck and has floral, no buttons
toptee,train,toptee_train_01222,B00BM1HEQE,B0098B896Y,is beige colored has sleeves,has short sleeve and is grey color
toptee,train,toptee_train_01223,B008SAXZ42,B009PJF8EK,The long sleeved shirt is white in color with cut out shoulders.,has open shoulders and long sleeves
toptee,train,toptee_train_01224,B00F1RW2QM,B00EM5VZBW,The short sleeved shirt is pink in color.,is pastel red colored
toptee,train,toptee_train_01225,B005PPHHM4,B003NXNOIG,is multicolored with shorter sleeves,is short sleeved and has a tie-dyed pattern
toptee,train,toptee_train_01226,B00CMTE5QM,B00CFSY6M8,is orange cheetah striped,is a leopard print sleeveless shirt
toptee,train,toptee_train_01227,B00292FLQ0,B0017JQRX2,is blue and has a different logo,is light colored
toptee,train,toptee_train_01228,B004KF4PM0,B009MQQ6LU,is lighter,is blue with longer sleeves
toptee,train,toptee_train_01229,B00A9CBCWY,B00AK9IX5U,Is less wordy,Desired item has a female cartoon character
toptee,train,toptee_train_01230,B005U5WGGQ,B007XXGRJA,is a hat,is a hat
toptee,train,toptee_train_01231,B002Y2BT6Q,B002Y2AL7E,Is  pink and more girly, sleeveless tee
toptee,train,toptee_train_01232,B008OVR8F2,B00ARA8IFC,is red and patterned with longer sleeves,is red and ties at the waist
toptee,train,toptee_train_01233,B00FAUJ13C,B00EOXS9PW,has two v stripes and no sleeves,has straps with stripes
toptee,train,toptee_train_01234,B008CXGS1C,B00C59RW7I,is more colorful,is more boldly colored and more revealing
toptee,train,toptee_train_01235,B003XXZMFO,B004SDXK48,is white colored with red stripes on sleeves,is white with red stripes
toptee,train,toptee_train_01236,B008H447EQ,B002NA8XOU,The shirt is aqua blue with a purple design.,is longer and more blue
toptee,train,toptee_train_01237,B00BE95DU8,B00BKBCJWK,is lace with pink words,has short sleeve and is black colore
toptee,train,toptee_train_01238,B00C3CWBA0,B00C3CVIOU,is more floral, with a different design
toptee,train,toptee_train_01239,B00C9WBFL0,B008YF4V9E,is more patterened and less revealing,black long sleeve
toptee,train,toptee_train_01240,B004RL7TRK,B0021LNJ7M,is lighter and has shorter sleeves,has Goofy and sleeves
toptee,train,toptee_train_01242,B007Z55T0Y,B004KUYE26,has a less bright color and a different print,is a gray shirt
toptee,train,toptee_train_01243,B00355FM8W,B008NBBI9U,is darker and more succinct,is darker
toptee,train,toptee_train_01244,B001S9X34W,B002GXJVUO,has a more colorful graphic,Has a bluer emblem
toptee,train,toptee_train_01245,B0087WCSSU,B002ZULOLC,Is black with less graphic,is black with a different graphic
toptee,train,toptee_train_01246,B00478RK2M,B00DOS9JPC,is lighter, gray
toptee,train,toptee_train_01247,B006DTK0W0,B008TBSVM6,is grey striped, fitted woman's tee with a dinosaur on front
toptee,train,toptee_train_01249,B00AZPSEJE,B00B5K7CDM,is blue colored with sleeves,is less revealing and more everyday
toptee,train,toptee_train_01250,B00AY4W8ZC,B0046V37F4,The long sleeve shirt is gray in color.,it has a longer sleeve and lighter color
toptee,train,toptee_train_01251,B006CEHRPE,B0035GGPTG,is brighter in color,is pink and has shorter sleeve
toptee,train,toptee_train_01252,B00A26CXI4,B00BUIT6PG,Is more elegant and has longer sleeves,Is forest green and cinched at the waist
toptee,train,toptee_train_01253,B00B8P4WKK,B00BSHJKGE,The shirt has not sleeves and is red.,is red with collar
toptee,train,toptee_train_01254,B003BTOKAI,B0013E8FUY,is lighter in color and shorter sleeved, is yellow colored
toptee,train,toptee_train_01256,B008C01WNO,B0088MQEAW,has a different graphic and darker in colour,is black tank top
toptee,train,toptee_train_01257,B00860B9SI,B007K3ACJ4,is white and more historic,is a white tee.
toptee,train,toptee_train_01258,B0079G1FIE,B007H114GY,has a collar and is orange,has collar and buttons in front
toptee,train,toptee_train_01259,B009X6EUAS,B006VMYHU0,is off the shoulder and darker,is off-the-shoulder and has fitted sleeves
toptee,train,toptee_train_01260,B0097ZP16M,B0097YF8XO,is solid white,is more white
toptee,train,toptee_train_01261,B0012VRC70,B004K9440E,is short sleeve and less silky,has short sleeve and is red color
toptee,train,toptee_train_01262,B001I7UJY6,B00873VPTC,The pink shirt is tight fitting with capped sleeves.,is pink and has sleeves
toptee,train,toptee_train_01263,B0095VZ8JI,B00C77LEX6,has a spiral art pattern with blue colors,has a blue tie-dye image on it
toptee,train,toptee_train_01264,B004CBZ3J6,B00596NXRW,The shirt is long sleeve with purple coloring.,is purple and pink and less revealing
toptee,train,toptee_train_01265,B005EE2QPY,B005H6481E,is lighter,has a lighter color
toptee,train,toptee_train_01267,B008RSRZ9G,B00CBRY71I,black short sleeved t-shirt. With text writing on the chest.,Is more casual
toptee,train,toptee_train_01268,B00DV3BCRI,B005GR014C,The hat is a green Christmas tree,is green
toptee,train,toptee_train_01269,B00AHXIC96,B005O3UYBS,a lot more loose and whiter where it is shoulderless, with a front opening
toptee,train,toptee_train_01270,B003C20NJG,B000ZN76UE,is light butter colored,it has a lighter color
toptee,train,toptee_train_01271,B005HIKG3Q,B0075670J6,is light teal colored with floral deisgn,has floral designs on it
toptee,train,toptee_train_01272,B001E1T1D6,B009RV4US6,I would like an all over pattern with skulls Incorporated in it preferable with the skulls being green.,Has shorter sleeves and green ghouls
toptee,train,toptee_train_01273,B00901G9UA,B003I4DQ8S,is a purple v neck,Is more plain
toptee,train,toptee_train_01274,B00ARRF6EQ,B00ATLG4MS,has more variety of colors,is tighter fitted
toptee,train,toptee_train_01275,B007FPZ4TK,B007KS0XTI,is more revealing and more loose,is sleeveless
toptee,train,toptee_train_01276,B008MYI66G,B00B4W3QFY,is white with blue flowers,has a blue and white flowered design
toptee,train,toptee_train_01277,B008RYEXN6,B008RYEW8M,is a tan plaid with black designs,is more green
toptee,train,toptee_train_01278,B008D4RYZE,B009E7RHHO,black sleeves looks less sexy,has a darker color
toptee,train,toptee_train_01280,B003E26NBQ,B00DJ91GAC,is yellow and a summery dress,has shorter sleeves
toptee,train,toptee_train_01281,B00G3YKYJO,B00DH8XWPW,lighter in color,has a shorter hemline and no bows
toptee,train,toptee_train_01282,B005BW9LNE,B00B5TTLVY,The tank top is white in color with Hello Kitty.,is sleeveless and a lighter color
toptee,train,toptee_train_01283,B00DSOHS4Q,B00DS7A7ZA, sleeveless and is purple,Desired item is white with red floral print
toptee,train,toptee_train_01284,B008YCD6CA,B008VTIURC,Is more revealing and sexy,has an animal print and is less shiny
toptee,train,toptee_train_01285,B009F0I1OS,B0059DC0GA,is black colored and has longer sleeves,has longer sleeves and a darker color
toptee,train,toptee_train_01287,B0084OBFP8,B008EWT4B2,is darker colored with short sleeves and no collars,is a short sleeved tee with print
toptee,train,toptee_train_01288,B0074ESOAI,B001F8IK0S,has a large image in the center,has a similar but different print.
toptee,train,toptee_train_01289,B00CIZLMZM,B003E2S33M,is a solid color,it is black and plain
toptee,train,toptee_train_01290,B0094R0BO0,B004JF5NT0,is lighter,Is more peachy with a higher neckline
toptee,train,toptee_train_01291,B002CP4N3G,B00AJ388XO,is more revealing and white,is shorter and lighter
toptee,train,toptee_train_01292,B003N18K28,B00BMU2HMG,is ble chevron with a low neck,has stripes in a v
toptee,train,toptee_train_01293,B0077KMRJ8,B008HO1X0C,is more flirty and is burgundy,is peplum
toptee,train,toptee_train_01294,B007TM4F3K,B00591HV7A,has a black print,is blue and white and less revealing
toptee,train,toptee_train_01295,B0078UM9FO,B0079OHNJG,has green color with a frog, shorter length with longer sleeves
toptee,train,toptee_train_01296,B0065470YY,B001BJUE3C,is more white and wordy,is white and has letter print
toptee,train,toptee_train_01297,B00A4DU0YE,B00B0AZJAA,longer no sleeves or design,is white and sleeveless
toptee,train,toptee_train_01298,B00ADM1UD6,B008LRUKPY,It has a higher v-neck.,slimmer fit
toptee,train,toptee_train_01299,B004W4J7IG,B004W4E59W,has bright green color with a spiral art,is green and light swirls
toptee,train,toptee_train_01300,B00AVRHLM2,B003WOL2WQ,is grey with longer sleeves,grey with longer sleeves
toptee,train,toptee_train_01301,B004DUM9EI,B00C9ZYJSS,is darker,is more intimate looking and stylish .
toptee,train,toptee_train_01302,B008XK74MQ,B008YGBAYC,is brown with a different design,is black and more draping
toptee,train,toptee_train_01303,B00CS4N90Y,B00CDWQ52U,is purple,is solid purple
toptee,train,toptee_train_01304,B0056DR3KG,B00CL1P6O6,is solid purple,is purple and has no sleeves
toptee,train,toptee_train_01305,B0098X72PG,B008CI1O70,is a bright color., and a graphic
toptee,train,toptee_train_01306,B008S0CA1G,B008RYEZCK,is lighter and has shorter sleeves,has a floral print and is flowy
toptee,train,toptee_train_01307,B008PTDG40,B00CIBNVEG,has colorful strips,has horizontal stripes
toptee,train,toptee_train_01308,B002UF0YTU,B002XR4SOW,is dark brown colored with text in red,is grey and form fitting
toptee,train,toptee_train_01309,B0041Q30S8,B008L1P0FA,The shirt is a long sleeve tight shirt with pink,has pink stribe and is blue
toptee,train,toptee_train_01310,B006ZAV1YI,B00A2WO7PU,is striped and has longer sleeves,is blue and white striped
toptee,train,toptee_train_01311,B00462QLAG,B003VQS95S,long sleeved navy blue top,more red color and longer sleeves
toptee,train,toptee_train_01312,B007WOEOMW,B002UUMJCK,is a lighter shade,colored print
toptee,train,toptee_train_01313,B004R10ZFI,B00DII41EM,is gray with mickey mouse,is gray and has short sleeves
toptee,train,toptee_train_01314,B005NJX9ZQ,B005RF2HMC,has a dolphin on it,is tighter fitting and has shorter sleeves
toptee,train,toptee_train_01315,B008UA8S1U,B00CG5JPE4,its more pink and loose,shirt is pink and white and is sexy
toptee,train,toptee_train_01316,B00GSVCU6W,B0058E7CE0,The tight fitting shirt is white in coloring with plaid cuffs.,is lighter
toptee,train,toptee_train_01317,B00EUEAT6W,B00B5XGUW8,is brighter and more feminine,is a pink top
toptee,train,toptee_train_01318,B006ZAV1YI,B007VF87O8,is striped and has more than one color,is lighter
toptee,train,toptee_train_01319,B00E3T0B3U,B003R6VS8M,The long sleeve shirt is mint green in color.,is green and longer sleeved with a v neck
toptee,train,toptee_train_01320,B004JJVF48,B00H4RD7B6,is lighter with a blue logo,is grey and blue.
toptee,train,toptee_train_01321,B0091J0SNK,B0091J20LI,off one shoulder,off sholder sleeve dark purple ruffles on neck
toptee,train,toptee_train_01322,B00BCTWEF2,B00CLEBYJY,is a button down shirt with large flowers & spiral print, is white and v necked
toptee,train,toptee_train_01323,B0096I6L28,B0096I6E6Q,has no sleeves and color is white,has a floral print in lighter colors.
toptee,train,toptee_train_01324,B008BJSLYY,B008BJTCWY,is less bright,has shorter sleeves
toptee,train,toptee_train_01325,B00408H7CC,B005BSYNUY,The shirt is blue with white and black writing.,has shorter sleeves and is more juvenille
toptee,train,toptee_train_01326,B0084HTD9U,B00B4GH782,is pink colored with grey and white stripes,is a sexy top in 3 colors
toptee,train,toptee_train_01327,B00CBS8A60,B003NH023M,is lighter,is white with black text
toptee,train,toptee_train_01328,B00D6SN3O8,B00CZV2GJ0,The tank top is blue and white in color with a picture of a woman.,is blue and patterned
toptee,train,toptee_train_01329,B00BQOSQA0,B009YJQ8H2,is white with black designs,is colorful and longer sleeves
toptee,train,toptee_train_01330,B00BHASE5A,B00BHASDX8,is exactly the same,Is the perfect product
toptee,train,toptee_train_01331,B00CY1C95M,B00CY1BX4K,has a shorter sleeve and less color,Has longer sleeves and a light floral pattern
toptee,train,toptee_train_01332,B005JFHAEA,B0072C9F7I,has longer sleeves with more colors,is 3/4 sleeves and tie dyed
toptee,train,toptee_train_01333,B005JFHAEA,B00F10ONU2, with a v-neck and longer sleeves,has vertical stripe designs to it
toptee,train,toptee_train_01334,B00AX2S2IM,B00AX2S0OS,has no sleeves with minimal art,is more colourfull
toptee,train,toptee_train_01335,B006PATDDY,B00B717P4K,Is yellow with shorter sleeves,is tighter
toptee,train,toptee_train_01336,B0060O69IC,B00462QTUS,is grey with shorter sleeves,grey v neck smooth no ruffles
toptee,train,toptee_train_01337,B00BD2EYVU,B005GYGWTI,is lighter and has longer sleeves,Is more wordy and less revealing
toptee,train,toptee_train_01338,B009DZODCY,B00C65XYDC,is heather grey with no sleeves,is solid white and 3/4 sleeves
toptee,train,toptee_train_01339,B004RGQCDW,B005X9AI5U,is looser and darker colors,is paisley and darker
toptee,train,toptee_train_01340,B003OBC6MM,B00B7ETRKM,has thinner straps and is more revealing,has strings and straps.
toptee,train,toptee_train_01341,B009ZCHYN0,B005FOKM4A,is black,has an orange and black animal design
toptee,train,toptee_train_01342,B00AAMNYOW,B00AAMO2YI,black shorter sleeves,has rose design on a black shirt with long sleeves
toptee,train,toptee_train_01343,B005I657KO,B001HZQHTK,is grey and has a car,is grey with red image
toptee,train,toptee_train_01344,B002MNTJEG,B002K4S1ZA,its white with a more colorful artistic print,it is white
toptee,train,toptee_train_01345,B00EYIMA8E,B00FM7E9YO,is lighter,is more chic and sexy
toptee,train,toptee_train_01346,B006Z8GHHG,B004XO6YFE,is solid white with shorter sleeves,is white with short sleeves
toptee,train,toptee_train_01347,B007Y2C8QG,B006GV3AD6,Has shorter sleeves and is less chic,is red
toptee,train,toptee_train_01348,B004KOTPPS,B001KZTU78,The shirt is black with white lettering.,is black with Princess or Queen on front
toptee,train,toptee_train_01349,B004RUF8F6,B00C40WEYY,is more camouflage and less glittery,is camoflaged
toptee,train,toptee_train_01350,B009ESDWCM,B007J7J6NO,Is grey,it is grey
toptee,train,toptee_train_01351,B00CZAOPV8,B00170ZVNI,white tank,has less color
toptee,train,toptee_train_01352,B00720EWWI,B007R0004M,is green and says I believe,has graphic word and is dark green in color
toptee,train,toptee_train_01353,B0085IN4YS,B003WOK2S6,is strapless,is sleeveless
toptee,train,toptee_train_01354,B000KD42BK,B002Z8VH7K,The shirt is white with a blue train.,has a blue train on front
toptee,train,toptee_train_01355,B006VE7WK0,B008AMVBN0,is orange with no sleeves and a u shaped neck,has no designs and has more orange.
toptee,train,toptee_train_01356,B003ILHLHS,B003ILWQ78,is black with a design accross bust and shorter sleeves,hot solid pink
toptee,train,toptee_train_01357,B002M3EVD0,B000VX05IS,The shirt has short sleeves and is brown in color.,is brown t-shirt with More Cowbell on front
toptee,train,toptee_train_01358,B00AJNKALW,B0028AGGPS,has horizontal words.,is lighter
toptee,train,toptee_train_01359,B008AOKM1U,B001QJMM0U,has short sleeves and no shiny logo,white and pink striped
toptee,train,toptee_train_01360,B003LJS76G,B007UML0QO,is coral with the straps,is a brighter color with a polka dot pattern
toptee,train,toptee_train_01361,B00BWUM21C,B00COYEUME,is darker and has short sleeves,has cross on front and long sleeves
toptee,train,toptee_train_01362,B008ZXEP8W,B004XWFLXW,has shorter sleeves and brighter color,brigher shorter
toptee,train,toptee_train_01363,B00B9EF9CA,B005EQ6GAI,is black with thin stripes,black sports work out shirt
toptee,train,toptee_train_01364,B007RFJPP2,B00FRTWBEC,shinier and has sleeves,Is tighter and shinier
toptee,train,toptee_train_01365,B00A3I9668,B0055DRM30,The shirt is red with a cartoon character., more fitted
toptee,train,toptee_train_01366,B000ZZXSBS,B00AI9DXKM,is darker with a different logo,black with green graphics
toptee,train,toptee_train_01367,B00FW3J9BQ,B00F6IK326,This is a brighter green shirt.,is teal colored
toptee,train,toptee_train_01368,B007P8AE3I,B004W4J7IG,is blue with an orange peace sign,blue with a logo.
toptee,train,toptee_train_01369,B0030IMTTE,B007TJ47K4,is green and white,has green stripes to it
toptee,train,toptee_train_01370,B000JR9H3U,B0042PVT8Q,is dark grey colored with longer sleeves,has longer sleeves
toptee,train,toptee_train_01371,B0046IB5JW,B00C7FG2SU,has a brighter color and a different print.,is purple with white iamge
toptee,train,toptee_train_01372,B0084D1U9A,B007OXSCBK,is lighter and has longer sleeves,is white with colorful image
toptee,train,toptee_train_01373,B00AY02MNE,B0087HLM6E,is black with white designs,is black with image
toptee,train,toptee_train_01374,B00CFZN87A,B00CI0EX5I,is ocean blue in color,is a black woman's tee with pink Superman emblem
toptee,train,toptee_train_01375,B003BTOKAI,B000YVRS1Y,is a dark colored tank top,is sleeveless and dark colored
toptee,train,toptee_train_01376,B008OZT8LU,B008TWBZ0K,is red with black and white stripes,is darker
toptee,train,toptee_train_01377,B007WA3VNE,B007WAU2BS,The shirt dress is a leopard print.,is entirely covered in a leopard pattern
toptee,train,toptee_train_01378,B002KG4I0K,B00AM7R2U2,Is blue and more casual,is blue in color
toptee,train,toptee_train_01379,B00B8R8S76,B0077D4IHY,is a t-shirt,is brown colored
toptee,train,toptee_train_01380,B004PYD5Q8,B008D0DV1E,has sleeves with blue shaded strips,has wider stripes and has sleeves
toptee,train,toptee_train_01381,B0047PYBCM,B003BED2O8,is multicolored,is looser and flowing
toptee,train,toptee_train_01382,B004WLENSI,B004R8U10A,is less pink shiny and has long sleeves,has longer sleeves
toptee,train,toptee_train_01383,B009LVA78E,B007CVXW2I,The shirt is loose and orange in color.,Has shorter sleeves and is brighter
toptee,train,toptee_train_01385,B008EX0AOQ,B008X05XXI,is white button down shirt,is white long-sleeved shirt with pocket
toptee,train,toptee_train_01386,B0076FI5TU,B0091CKRDS,is less reveraling,has a more closed top on the shoulders and neck.
toptee,train,toptee_train_01387,B008UCT3VW,B009NPLDZO,has longer sleeves and is red,Is red with a black pattern
toptee,train,toptee_train_01388,B0097YF4A6,B004444LGM,has no sleeves,is black and more revealing
toptee,train,toptee_train_01389,B00915SD22,B000CC4EGW,black tee with band queen design,black with large graphic
toptee,train,toptee_train_01390,B00A36JM4Q,B00A36JK9I,is pink colored shirt,is pink and checkered
toptee,train,toptee_train_01392,B00DV72IV8,B005EDBBJ2,has no sleeves with brown color,is a silky tanktop
toptee,train,toptee_train_01393,B008MB2R50,B008X0EGWM,he shirt is sleeves and lavender in color.,Has no buttons and is more frilly
toptee,train,toptee_train_01395,B00B359C46,B0087QIC1I,is less revealing has less graphics,has short sleeves
toptee,train,toptee_train_01396,B00BQX2J86,B00858E5EQ,is blue with shorter sleeves and stripes,has shorter sleeves and has horizontal stripes
toptee,train,toptee_train_01397,B007QUWQSQ,B009Y0XXAQ,Is red and less elegant,Is less graphic and more trendy
toptee,train,toptee_train_01398,B002UFX3RU,B00A4NHMEU,is a black fitted t-shirt with yellow triangle motif,is black and yellow and has no graphics
toptee,train,toptee_train_01399,B0087Q624M,B008B17AZ8,is lighter,is pink with a different graphic
toptee,train,toptee_train_01401,B00BIP1WLW,B00CSF0QX6,The shirt is blue with white stripes.,Is darker and more fitted
toptee,train,toptee_train_01402,B00CM9JJZ4,B008POB7IC,has busy graphic and English-only lettering,is black.
toptee,train,toptee_train_01403,B0041Q30YM,B00AA7CUTC,is lighter and has shorter sleeves,is lighter and has shorter sleeves
toptee,train,toptee_train_01404,B008N2X3M4,B00ELHTI42,has longer sleeves with a turtleneck,is two shades of blue with long sleeves
toptee,train,toptee_train_01406,B00FI9RSDU,B00F6C14MU,is red with a black dog,is bright red with black graphic design
toptee,train,toptee_train_01407,B008CG0XX8,B008CFZN5C,is blue,is black wtih picture of red woman
toptee,train,toptee_train_01408,B00APPEW2W,B0058FORG0,The tank top is black and sheer.,is darker with a design around the neck
toptee,train,toptee_train_01409,B0037EU24A,B00BPVW2KE,is lighter,is white and more flowing
toptee,train,toptee_train_01410,B0089FRUSI,B004XGA7ZA,The shirt is hot pink and long sleeved.,it has no collar and has a long sleeve
toptee,train,toptee_train_01411,B00E6J1FG4,B00CZAOPV8,The tank tops are blue and purple., longer sleeves
toptee,train,toptee_train_01412,B001P69GTO,B001LGGPUG,The shirt has short sleeves and is blue in color., peplum waist
toptee,train,toptee_train_01413,B0085IN81M,B006FU9Y4C,is one shouldered and is leaf patterned,is a one sided sexy blouse
toptee,train,toptee_train_01414,B009YMFY1K,B0058VUJ02,is a light blue colour,is a solid blue polo
toptee,train,toptee_train_01415,B009Z1YJYS,B005IKTWJ2,is black with white polka dots,is darker and western
toptee,train,toptee_train_01416,B004MW4Z76,B004U69VVY,is green with black designs,is blue with floral patters
toptee,train,toptee_train_01418,B006BTKZQI,B007NG4B5O,is sleeveless,has halter top and buttoned front
toptee,train,toptee_train_01419,B0087CEW20,B00FARFHA6,long sleeved beige top,has no buttons on the collar
toptee,train,toptee_train_01420,B00AH7J1HE,B005FQVB48,has facial graphic and is less geometric,has a black man on the front
toptee,train,toptee_train_01422,B007IW5S8M,B000ESAMTM,is green with words,is olive color
toptee,train,toptee_train_01423,B00BN7WXZE,B00C93X1MU,is more simple and less patterned,is lighter
toptee,train,toptee_train_01424,B005GK90CI,B0036TFZHK,is teal colored and plain design,is blue with a vee neck
toptee,train,toptee_train_01425,B00B30VLCM,B0045EPWYG,has shorter sleeves and color is yello,shorter length
toptee,train,toptee_train_01426,B0051GLDKO,B00BGVTX8M,is yellow colored and has sleeves,Has short sleeves and is yellow.
toptee,train,toptee_train_01427,B002HEWDNY,B0076AIPH2,Is more sexy and revealing,has spaghetti straps
toptee,train,toptee_train_01428,B007WA2MP2,B00C7CQDW8,has a dark background.,is black based
toptee,train,toptee_train_01429,B004ZSHZ42,B003K14N90,is a white and pink football shirt,is brighter and has longer sleeves
toptee,train,toptee_train_01430,B009YMFY1K,B00DL4EU5I,has a short sleeve with different color patterns,has no buttons
toptee,train,toptee_train_01431,B00CIPHLN4,B00980K54Y,is floral and has long sleeves,is beige 3/4 sleeves
toptee,train,toptee_train_01432,B00E0L0QCM,B00EZJKJ1W,is longer with a more vibrant pattern,is blue
toptee,train,toptee_train_01433,B0086CIY6Q,B007IVSKB0,male costar on front,has more text
toptee,train,toptee_train_01434,B0091IWU1Y,B00B230UXG,is black with lace,is black and larger neck
toptee,train,toptee_train_01435,B008596138,B008X0IU6K,is white and more simple,is shorter sleeved  with a different pattern
toptee,train,toptee_train_01436,B002T1FQHU,B008D4QWO8,is tighter ad more colorful,Is more sexy and revealing
toptee,train,toptee_train_01437,B0086CUEYG,B003QOTB4I,is brown and less shiny,is brown.
toptee,train,toptee_train_01438,B00A83BDAK,B00EKVHXG4,is blue and a solid color,Is less colorful and less casual.
toptee,train,toptee_train_01439,B00AG3ZGZK,B008UA8K40,has two different striped colors,has blue and black stripes
toptee,train,toptee_train_01440,B0083VXYKG,B008LTMG5E,is a tank top,is a yellow tank top
toptee,train,toptee_train_01441,B0078VA144,B000OT9CO2,is a black t-shirt and the eagle is more darker colored,is darker colored
toptee,train,toptee_train_01442,B008UAD784,B008UAE2LA,is beige with lace,is white
toptee,train,toptee_train_01443,B00D2PAPNM,B00B71EL56,is tigher and has more buttons,is blue and has full buttons
toptee,train,toptee_train_01444,B00BRN8MSG,B00BRNTYPQ,Is pink,is pink and is brighter
toptee,train,toptee_train_01445,B00D93E4L6,B007IUNO08,is coral with thing straps,is red with shorter sleeves
toptee,train,toptee_train_01446,B0058XWBS8,B00B9W65WA,is a short sleeve tee with 2 colored stripes,has short sleeves and red
toptee,train,toptee_train_01447,B004VSEBNY,B00B188PL6,The shirt is black and gray in color.,is grey and red striped
toptee,train,toptee_train_01448,B00CZDU0AA,B00D8HVYJI,has thicker straps and is black,is a darker color and has thicker straps
toptee,train,toptee_train_01449,B004I8VCBG,B008QVXLMO,is more colorful,Has longer sleeves and is multi color.
toptee,train,toptee_train_01450,B00BID76UK,B00967K1HK,is warmer,is blue with white trim
toptee,train,toptee_train_01451,B0040894DW,B007IRMTUC,Has  shorter sleeves and is not lacy,is pink on top with black and white stripes on bottom
toptee,train,toptee_train_01452,B006MHUHC6,B001T6UGLC,is darker,has more blue coloring
toptee,train,toptee_train_01453,B007FH4UOI,B00EQ8C3RK,is more colorful,has longer sleeves
toptee,train,toptee_train_01454,B008OFYBJ4,B008KR66IA,is white with long sleeves,is white with open
toptee,train,toptee_train_01455,B00FM8YKWO,B00ATVP186,It is a darker color and buttoned up front.,is salt and pepper grey
toptee,train,toptee_train_01456,B002UVGK92,B005I657KO,is a lighter blue with cars,is bright blue
toptee,train,toptee_train_01457,B00A6HOZYE,B008LYS0I6,It has a pattern and no sleeves.,is dark grey and has no sleeve
toptee,train,toptee_train_01458,B00E16GRXS,B008P38YKC,The shirt is white with a picture of a woman.,Has long sleeves and is white with the picture of a woman.
toptee,train,toptee_train_01459,B0011FTK0E,B0048PI0PK,is lighter,is a wordy tank top
toptee,train,toptee_train_01460,B00372570G,B00368BZLG,is more colorful and has a longer sleeve,has a blue pattern neckline
toptee,train,toptee_train_01461,B0040NQ17O,B000PNBKCO,has shorter sleeves and only blue color,is blue with shorter sleeves
toptee,train,toptee_train_01462,B009EWJWUY,B007U676EA,is yellow with less sleeves,Is yellow and sleeveless.
toptee,train,toptee_train_01463,B00E5QRDIM,B008O4Z6TE,is off the shoulder,is more revealing and frilly
toptee,train,toptee_train_01466,B00E43REBC,B00DQWTBN6,is more masculine,is grey
toptee,train,toptee_train_01467,B00BGH80NA,B00BQOJGXQ,has longer sleeves and only teal color,is in solid blue
toptee,train,toptee_train_01468,B00B36H012,B007L7B0MC,is blue and longer with a different logo,is longer and blue
toptee,train,toptee_train_01469,B00BG6CORY,B006TVWHJG,The shirt is long sleeved with blue hues.,is more colorful and has stripes
toptee,train,toptee_train_01470,B007M8P78I,B00810TGQK,is more shiny and animalistic, banded design
toptee,train,toptee_train_01471,B007P8AE3I,B000AXBJQQ,has more neck and a bit longer sleeves,turtle neck style
toptee,train,toptee_train_01472,B00AOCCJJY,B00BEMJ5NG,is pink and mix black,Has no lace and narrower straps
toptee,train,toptee_train_01473,B00557PB0C,B00BBQASKE,The tank top is white in color.,is lighter and has shorter sleeves
toptee,train,toptee_train_01474,B004DR7RD4,B005M45U5E,The tank top is black in color.,is a chart
toptee,train,toptee_train_01475,B00BWTVDLI,B00CPA44SC,is black colored and shorter sleeves,is black
toptee,train,toptee_train_01476,B00AKKEU6A,B00C9I5CAO,has no sleeves,has no sleeves
toptee,train,toptee_train_01477,B001KJAHFI,B00CAAH2WM,is darker,is black with logo
toptee,train,toptee_train_01478,B006H5Q0BA,B000WD5O1U,has a higher neckline,has no stribe
toptee,train,toptee_train_01479,B0052YXZKG,B005C65CF0,is darker,Has a feminine cut and is dark blue.
toptee,train,toptee_train_01480,B00AVXY62E,B009PTKI5Y,has a simpler graphic and shorter sleeves,has a red graphic on it
toptee,train,toptee_train_01481,B0076AZZ1Q,B007ZDE0SS,is white with blue designs,has a different logo
toptee,train,toptee_train_01482,B008OVLJVQ,B0086TVTR0,The shirt is orange in color.,is brighter in color
toptee,train,toptee_train_01483,B00BMXDK3I,B00BCQNTVS,is pink with an anchor on it,is a much paler pink
toptee,train,toptee_train_01484,B002U4NAQU,B007FK9AEU,Is more sexy and revealing,has no sleeves
toptee,train,toptee_train_01485,B009PDMT9S,B005EE2QPY,is black colored,it is black
toptee,train,toptee_train_01486,B008OR0QJ6,B0087D7O8I,has shorter sleeves,has off shoulder and less revealing neck
toptee,train,toptee_train_01487,B008OY60M6,B007WAT69W,corsage,Is whiter with no print
toptee,train,toptee_train_01488,B00AVRHLM2,B005XYKNPU,has spaghetti straps and is brown and red,is colorful and more revealing
toptee,train,toptee_train_01490,B007ZUS69K,B008L2APIG,is less sexy and is turtleneck,has longer sleeves and a higher neck
toptee,train,toptee_train_01491,B00EF84GRG,B005NFSOCS,has more feminine shape and has red on it,has a smaller graphic
toptee,train,toptee_train_01492,B00EAMKAQ8,B009KXNOSI,has a short sleeve different color pattern,has sleeves and different pattern
toptee,train,toptee_train_01493,B00A4LM6L6,B00DYYEEF6,is less feminine shaped.,has a different logo with people
toptee,train,toptee_train_01494,B006WO4DME,B004VRZS14,is grey with stripes,is grey with lighter stripes
toptee,train,toptee_train_01495,B00DW44ORG,B006WHR9D6,The black shirt is sheer in the back.,is darker
toptee,train,toptee_train_01496,B002CM8TSE,B0039G9NA0,is more solid and less humorous,has more simple graphics
toptee,train,toptee_train_01497,B00CN5LOLO,B0013EGHCC,Is lighter in color and green as well as no sleeves,is sleeveless and light green
toptee,train,toptee_train_01498,B0046BKGDK,B008PJH7RC,is sleeveless and green striped,has stripes and no sleeves
toptee,train,toptee_train_01499,B00A9CBCWY,B00FH3O5CY,The t-shirt is gray in color with a rainbow design.,is grey with rainbow logo
toptee,train,toptee_train_01500,B00DLJHX5C,B0052GCMBW,has sleeves and image of skeleton sitting,has sleeves and a bigger graphic
toptee,train,toptee_train_01501,B007KGH7GC,B00ADHNTLC,is plain black,is almost all black
toptee,train,toptee_train_01502,B008MUS764,B00AFJIFS0,is less revealing and less feminine,is a black graphic t-shirt
toptee,train,toptee_train_01503,B008OBBE20,B004VW5XEQ,is black and grey with more sleeves,Has darker colors and more sleeves
toptee,train,toptee_train_01504,B00BREI3AC,B00BXLSFFM,is long sleeve with black color and different art,has larger graphics
toptee,train,toptee_train_01505,B004KUQ81Q,B008J4KY6O,has long sleeves and is lighter in color,Is white and has longer sleeves
toptee,train,toptee_train_01506,B00CHN3D2A,B00D6V178Y,is black with thicker straps and a graphic,is tank top with motorcycle graphic
toptee,train,toptee_train_01507,B009SAS2TY,B005BG7ADI,The shirt is whit with black and green writing.,Is white with a graphic
toptee,train,toptee_train_01508,B005GR014C,B00GEFHYHM,is black with yellow ribbons,is a dark long sleeved shirt
toptee,train,toptee_train_01510,B00A7HWDUG,B008OIQTH8,has longer sleeves,less fun and more casual
toptee,train,toptee_train_01511,B0013OZ47Q,B003JVH5ZK,is darker blue and has middle logo,Is navy and more simple
toptee,train,toptee_train_01512,B00818ZL02,B00COYEPAG,Is more religious and has longer sleeves, black shirt with longer sleeves
toptee,train,toptee_train_01513,B001VH7V1M,B005TW80PQ,is darker and has longer sleeves,has white text
toptee,train,toptee_train_01514,B009YKBWDQ,B009YJSLJA,Is  a larger size,appears to be the same
toptee,train,toptee_train_01515,B009YKPAUW,B007GO6LOM,The shirt is white with a pink and blue bird.,has a large graphic
toptee,train,toptee_train_01516,B00BKBCMKE,B00ALJGDEW,has no sleeves,has no sleeves
toptee,train,toptee_train_01517,B00938E45M,B008EGVXE4,has a higher neckline and is plain,has buttons on it
toptee,train,toptee_train_01518,B0099P2MGW,B00BUTTJ5M,short sleeved and button collar,red with larger graphics
toptee,train,toptee_train_01519,B00FOY3YIW,B00G3YKYJO,Is more casual and more plain in design,shirt tail hem in solid olive
toptee,train,toptee_train_01520,B00F0OTRD2,B00AOJHJA6,is orange colored with a collar and buttons,Is pink with rolled sleeves.
toptee,train,toptee_train_01522,B00CUI5W1M,B008QYZNIQ,is more gothic,gray color with longer sleeves
toptee,train,toptee_train_01523,B006L1F72I,B00A2AD4RY,The tank top is light green in color.,is aqua colored sleeveless
toptee,train,toptee_train_01524,B00841HJHE,B004JLXNVO,is black and a much more sexier and lacy appearance,Is black with lace
toptee,train,toptee_train_01525,B00FVQ41RQ,B0070NWRBU,is more masculine and has short sleeves,has short sleeves and blue image
toptee,train,toptee_train_01526,B00E1JLOI8,B00EDNIY6C,is white with black and red designs,White/black/red long patterned with drawstring shirt
toptee,train,toptee_train_01527,B00434I09W,B00B5P8X4E,is teal colored and more revealing,is multicolored with a skirt
toptee,train,toptee_train_01528,B00BUULNFA,B004H075IY,The shirt is white in color.,White polo
toptee,train,toptee_train_01529,B0071DUF18,B0088RFFNO,is a longer sleeve shirt,has shorter sleeves and more flowing
toptee,train,toptee_train_01530,B00C3X5RXM,B0096HQZFW,is black and has polka dots,is darker and less ethnic
toptee,train,toptee_train_01531,B00B76OIXQ,B00B76NZA8,is white colored and has longer sleeves,is sheer and light pink
toptee,train,toptee_train_01532,B005Q5QBZC,B009NCYRVY,is long sleeved with flower print,is grey with longer sleeves
toptee,train,toptee_train_01533,B004GKFH4O,B008MWJ0FO,has longer sleeves and is blue and strips going up and down,it is checked and has long sleeves
toptee,train,toptee_train_01534,B00795RGJW,B009ZYW4K6,Is blue and brighter,is more colourfull
toptee,train,toptee_train_01535,B005FRAUZS,B007H92GWM,has longer sleeves with floral print and is white,is brighter coloured with floral print
toptee,train,toptee_train_01536,B000YWMD68,B002PRK5BK,is black with FSM written on it,is in black and with logo
toptee,train,toptee_train_01537,B000JI5NY6,B003DVZZXK,is green and more fitted,is bright green with a circular graphic on it
toptee,train,toptee_train_01538,B00CEM84GO,B00F5EFU6K,is a light green top cut short,is more revealing and is pale green
toptee,train,toptee_train_01539,B007WA2CNO,B007WA12JO,The shirt has not sleeves ins blue with a polka dotted belt.,Is black and belted
toptee,train,toptee_train_01540,B007AO3RQI,B007KX0H58,The short sleeve shirt is yellow in color with a picture of Domo.,is yellow colored with font design
toptee,train,toptee_train_01541,B00FQ17E2A,B00CEM84GO,has a cooler color,has short sleeves with embroidery
toptee,train,toptee_train_01543,B008X0DZO2,B008I8YM5U,is blue with a half sleeve,has a gathered neckline and is more feminine
toptee,train,toptee_train_01544,B003FGW2FW,B004P5P0OM, is lighter colored and has short sleeves,resembles a button up with a collar in white color.
toptee,train,toptee_train_01545,B003E26NBQ,B00ED2JV5Q,is a long sleeve red sweater,red turtle neck
toptee,train,toptee_train_01546,B007IXKC9Q,B007IVUT1Y,has wide neck and color is white,has a zipper front
toptee,train,toptee_train_01549,B00A3PMQNQ,B004SL01BK,The peasant shirt is long sleeved maroon in color andsheer.,is squared neckline
toptee,train,toptee_train_01550,B0096MHVWS,B005QXA1LY,The loose fitting shirt is black in color with a flower design.,is black with large flower print
toptee,train,toptee_train_01551,B009A4TSLE,B008UXAFLI,is gray and high neck,is grey with round neck
toptee,train,toptee_train_01552,B00A3HLG1C,B00A3HKKDM,The shirt is black and sheer.,it is more transparent and dark
toptee,train,toptee_train_01553,B003QCG2NS,B003TTJJH4,has no sleeves with germany written on it,is sleevless and more feminine
toptee,train,toptee_train_01554,B005LC371G,B0096MHZ9C,is less colorful and a higher neckline,is solid white
toptee,train,toptee_train_01555,B00AX354UA,B00A1CG0QU,Has longer sleeves and is black,is black and red with longer sleeves
toptee,train,toptee_train_01556,B007Z8THKY,B000J4L85I,is lighter and has shorter sleeves,has shorter sleeves and is less masculine
toptee,train,toptee_train_01557,B00AQE7AAI,B00AQE7800,3/4 sleeved floral black top,is darker
toptee,train,toptee_train_01558,B001132ITQ,B00E3XC4ZY,The shirt is green,Teal blue with gold stripe shapes
toptee,train,toptee_train_01559,B00ANBC2IY,B00AB2Q0UQ,The shirt is black with colorful writing.,comes in black
toptee,train,toptee_train_01560,B002RHWJ94,B009WW0C6E,The shirt is white with a skull it is a Ed Hardy shirt.,yellow color
toptee,train,toptee_train_01561,B005BSYNUY,B005GB8A14,is darker and manlier,is black
toptee,train,toptee_train_01562,B0096HNVYU,B00DH98EQS,is more casual.,has short sleeves
toptee,train,toptee_train_01563,B00FQ9VTYQ,B00D8BD23U,is sleeveless and more revealing,is sleeveless
toptee,train,toptee_train_01564,B008RD6WH2,B004I5A36Y,two tone gray v cut neckline,longer sleeves scoop neck form fitting
toptee,train,toptee_train_01565,B00B4GH6MO,B00DP4VIQS,The shirt is pink with gray wings.,pink.
toptee,train,toptee_train_01566,B00AHNR0MQ,B0080Q6XNE,has shorter sleeves,has shorter sleeves
toptee,train,toptee_train_01567,B00BEU10LI,B006OVYTYC,is lighter,has an animal print
toptee,train,toptee_train_01568,B00B11ZSHM,B00BQ0III4,is a eccentric top with long short sleeves,is pink colored and is not plain
toptee,train,toptee_train_01569,B008X0FXCY,B00BTH6Q6U,The shirt is and picture of a woman's torso.,is more revealing
toptee,train,toptee_train_01570,B0097YD0Y8,B000VFBLNE,is darker and has shorter sleeves,is black and short sleeved
toptee,train,toptee_train_01571,B00F7BTRZG,B003BWZS06,is a black color shirt with a large image,has a light blue graphic
toptee,train,toptee_train_01572,B00AFJWW6Q,B0094GCNSI,,is longer sleeved with white trim
toptee,train,toptee_train_01573,B00C7AXGDO,B00701SKR2,is busty and all white,is white and has smaller v-neck
toptee,train,toptee_train_01574,B0036DDZSC,B00623KVE4,has less pink and small neck,is a sexy flimsy solid pink blouse
toptee,train,toptee_train_01575,B004GUTOLQ,B003SI7PX6,is darker in color,is black with longer sleeves
toptee,train,toptee_train_01577,B0089DVLAS,B004JKRCMG,is blue and says perform random acts of science,is a shirt
toptee,train,toptee_train_01578,B00C0MBULO,B002BJEA1I,is a plain white top,is white and less casual
toptee,train,toptee_train_01579,B005LUQ0FI,B00EAXMRP4,is longer and less sporty,beige. longer
toptee,train,toptee_train_01580,B0066PVM0K,B0057X9IIU,is grey colored and longer sleeves,is lighter in color and has sleeves
toptee,train,toptee_train_01581,B00CF15DXG,B007ULPH8M,Is yellow and more flowing with shorter sleeves,is yellow and more flowing
toptee,train,toptee_train_01582,B0089OF180,B0087Q624M, loose fitting and more feminine,is in black with yellow design
toptee,train,toptee_train_01583,B00AGI8VES,B008DEX3AO,has longer sleeves and more stripes,it has sleeves and it is stripped
toptee,train,toptee_train_01584,B007WACX3I,B00E0KYYDU,more revealing,is colorful with fancy designs and long sleeves.
toptee,train,toptee_train_01585,B00CMPEDMC,B00B8CIDLM,is gold and black,has gold designs on it
toptee,train,toptee_train_01586,B002BBU6QO,B006QY5ZKO,is a bit revealing in the back of the dress,is black
toptee,train,toptee_train_01587,B00AJ4BR1I,B00B90DB6K,The shirt is tan in color.,is tan with long sleeves
toptee,train,toptee_train_01588,B009K7T91K,B0009RIYES,The shirt is lime green with the word princess in pink.,is lime green
toptee,train,toptee_train_01589,B006K0U7IY,B00DWM7UAQ,is black with white designs,is black and white
toptee,train,toptee_train_01590,B003BPZSTO,B00E1UO9VG,has wider shoulders and is less boldly colored,is more yellow and grey in color
toptee,train,toptee_train_01591,B00GOG42VC,B00ACKUTBS,It's a white t-shirt and black letters.,Is a white color
toptee,train,toptee_train_01593,B0051GD0DW,B001NU535I,none,is available
toptee,train,toptee_train_01594,B009T2L4IM,B002UNLNVK,is blue and has no sleeves,is teal tank top with black graphics on front
toptee,train,toptee_train_01595,B00BOJBODI,B00A9QSXW2,has no sleeves,is sleevess with a more blousey neckline
toptee,train,toptee_train_01596,B00B7Q8OTK,B00BLS9L5A,is tie dye,is more colourfull
toptee,train,toptee_train_01597,B005CTDMX6,B00598MNIU,is purple with large green creature,has a larger motif
toptee,train,toptee_train_01598,B008HTAE8E,B006HT54AO,short sleeved striped 3/4 sleeved,is solid blue
toptee,train,toptee_train_01599,B00CZ6HLQ8,B006WWW9RM,Is a dress and is lighter,it is more white
toptee,train,toptee_train_01600,B005OCF522,B00CJ09F78,is pink colored,it is pink and more firm
toptee,train,toptee_train_01601,B00405SSHI,B005Z5U27Q,Is buttoned and peach colored,has buttons and short sleeves
toptee,train,toptee_train_01602,B005HIKG3Q,B0091EI43Q,is green with short sleeves,is light green
toptee,train,toptee_train_01603,B00CJ1T5UY,B0039UGS4K,is a brighter colored,has longer sleeves
toptee,train,toptee_train_01604,B00C1LKPBK,B00G7VQO9W,The shirt is orange and black in color.,A solid orange shirt w/black letters
toptee,train,toptee_train_01605,B009E316HA,B002RHPBFI,The tank top is loose fitting pink in coloring and black stripes.,has horizontal stripes and uneven hem
toptee,train,toptee_train_01606,B0079OHNJG,B009ZGPRMQ,is brown, empire waist
toptee,train,toptee_train_01607,B00EE0BSTE,B0077Z6K1E,has a skull pattern with pink spots,is black and colorful
toptee,train,toptee_train_01608,B006JB8WH2,B00666SUM2,is festive,is darker in color and has a larger design
toptee,train,toptee_train_01609,B008A76L3A,B0013J4BK2,is more sweater like and is lighter in color,is a white long sleeved sweater
toptee,train,toptee_train_01610,B006VXY2V8,B005NX237M,is mostly blue beach wear,Desired item is blue with repeated island print
toptee,train,toptee_train_01611,B00GDK5V4Q,B000UZCE2M,has lettering and more mascuine,is less black and has short sleeve
toptee,train,toptee_train_01612,B00E4UD64E,B004U752D4,is darker and has shorter sleeves,Is tank top style
toptee,train,toptee_train_01613,B008SAGOWW,B00B1TAOWI,The shirt is black with red writing.,has a large graphic design with red font
toptee,train,toptee_train_01614,B00BEU10LI,B00BDFGK7S,is beige,Is beige colored with ruffles
toptee,train,toptee_train_01615,B0058XWBS8,B00CDGNC6S,The tank top is beige in color.,is beige and has no sleeves.
toptee,train,toptee_train_01616,B005782080,B00DJ7GAZA,is less revealing and darker,has sleeves and is black with a design
toptee,train,toptee_train_01617,B007ABCB7M,B007VSRIWC,More orange larger floral,Is looser with an orange color
toptee,train,toptee_train_01618,B006D5W720,B002PDNPK2,stretch light blue 3/4 sleeve blouse,has more frills
toptee,train,toptee_train_01619,B007IVSF4M,B0075PMBM8,I want something thaats more for warmth and comfort,it has hood and red print
toptee,train,toptee_train_01620,B0047LCAL0,B0047LE6TY,The tank top is tight and black in color.,is darker
toptee,train,toptee_train_01621,B003H3B9ZM,B008A102VI,is black and has image of five person,has a more colourful motif
toptee,train,toptee_train_01622,B009YJEHN4,B0074Z8RYK,has floral and a collar,is a red dress shirt that can button up with more floral print.
toptee,train,toptee_train_01623,B00G3E41V6,B00FRDNCVO,is grey and more loosely fitting,is black and grey in color
toptee,train,toptee_train_01624,B007WML04O,B007YJ1ITW,is darker colored with less sleeves,is dark blue with short sleeves and FDNY on it
toptee,train,toptee_train_01625,B00A76XN3S,B004OQ4UVQ,is whitewash yellow designs,has a brighter yellow to it
toptee,train,toptee_train_01626,B0071C6AYK,B002Y6GWYG,is brown with rivet design,has diamond designs on it
toptee,train,toptee_train_01627,B009PIPLC0,B00889AJJW,has a shorter sleeve with a lighter color,is orange with short sleeves
toptee,train,toptee_train_01628,B007NU0QT0,B0085HNWCI,is purple with south park logo,is more colourfull
toptee,train,toptee_train_01629,B00BZS920A,B00C3XXM84,Is more elegant and black,is less everyday and more casual
toptee,train,toptee_train_01630,B0098PXPHI,B00FABLFLC,white and dressier,is white and ruffled at the waist
toptee,train,toptee_train_01631,B004Z2OF14,B008I79Z7Q,is grey colored and has sleeves,is grey with sleeves
toptee,train,toptee_train_01632,B00C14GXCW,B003C20NLY,short sleeves button up no ruffles,has shorter sleeves and no frill
toptee,train,toptee_train_01633,B006QQUZNY,B005Z8N2QG,darker and baggier,yellow bear patch
toptee,train,toptee_train_01634,B003DQTY3M,B000FLXRZE,is a long sleeved sweater,is dark hoodie with Ramones on front
toptee,train,toptee_train_01635,B008O2VAX2,B0082M7CWM,,is pink
toptee,train,toptee_train_01636,B005F8E8PK,B00E9QTGOW,has no sleeves and more gray,is a tank top with lighter colors
toptee,train,toptee_train_01637,B004MKLZW6,B004M5I6S2,The shirt is black with silver fringe.,is black with sleeves
toptee,train,toptee_train_01638,B004RUF8F6,B005782080,is strapless,strapless
toptee,train,toptee_train_01639,B00ANTV5L6,B00A7O0VOO,has a Grim Reaper art,has white text
toptee,train,toptee_train_01640,B008X0EQ2M,B007JPT60O,is darker with shorter sleeves and white trim,is black and darker in color
toptee,train,toptee_train_01641,B0096HPD64,B0096HP1HK,is longer and long sleeves,is longer and more formal
toptee,train,toptee_train_01642,B004AHL17K,B006812COM,has a short sleeve white color,is white with short sleeves
toptee,train,toptee_train_01643,B00E9QTGOW,B00AFD18FS,Has sleeves and is darker,is a black tee
toptee,train,toptee_train_01644,B00B2VO50W,B00BHIFL1W,is pink striped,is striped and button up with contrasting collar
toptee,train,toptee_train_01645,B00BMEKYU4,B009GP0OYW,is striped and has short sleeves,less sheer and less sexy
toptee,train,toptee_train_01646,B0016A26XC,B001AU804C,The shirt is black with a space design.,Has a smaller decal
toptee,train,toptee_train_01647,B003ILC5G0,B003IM24YM,is white with short sleeves,is whiter and sleeveless
toptee,train,toptee_train_01648,B00FAUJ13C,B00CQ8HJ9E,has short hips and off-shoulder,is sleeveless and striped patterned details
toptee,train,toptee_train_01649,B00BHIFL1W,B009USAE8G,is flora,has shorter sleeves and is green/yellow and black
toptee,train,toptee_train_01650,B009WV96P8,B002OT93GM,has sleeves,Is less wordy and less revealing
toptee,train,toptee_train_01651,B006Y5ZHSA,B0056YNW7I,is darker and has shorter sleeves,is darker and has shorter sleeves
toptee,train,toptee_train_01653,B008ERGAVO,B004SNLIO2,is lighter,is grey
toptee,train,toptee_train_01654,B00CII37DY,B009PMAHCU,a ruffled and draped jumper with short sleeves and a vest in light colors,is white and frilly
toptee,train,toptee_train_01655,B005HPUHKG,B006TD8CG6,is red with orange designs,is colored with more reds
toptee,train,toptee_train_01656,B00749QXUQ,B009SSSSS6,is lighter,is tan with no pockets`
toptee,train,toptee_train_01657,B0086W84FM,B007LABV7S,is lighting blue,is slightly more bright blue in color
toptee,train,toptee_train_01658,B0071C6AYK,B0071C61JE,has floral and color is dark blue,is black and darker in color
toptee,train,toptee_train_01659,B008BONEV4,B00AA6DNAS,The shirt is green and has white writing.,is green with white text
toptee,train,toptee_train_01660,B004I7AZPQ,B00BDPV2GC,Is shorter and more  colorful,has more white in it
toptee,train,toptee_train_01661,B0051GLDKO,B00B8QSJ08,is black with white designs,is strapless and has side top stitching
toptee,train,toptee_train_01663,B005EW1L6G,B008REUMGS,The shirt is blue with Ted on the shirt.,is a blue crew neck tee with design.
toptee,train,toptee_train_01664,B00267HJ2C,B004M6A5AI,is dark with purple,is darker
toptee,train,toptee_train_01665,B00D56016Y,B005ECLCZG,is black colored and has shorter sleeves,has white text on it
toptee,train,toptee_train_01666,B004T1C2XO,B0053AM0MI,is sleeveless and has a v shaped neckline,has off shoulder and is larger v-neck
toptee,train,toptee_train_01667,B0087CBLOM,B002WHNQIC,is black with a collar,is more of a polo in darker colors.
toptee,train,toptee_train_01668,B005XID7XG,B009ZPZWZE,is a black t shirt, dark gray
toptee,train,toptee_train_01669,B003STHQHU,B006C4GF7K,has more scoop neck and lighter gray,has large round neck and is grey color
toptee,train,toptee_train_01670,B00ESYJX0C,B004O5L060,has a black belt around the waist,is white and has short sleeves
toptee,train,toptee_train_01671,B00ATHI682,B00ARNLCQQ,The short sleeve shirt is black.,is black colored with no design
toptee,train,toptee_train_01672,B008C56QJ4,B00ELXKL1U,has longer sleeves and color is blue,is blue
toptee,train,toptee_train_01673,B00BOXT37I,B00A7D8DXG,is lighter and has shorter sleeves,Has shorter sleeves and is more colorful
toptee,train,toptee_train_01674,B008PMD3AO,B0076RU7V2,has shorter sleeves with a angry bird logo,is short sleeved with a different logo
toptee,train,toptee_train_01675,B008KFFAQ6,B008KFF9HG,has more transparent sleeves,is see-through
toptee,train,toptee_train_01676,B00CRURR9I,B004VRXVHM,has longer sleeves,is a sheer camisole
toptee,train,toptee_train_01677,B00B26AWG8,B0015D0PWY,is green with white words,is dark green with different logo
toptee,train,toptee_train_01679,B00EVVI03S,B007KGH7GC,is less black and has less paintin,is lighter in color
toptee,train,toptee_train_01680,B004PP120I,B00BEZNNV8,has a shorter sleeve with more text,is a button up tee with a collar.
toptee,train,toptee_train_01681,B004OWANWA,B00DHX4ECW,The shirt is gray with red writing and a blue character.,is dark gray with red lettering on the front
toptee,train,toptee_train_01682,B004P5PB28,B00368C91Q,is more of a vest,is less flowing and more everyday
toptee,train,toptee_train_01684,B00BGFK29M,B002X53OM6,is pale grey and is more simple,is ablack tee shirt
toptee,train,toptee_train_01685,B005J6A2QW,B009LJ8OJK,is white with long sleeves,has longer sleeves and a higher neck line
toptee,train,toptee_train_01686,B002UF0YTU,B003ILTZ86,is a tank top with purple color,is a tank top and see through
toptee,train,toptee_train_01687,B008SAWUAM,B00CBNKGG2,flowing tank cut with stripes multi colored,is more colorful and sleeveless
toptee,train,toptee_train_01688,B009SCSUO4,B0089MECQ4,is lighter,is white colored with a different graphic
toptee,train,toptee_train_01689,B004HHO36Y,B004JZWUVO,has floral and off-shoulder,is a tank top
toptee,train,toptee_train_01690,B00A7FZ134,B00DRKJFRE,is more adult friendly,is lighter in color
toptee,train,toptee_train_01691,B0097ZYAA0,B004ZRIJTS,is rust color with short sleeves,is a red peasant shirt
toptee,train,toptee_train_01692,B00D7AV06S,B002A3GR9I,The shirt is white in color and loose fitting.,is longer and has plain color
toptee,train,toptee_train_01693,B0051GLDKO,B004JO33LQ,Is more sexy and revealing,is racer back with black and white color
toptee,train,toptee_train_01694,B008FA4NWI,B0026N6QKW,has shorter sleeves,is short sleeved
toptee,train,toptee_train_01695,B007ZKC51K,B008OENMMC,is red,is red
toptee,train,toptee_train_01696,B009Y6OBK6,B00BGRRJF0,is darker,is  a darker grey with multi color writing.
toptee,train,toptee_train_01697,B0079K3W7W,B007UKNKBY,is black and wider,is black with red and white graphic
toptee,train,toptee_train_01698,B00BI3F008,B005SV7ELO,has black and white strips with no sleeves,is darker coloured with stripes
toptee,train,toptee_train_01699,B0021LNJ7M,B00DBXKFR6,is more revealing,is sleeveless with a graphic design
toptee,train,toptee_train_01700,B008PJHTKC,B0076M1720,is more sheer and solid colored,has more blue and has buttons
toptee,train,toptee_train_01701,B009CC4EGI,B007ZT9NQQ,The tank top is white in color.,is sleeveless and light purple
toptee,train,toptee_train_01702,B008R786EU,B00D06G34S,is less glittery and lighter,is grey with black sleeves
toptee,train,toptee_train_01703,B004FA2M0M,B00606BMQ4,The shirt is loose fitting and pink in color.,is red with a collar and buttons
toptee,train,toptee_train_01704,B008PMDQ38,B00EFV4BXM,has an text 'i'll be your minnie' on it,has white sleeves not red
toptee,train,toptee_train_01705,B0052GCMBW,B00FN67LRQ,is a black shirt with skeleton art, half sleeves and white snow flakes
toptee,train,toptee_train_01706,B00CWB0AM8,B00DTQLF56,has more fabric,is less darker
toptee,train,toptee_train_01707,B00FU60YBO,B008EJ4LIQ,thei black tshirt is half sleeves and more fashionable,has shorter sleeves
toptee,train,toptee_train_01708,B008Y2R7TS,B00CLFQAQK,is a t shirt with lettering,Has sleeves and has words
toptee,train,toptee_train_01709,B005N4JU5E,B009ENBJKE,long sleeved black top,has long sleeves
toptee,train,toptee_train_01710,B007HY1PX8,B007WA2K68,is black with no straps,is black and sleeveless
toptee,train,toptee_train_01711,B003ZW8NL8,B005FAOHDQ,is more strappy and white,Solid white halter straps shirt
toptee,train,toptee_train_01712,B003O2RY32,B004MW3RSY,The loose fitting shirt is blue in collar.,has a higher neckline
toptee,train,toptee_train_01713,B00AZPSEJE,B00914S5TY,has no sleeves with blue color,is a strapped by the shoulder blue tee without stripes and colors.
toptee,train,toptee_train_01714,B00891NBN0,B009ZJAKBG,has a design on the back,has longer sleeves
toptee,train,toptee_train_01715,B0074BJHG6,B005HBGZA6,Is more  fitted and less revealing in the stomach,is sleeveless and black
toptee,train,toptee_train_01716,B0076RU7V2,B0076RMFYO,is less wordy and more girly,it is pink
toptee,train,toptee_train_01718,B009CC4EGI,B007SO986I,The tank top is light pink in color.,is light pink and has off shoulder
toptee,train,toptee_train_01719,B00C3CUDAU,B00C3XX86A,has  three quarter length sleeves and a scoop neckline,is a different orange with no v-neck
toptee,train,toptee_train_01720,B00979NALG,B004BX992M,is black with  lace, red tank top
toptee,train,toptee_train_01721,B001NIY68A,B001S9X34W,The shirt is black with white writing.,is not a hat
toptee,train,toptee_train_01722,B005SU9X6E,B005VRAIBI,The shirt is a wrap shirt and a metal color.,it is more satin and shorter
toptee,train,toptee_train_01723,B00980L69C,B009YK95G2,low cut white tee with company logo,is white with red logo and shorter sleeves
toptee,train,toptee_train_01724,B00BUMXY2I,B008RB99TW,is pink with no polka dots,is pink and more loose
toptee,train,toptee_train_01725,B00E5NMNQC,B002U34KGK,The t-shirt is black.,is black short sleeved
toptee,train,toptee_train_01726,B00FN83TWU,B00ARJLIRS,Is more sheer and blue, and very low neckline
toptee,train,toptee_train_01728,B00BHBIN4G,B00EPDW042,is darker colored and with a more sarcastic graphic,has white cartoon and black background
toptee,train,toptee_train_01729,B00AWOCDYA,B00540FKEC,is more striped and less lacy,is brown with stripes
toptee,train,toptee_train_01730,B00CZ6HLQ8,B005EROPLE,is white fitted,is white color with text
toptee,train,toptee_train_01731,B008LN3TVA,B0016SLOQO,has buttons and a collar with red color,is sleeveless and gold
toptee,train,toptee_train_01732,B005I184PY,B00A13GOJ2,is monochromatic and more sleek,v neck
toptee,train,toptee_train_01733,B004P7U6CQ,B00F0UJTG6,The shirt is black with mint green pictures.,less fitted and brighter colors
toptee,train,toptee_train_01734,B007CLSSRW,B006E6MJWG,The tank top is light pink in color.,has two straps on the tee in a lighter color.
toptee,train,toptee_train_01735,B003YFKV0W,B0051CMJTW,has a darker color with a giant image,is darker
toptee,train,toptee_train_01736,B002T1TCHU,B0053H4URO,The shirt is black with white,has a separate print.
toptee,train,toptee_train_01738,B0053Z2AHI,B006FOTVPA,has an image of a person,is darker green and men's
toptee,train,toptee_train_01739,B00AY4W8ZC,B004KHH08O,is lighter and has long sleeves,is white colored and long sleeved
toptee,train,toptee_train_01740,B00DQNCTRU,B00CII5LCO,has longer sleeves and a bright color,is blousy and light pink
toptee,train,toptee_train_01741,B001DDWQ5A,B001IV0N9S,is lighter,is more masculine and less athletic
toptee,train,toptee_train_01742,B00CF2X1BG,B009PNOGGW,dark blue tee with company logo on side,tee shirt black v neck
toptee,train,toptee_train_01743,B008BJTCWY,B008NDV0XW,is brown with a tiger,has a leopard printed on to it
toptee,train,toptee_train_01744,B0047WFZ16,B009NY5YZA, lacy,is brown
toptee,train,toptee_train_01745,B000LGGC14,B006LGWSPC,is mint green,is lighter
toptee,train,toptee_train_01746,B005YHUU68,B003AGYZHU,a black and white hawaiian style floral print tee,Has a dark background color & lighter leaves
toptee,train,toptee_train_01747,B003QOIRKW,B00CZD8CX2,is dark gray and has white lettering on it,is a blue crew neck with white letters.
toptee,train,toptee_train_01748,B00A4NKB2K,B00C3MHU5Q,is lighter,is a blue tee shirt with T.Rex in red letters
toptee,train,toptee_train_01749,B004ATO47M,B004MUGNQY,is lighter,is black and white
toptee,train,toptee_train_01750,B0064RHNY4,B0058K4ASA,is white colored,is a white t shirt with a little color
toptee,train,toptee_train_01751,B006W7WEDG,B0030DZ82O,The shirt is white in color.,white and flowery
toptee,train,toptee_train_01752,B009Q7WOW0,B00DD1J4S2,Is white and has a picture graphic on it, pink graphics
toptee,train,toptee_train_01753,B00DGEIC3E,B00C3OUT0M,The tank top is peach and white.,is spaghetti strap
toptee,train,toptee_train_01754,B00BQMZ6SW,B0097ZYAA0,is darker and has longer sleeves,is black with v-neck and longer sleeves
toptee,train,toptee_train_01755,B0050A74FE,B007SO8S14,Is more chic and stylish,has a v-neckline
toptee,train,toptee_train_01756,B006C5IY82,B00697R0JM,is grey with smeg written on it,is a solid grey color
toptee,train,toptee_train_01757,B007RKO688,B009O8ZZJ0,has no sleeves and is tighter,is grey and has off shoulder
toptee,train,toptee_train_01758,B00A3FAC4G,B00C4HFDU4,has no sleeves and color is black,comes sleeveless
toptee,train,toptee_train_01759,B00CMM23F4,B00AK3M1SG,is long and flowy,it is not plain and it has a longer sleeve
toptee,train,toptee_train_01760,B00AFJWW6Q,B003HKQU86,is black with a larger graphic on front,is sleeveless
toptee,train,toptee_train_01761,B004XMVNCA,B009GN253W,is black with red designs,has larger graphics on it
toptee,train,toptee_train_01762,B00341S2ZW,B004KUEDCC,is black colored with image of cross,black with cross graphic
toptee,train,toptee_train_01763,B008BJWYN8,B00DHNWGYU,is purple with no logo,blue
toptee,train,toptee_train_01764,B007WAT69W,B00COVSDW0,is more revealing,is grey and a full dress.
toptee,train,toptee_train_01765,B008RYEUQG,B008RYEXN6,The shirt is long sleeved and pink in color.,is red with a white design at the shoulders
toptee,train,toptee_train_01766,B00DU6OUES,B00DVWKN8I,is a sleeveless shirt,has more graphics on it
toptee,train,toptee_train_01767,B0050TQX6Q,B00AOJC93I,Has longer sleeves and is blue,Has slightly longer sleeves and is brighter
toptee,train,toptee_train_01768,B007423BF8,B004FPZK1U,is white with tiered fringe,has tiers of ruffles and spaghetti straps
toptee,train,toptee_train_01769,B00AMYTJLA,B008SORW5Q,Is more white with shorter sleeves,is see through
toptee,train,toptee_train_01771,B005NY6Q0Q,B005NY61CE,is a gold and black skirt,is black and orange
toptee,train,toptee_train_01772,B005G3VJCE,B00AIS1YE0,is more revealing,is lighter with flowers
toptee,train,toptee_train_01773,B000TIID3E,B002UFT5JA,is brown with sleeves,is a darker graphic tee
toptee,train,toptee_train_01774,B006ZUCZFM,B0047JJ92K,light ble tee with small emblem,has no designs and a bluish color
toptee,train,toptee_train_01775,B009RA63GO,B00CDC2VMI,is darker,is black with flowing edges
toptee,train,toptee_train_01776,B008UA8NCE,B00EIKIIJI,The right has sleeves and is darker,has no straps
toptee,train,toptee_train_01777,B007JHE7TW,B0059DBQ9C,Has longer sleeves and is striped,is long sleeve in a lighter color.
toptee,train,toptee_train_01778,B00BMU2HMG,B00800Q0LK,is black with an open circle neck,is a black tank top
toptee,train,toptee_train_01779,B00A03D7PM,B00C51Z1ZQ,is more solid and classy,is sleeveless and white with no lace
toptee,train,toptee_train_01780,B00FQCC0HS,B00A9CBCWY,is purple with white words, less fitted
toptee,train,toptee_train_01781,B006U228V6,B004KUQ81Q,is darker and black and white,Is darker and less sporty
toptee,train,toptee_train_01782,B005TCP5K4,B0071NPCPW,The shirts is blue,is blue and flowing
toptee,train,toptee_train_01783,B00C7N5J7C,B00BSSBOLW,is black colored and has longer sleeves,comes in black and white long sleeves
toptee,train,toptee_train_01784,B006L1F72I,B005UAKAF0,The shirt ties up and has an animal print.,has an animal print
toptee,train,toptee_train_01785,B004S3CZ8K,B0043O2T4E,is black colored,is black
toptee,train,toptee_train_01786,B009MRNL26,B00B4EX166,is blue with buttons down,is sleeveless and blue in color
toptee,train,toptee_train_01787,B006WBP6ZU,B005IYO6VW,The shirt is black with the words free hugs.,same coloured with  different style
toptee,train,toptee_train_01788,B004873KSK,B00486X63A,Is more green,is colorful with green and blue
toptee,train,toptee_train_01789,B004SWGO1U,B009DZOJ28,has a brighter color,has more red
toptee,train,toptee_train_01790,B00A8YXN02,B007WA0TK2,is layered,striped
toptee,train,toptee_train_01791,B003ILC5G0,B002UF0YTU,has shorter sleeves with a yellow triangle,has a graphic on it
toptee,train,toptee_train_01792,B00AZOSD28,B00CP7TGMY,The shirt is sheer and white.,is more sheer and has a floral print
toptee,train,toptee_train_01793,B0077BABKY,B004MF2B5Q,is solid grey without prints,it is grey and plain
toptee,train,toptee_train_01794,B00B1TAOWI,B009ZYWSPW,is lack with orange designs,has a more colorful graphic
toptee,train,toptee_train_01795,B0060TFUZA,B00DOSDVXS,The shirt has short sleeves gray in color with hello kitty.,Is gray and has a v-neck.
toptee,train,toptee_train_01796,B0087DQV5A,B007GOSTKQ,is black with white collar pattern,it is transparent and has a longer sleeve
toptee,train,toptee_train_01797,B00BSS14Z8,B004FGMP1C,is low v cut with longer sleeves,has white
toptee,train,toptee_train_01798,B00AK9IX5U,B00DYS74C2,It is sleeveless.,has more yellow
toptee,train,toptee_train_01799,B008OR0QJ6,B0087CHN44,has shorter sleeves,has off shoulder and less revealing neck
toptee,train,toptee_train_01800,B00FQ17E2A,B00BU7A9NU,has no sleeves and plaid print,has more color
toptee,train,toptee_train_01801,B0037EU24A,B00FU9WW2K,is more of flannel pattern shirt,is warm and longer sleeves
toptee,train,toptee_train_01802,B000W8RDMS,B004VL1GK2,is black,is a black tee with white print.
toptee,train,toptee_train_01803,B004KFQMWQ,B00BF74H9W,is grey with thicker straps, striped pattern
toptee,train,toptee_train_01804,B00COE69Y6,B00DSNQSNY,has short sleeves and palm trees,is tee shirt and has pointed-leaves graphic
toptee,train,toptee_train_01805,B00B30IVVG,B007XD5Z9I,has long sleeves with buttons and a collar,Is shorter in length
toptee,train,toptee_train_01806,B002OTCHFG,B008IJ2O4A,is longer and less formal,is in orange and white design
toptee,train,toptee_train_01807,B004OG3EFY,B003DZ4HIK,is lighter in color with a scoop neck,is freen in color and has shorter sleeves
toptee,train,toptee_train_01808,B00A7Z8Z5U,B00B13SSYK,has no lace and has black stripe,long sleeves pink and black  zipp up
toptee,train,toptee_train_01809,B00B1H5ISA,B00CMWF3UG,is sexier,Is sexier with open sides.
toptee,train,toptee_train_01810,B00CQRSV24,B00CPQMP32,has longer sleeves and is one color,is beige and long-sleeved
toptee,train,toptee_train_01811,B0078YCJP0,B00AQUBBBQ,is a long sleeve black and gray shirt,has long sleeves and is darker
toptee,train,toptee_train_01812,B009P3WOSE,B0094R0CTO,is sexier with roses, green spaghetti halter
toptee,train,toptee_train_01813,B00FM0ERZM,B005LVAH88,The short sleeve high wasted shirts are black and brown.,has shorter sleeves and is one solid color
toptee,train,toptee_train_01814,B00BEDITY6,B00BQTQBVG,is darker,has a darker color
toptee,train,toptee_train_01815,B00B1AGCFA,B00819K7D2,is more golden and less animal print,has long sleeves
toptee,train,toptee_train_01817,B008OGV3OO,B0033WSYTG,is blue and less shiny,is more like a normal blue crew neck with a print.
toptee,train,toptee_train_01818,B0075SGSYC,B005M0HKCY,The shirt is black with white and blue writing.,has more text on it
toptee,train,toptee_train_01819,B00877QVLK,B00BBF9B30,The tank top is black with a white skull.,is black with shorter sleeves
toptee,train,toptee_train_01820,B007YGZCO2,B0082WWI2Q,is a shirt with skin color and black color stripes,is more form fitting
toptee,train,toptee_train_01821,B008BVUM7Q,B00BVV1A7Y,is a long sleeve shirt with flower art,white
toptee,train,toptee_train_01822,B004LVO96K,B004JQOLEC,has a short sleeve with black color,has longer sleeves
toptee,train,toptee_train_01823,B00CMUXSDC,B004NE4QB8,is solid black with writing on it,black with white lettering
toptee,train,toptee_train_01825,B00CUVVK9C,B0094S5PK4,has sleeves and is sheer,is sheer red
toptee,train,toptee_train_01826,B009224TX6,B008BC30RO,has big letter and color is pink,Is pink and much tighter
toptee,train,toptee_train_01827,B00GHQZI08,B009ZYPX6I,is brown with an owl,has more animals on it
toptee,train,toptee_train_01828,B007RKLK2I,B004IZTFR2,has a longer sleeve with black color art,it is more monochromatic and has sleeves
toptee,train,toptee_train_01829,B0085S8XF8,B007QF2YPG,is more masculine,has more red lettering and less of a scoop neck
toptee,train,toptee_train_01830,B00AYDNI20,B005X6XXLO,is more floral,Has brighter colors and a looser fit
toptee,train,toptee_train_01831,B0066PVM0K,B003TL4A30,is black with small floral designs,has no sleeve and is black color
toptee,train,toptee_train_01832,B00C1LR9I2,B003RPXWRS,is shorter and is black,is less junior and more punk
toptee,train,toptee_train_01833,B005LIRLC6,B00BCPJN78,has no sleeves,has sleeves and is lighter in color
toptee,train,toptee_train_01834,B00CM9K0OS,B00BHASDRE,does not have glasses,the same shirt without the 3D glasses on Bill Murray
toptee,train,toptee_train_01835,B0062IEI34,B009OMEXQW,is sleeveless with blue accent,has blue and shorter sleeves
toptee,train,toptee_train_01836,B00859J8ZQ,B008EJX7GS,Is black and more wordy,Desired item is black with green
toptee,train,toptee_train_01837,B00B1AIIFC,B00B17DO1I,is multi-colored striped pattern,is lighter
toptee,train,toptee_train_01838,B0075COD68,B0026JQ6OC,The shirt has the Japanese flag with Godzilla.,is red and white
toptee,train,toptee_train_01839,B006HT3L1I,B003DP7RR8,is a long sleeve blue dress shirt,has longer sleeves
toptee,train,toptee_train_01840,B0091HW8H6,B00AX8DJ2A,is black with pockets, shorter sleeves
toptee,train,toptee_train_01841,B00E40FTTE,B00ADX4FPA,is more woven and has solid edging,is lighter and has long sleeves
toptee,train,toptee_train_01842,B008U4BNZY,B006JWR5RY,has shorter sleeves with stripes,Has 3/4 sleeves and is green and white
toptee,train,toptee_train_01843,B004HHNK4K,B00D4CU3Z8,is black colored \,is dark grey
toptee,train,toptee_train_01844,B003Z0BB7S,B004YDR246,The wrap shirt is purple in color.,is a darker shade of purple
toptee,train,toptee_train_01845,B00B717P4K,B00BLS9NZS,is pink and black and has long sleeves,long sleeves two toned pink sleeves black body
toptee,train,toptee_train_01846,B005GCNGGM,B007C2RZES,has a longer sleeve with more purple glow,is lighter
toptee,train,toptee_train_01847,B00CDWQGCO,B006WO4CGG,is darker and has longer sleeves,Is a mini dress with fringed bottom and short sleeves
toptee,train,toptee_train_01848,B00AEEW1UO,B00B11ZW96,has longer sleeves with a lighter grey tone,Grey short sleeved blouse with extra material on chest
toptee,train,toptee_train_01849,B0009MDEUW,B006HSD8AS,is brighter colored and more professional,has two white button and is red color
toptee,train,toptee_train_01850,B00B11ZSHM,B00AVYPXB6,Is less sheer and more plain,is the same
toptee,train,toptee_train_01851,B008JADMDA,B00BQOJCNU,is brown with low neck,is a flowing
toptee,train,toptee_train_01852,B001PIPPGU,B003SHQKTM,Is black,is darker in color with a lower neckline
toptee,train,toptee_train_01853,B005NY6Q0Q,B004XFX1VI,is a polka dot dress,has polka dots in a different pattern.
toptee,train,toptee_train_01854,B007K6ESEG,B0052GFQW4,is grey colored,is grey with oval graphic
toptee,train,toptee_train_01855,B008L13IPE,B007N419Z6,is gray with pink designs,is whiter and has straps in the back
toptee,train,toptee_train_01856,B0061R4URK,B00G94BQV8,has a crew neck and is more casual,is lighter colored and shorter sleeves
toptee,train,toptee_train_01857,B007IUWVVG,B008OGXMWK,has no sleeves with cheetah spots,is a leopard skin print tank top
toptee,train,toptee_train_01858,B007OCIDBA,B006JPNL8I,is white and has longer sleeves,is white with longer sleeves
toptee,train,toptee_train_01859,B003KZLBF0,B004KUUJHA,is a short sleeve shirt with a small image,longer sleeves tee shirt style religious logo
toptee,train,toptee_train_01860,B00826ASLK,B00C1ZZOFI,is more flowery,is floral
toptee,train,toptee_train_01861,B00AYCOAXC,B005DVITTK, has a v-neck and short sleeves,has more stripes on it
toptee,train,toptee_train_01862,B00EOXS9PW,B00DQXSKBE,is half sleeve with green and black,is bright green leopard print design
toptee,train,toptee_train_01863,B00335MHNW,B00B2A45D0,The shirt is melon in color.,has a more red color to it
toptee,train,toptee_train_01864,B00BSL39KI,B00DHOXPE4,is grey with dixon written on it,is grey and has a black graphic
toptee,train,toptee_train_01865,B0069PC6ZC,B00139HZIC,is a darker blue and less patterned,comes in a darker shade of blue
toptee,train,toptee_train_01866,B00B5XGUW8,B00DDZ9Z9G,Is belted and sleevless,is purple and sleeveless
toptee,train,toptee_train_01867,B00BOZ9B9Q,B00CMFPIG2,is red with no sleeves,is bright orange and less revealing
toptee,train,toptee_train_01868,B0035LBJT2,B00AYVK0AA,has no sleeves but an upside down v stripe,is yellow
toptee,train,toptee_train_01869,B0079EI426,B0058FOK4Y,has shorter sleeves and color is less green,has button and is green color
toptee,train,toptee_train_01870,B008PJJIIS,B005M2BLJA,has shorter sleeves and no collar and buttons,has shorter sleeves and less buttons
toptee,train,toptee_train_01871,B00D0AM8W0,B0093U1UUM,is lighter and has longer sleeves,has a hood
toptee,train,toptee_train_01872,B00920OI66,B0085OCIIU,has different wording,has a larger graphic
toptee,train,toptee_train_01873,B0091J3XCI,B0091J2FP4,has no sleeves and gold color,is shiny and gold
toptee,train,toptee_train_01875,B007IK7RTW,B006837LTG,is whiter,has less color
toptee,train,toptee_train_01876,B00BQ13RRA,B00C3NGMB8,lighter colored and longer,is cream and more transparent
toptee,train,toptee_train_01877,B00BUMXY2I,B009M2LE48,is a lighter color and has sleeves,has cap sleeves and is pink
toptee,train,toptee_train_01878,B00A92V6XE,B0042PPSJC,is more loose,is a sexy layered tank top
toptee,train,toptee_train_01880,B00DMEPLPK,B006PAO7VW,is blue colored and has white spots on it,is red
toptee,train,toptee_train_01881,B00520PBCU,B008IC1YGG,is lighter and has shorter sleeves,has large round neck and is white color
toptee,train,toptee_train_01882,B0052I9038,B002W9LEKW,The shirt is black with white wings and a red heart., cut out sleeves
toptee,train,toptee_train_01884,B005DA3ZB8,B008RZAI6Q,The long shirt is black with splashes of color.,is more multi colored
toptee,train,toptee_train_01886,B00AQG995K,B00EDK7BZK,has more buttons and lighter in color,is beige and white striped with button design
toptee,train,toptee_train_01887,B007ROX0ZY,B007RZFGBO,is beige with green designs,is grey with unicorn
toptee,train,toptee_train_01888,B00BF60Z8K,B00ELTNH4C,is more colorful and ethnic,it is more red and colorful
toptee,train,toptee_train_01889,B004MKLZW6,B005UUFAEQ,contains long sleeves and is purple,is no sleeved
toptee,train,toptee_train_01890,B001CCKGHW,B001M4RBA0,The shirt is black long sleeve with a skull and cross bones.,Desired item is black with skull and cross bones
toptee,train,toptee_train_01891,B008SB3ZW8,B00365N4L8,has longer sleeves and hemline and stripes,is black and white striped
toptee,train,toptee_train_01892,B003HKDPJI,B002PY714M,is a fitted blue striped t-shirt with capped sleeves,Is darker blue with stripes
toptee,train,toptee_train_01893,B0051ZJ9RO,B00CG5JXLO,is lighter, loose black halter top
toptee,train,toptee_train_01894,B00A9YRQZE,B00GCSS9X4,has a looser sleeve and stripes,has a striped pattern along the arms.
toptee,train,toptee_train_01896,B0085KB9SY,B0040B3XL8,Is white and has no sleeves,is v-neck
toptee,train,toptee_train_01897,B004V2IQWC,B00CM7KNM4,has no sleeves and is white,is whiter and sleeveless
toptee,train,toptee_train_01898,B008CG0A7C,B008A9NKM8,has only pink lettering,has pink letters
toptee,train,toptee_train_01899,B009205PCW,B007FE8DYO,is pink with no sleeves,has shorter sleeves and is darker colored
toptee,train,toptee_train_01900,B008LV1A90,B006Z8GOQA,has shorter sleeves and a v-neck,is darker purple
toptee,train,toptee_train_01901,B00B9DV51U,B00A9I7JZC,The shirt is green with black writing.,is green
toptee,train,toptee_train_01902,B00EM2MGFO,B00F1J0S8Y,is more black,has a different print on it.
toptee,train,toptee_train_01903,B00CBY4MM0,B00C331GCS,is patterened and sexier,is darker and has longer sleeves
toptee,train,toptee_train_01904,B00BGVRM44,B00D3K0ER8,is white with red stripes and has sleeves,has shorter sleeves and is brighter coloured
toptee,train,toptee_train_01905,B003SLRT4I,B005SW8P7A,blue and has no collar,is a navy tee
toptee,train,toptee_train_01906,B005O79C3K,B008RSRZ9G,has see through sleeves,is of flimsier material
toptee,train,toptee_train_01907,B0097ZYAA0,B003M6A7LG,teal loose tank,green sleeveless and rounded neck
toptee,train,toptee_train_01908,B007XD74M4,B00A8YXPXC,has longer sleeves with black and white color,is white and black
toptee,train,toptee_train_01909,B00ANTV5L6,B00CWU5UXI,has no sleeve with text,is darker and has shorter sleeves
toptee,train,toptee_train_01910,B00802G6L2,B00CP63WM0,Is more masculine,is an off white colored with font graphic detail
toptee,train,toptee_train_01911,B009YMK9S8,B009PAS4HC,has v neck and color is green,is darker
toptee,train,toptee_train_01912,B007IFQQB2,B00CJH4LC0,The tank top is white with a picture of Bob Marley.,is white with no sleeves
toptee,train,toptee_train_01913,B00BQYAXUQ,B007RWJ38E,has less details,is looser fitting
toptee,train,toptee_train_01914,B0091R85TQ,B0077ZO6OW,is short sleeve,is blue colored and has shorter sleeves
toptee,train,toptee_train_01915,B00C4YVAWW,B0087YBQUE,The halter top is black with silver embellishments.,it is black and plain
toptee,train,toptee_train_01917,B008VFXRVK,B00BR1C3FG,has shorter sleeves and is less revealing,is darker
toptee,train,toptee_train_01918,B005CNANP2,B007TGNWVC,is black with white designs,is darker
toptee,train,toptee_train_01919,B006CEHRPE,B00495YTXG,is lighter,has longer sleeves and is off white
toptee,train,toptee_train_01920,B008MBKRIE,B004Z90C6Y,The shirt is white with short sleeves.,short sleeves white v neck with hood
toptee,train,toptee_train_01921,B006C2WN1O,B007Z2LLK4,It is darker in color and has a half sleeve.,is shorter sleeves and is a darker color
toptee,train,toptee_train_01922,B00A63297S,B009S702F4,is skin colored with no sleeves,is darker and has shorter sleeves
toptee,train,toptee_train_01923,B00FN83TWU,B00DLGQUUE,has shorter sleeves with more art patterns,is shorter sleeves with a flower pattern
toptee,train,toptee_train_01924,B00CSAFE4C,B0080MZD70,is black scoop neck with bright logo,is black with multi-colored logo
toptee,train,toptee_train_01925,B00CMFJ2YQ,B00DBK1SJI,is sleeveless and transparent,has a higher collar with vertical striped design
toptee,train,toptee_train_01926,B00A7YCSAE,B00BR1C0B8,is shorter and more velvet,A solid red long sleeved shirt with black on arm
toptee,train,toptee_train_01927,B009NF4IDS,B003725PZ8,has a branch like design and sleeves are just under elbow,is black and white with shorter sleeves
toptee,train,toptee_train_01928,B0066PVM0K,B006PGO3R4,is white with black designs,is white and more casual
toptee,train,toptee_train_01929,B003U9VS7C,B00CND5SXG,is white with no sleeves,has no sleeves and is white
toptee,train,toptee_train_01930,B004RL7TRK,B00GXNV5PM,is purple with sleeves,is more colourfull
toptee,train,toptee_train_01931,B007J7J4B8,B009ESEK2S,is black with white designs,is black and has a bit more logo
toptee,train,toptee_train_01933,B0088653QO,B0064CWC4K,is a hat,is a bear hat in white and not a shirt.
toptee,train,toptee_train_01934,B005XID7XG,B00CHFEXOU,The tank top is blue in color with colorful designs.,is blue and yellow patterned
toptee,train,toptee_train_01935,B005LBYP8G,B005ZWXPWS,Is less sexy and has more coverage,is red with longer sleeves
toptee,train,toptee_train_01936,B00AI5FHOQ,B0026PWH8U,has more stripes and more length,has white and blue stripes
toptee,train,toptee_train_01937,B008BT65B0,B0072HYR0I,is whiter with a butterfly on it, white/red shirt
toptee,train,toptee_train_01938,B00893UVHW,B00CDWUK26,is a pink top with a graphic picture on front,is pinker
toptee,train,toptee_train_01939,B00B1VT3L4,B007Y5JTN8,is black with brown bear,different graphic
toptee,train,toptee_train_01940,B00FN83TWU,B00EV6ARPM,The shire is red and black plaid.,is orange with dark polka dots
toptee,train,toptee_train_01941,B00CDXSSWY,B00CC2CJB2,has no sleeves and black polka dot,it has a smaller white dot and has a shoulder off
toptee,train,toptee_train_01942,B003ILIJ6U,B00653OBQU,The shirt is a blue turtle neck.,is a full long sleeve purple sweater.
toptee,train,toptee_train_01943,B00A6YCYPE,B006YF925E,is black with batwing sleeves,has more black and is not see through
toptee,train,toptee_train_01944,B0035LBKJQ,B004OL3RMY,has a lower neckline and shorter sleeves,Is blue with a low cut vee neck and 1/4 sleeves
toptee,train,toptee_train_01945,B004JO2ZDS,B005X6SA1M,is solid pink,is solid red colored
toptee,train,toptee_train_01946,B00EYNW8AE,B00EYNXIMQ,Is more flowing and floral,has flower designed pattern on it
toptee,train,toptee_train_01947,B0057X9IIU,B00CG5JQO8,has no sleeves,is lighter and has shorter sleeves
toptee,train,toptee_train_01948,B00CA7S3GO,B00FH83IY0,is green colored with longer sleeves,is less casual and more masculine
toptee,train,toptee_train_01949,B001CEVAEI,B008KE3WQM,is pink with no sleeves,Purple/white patterned no sleeved blouse
toptee,train,toptee_train_01950,B00A13GOJ2,B00B9R4YIW,is laced dress and sleeveless,strap sleeves sheer with buttons
toptee,train,toptee_train_01951,B004I7AZPQ,B004I77BKS,Has shorter sleeves and more chic,is darker and sleeveless
toptee,train,toptee_train_01952,B008BT58UO,B00BBU6R3C,The sleeveless shirt is loose fitting and melon in oolor.,is red with no sleeves
toptee,train,toptee_train_01953,B001B11HGI,B00DD0GOVI,has narrower straps and is less sporty,is a black top with thinner straps.
toptee,train,toptee_train_01954,B008GT8AW2,B00BMD8LYG,is green colored and has shorter sleeves,has shorter sleeves and is feminine
toptee,train,toptee_train_01955,B003URR3FA,B004L6JFV4,is solid pink,it is more pink and shorter sleeves
toptee,train,toptee_train_01956,B0064U8IH2,B0064YPXTE,is darker,is dark grey and a bit round neck
toptee,train,toptee_train_01957,B004NE4898,B009YEUOFO,is light grey and more loose fitting,it is grey and masculine
toptee,train,toptee_train_01958,B00AKQHZLG,B007I7XJM4,has a brighter red color,is red
toptee,train,toptee_train_01959,B004CBZ3J6,B00596S4VM,is black and blue and has a scoop neck,has more blue in it
toptee,train,toptee_train_01960,B00EA65OWO,B00655VU26,has more color and texture,is mulitcolored mesh
toptee,train,toptee_train_01961,B00FCD08HA,B003UKD5UY,is bigger,is black with white words on it
toptee,train,toptee_train_01962,B005X05E76,B007IFQQB2,The shirt is black with white words that read free hugs.,has a smaller graphic
toptee,train,toptee_train_01966,B00980LBXS,B000W57VEG,has shorter sleeves and more patterns,is blue with short sleeves
toptee,train,toptee_train_01967,B00AA15CMK,B0083X1LBS,is lighter,is red and white striped
toptee,train,toptee_train_01968,B00CFZN87A,B00E0YDPKE,has short sleeves,is a sleeved version on dark cotton.
toptee,train,toptee_train_01969,B00BODNXK6,B00FG152QU,is more aerated and less pink,is lighter and has shorter sleeves
toptee,train,toptee_train_01970,B004XNZJG0,B009286M6W,its black and tighter,is solid white
toptee,train,toptee_train_01971,B0080HKUQO,B0055PG2YS, no stripes and a text print,is light color with two characters on the front.
toptee,train,toptee_train_01972,B002XR4SOW,B0018MUUF4,white with facial design,is a form-fitting white
toptee,train,toptee_train_01973,B00BJ8884C,B00BMYE46E,has longer sleeves and has animal print,is a animal print top with longer sleeves
toptee,train,toptee_train_01974,B004OA08JU,B004NQFZSY,The shirt is sleeveless and blue in color.,is blue button up  and flared hem line
toptee,train,toptee_train_01975,B004QO9AZC,B0089PNND4,is a red t-shirt with an inspirational quote,is red with white lettering
toptee,train,toptee_train_01976,B00CE1B06Q,B0045P5OM0,is more colorful,Three black/purple/tan gather pouch package
toptee,train,toptee_train_01977,B00DQBY2WC,B00AU4ESBS,has longer sleeves and floral print,is less athletic and more everyday
toptee,train,toptee_train_01978,B00AKKH1ES,B00BLNG16C,has a collar and buttons,is blue colored
toptee,train,toptee_train_01979,B0077Z6K1E,B00EE0BSTE,has a simpler pattern and longer,A solid black tank top with skull on front
toptee,train,toptee_train_01980,B00DP3SHLI,B00E4MH5EE,has longer sleeves and is less cute,is black with long sleeves
toptee,train,toptee_train_01981,B00C7CSVVO,B00E3G2XV6,has a v-neck with longer sleeves,is darker
toptee,train,toptee_train_01982,B00D91LDPI,B00DI9R8QY,has image of shadow of four person,comes in black with a circular design
toptee,train,toptee_train_01983,B007RBTZ9W,B00A0KHUZ8,Is more flowing and less revealing at the  top,is black and white colored
toptee,train,toptee_train_01984,B00A8ZD9DC,B008DSMSG0,Is pocketed and more casual,is grey with yellow pocket
toptee,train,toptee_train_01985,B001VSQI8S,B002Y7SAIG,Has a smaller graphic,has shorter sleeves and smaller logo
toptee,train,toptee_train_01986,B0068KZ96G,B003021UBS,is the same, lighter gray color
toptee,train,toptee_train_01987,B001UUF51I,B005988B4A,has shorter sleeves with red dots,is red and white checker patterned and looser fitting
toptee,train,toptee_train_01988,B008DZ3SBC,B0089EES8Y,is less graphic and more wordy,It is less plain
toptee,train,toptee_train_01989,B00DV4M08C,B00B99NZNU,has shorter sleeves and is less frilly,shorter sleeved
toptee,train,toptee_train_01990,B006X7ND5I,B005QB9GR6,has clearer lettering and has more contrast,is black and letters only logo
toptee,train,toptee_train_01991,B00CXV5JQY,B00CQ9J0MC,is black,is black with no sleeves
toptee,train,toptee_train_01992,B00BWCPGTK,B00BMXDK3I,is pink with orange designs,has more orange in it
toptee,train,toptee_train_01993,B009L80DJU,B00B4GV1ES,is the same,is same coloured with different print
toptee,train,toptee_train_01994,B002R15DU2,B00342VA0U,has lace and no sleeves,is white and has off shoulder
toptee,train,toptee_train_01996,B00AEGBTK0,B0052KOWAM,is darker and has shorter sleeves,strap sleeves turtle neck black and pink
toptee,train,toptee_train_01997,B002T1TCHU,B00AAHUBRK,has lees red in the graphics and words,Is more wordy
toptee,train,toptee_train_01998,B008VFYQ9C,B0094KR31Q,The shirt is a crop top that is black and white.,has a space and star pattern
toptee,train,toptee_train_01999,B00AFEQ5WS,B006Q9O85W,is fully sheer,is deep red
toptee,train,toptee_train_02000,B003R6SRSQ,B003R6TGAO,has longer sleeves and is maroon,is long sleeved
toptee,train,toptee_train_02001,B004KHH08O,B00AY4W8ZC,is black with no sleeves,is in black and is a tank top
toptee,train,toptee_train_02002,B0093U1UUM,B004BHYA9U, blue and white picture.,is black with white logo
toptee,train,toptee_train_02003,B003DBN3UW,B009ZR8W9K,is sleeveless and pink colored,is more revealing
toptee,train,toptee_train_02004,B008OVMSXY,B004R2HNCU,is white,Is a whiter shade
toptee,train,toptee_train_02005,B009LELPH8,B00G8S8JKG,The shirt is black with white writng.,is an urban thing tee shirt
toptee,train,toptee_train_02006,B00462LEZ8,B00FQN0SUS,is darker,has darker imagery and is less revealing
toptee,train,toptee_train_02007,B007BKCCWG,B0067IDFR4,has many colors,sweetheart neckline
toptee,train,toptee_train_02008,B00DVWKN8I,B006YXKJTY,is darker and has longer sleeves,is darker and has cartoon character
toptee,train,toptee_train_02009,B00FKXOK8U,B00DP3SHLI,has a different design and is stripped,is lighter colored
toptee,train,toptee_train_02010,B00CGPHWG2,B000S4DZAK,It is a darker color with long sleeves.,is brown with chest logo
toptee,train,toptee_train_02011,B005EWGGFW,B008OENPCE,is blue with black patterns,is printed with blue jacket
toptee,train,toptee_train_02012,B001P9QJ4Q,B00881WIYO,Has a logo and is fabric,is blue and less stylish
toptee,train,toptee_train_02013,B00BD9Z2XM,B00AU8BILC,is black with longer sleeves,is black with grey shiny stripe across midriff
toptee,train,toptee_train_02014,B00ARLL7SQ,B006K4MVC0,is darker,is blue with open neck
toptee,train,toptee_train_02015,B00AZWZD6Y,B007R0I1UC,The shirt is black with white writing.,is a black tshirt with meh.
toptee,train,toptee_train_02016,B005GR014C,B006C9CUXS,is less festive and is brown,Brown Reindeer hat
toptee,train,toptee_train_02017,B0047L8RZ8,B0047LCAL0,its purple and shorter,is purple
toptee,train,toptee_train_02018,B00AYD7URO,B0083TCHHO,has longer sleeves and is more casual,is long sleeved and striped
toptee,train,toptee_train_02019,B008VQ6R7A,B00B804AUC, white in color with blue jeans,is yellow with shorter sleeves
toptee,train,toptee_train_02020,B007ST7D4M,B003S0P7K2,has more than two color stripes,has yellow stripes and is less revealing
toptee,train,toptee_train_02022,B00E4UD64E,B005IMHRC4,is lighter,is white with star logo
toptee,train,toptee_train_02024,B00C77IEJI,B0084RC9OQ,Is black with a larger logo,is darker and is collared
toptee,train,toptee_train_02025,B0071C6AYK,B002MNXH8U,is blu with flowers,is light blue
toptee,train,toptee_train_02026,B0055EC2VQ,B008QQH5AI,is black with white words,is a little darker brown
toptee,train,toptee_train_02027,B00D17A7Y8,B00CBAFY1M,is longer,is a long sleeved striped dress
toptee,train,toptee_train_02028,B005E9GLIC,B002TAVMJC,Is a shirt,is more feminine and sexy
toptee,train,toptee_train_02029,B005UNY10M,B004CZ7YTY,is black and shiny,is black with studs going up the chest
toptee,train,toptee_train_02030,B00346E2NS,B00737I3K2,It is a darker color and has short sleeves.,is less everyday and more workplace
toptee,train,toptee_train_02031,B000JR9H3U,B009BXVXV2,has shorter sleeves with an image,has gun graphics on it
toptee,train,toptee_train_02032,B004L6XRF4,B005OCI2HC,The shirt is black with Twilight characters.,has a different logo
toptee,train,toptee_train_02033,B007UYYDA2,B003RS3O6Y,is a longer outfit,is longer with a different pattern
toptee,train,toptee_train_02034,B00G5E2V9I,B00CXW6QGA,is lighter in color with a higher neckline,is pale green with black text
toptee,train,toptee_train_02035,B00COYTA10,B002N5N3TA,Is more animal-like with the pattern,is short sleeved
toptee,train,toptee_train_02036,B007U63BGW,B005RXTBRS,is more summery with a intricate design,has floral print on it
toptee,train,toptee_train_02037,B00EVPAYYM,B006R07F4Q,has one sleeve,is gray and more revealing
toptee,train,toptee_train_02038,B003ILQQV0,B000TIID3E,is red sleeveless tank,is red with no sleeves
toptee,train,toptee_train_02039,B00B1JTT4C,B00CTUVV9I,The this shirt is black in color.,has sleeves and frills
toptee,train,toptee_train_02040,B000VTFVGI,B00FEMA8BK,has shorter sleeves and more pink,is darker
toptee,train,toptee_train_02041,B00B6C0USI,B004KNX8XE,is a full light green dress,is teal colored and longer in length
toptee,train,toptee_train_02042,B0077DGXK4,B0077RKRR0,is black colored with green art,is black with Kiss Me I'm Irish on front
toptee,train,toptee_train_02043,B008TBSVM6,B00AAOM6K8,has a short sleeve black and white stripes,has short sleeves and is lighter in color
toptee,train,toptee_train_02044,B00DGXXU3M,B00C1RCSGY,is fitted and animal print,is sleeveless and a lighter color
toptee,train,toptee_train_02045,B008GT9I78,B008GT9DKA,is a festive print,is lighter colored with a different graphic
toptee,train,toptee_train_02046,B009VJH1EO,B0084C8616,The shirt has animal print and sunflowers.,Is more fitted and more floral.
toptee,train,toptee_train_02047,B001TT4J3K,B001PJ6ZX6,is gray with red deigns,is grey with red image
toptee,train,toptee_train_02048,B00E6RLJDA,B00GM4C4RA,is blue,is blue
toptee,train,toptee_train_02049,B00DBDTZ0Y,B00DBDUHJ2,is casual and colorful,is pink with dot pattern
toptee,train,toptee_train_02050,B008L05TNY,B008L05SM6,is purple,is vibrant purple in two different shades
toptee,train,toptee_train_02051,B00GNI71B4,B00FM57HWW,The shirt is a blue turtle neck.,is blue and has long sleeves and a turtleneck
toptee,train,toptee_train_02052,B003ZJQ0AC,B005CVRGWW,has short sleeves,is pink and white designed
toptee,train,toptee_train_02053,B006X1S2OG,B00CKL584A,is more feminine, no graphic
toptee,train,toptee_train_02054,B006B2SYO0,B0062HUEL0,has long sleeves,it is more loose
toptee,train,toptee_train_02055,B006KXI8LO,B006KXI8DW,Is a slightly smaller size,is the exact same
toptee,train,toptee_train_02056,B00ADTIFA0,B00C7AXGDO,is white colored and more revealing,is white with nothing over the shoulder
toptee,train,toptee_train_02057,B003VZMN10,B005HPTTQE,Is more  blue,has more blue and yellow
toptee,train,toptee_train_02058,B003CJPAGA,B00D4CTGEM,The tank top is black in color and tight fitting.,is the same product
toptee,train,toptee_train_02059,B0087CHN44,B008KSA54U,has no sleeves and no buttons,is not button up with no collar
toptee,train,toptee_train_02060,B00792M8GG,B006KRZED0,is white and flarey,grey colored with blue and red feathers
toptee,train,toptee_train_02061,B004RIS7WE,B00CZAOO96,is white,is neutral colored and open flat
toptee,train,toptee_train_02062,B000V999DY,B000KD4120,is white colored and has blue text on it,is white with blue words
toptee,train,toptee_train_02063,B002K4S1ZA,B004BT6BJA,is more centered and brighter,is pink and has a bit logo print
toptee,train,toptee_train_02064,B008O2VAX2,B00AIYHIAS,is short sleeve white and pink football t shirt,is white with red sleeves and no buttons
toptee,train,toptee_train_02065,B008A3QH56,B009JVNW2Y,is two toned,it is more green and short sleeved
toptee,train,toptee_train_02066,B005UVO18Q,B007PY6GZC,is darker colored,is black in color
toptee,train,toptee_train_02067,B0073YHQJO,B0075GWAX2,has a shorter sleeve and higher neckline,has short sleeves
toptee,train,toptee_train_02068,B00CMFMZW2,B00BZDJCNW,is darker and has longer sleeves,is red and black with sleeves
toptee,train,toptee_train_02069,B00B0364TC,B007ZSKPRS,is a white vest with straps,spaggeti strap sleeves white
toptee,train,toptee_train_02070,B00B78FVYE,B00FM57OZ2,has a longer sleeve,has longer sleeves and is all cream
toptee,train,toptee_train_02071,B002UF0YTU,B002UIB3GU,has red color and large graphic print, solid black
toptee,train,toptee_train_02072,B008PFKSCM,B00746EHCU,is a camisole,is white and is sleeveless
toptee,train,toptee_train_02073,B00AU8BILC,B0054DBVDI,has shorter sleeve and darker black,has skull print on it.
toptee,train,toptee_train_02074,B001J60ZZE,B008B81LN8,has longer sleeves and more color,is a red and blue Wonder Woman shirt
toptee,train,toptee_train_02075,B009Z41I80,B005H0JH2K,The gray shirt has a picture of Minecraft.,Is a gray minecraft tshirt
toptee,train,toptee_train_02076,B001CFQIOO,B002CJ7ODS,is a short sleeve blue shirt with a message,has repeated-sentence graphic and is blue
toptee,train,toptee_train_02077,B0071UYNIW,B006WWOCZO,is darker colored,is black and pink.
toptee,train,toptee_train_02078,B00AOB0BOU,B008P5PAAW,is shorter and has red and white striped.,is pink and white with shorter sleeves
toptee,train,toptee_train_02080,B005KHYWEI,B005KHYHPC,is dark purple colored and shorter sleeves,is loser with more brown
toptee,train,toptee_train_02081,B00C3VIHBS,B006GJMO6W,is more purple,is blue and purple with longer sleeves
toptee,train,toptee_train_02082,B007P8AE3I,B00EOE50ZS,The shirt is long sleeved white with lace.,is white with black image
toptee,train,toptee_train_02083,B00434I09W,B00B1NE3S0,is more revealing and more purple,has a colorful print and is sleeveless
toptee,train,toptee_train_02085,B00CMM23F4,B005XGHM20,is more revaeling,is sleeveless and has draped neckline
toptee,train,toptee_train_02086,B004KUEDCC,B004HZMKN4,is black with white words,is bold and less graphic
toptee,train,toptee_train_02087,B0025V86V2,B0025V4IX2,has a darker color scheme,has black button and is black color
toptee,train,toptee_train_02088,B001BKIAPU,B008YJSLDC,is red with black designs,is red printed and looser fitting
toptee,train,toptee_train_02089,B00CFHVHFS,B004MW4YVI,The shawl is pink in color and has short sleeves.,has a white base
toptee,train,toptee_train_02090,B00CXTLU3C,B008GWJBWW,is black with bigger words,is darker
toptee,train,toptee_train_02092,B007970YI0,B0078UM9FO,is greenwich orange designs,is more olive green colored
toptee,train,toptee_train_02093,B00ABVI1I6,B000OBV1GM,The shirt is short sleeves and black in color.,is black colored with no logo
toptee,train,toptee_train_02094,B001CANRG6,B0047738Y2,It is darker in color with a bell sleeve.,Is darker with a V neck
toptee,train,toptee_train_02095,B0094QXB4I,B008FEM27M,The long sleeved shirt is loose fitting and green in color.,is black with shorter sleeves
toptee,train,toptee_train_02096,B00729TKHQ,B008409PD6,The shirt is orange with blue trim.,is shirt sleeves and has blue trim
toptee,train,toptee_train_02097,B00C3XF282,B00B2YNAAA,The dress is longer in the back than the front and is dark in color.,is more multi colored
toptee,train,toptee_train_02098,B0097ZP16M,B00CIPHLN4,has shorter sleeves and an image,Has a huge blue pattern
toptee,train,toptee_train_02100,B0097YF4A6,B00BQJVHL0,is looser and lighter colored,A black/blue shirt v-neck
toptee,train,toptee_train_02101,B008AMHGTS,B007PJEJ7O,The peasant shirt is an abstract color.,has a purple and blue flowery design
toptee,train,toptee_train_02102,B004UTATIU,B003V25NNI,The shirt is green in color with reptiles.,is dark green
toptee,train,toptee_train_02103,B00C9I5CAO,B00DR49142,The sleeveless shirt is lace and white in color.,is more casual and fashionable
toptee,train,toptee_train_02104,B0070TQ18O,B008A3QH56,is lighter and has longer sleeves,has white and black patterns
toptee,train,toptee_train_02105,B006GK9PJU,B008B63RWI,is more pink and more revealing,Pink with bow tie at neck
toptee,train,toptee_train_02106,B0079FQ3W8,B0001TOU74,is black and green designs, looser garment
toptee,train,toptee_train_02107,B006H5Q0BA,B008ZBP5TC,has no sleeves and a picture,no sleeves and darker colors
toptee,train,toptee_train_02108,B0098PXPHI,B006WITMVW,The shirt is tight fitting with the arms cut out and is black in color.,is more revealing and darker
toptee,train,toptee_train_02109,B002C9O66G,B008VE7KWS,has long sleeves,it has long sleeves and it is black
toptee,train,toptee_train_02110,B00BC9RHCW,B00DHVWTR6,is darker,is tan and shorter
toptee,train,toptee_train_02111,B007W9ZG4M,B008DSN8G4,has a transparent look,Is lighter & lacier
toptee,train,toptee_train_02112,B007THO0YY,B0074CYPIU,has a darker color,Has a chevron stripe pattern.
toptee,train,toptee_train_02113,B000OF1U7I,B00522PG1Y,is longer a bit,hip length
toptee,train,toptee_train_02114,B000KRHIYY,B006VJXIQW,is darker,has white text on it
toptee,train,toptee_train_02115,B008SDAUTC,B00AFOLFOG,Has tank sleeves and sparkles,has shorter sleeves
toptee,train,toptee_train_02116,B004WLS2BM,B0096S0WT6,a light colored short sleeve tee with a motorcycle name,is grey colored
toptee,train,toptee_train_02117,B00BY6G616,B007WA1UDW,is lighter and has shorter sleeves,has no buttons
toptee,train,toptee_train_02118,B00FTWNDCG,B00BZMS0UO,is grey colored and has shorter sleeves,is grey and short sleeved
toptee,train,toptee_train_02119,B0007WOHPA,B0015XF4YI,The sweater is a zip up an is pink in color.,is a sweatshirt
toptee,train,toptee_train_02120,B002ES10LO,B000X74Y5M,is more solid and less serious,is soft black
toptee,train,toptee_train_02121,B00BC02VHW,B0089XRWP6,black grey camo print 3/4 sleeves,is black with longer steeves
toptee,train,toptee_train_02122,B00FGA2F8E,B00CBIHGP6,is darker,is darker in purple with new print.
toptee,train,toptee_train_02123,B00644LWTY,B006QQUZXO,tye-dyed  red and white,It is more red
toptee,train,toptee_train_02124,B009751XLY,B009ERUY6A,The shirt is beige and tan in color.,is beige
toptee,train,toptee_train_02125,B005IFGUL0,B009LV1XCI,has a u shaped neck and has shorter sleeves,has no open chest and shorter sleeves
toptee,train,toptee_train_02126,B00AO3SP0K,B0083QE0TK,has two layers with longer sleeves,is blue and white with longer sleeves
toptee,train,toptee_train_02127,B00EUSTDWO,B00DUZCDXO,is blue color with college frat,is blue
toptee,train,toptee_train_02128,B004SE3B8C,B00DE0XU0U,The loose fitting tank top is white with black lettering.,is lighter and has shorter sleeves
toptee,train,toptee_train_02129,B009DMER5U,B00403SE42,has no sleeves.,is more revealing and has straps
toptee,train,toptee_train_02130,B00BLALRDC,B001LAISRA,has an image of two person at lake,has a different print.
toptee,train,toptee_train_02131,B005ONXKXM,B005ONTPR2,more graphic and less edgy,is printed and colorful
toptee,train,toptee_train_02132,B002U2QKAK,B006U228V6,is grey and more sporty,is a grey shirt with a football graphic on it
toptee,train,toptee_train_02133,B0058YVMH8,B00DNZR9H6,is blue with short sleeves,has shorter sleeves and is brighter blue
toptee,train,toptee_train_02134,B00FJE0U52,B0029LIB8Q,Is more sexy and revealing,is colorful with shorter sleeves
toptee,train,toptee_train_02135,B00018A8ZI,B0066D879Q,has shorter sleeves,is black
toptee,train,toptee_train_02136,B0030IMTTE,B006NUXVF2,has no sleeves but more revealing,has thinner straps in a new design.
toptee,train,toptee_train_02137,B008JBOC0G,B004HFRDGS,The shirt has a low cut front and is gray.,it has a more open neck
toptee,train,toptee_train_02138,B008AEDTPQ,B008X04C12,The shirt is long sleeved and red in color with black writing.,is red with longer sleeves
toptee,train,toptee_train_02139,B00127UJEC,B00127O5H4,has cuffs and scarf belt,Desire item is darker and has cuffed legs
toptee,train,toptee_train_02140,B006RZHBDG,B00CLFECY2,The shirt is black in color with white buttons.,is the same
toptee,train,toptee_train_02141,B008MP4786,B00809LTN0,Is white and more textured,Has shorter sleeves and is more complex
toptee,train,toptee_train_02142,B00ENNMP44,B003E26NBQ,The long sleeve shirt is blue and white in color.,is light blue with patterns
toptee,train,toptee_train_02143,B00DUZCDXO,B00EUSTDWO,The shirt is white with blue writing Greek letters.,is white colored with graphic on the back
toptee,train,toptee_train_02144,B0096AMQYS,B006532F0O,White and more frillier,is in lighter coloring and the frills are fashioned in v shapes.
toptee,train,toptee_train_02145,B0088WP0Z2,B008FXZ3CY, straps and a lighter color,it is red and lacy
toptee,train,toptee_train_02146,B0090YFVPQ,B005GCNFNQ,is fancier and darker,is more silky and casual
toptee,train,toptee_train_02147,B0052OTIHK,B003M51MP2,grey long sleeve shirt,it is greay
toptee,train,toptee_train_02148,B007IUUS98,B0092SLG54,is darker and has longer sleeves,comes in solid electric blue
toptee,train,toptee_train_02149,B00ASPCFXW,B00A8N25FC,is grey with collar and belt,is lighter in color
toptee,train,toptee_train_02150,B00D6AKNBW,B008P07TR4,has flowers,it has a bigger handle and more design
toptee,train,toptee_train_02151,B007C3NQTA,B006DTJUR6,The shirt is brown in color and long sleeve.,is long sleeved
toptee,train,toptee_train_02152,B00FY8MN8K,B0057KP6CU,has no sleeves and is darker,Is darker and sleeveless.
toptee,train,toptee_train_02153,B00CBJL96W,B001GRYE4O,is more grapgic.,is black with white image
toptee,train,toptee_train_02154,B00G6M1WQC,B00CH2NZ92,The shirt is an animal print.,is a tiger strip pattern
toptee,train,toptee_train_02155,B004IA16JW,B00BG40MBG,is darker and has longer sleeves,is lighter shade of pink in color
toptee,train,toptee_train_02156,B00E0L28HI,B007WAF76I,has plaid,is darker
toptee,train,toptee_train_02157,B00F3WDPKW,B00DMZOSXK,is darker,is darker
toptee,train,toptee_train_02158,B0001TPDOI,B00BGDNG2Y,is more grily,has less font and is more junior
toptee,train,toptee_train_02159,B007OO3FE8,B001PIHTUU,The white shirt is tight fitting with short sleeves.,White solid
toptee,train,toptee_train_02160,B00GKR5X04,B00DJ0XRX0,has short length and color is black,Is a darker shade with a big emblem
toptee,train,toptee_train_02161,B00BWUD43W,B00BINI7A8,has a green color and minimalist art,F letter in black
toptee,train,toptee_train_02162,B00DGVXUSE,B009014ILM,is darker,longer sleeved and more solid in color
toptee,train,toptee_train_02163,B005EVZJZ6,B005VA07UC,has a v neck and is blue,is a solid blue color
toptee,train,toptee_train_02164,B0045K71QW,B007RPUQY6,is green with a lot of words,is yellow with colorful letters
toptee,train,toptee_train_02165,B00A9VQLYO,B006EIRTBA,is a black hat,hat with fewer graphics
toptee,train,toptee_train_02166,B0057X9IIU,B004JO2ZDS,is a short sleeve floral print smock,unbanded bottom
toptee,train,toptee_train_02167,B005RO5VQC,B006H046LQ,has longer sleeves and is red,it is more red and has a longer sleeve
toptee,train,toptee_train_02168,B00AHXXHQO,B006VOV4SG,has a white vest with buttons,it has collar and has no sleeve
toptee,train,toptee_train_02169,B006IKP9AM,B0089K2RMW,is darker with less decoration,is less chic and more evening
toptee,train,toptee_train_02170,B00DJZQ5LG,B00D504OPO,is more floral printed,is in printed design
toptee,train,toptee_train_02171,B00DW1QM4M,B00CIHYMUC,has a short sleeve with text and a logo,black with logo
toptee,train,toptee_train_02172,B000OBO5O2,B008WCGII6,is a small tube top, boat neck
toptee,train,toptee_train_02174,B00CJC4TMW,B005U5Z76W,a dark colored shirt with a small evolution grahic,has a smaller graphic on it
toptee,train,toptee_train_02175,B00CE47BJ8,B00CJHMPRI,has long fancy sleeves,has long sleeves
toptee,train,toptee_train_02176,B003V4A4NK,B005XGKNXA,The shirt is pink and gray.,is looser fitted and has longer sleeves
toptee,train,toptee_train_02177,B007RBILF6,B008GS779K,is long sleeve button up with collar,is darker and buttons up
toptee,train,toptee_train_02178,B00AYVK0AA,B0073ZPVKO,The tank top is green and white in coloring.,is darker coloured with floral print
toptee,train,toptee_train_02179,B003CH79EI,B004R1EMZW,is longer with a deeper neck line,has a wider collar
toptee,train,toptee_train_02180,B00DW1QM4M,B00DW1SOMA,has more print with a shorter crop in pink,has skinny straps and is more frilly
toptee,train,toptee_train_02181,B0058Z60A6,B00A13FNR6,Is more plain with no print,has a green tone that is solid
toptee,train,toptee_train_02182,B000E2D2FO,B007ZTC3LI,Is black with smaller lettering,is black with a different logo
toptee,train,toptee_train_02183,B00AU8BILC,B005N6WMD4,is lighter,it has a light color and short sleeve
toptee,train,toptee_train_02184,B000WK5FXK,B008QCVWMY,The shirt is yellow with gray designs.,has more yellow
toptee,train,toptee_train_02185,B009XG4742,B00DOH1PJ6,is a bolder color and more sporty,has shorter sleeves
toptee,train,toptee_train_02186,B001AYHUHQ,B001WSPFZO,has the united kingdom flag is on it,has a union flag
toptee,train,toptee_train_02187,B00666T04E,B00GI151PO,has longer sleeves,long sleeved
toptee,train,toptee_train_02188,B009HAMKQQ,B0084031YK,The shirt has long sleeves and is blue in color.,is yellow with longer sleeves.
toptee,train,toptee_train_02189,B0094KLRXQ,B008INZ3K8,The glasses have a brown trim.,is a pair of glasses
toptee,train,toptee_train_02190,B00C11VGGI,B00CBNKWHU,is red with no sleeve and deep center,is sleeveless and a bit darker
toptee,train,toptee_train_02191,B00CFRXWS8,B009AZRKCW,Is more casual and grey,is a black men's t-shirt with got clay? on front
toptee,train,toptee_train_02192,B00AL1QEY4,B00C7AFSHQ,The shirt is tight and dark blue in coloring.,is identical
toptee,train,toptee_train_02193,B004KF9LM4,B009OLAU2Y,is grey colored,is grey with a V neck
toptee,train,toptee_train_02194,B006OODYZY,B00BUUZ2SY,is a red tank top with words only,is pink with no sleeves
toptee,train,toptee_train_02195,B009FGRBH0,B004DG8N3S,is more orange and blue,An orange/blue half sleeved patterned shirt
toptee,train,toptee_train_02196,B005X05E76,B005ISHMGO,The shirt is black with blue and white writing.,has blue and white image
toptee,train,toptee_train_02197,B00BC3N2J0,B00BP9D2QO,The tank top is loose fitting and is red,has the color design printed on the entire product.
toptee,train,toptee_train_02198,B007VG17HG,B003S0QWGK,has a lighter color and a different print,is not transparent and has loose sleeves.
toptee,train,toptee_train_02199,B005WCF2JK,B00DIFKC1Q,has no sleeves and is bright blue,I blue with a black collar
toptee,train,toptee_train_02200,B008QUZ5P6,B00BEF1T4G,is tighter and nerdier,has a tear drop image on it
toptee,train,toptee_train_02201,B002HWRTAS,B00936XPGI,The shirt has long sleeves light gray in color and medium gray in color.,is gray and dark gray long sleeved
toptee,train,toptee_train_02202,B004JF56GU,B005V9CBAM,The tank top is green with white writng.,is sleeveless dark green color
toptee,train,toptee_train_02203,B00CMM2T6C,B005UPX20U,gauze and more flowy,is black with longer sleeves
toptee,train,toptee_train_02204,B009286M6W,B000OF1U7I,is more revealing and much darker,is a crop top and is a darker color
toptee,train,toptee_train_02205,B00A7Y44RY,B00A7Y99LU,The shirt is blue with shoulder cut outs.,it is more blue
toptee,train,toptee_train_02206,B00C75RD1A,B002GXNEU2,has more print,has shorter sleeves and is form fitting
toptee,train,toptee_train_02207,B0057Y2DO0,B00D8RVNY4,has longer sleeves and is more sharp,is a button up in white and black.
toptee,train,toptee_train_02208,B005ERQPB2,B007R3PPR6,has shorter sleeves and is shinier,is shinier and has shorter sleeves
toptee,train,toptee_train_02209,B00COW3MO8,B0031CAW3O,is darker,is black colored with a tighter neck line
toptee,train,toptee_train_02210,B00CIZG8GK,B009L5TM72,has more color,has button ups as a polo.
toptee,train,toptee_train_02211,B002VRRGLG,B0086SFC7E,has a long sleeve with buttons,comes in as a button up.
toptee,train,toptee_train_02212,B003YDDG42,B00C8055I2,is mannequin and color is grey,is a tank top with lace on the back
toptee,train,toptee_train_02213,B009LEFVVO,B005UVTQN6,is dark red colored,is burgundy colored
toptee,train,toptee_train_02214,B004MMFXNQ,B00BMMT0H4,The tank top is gray in color with a colorful design in the middle.,is sleeveless
toptee,train,toptee_train_02215,B00A7QI33I,B004ZXH28G,is cross over front with black and white stripes,is black and white striped
toptee,train,toptee_train_02216,B005MYKO8C,B005MANQ22,is a sold color, white
toptee,train,toptee_train_02217,B0046VA8RE,B00485QYZS,is darker with a different logo,Is dark gray with different graphic.
toptee,train,toptee_train_02218,B0014UEOYS,B0073N2PZK,is lighter,is white and more musicana
toptee,train,toptee_train_02219,B00E1JP3CG,B008FZZWXW,is purple colored,Has less stripes
toptee,train,toptee_train_02220,B0069VGMOM,B008299LJW,has sleeves and brown colored stripes,short sleeve with large graphic
toptee,train,toptee_train_02221,B0096HQ016,B00B2YOMWA,is less fancy and has longer sleeves,is lighter in color and is is longer in length
toptee,train,toptee_train_02222,B0085KEVES,B003N18MJY,has longer sleeves with black and white prints,has longer sleeves and is more casual
toptee,train,toptee_train_02223,B001IV0N9S,B001DDWQ5A,is darker in color,It has darker color
toptee,train,toptee_train_02224,B0089591D0,B00A8FDFVS,Is darker and more edgy,darker colors and lacy
toptee,train,toptee_train_02225,B008P520DM,B00E3EC8YK,is black and a tank top,is black with no sleeves
toptee,train,toptee_train_02226,B00CPCX6D4,B00EE0E80U,is a lighter color,has no sleeves and is white
toptee,train,toptee_train_02227,B00A34L3N6,B0098QTXPA,The shirt shirt is blue with white writing.,is tighter fitting and lighter blue
toptee,train,toptee_train_02228,B0087ZFPQO,B00336EL1M,Has longer sleeves and is black,has longer sleeves
toptee,train,toptee_train_02229,B004R2DZ6I,B008VA53U8,is darker,Has lavender tones
toptee,train,toptee_train_02230,B00DXN1EGA,B00C5S4F9C,The long sleeve shirt is taupe in color.,is light brown and has longer sleeve
toptee,train,toptee_train_02231,B003X1FNP0,B0035LBKA0,is green with a high neck,it is buttoned ans has no collar
toptee,train,toptee_train_02232,B003M2Y5PY,B002HWRM32,is less pink and more revealing,is lighter and has shorter sleeves
toptee,train,toptee_train_02233,B008SBFFL2,B008X0F3TW,is lighter colored and has more holes,is white and blue.
toptee,train,toptee_train_02235,B0052WOJKI,B0078LIZ4W,has no sleeves and color is blue,has no sleeves
toptee,train,toptee_train_02236,B00318COCK,B001PKTRQ2,is gray with black stripes,is darker
toptee,train,toptee_train_02237,B00AWMO4WG,B00368BKES,is yellow with black designs,is spaghetti strap floral design
toptee,train,toptee_train_02238,B00BNY0D72,B00AMYTJLA,has a longer sleeve with a zebra pattern,has a black and white design
toptee,train,toptee_train_02239,B007XJ3HK6,B00520PBCU,is strap less and has plain pattern,Is shorter and off the shoulder style
toptee,train,toptee_train_02240,B00D3RB9Y8,B00FN83TWU,has longer sleeves with beige color, sleeves
toptee,train,toptee_train_02241,B0060J0HMG,B009H1RVAU,is blue and has floral, more fitted
toptee,train,toptee_train_02242,B00C6NQIXW,B0083WD1KI,is more wordy and less vintage,is black
toptee,train,toptee_train_02243,B0013FNVBQ,B0035FM3SE,is orange with buttons down,Solid orange short sleeved shirt
toptee,train,toptee_train_02244,B009SWBPCS,B007ZJRTEY,is white lettering only,Is smaller in size
toptee,train,toptee_train_02245,B0081TZ7K0,B00GJYIAGM,is a black fitted t-shirt with THOR motif and lettering,Is darker & more fitted
toptee,train,toptee_train_02246,B00CIBNVEG,B00CMPFBUA,The halter top is yellow in color.,is less junior and more sexy
toptee,train,toptee_train_02247,B0043G1JMA,B0060B7MEU,has different images and is brown not black,Is more brown and has a huge graphic
toptee,train,toptee_train_02248,B0078JXVMA,B00BHB827E,is tan with long sleeves,is lighter and has longer sleeves
toptee,train,toptee_train_02249,B004L2FQK2,B00BT0LUFY,The shirt has no sleeves and is light pink in color.,tan and has button.
toptee,train,toptee_train_02250,B005VA07XY,B00AZQQJ36,is short sleeved.,it is blue and has short sleeves
toptee,train,toptee_train_02251,B00246P6DY,B005FFIU4S,different cut and animal print,is zebra pint with no straps.
toptee,train,toptee_train_02252,B004I1KVG0,B007CFDTU4,is more transparent,is see-through and black
toptee,train,toptee_train_02253,B004H3X4TA,B007XCWOGG,is long sleeved and striped, paisley print
toptee,train,toptee_train_02254,B005KKDHGY,B00935OO64,has a cowl neck with a neck abstract print,is printed and even hem line
toptee,train,toptee_train_02255,B000R0CH40,B002UQS4IM,Has a red collar and a larger graphic,has brown trim around neckline and a crab on front
toptee,train,toptee_train_02256,B0071GAZK6,B007R2GUNU,has longer sleeves,is dark colored with a v-neck and longer sleeves
toptee,train,toptee_train_02257,B007909FBE,B005TF86N4,is darker and more casual,Is more wordy  and casual
toptee,train,toptee_train_02258,B00AK3M1SG,B005XGHWI4,has short sleeves and color is red,browner
toptee,train,toptee_train_02259,B00F4PTRP0,B00EE0EQL6,is darker and less frilly,is blue in color and is sleeveless
toptee,train,toptee_train_02260,B00CIE2HXO,B00CIE3HB0,has more contrast and is less feminine,has a dark black color
toptee,train,toptee_train_02262,B00F2ZZN5A,B000JGJMV8,is white,Is lighter with lady-carrying umbrella design and no printing
toptee,train,toptee_train_02263,B003WQQ61Q,B005FY714O,The tank top is white with the black wording I love my husband.,it is white and has no sleeves
toptee,train,toptee_train_02264,B005NY6E4E,B004XFX7DK,is darker orange and shorter,is shorter and deeper orange
toptee,train,toptee_train_02265,B009BXVXV2,B008TSM9CW,has Army on the front,has grey text
toptee,train,toptee_train_02266,B007WA2ZTA,B007WA3GMK,is red in color,is red white white accents
toptee,train,toptee_train_02267,B004MDKZ88,B00775MGUS,is white with turquoise letters,is more sexy and flirty
toptee,train,toptee_train_02268,B0097AH39U,B00ADG333M,The shirt is white in color with a seal.,has no collar
toptee,train,toptee_train_02270,B007Y7BV6O,B009LQK978,Is a shirt,is a top
toptee,train,toptee_train_02271,B004BHVIDQ,B002IPFYOC,is whiter,is brighter coloured
toptee,train,toptee_train_02272,B00480IRDU,B00823Y3WI,is a darker color,It is black
toptee,train,toptee_train_02273,B004I7BM12,B004I74DVS,is darker,is solid black
toptee,train,toptee_train_02274,B007WAT3I6,B007WAF3DA,is mustard yellow,is yellow with longer sleeves
toptee,train,toptee_train_02275,B000MSDOEO,B000EOZHM8,The shirt is white with a pug dog.,has more detailed dog's face and white background
toptee,train,toptee_train_02276,B006TM75MO,B0046IK7ZK,has v neck and less black,is darker colored
toptee,train,toptee_train_02277,B004CBZ3J6,B000UEI0CQ,is a short sleeve blue shirt with lots of art,is white with yellow circular motif
toptee,train,toptee_train_02278,B00AZ7PNFU,B00CLY2MPY,is darker,is more flowing and darker colored
toptee,train,toptee_train_02279,B005S6YGI8,B00CSYU5NI,has shorter sleeves and an image of a green person,is a woman's tshirt
toptee,train,toptee_train_02280,B008H43A1M,B008NDVKVO,The shirt is blue and black with a picture of an animal.,has a different print
toptee,train,toptee_train_02281,B005UX7JQA,B005VLEMK2,is blue with collars and pockets,is solid royal blue
toptee,train,toptee_train_02282,B0038ZN1E6,B00DRE0NV2,has shorter sleeves and light colored,has shorter sleeves
toptee,train,toptee_train_02283,B00D4T7L3S,B00BF71W0E,is pink with a v-neckline,pink with v-neck collar
toptee,train,toptee_train_02284,B0084DLL3A,B005UUF7Z8,is pink with ruched detailing,has a v-neck
toptee,train,toptee_train_02285,B0069J5YSO,B005IVUI4E,has a scoop neck and fitted sleeves,Has scoop neck & tighter fit
toptee,train,toptee_train_02286,B00935OI1A,B005LVBGZQ,no pattern blouse,has a flip collar neck
toptee,train,toptee_train_02287,B00GAGV8YA,B00D6WAXPQ,blue top shirt with collers,is lighter blue and is revealing
toptee,train,toptee_train_02288,B00434HFP2,B005FANMCI,is white and more sporty,is a lighter color and has a logo
toptee,train,toptee_train_02289,B004R1IJ1A,B0014JXC9C,Is more fitted and has no sleeves,is sleeveless and white colored
toptee,train,toptee_train_02290,B00BXXNME4,B008F06YUW,is darker with shorter sleeves and white lettering,is black with shorter sleeves
toptee,train,toptee_train_02291,B00C7Z5HAE,B009NCYU0W,is longer and darker,is black and white and less revealing
toptee,train,toptee_train_02292,B00477392I,B005I0JWPQ,is a short sleeve white color shirt,is lighter and has short sleeves
toptee,train,toptee_train_02294,B006EYAWUO,B00AAYNHPQ,has a graphic on front,is short sleeved with a blue bowling design
toptee,train,toptee_train_02295,B00E82QZWI,B009LELPH8,has a dark color with white text,smaller graphics
toptee,train,toptee_train_02296,B00DU6OUES,B00EQESNXW,has sleeves and is a shirt,is more of a blue color
toptee,train,toptee_train_02297,B002CJ1OMU,B000ZZXSBS,is grey colored and has text on it,is a grey t-shirt
toptee,train,toptee_train_02298,B005UAKAF0,B0084DLS0Q,The shirt has a cowl neck and is purple in color, and white with diamond print
toptee,train,toptee_train_02299,B007XD4U8A,B00DUYY4RS,is darker,comes in black
toptee,train,toptee_train_02300,B008SRK51Q,B008SRK0WA,is short sleeve solid pink,is solid in color and has three buttons
toptee,train,toptee_train_02301,B00361FM5S,B00361FLXG,is yellow,is yellow with a white collar
toptee,train,toptee_train_02302,B00D40P3MI,B004ELQ4WO,is lighter,has smaller neck and is light blue color
toptee,train,toptee_train_02303,B003ILE6JY,B003ILA84G,is white with long sleeves,has longer sleeves
toptee,train,toptee_train_02304,B003DBN3UW,B0051932YG,is darker and has longer sleeves,has stripes and longer sleeves
toptee,train,toptee_train_02305,B002LVJH9Q,B00CX3EO7W,is short sleeved and lighter,lighter blue
toptee,train,toptee_train_02306,B00BX8SK3C,B0084ZS820,more see through and lighter colored,sheer straight cut tank
toptee,train,toptee_train_02307,B00404ZVVU,B007X4CNRO,The shirt is maroon in color,is red with buttons
toptee,train,toptee_train_02308,B0013PPA8S,B000RYT7HQ,is a superman black t-shirt, lacy
toptee,train,toptee_train_02309,B007SW7N1W,B00CJVRDK8,is solid white with no sleeves,has straps
toptee,train,toptee_train_02310,B00CYGSRPI,B008Z6KDM6,The shirt is blue with the word Bride.,is navy
toptee,train,toptee_train_02311,B003VWZJLO,B003O07RZY,is darker gray with long sleeves,is longer sleeved and darker
toptee,train,toptee_train_02312,B001TEOWXW,B00CTX5WGS,is more fitted,is white logo and fitted
toptee,train,toptee_train_02313,B009DZODCY,B00BYQ0HPW,is bright pink and sleeveless,is red with shorter sleeves
toptee,train,toptee_train_02314,B006PJ5KR8,B004WDI4KE,is white sleevless with buttons,is a sleeveless version with collar.
toptee,train,toptee_train_02315,B00CTXFDKS,B008BMW8WC,is lighter colored and has long sleeves,Has long sleeves.
toptee,train,toptee_train_02316,B00AR2LSKW,B007QTLJ80,has short sleeves,is navy blue tee shirt
toptee,train,toptee_train_02317,B002R670TO,B00A63297S,has a shorter sleeve with a lighter color,is a solid gray top
toptee,train,toptee_train_02318,B000BW91TI,B0012ODZ8M,Is white and less casual,is collored and v necked
toptee,train,toptee_train_02319,B00EYINXG2,B008KFF84U,has longer sleeves with prints,Desired item is yellow
toptee,train,toptee_train_02320,B002H18Z6Q,B001KW4E7W,The shirt is pink with characters,has longer sleeves and is a brighter color
toptee,train,toptee_train_02323,B007RGBJO6,B0074DU56A,is more flirty and black, v neck
toptee,train,toptee_train_02324,B008O11L46,B00C65T9Y0,is lighter,is more blue and is more draped
toptee,train,toptee_train_02325,B0059DC0GA,B009F0I1OS,is red colored and has shorter sleeves,has shorter sleeves and is red
toptee,train,toptee_train_02326,B007UF1E94,B0067FA3E0,is silly,Desired product has green man with yellow scissors
toptee,train,toptee_train_02327,B008GT5ZWK,B008GT67WC,The shirt is a multitude of brown colors.,is more mature and less colorful
toptee,train,toptee_train_02328,B005X8U09U,B008VH9K8C,is beige and is less revealing and more fitted,is tan colored and shimmery design
toptee,train,toptee_train_02329,B007984YLM,B003W0QU22,The shirt is blue with a white unicorn.,is purple and has a unicorn motif
toptee,train,toptee_train_02330,B0013KZQXC,B00642WRL8,is pink with black lapel and grey bow in logo,is brighter and more feminine
toptee,train,toptee_train_02331,B0050ZS5RU,B009F104HY,is lighter in color,has off shoulder and is white color
toptee,train,toptee_train_02332,B00F7FO0OU,B00EM5S164,has a hod and is checkered,has a plaid pattern and buttons up
toptee,train,toptee_train_02333,B009RUQXPA,B00ANU21C2,The shirt is purple in color with a blue DG emblem.,is black in color
toptee,train,toptee_train_02334,B001U8YOF8,B006Z8JBTM,The shirt is pink with leafs.,has tree and plant graphic and is paler shade of pink
toptee,train,toptee_train_02335,B001FZV5S0,B004BGDJE8,is brighter and less form fitting,has more red color to it
toptee,train,toptee_train_02336,B00BQJXJXO,B00AZ9FQQY,sleeveless and organe,orange dress with elastic waist no sleeves
toptee,train,toptee_train_02337,B00FOY3YIW,B003V1XCPA,is lighter,has long sleeves and is blue
toptee,train,toptee_train_02338,B007X43KKI,B007X44XV8,is solid grey,is a grayish purple
toptee,train,toptee_train_02340,B002CJ3HG6,B00681E59M,is a purse with more colors,is a bag with images and graphics
toptee,train,toptee_train_02341,B00A6HOC6U,B00A6HOOUY,has no sleeves and a skin color,elastic waist pinker
toptee,train,toptee_train_02342,B007KX0H58,B004N51LT2,is purple with more words,Is purple in color
toptee,train,toptee_train_02343,B00CFQIK5E,B007NLXAPG,is dark brown colored,black v-neck printed tank top
toptee,train,toptee_train_02344,B00BE95DU8,B0038YWAUS,its a dress and not a top,is a black top
toptee,train,toptee_train_02345,B009AP691A,B009PQQU8Q,The shirt is white in color with a green emblem.,has a lighter green logo
toptee,train,toptee_train_02346,B008SRKOW6,B00A36JM4Q,has shorter sleeves and is more campy,shorter sleeves grey indian head dress logo
toptee,train,toptee_train_02347,B005WAQJPI,B007RWBVUM,is tighter,is white with flip collar
toptee,train,toptee_train_02348,B007WAT69W,B00DA22N6O,is black with cold shoulder,is solid black
toptee,train,toptee_train_02349,B007TYZFOQ,B009ABS9W6,is gray and less sexy,has more graphics on it
toptee,train,toptee_train_02350,B0046BKGDK,B008OB3720,is more revealing and lighter,is a button up pink shirt with only shoulder straps and no sleeves.
toptee,train,toptee_train_02351,B00DHVLYGS,B00DH0U72G,Is more plain and less colorful,is grey
toptee,train,toptee_train_02352,B009F104HY,B00ARHSSPK,has red floral pattern on it,is white with red accents
toptee,train,toptee_train_02353,B009ZTQYQG,B009ETAO9U,is green with longer sleeves,is green with long sleeves
toptee,train,toptee_train_02354,B00ATT85RC,B0055OGI84,is more frilly and less fitted,is black with white flower details
toptee,train,toptee_train_02355,B008UALFAG,B00937EH4Q,more elegant and colorful,is more colourfull
toptee,train,toptee_train_02356,B00CBNK32E,B00DGDPQ6Q,is pink with short sleeves and red graphics,is pink with sleeves
toptee,train,toptee_train_02357,B007TYX1RO,B00FER0NOW,ruffles shorter mid sleeved,is longer sleeved and beige
toptee,train,toptee_train_02358,B009K4Y99K,B0053H3MZU,has more colors,has graphic images with yellow
toptee,train,toptee_train_02359,B00BEXO0P8,B008MB2PT8,has shorter sleeves,is sleeveless with ruffles
toptee,train,toptee_train_02360,B002YPBBPM,B0021KVD5I,is more yellow and browns., tighter neckline
toptee,train,toptee_train_02361,B007OOLN0G,B00FBUCWA0,has more colors,Is teal with different saying.
toptee,train,toptee_train_02362,B008CV5WA2,B008VTJ0KS,is more plain and sophisticated,is red with tighter sleeves
toptee,train,toptee_train_02363,B00B2JQ9KI,B005H2BYMY,has longer sleeves with an artist photo, collared
toptee,train,toptee_train_02364,B00726LH7A,B000QUZSXS, red,has white chest logo
toptee,train,toptee_train_02365,B00AANLTAW,B008KXQZDK,has short sleeves and color is less grey,has a collar and is buttoned
toptee,train,toptee_train_02366,B002N34B20,B003MSPF4I,has a white background,is in white with blue and black design
toptee,train,toptee_train_02367,B0057X9IIU,B00545EXF4,has less lace is and is more flowing,is black with lacy back
toptee,train,toptee_train_02369,B000CEM9TY,B005GWMV1I,its a white shirt with red and black print on it,is white with black text
toptee,train,toptee_train_02370,B003BTF0G6,B00ASQH1A8,is lighter and has shorter sleeves,is sleeveless with a yellow black and gray striped design.
toptee,train,toptee_train_02371,B0066PVM0K,B005LOOV6Y,The shirt has a cowl neck line and is purple in color.,is a lighter color and has a lower neckline
toptee,train,toptee_train_02372,B001U8YOF8,B001BZ8LSG,The shirt is black with white lettering.,Is black with I Write Code on front
toptee,train,toptee_train_02373,B0027IGDIQ,B006V5CFKG,is larger and more casual,Is a larger blue tee
toptee,train,toptee_train_02375,B00A7Y7ZYI,B00A7Y917C,is lighter and has longer sleeves,is purple and white with a black belt
toptee,train,toptee_train_02376,B003R6SRSQ,B0038MHWOO,is long sleeve and white fitted,has longer sleeves and is more formal
toptee,train,toptee_train_02377,B0037KM4AO,B0037KM4P4,is white with round neck,is in white
toptee,train,toptee_train_02378,B00B5SKM36,B007M8507G,is pink and has spaghetti straps,Desired item is light purple with thin straps and ruffle
toptee,train,toptee_train_02379,B00B5TUDRA,B002LITHDU,is green with snoopy on it,is a long green tshirt
toptee,train,toptee_train_02380,B00A933WDK,B003WE94RQ,is whinte and is a tank top,strap sleeves white
toptee,train,toptee_train_02381,B003E2X0XK,B0014K2MCE,is more darker and has longer sleeves,is darker and black greyish in color
toptee,train,toptee_train_02382,B00D7794XW,B00CBBI6O8,is blue and has off-shoulder,fall off of the shoulders
toptee,train,toptee_train_02383,B0080HKUQO,B004XYO4VA,has a different pattern,has larger graphics
toptee,train,toptee_train_02384,B00CBD03DS,B00CX0FPRS,is darker,Desired item features Lion King characters
toptee,train,toptee_train_02385,B00D01OPO8,B00CE8TQ38,is a lacy see through with three quarter sleeves,a black shirt with black see through lace on the sleeves
toptee,train,toptee_train_02386,B003QOUXGS,B003QOZ64C,is white with longer sleeves,is white and has longer sleeves
toptee,train,toptee_train_02387,B00880L06C,B00AIL3S14,is a short sleeve blue dress shirt,is blue and doesn't have a pattern
toptee,train,toptee_train_02388,B0097LQNKY,B008NFLTOA,The vest is made from blue jean.,has no sleeves
toptee,train,toptee_train_02389,B0060O69IC,B008LEWQHM,is more revealing and less draped,has white dots and no sleeves.
toptee,train,toptee_train_02390,B00CLYW5AQ,B00D8L6KFM,The sleeves shirt is gray in color.,is lighter in color
toptee,train,toptee_train_02391,B00E9QTYNU,B00EOLF9SE,is looser, button up
toptee,train,toptee_train_02392,B0071VYKIO,B008LYUVI8,is darker,is a casual white blouse with midlength sleeves
toptee,train,toptee_train_02394,B00AZL8D7G,B0042DD4S6,is a black colored dress shirt,is light blue tee with I Love Michael Phelps on front
toptee,train,toptee_train_02395,B00DUYVZIO,B00BZPTL4A,is solid black and cape like fullness,is solid black and more full.
toptee,train,toptee_train_02396,B00268I880,B004G0A708,The shirt is a tie up white shirt.,is much lighter in color
toptee,train,toptee_train_02398,B008DZ3RHM,B000O8TUWM,The shirt is blue with a white buffalo., pocketed
toptee,train,toptee_train_02399,B00BY8MMBM,B001CSICU4,Is more girly and is pink,is a pink
toptee,train,toptee_train_02400,B009RAVLSE,B004GKFOGK,The shirt is red and white plaid.,is a red plaid top
toptee,train,toptee_train_02401,B00EIKOS3S,B007467S9E,has shorter sleeves with only one pocket,has shorter sleeves
toptee,train,toptee_train_02403,B009017W60,B00C9AIU4W,black and white geometric design,Is longer and more patterned.
toptee,train,toptee_train_02404,B006H0SOSW,B00EM7NC4S,is gray with black designs,lighter colors with graphic
toptee,train,toptee_train_02405,B008O3RGYS,B005BXYG6K,is lighter,is a blue long sleeved blouse
toptee,train,toptee_train_02406,B00D0AM8W0,B000N256LS,is blue and watery,light blue tie dye with whale graphic
toptee,train,toptee_train_02407,B0023TOJYO,B008UZKF3Y,has deeply black and less shiny,has smaller v-neck and is black color
toptee,train,toptee_train_02408,B00979NALG,B00405SSHI,has longer sleeves and is black,is darker with long sleeves
toptee,train,toptee_train_02409,B00AWCLUYG,B0032CRQNM,Is more like a handbag,has a handle that can hold things
toptee,train,toptee_train_02410,B005Y29S6G,B0080I2T5I,is darker and has longer sleeves,is less traditional and more blousy
toptee,train,toptee_train_02411,B0091IY7HY,B0091IXN9M,is scoupe necked,is slim and belted
toptee,train,toptee_train_02412,B000KRHKNS,B000GBJVSK,is lighter,is off white with orange image
toptee,train,toptee_train_02413,B000NCGGFS,B006LGX388,is brown paisley, lighter logo
toptee,train,toptee_train_02414,B0098PXPHI,B00DMZOVOG,is darker and has shorter sleeves,Has larger shoulder slits and is more stylish
toptee,train,toptee_train_02415,B004I7BM12,B004LXO68Y,has a round neck,has a lower neckline
toptee,train,toptee_train_02416,B00455VX0C,B00E678ZPU,is more cartoonish and less sophisticated,Is lighter color and different graphic.
toptee,train,toptee_train_02417,B007XIE5A8,B00595FKEW,is greener,has a green color to it
toptee,train,toptee_train_02418,B005WS2HZ6,B006Z8HTNC,is colorful and a polo,is lighter in color and is longer in length
toptee,train,toptee_train_02419,B004QO5OS4,B00CSIPNJU,darker color,Is black in color
toptee,train,toptee_train_02420,B006W5W0SW,B00CLB2BOE,It is a darker red color with a print.,is red and black patterned
toptee,train,toptee_train_02422,B00AIBEDEA,B00ASPBXCQ,is blue with long sleeves, more sheer
toptee,train,toptee_train_02423,B00E0L0QCM,B0094G02TU,has no sleeves with two different colors,less revealing light pink
toptee,train,toptee_train_02424,B006DB5J0G,B00861DSXQ,has an animal print,is dark dot and has smaller round neck
toptee,train,toptee_train_02425,B006GIAHZI,B007G0Q4VQ,The shirt is pink with black skulls.,is red with black lettering
toptee,train,toptee_train_02426,B001F02SBS,B002FJI7ZO,is long sleeve and brighter,it has a longer sleeve
toptee,train,toptee_train_02427,B00AXSY25S,B00F4FO6SS,is black and pink colored hat,black with pink baseball cap
toptee,train,toptee_train_02428,B00C676RWU,B009ARFY8W,is lighter in color with longer sleeves,is gray with longer sleeves
toptee,train,toptee_train_02429,B00AZPRLRU,B00AEWC89K,it has strings to go around the neck and more tight fit,Is more revealing and has dots
toptee,train,toptee_train_02430,B004BA6Q08,B004BJ17H6,is solid olive color with front buttons,is a grey hoodie
toptee,train,toptee_train_02431,B00AKN3A0Y,B0067JQI0O,is long sleeves with buttons,is button up with longer sleeves
toptee,train,toptee_train_02433,B0040UZQO6,B0086W84FM,is lighter,is sparklier and blue
toptee,train,toptee_train_02434,B00BF72TWO,B008NUNUCY,is collared and is floral print,has buttons
toptee,train,toptee_train_02435,B008DPAGQ2,B0040894DW,is black with sheer pattern,Black see-through flowered pattern
toptee,train,toptee_train_02436,B000EP33GY,B0060B66ME,is more colorful  with movie graphics,is green and has a movie title logo
toptee,train,toptee_train_02437,B009LEG168,B005UVU0QI,is strapless,is black withno straps
toptee,train,toptee_train_02438,B00CN7YEPA,B00B8OY8JG,is black,is grey in color
toptee,train,toptee_train_02439,B001J60ZZE,B003DNJ7ZK,is darker,has circular graphic and is darker
toptee,train,toptee_train_02440,B00CM2L9EK,B00CMT0DTA,The tank top is black with white stripes.,is black and white striped
toptee,train,toptee_train_02441,B003VW92V2,B000M9FZJK,has a tiger graphic and is paler in colour,is white colored
toptee,train,toptee_train_02442,B00B60T7PW,B007WSZA44,Is yellow,is yellow with black text
toptee,train,toptee_train_02443,B008BPK80S,B009JR681K,has diferente words on it,has obscene language graphic design
toptee,train,toptee_train_02444,B003CJPAGA,B0045KE0C0,has sleeves and less revealing,has text on the front
toptee,train,toptee_train_02445,B00E0W1VBG,B00E0W1LN4,The shirt has short sleeves and is black and white.,has no red on it
toptee,train,toptee_train_02446,B008T44DM0,B00EE0Y6TI,is sexually attractive is more conservative,is sleeveless and has less color
toptee,train,toptee_train_02447,B00AU8BILC,B0001TOTAM,is more casual.,is pink with white text
toptee,train,toptee_train_02448,B002ATQOKY,B0010ZFN10,is an off white tank top,is lighter in color
toptee,train,toptee_train_02449,B003CONEM2,B0047RU66A,its blue with police print on side,has a small graphic
toptee,train,toptee_train_02451,B00642WRL8,B005PPHHM4,has shorter sleeves and is less girly,It is black and long sleevd
toptee,train,toptee_train_02452,B004Q7DEL0,B004SBD2LQ,is shot sleeved with a v-neck,has short sleeves.
toptee,train,toptee_train_02453,B00EFB6FW2,B007C3JBZI,The tank top is red in color.,is red colored and no sleeved
toptee,train,toptee_train_02454,B0091CKRDS,B00D2CXRTO,is more feminine and more revealing,aqua round neck longer tunic
toptee,train,toptee_train_02455,B004OA08JU,B003DV440K,has buttons and longer sleeves,is black with longer sleeves
toptee,train,toptee_train_02456,B000J43P9K,B008SOHNW8,is sleeveless green with a scoop tie neck,is green colored with no sleeves and see through
toptee,train,toptee_train_02457,B0093O3OSO,B000YXPLY8,long sleeved green top,has longer sleeves
toptee,train,toptee_train_02458,B008TWBT9W,B008JG3SD8,is darker and more sleek,white tee with sleeves. shorter length
toptee,train,toptee_train_02459,B0089OE4CO,B003XU6GHU,has longer sleeves and plain pattern,has longer sleeves and is feminine
toptee,train,toptee_train_02460,B00DZPWFVO,B0079B13RM,has shorter sleeves and a logo,is lighter
toptee,train,toptee_train_02461,B00CSZLOIC,B00AEVHN5U,is brown with shorter sleeves,is brown with no logo
toptee,train,toptee_train_02462,B007FE8NNA,B00BMBTDZE,is grey with more graphic on front,is a blue men's t-shirt with Case on it
toptee,train,toptee_train_02463,B000C20ME0,B000OFIYP4,is green with brown designs,Dark green shirt w/ brown
toptee,train,toptee_train_02464,B007QIJBRC,B006ZYITSA,The tank top is tight and black.,is black and darker
toptee,train,toptee_train_02465,B00386JLWG,B005QA9U3W,is see through,is much more sheer
toptee,train,toptee_train_02466,B0096009QA,B008L6E7T0,The tank top is sheer and black.,is brown with straps
toptee,train,toptee_train_02467,B004WHUFPC,B00BIHKINI,is blue with longer sleeves,is blue and long sleeve
toptee,train,toptee_train_02468,B0086URJDW,B001B9604Y,has thicker straps with abstract print,dark printed tank top
toptee,train,toptee_train_02469,B00BHHRY54,B00800Q0JW,Is more sexy and colorful,is looser fitting and more colorful.
toptee,train,toptee_train_02470,B00B2N4PAU,B008MB3KAG,is strapeless with no lace,it is more lacy
toptee,train,toptee_train_02471,B008596U1Q,B007WATNOU,its loose and black and white striped,is a zebra stripped blouse
toptee,train,toptee_train_02472,B001UUF51I,B001J8GM40,is lighter and has shorter sleeves,lighter yellow tank top
toptee,train,toptee_train_02473,B00BC8L242,B005QAPT6E,is white colored and shorter sleeves,has shorter sleeves
toptee,train,toptee_train_02474,B00BHIFL1W,B008WZ6OAK,has longer sleeves and no buttons and collar,is looser and lighter
toptee,train,toptee_train_02475,B00BNY0D72,B00FFKZDQQ,The shirt has red,has long sleeves and horizontal stripes
toptee,train,toptee_train_02476,B005M6D8RE,B007XJSMCE,is lighter,has the brazil flag
toptee,train,toptee_train_02477,B008MOPE98,B00BQDQQIA,The shirt is white with a picture.,is grey with longer sleeves
toptee,train,toptee_train_02478,B0088RD39M,B005E9GLIC,is a brown color,is more black colored
toptee,train,toptee_train_02479,B008M0ANJI,B002OTCHFG,is black with a penguin on it.,Is black and is a golf-style shirt
toptee,train,toptee_train_02480,B00BWYNV18,B000J3YKJU,is black jeans,are pants
toptee,train,toptee_train_02481,B002CJ3HG6,B00BMBOSEA,Is blue in color with a bird print on front,blue with turtle playing insterment
toptee,train,toptee_train_02482,B00BEMJR8O,B00A7HWDUG,is short sleeves with stipes,is blue and white striped with sleeves
toptee,train,toptee_train_02483,B00BJU36TM,B0075QYFZ8,has image of four horses,has more imagery and color
toptee,train,toptee_train_02484,B0030ZRGEU,B00FAGJWY4,is black color with a white image,is black colored and crew neck design
toptee,train,toptee_train_02485,B007K6ESEG,B00BZAXN6M,has a lighter color and a different print,has more blue
toptee,train,toptee_train_02486,B00726LH7A,B00018A8F8,has a smaller graphic,is black with white words
toptee,train,toptee_train_02487,B008HTC74I,B007ZUW056,The long sleeve shirt is white and gray.,it is more colorful and tight
toptee,train,toptee_train_02488,B0001TPDOI,B002Q9PAEE,is more wordy,has bigger white chest logo
toptee,train,toptee_train_02489,B00BEU10LI,B00B1AGD4A,has multiple different color stripes,has a pattern and is more colorful
toptee,train,toptee_train_02490,B00CXWMT2A,B00DP8TVRC,is white with blue floral, with a different graphic
toptee,train,toptee_train_02491,B005OD859G,B006R8CI72,has 'reading rocks' written on it,lighter black  with reading rocks logo
toptee,train,toptee_train_02492,B006PAXYUC,B004SH3XJG,has a floral design, has shorter sleeves
toptee,train,toptee_train_02493,B00F3I556I,B00DOWN8KK,is brighter colored and is sleeveless,red.
toptee,train,toptee_train_02495,B003SLRT4I,B008LWQD7I,is collarless and more colorful.,is darker in color
toptee,train,toptee_train_02496,B00DU6OUES,B00CS6L530,is a darker colored  t-shirt,is a grey t-shirt
toptee,train,toptee_train_02497,B000E2D2FO,B004YJ8E5G,is long rolled up sleeves with button up and a collar,has longer sleeves and a collar
toptee,train,toptee_train_02498,B00BGD1FVS,B007LAGAP6,is more floral and has solid panel,is short sleeved and printed
toptee,train,toptee_train_02499,B002CJ1OMU,B0012HJER0,The shirt has a wrap belt and is white and black in color.,black and white pattern with belt
toptee,train,toptee_train_02500,B00AVXY62E,B009PTI9QY,is white colored and shorter sleeves,Desired item is light brown with short sleeves
toptee,train,toptee_train_02501,B007IRN4X8,B004070VVW,is darker with long sleeves and buttons,darker colored with long sleeves
toptee,train,toptee_train_02502,B0015UOM08,B00581WNMY,is sleeveless and dark,longer. empire waist
toptee,train,toptee_train_02503,B007RFJX68,B006VJEAY6,The shirt is black with red writing stating Judas Priest.,is light pink in color
toptee,train,toptee_train_02504,B003WQQ61Q,B002O8FJFW,is darker, a little longer and sleeveless
toptee,train,toptee_train_02505,B009ZTQYQG,B006ZQG7VE,is darker and has longer sleeves,has a darker color
toptee,train,toptee_train_02506,B0059SB1BA,B001E2RFVK,is a solid purple color,Is less patterned and more sporty.
toptee,train,toptee_train_02507,B00DQ2G7EW,B00D6AKNBW,is more of a handbag,is brown in color and is a bag
toptee,train,toptee_train_02508,B00B4FYYAM,B007ZTORIK,Is black with a larger graphic,is a black baby onesie
toptee,train,toptee_train_02509,B00DZUC6R2,B00E0XD20I,is black and has longer sleeves,Is darker and see through
toptee,train,toptee_train_02510,B00AANI2MU,B003OA4R8Y,is large sleeves and deeply purple,is looser and has embroidery
toptee,train,toptee_train_02511,B00AHXXHQO,B000KRHKNS,is green with golf print on it,Is darker colored and moremasculine
toptee,train,toptee_train_02512,B00B28TDGG,B006M8EU3W,is blue with white collar,is solid blue with white collar
toptee,train,toptee_train_02513,B006LG8Z6S,B0085U1CN6,is purple and has v neck,Is brighter colored and has a v-neck collar.
toptee,train,toptee_train_02514,B00EVVI03S,B009DH55BA,is black with purple designs,is black and adding sleeve
toptee,train,toptee_train_02515,B008HO1X0C,B00A4XWIY4,The shirt is black in color with lace., has no sleeves
toptee,train,toptee_train_02516,B00AUACJBS,B00AUC50MG,is dark grey colored with image of heart,is darker and has no animal print
toptee,train,toptee_train_02517,B007N9LQLS,B008H38JM8,is formal and not transparent,is short sleeved
toptee,train,toptee_train_02518,B004Q7FU6W,B00B330F4E,is red,is orange with a white logo
toptee,train,toptee_train_02519,B00B4FYYAM,B00F3NCU70,is black and slimmer fitting,is darker in color
toptee,train,toptee_train_02520,B0092SLE06,B00BC04Q4S,Is more ruffled and orange,is orange red in color
toptee,train,toptee_train_02521,B0039UGS4K,B003NYUDOI,is white colored and is sleeveless,has no buttons or sleeves
toptee,train,toptee_train_02522,B0028RXP28,B00B1MFYK2,is more black and white and less fitted,has larger lettering on it
toptee,train,toptee_train_02523,B008S72DAM,B008FA4NWI,is more of a long sleeved T-shirt than a dress,is less flowing and more masculine
toptee,train,toptee_train_02524,B0077Z6K1E,B008Q5LLP4,is white with skulls,has more designs
toptee,train,toptee_train_02525,B00DH36UEM,B009YMK9S8,is a white laced sleeveless top with floral printed bottom,smaller sleeves top white bottom flowery
toptee,train,toptee_train_02526,B0091J3PUS,B0091IX0ZE,is shiny pink with buttons down,has longer sleeves when
toptee,train,toptee_train_02527,B00BOZ9F9M,B008N2X3M4,is denim with a denim belt,is solid blue
toptee,train,toptee_train_02528,B007AFS6O0,B00ADJBNDQ,has long sleeves and some flowers,it is flowery and has longer sleeve
toptee,train,toptee_train_02529,B004USN8WA,B009E8MXRM,has a shorter sleeve with art near the neck,has a floral print on denim
toptee,train,toptee_train_02530,B006JWQVVU,B00EFV3VLK,is a black tank top with purple logo,is sleeveless with a Breakfast Club image on it
toptee,train,toptee_train_02531,B00C7Z5HAE,B003VDHZDS,The tank top is long and white in color.,is cream and has buttons
toptee,train,toptee_train_02532,B00C7CTESI,B004XMVNCA,is a  brown t shirt,Desired item is a brown t-shirt asking Got Wood?
toptee,train,toptee_train_02533,B0001TP8G6,B000JRDC6I,Is less wordy and green,is brown and yellow
toptee,train,toptee_train_02534,B00E0YDWBQ,B000QHCOJ2,Is white,A white shirt with grey shapes on the front
toptee,train,toptee_train_02535,B00APIUFMK,B00B2YNHF8,The shirt dress is a multitude of colors.,has shorter sleeves and more patterns
toptee,train,toptee_train_02536,B007EWHN98,B00FAUJ13C,The shirt is black with multi-color zig zags.,has darker colored sleeves
toptee,train,toptee_train_02537,B008BT58UO,B00BBU5XNC,is lighter and has pockets,is blue with buttons
toptee,train,toptee_train_02538,B003TINZU2,B0081UBPG4,has a longer sleeve with a darker color,is darker and has a collar
toptee,train,toptee_train_02539,B00AB223P2,B009W6BFJI,is light blue,is light blue
toptee,train,toptee_train_02540,B0038KUY14,B00AY1UHO4,is all white with longer sleeves,is completely white with full sleeves
toptee,train,toptee_train_02541,B00FW3J9BQ,B00DUZFN90,black sweater with a v neck,it is black
toptee,train,toptee_train_02542,B00DW44K5C,B00DLUINT6,is lighter,has larger v-neck and is white color
toptee,train,toptee_train_02543,B008H43A1M,B0089O9RO4,has a very transparent image,Is black in color
toptee,train,toptee_train_02544,B007KHVXW0,B008HTC4X2,The loose fitting shirt is blue in color with a floral print.,is lightly colored and longer sleeves
toptee,train,toptee_train_02545,B002SVF5OU,B0006OEHQ8,is a solid color with no pattern,is more sold colored
toptee,train,toptee_train_02546,B003QOUXGS,B003QOR9O2,light blue button up long sleeves,blue and long sleeved
toptee,train,toptee_train_02547,B003ZUXY96,B00A0D4T68,is looser and is check patterned,Is green with long s'eeves
toptee,train,toptee_train_02549,B00D7OHWKC,B005BWPL7O,is less graphic and more feminine,is a blue tank with thin straps.
toptee,train,toptee_train_02550,B00EKD4LLM,B00FEC7EBW,Is more plain and darker in color,is darker in color
toptee,train,toptee_train_02551,B008CV5WA2,B008CQJO4M,is identical,is more fitted and has lower bow
toptee,train,toptee_train_02552,B004BJVG5E,B00DFD124C,has more transparent sleeves,Is blue with big scoop neck
toptee,train,toptee_train_02553,B006VFL28M,B006VE7WK0,is more floral and whimsical,is a flowered top
toptee,train,toptee_train_02555,B00BGH4XDQ,B006JKYRU4,has sleeves and text in blue,is short sleeves with different words
toptee,train,toptee_train_02556,B0045EP3DG,B0097ZP16M,is longer sleeved with decoration, solid color
toptee,train,toptee_train_02557,B006W5Y47M,B007N6J7RG,is a button down light blue long sleeved shirt,is light blue and has long sleeves and buttons
toptee,train,toptee_train_02558,B005CTDMX6,B0041J7NS8,is black with purple writing,black
toptee,train,toptee_train_02559,B00B5K5VPS,B00B59J2FO,is black and has collar,is black with buttons
toptee,train,toptee_train_02560,B00CQ9J0MC,B00DZZUIY0,is blue with longer sleeves,is blue and flowy
toptee,train,toptee_train_02561,B00DT8SXCW,B00DJSD0QG,is a tank top,Is more feminine
toptee,train,toptee_train_02562,B001CTUL9I,B004X596YY,is black with long sleeves,is black with longer sleeves
toptee,train,toptee_train_02563,B00CMM23F4,B00BBR9KRA,is brighter in color,is in printed design
toptee,train,toptee_train_02564,B008J24J5I,B00CAVXY2I,The tank top is loose and green in color.,black tank top medium length
toptee,train,toptee_train_02565,B005L8YRAU,B005GPL9E0,is black and more revealing,is a tight
toptee,train,toptee_train_02566,B001LAISRA,B004VT0CAY,The shirt is white with Popeye and Olive Oil.,is lighter with bigger image
toptee,train,toptee_train_02567,B005E7UV9O,B005UNY10M,has no pattern and looks more premium,shorter sleeves pink belted
toptee,train,toptee_train_02568,B0088CJ64S,B0080QK038,is floral,multi color black / orange and white
toptee,train,toptee_train_02569,B005S7QDAG,B004REZO74,Is more whimsical and colorful,is looser and more colourful
toptee,train,toptee_train_02570,B000PRMCB8,B00CIE2HXO,I want this item to be less dressy  and less formal,it is pink and less flowery
toptee,train,toptee_train_02571,B00BRNTYPQ,B003YSXF9S,is black color with buttons,Is black.
toptee,train,toptee_train_02572,B009MEN4P8,B0095W3E02,is more wordy and less graphic,has more words on it
toptee,train,toptee_train_02573,B0055HNQYA,B004SNQ39M,has a pocket and is more lacy,has larger lace patterns
toptee,train,toptee_train_02574,B0052FQKVG,B005QQGSS6,Is blue and more outdoorsy,is more blue with oval-fish graphic
toptee,train,toptee_train_02575,B0093ANA32,B0091IY8SM,is more blue,is more boldly colored and more sheek
toptee,train,toptee_train_02576,B009IGPHRS,B009RUR25A,is lighter,Is tighter fitting and more cinematic
toptee,train,toptee_train_02577,B001TEOWXW,B00BNPP9NO,The shirt is black with the Star Trek symbol,Is black woman's tee with white Star Trek logo
toptee,train,toptee_train_02578,B00AEF89QS,B00AWEP0OU,is red colored and has longer sleeves,is pink button up with longer sleeves
toptee,train,toptee_train_02579,B00BG6773K,B002XP33WC,is white with green designs,is a beige t-shirt with The Black Keys on front
toptee,train,toptee_train_02580,B003VIWJFW,B008X0FB62,has shorter sleeves and is less fitted,has shoulder exposed
toptee,train,toptee_train_02581,B00FR6VZ4C,B00AFEQ5WS,is black with long sleeves,is black and longer sleeves
toptee,train,toptee_train_02582,B005I0HT1A,B007Z0KWRO,Is longer and more revealing on the top,is red with straps
toptee,train,toptee_train_02583,B00C11VSAW,B007TXFG1O,is sleeveless and belted.,is sleeveless with a belt
toptee,train,toptee_train_02584,B008SBFFL2,B008X02OP8,The shirt is light gray in color with red and a picture of a woman.,is gray with shorter sleeves
toptee,train,toptee_train_02585,B00AFRVSAO,B009LA1B9O,Is more lacy and flowing,is darker and has longer sleeves
toptee,train,toptee_train_02587,B008OY9CJO,B008P72S0K,is lighter,v neck form fitting skull and wing logo
toptee,train,toptee_train_02588,B004L6H5NE,B0057I3F20,is darker,is black colored with shorter sleeves
toptee,train,toptee_train_02589,B007J7J4B8,B009ESEDVQ,is black with white designs,is black and has a bit more logo
toptee,train,toptee_train_02590,B00C7FA2GI,B008ENBEXM,is more fuschia and has a different pattern,is light pink with a different pattern
toptee,train,toptee_train_02591,B00FRM15GY,B002T1FQHU,is lighter and has longer sleeves,is white and has fleeves
toptee,train,toptee_train_02592,B007ZZ3E60,B00AWKOYPK,is blue colored with yellow stripes,is green and yellow patterned
toptee,train,toptee_train_02593,B008I6BCSM,B00BJW8WXK, white,is two words and fuller
toptee,train,toptee_train_02596,B005LAML60,B001E809B2,has a different graphic on front and is lighter,is gray colored
toptee,train,toptee_train_02597,B005OD859G,B00864ZSEK,has the words Rocking in Kindergarten,is bold and masculine
toptee,train,toptee_train_02598,B007BRJT4S,B007970YI0,is blue with a tiger on it,is mainly blue with a tiger graphic
toptee,train,toptee_train_02599,B006EAUPNW,B005FEIDZA,has stripes,is striped and is darker
toptee,train,toptee_train_02601,B009BHE4F0,B000QHGDIA,less colorful,is black with Math Illiteracy text onf front
toptee,train,toptee_train_02602,B002BBU6QO,B004L2FQK2,is dark colored and more loose,is darker and looser
toptee,train,toptee_train_02603,B004XBCBKE,B004ELAYY8,is pink colored and one sided dress,is pink colored with one sided strap
toptee,train,toptee_train_02604,B00EHAS05G,B009SAUIRI,is brown,Is a brown shirt that looks like dogs face
toptee,train,toptee_train_02605,B00AOATMIM,B00ATZ33OG,has no sleeves and has ruffles,is sleeveless and more chic
toptee,train,toptee_train_02606,B00BTH6Q6U,B00BOVP3NI,longer sleeves and more red,is a jacket
toptee,train,toptee_train_02607,B00455XHX8,B0063OHHKS,is black and more feminine,is darker and has a red and white graphic
toptee,train,toptee_train_02608,B00CII37DY,B00B0QNEGA,has no strips and is solid black,is not striped and has gold embellishment
toptee,train,toptee_train_02609,B00AH7JEEE,B00CAACHM2,is lighter and has shorter sleeves,Is lighter colored
toptee,train,toptee_train_02610,B0025V4IX2,B0026PMBDG,has shorter sleeves,is blue with short sleeves
toptee,train,toptee_train_02611,B004JHPEYW,B00CMPHYZA,is less pink and has longer sleeves,has stripes
toptee,train,toptee_train_02612,B00BUTUAU0,B009AP691A,has shorter sleeves and a brand logo,is a shirt
toptee,train,toptee_train_02613,B004L6JCR6,B004WTJIU8,is lighter,is a black tank top with Texas on front
toptee,train,toptee_train_02614,B008H10T2I,B00CN7YEPA,is shorter and lighter,has floral pattern and is sleeveless
toptee,train,toptee_train_02615,B008249BN8,B001P69GTO,is brown and plain,it is brown and plain
toptee,train,toptee_train_02616,B0059BF2XK,B00715MBVI,is white and has no sleeves,is white with no sleeves
toptee,train,toptee_train_02617,B007EJAX6G,B00G3NK1DE,is less revealing and shiney,has shorter sleeves and more shiny
toptee,train,toptee_train_02618,B00AW1Z80Y,B00AZ9I4H2,is teal colored and transparent,is see through
toptee,train,toptee_train_02619,B0076IMVEC,B00B4MMK4W,its a black tank top no sleeves,Is a black tank top
toptee,train,toptee_train_02620,B007E687OY,B00G0SGN9S,has longer sleeves and stripes,striped long sleeve with v neck
toptee,train,toptee_train_02621,B00BXQTGGY,B00C1N25DO,is violet colored,is darker blue with planet logos
toptee,train,toptee_train_02622,B005IRKFNC,B00CMW3AWY, scoupe neck and shiny grey velvet,is purple
toptee,train,toptee_train_02623,B008KFKB3I,B005EPHL8A,Has longer sleeves and is purple,has longer sleeves
toptee,train,toptee_train_02624,B008X0DZO2,B00AIITZYQ,is lighter,is lighter
toptee,train,toptee_train_02625,B00AFKC3E6,B00C7UT688,has a longer sleeve with plants,has more green colors to it
toptee,train,toptee_train_02626,B00AJ388XO,B002CP4N3G,is black with white stripes,is black and less revealing
toptee,train,toptee_train_02627,B00CU875MG,B006FDWYGE,has short sleeves and brighter logo,has short sleeves
toptee,train,toptee_train_02628,B005LCCK5K,B002TYZO38,has ruffles and darker colors,has shorter sleeves
toptee,train,toptee_train_02629,B004PZAB8M,B00B19GTA4,is black with pink designs,has straps instead of the white print.
toptee,train,toptee_train_02630,B005JI8370,B005X6RGVC,is beige colored and has stripes on it,is striped with a butterfly wing
toptee,train,toptee_train_02631,B005T4B6QY,B002C652W6,has a short sleeve anchor art,is grey with black text
toptee,train,toptee_train_02632,B0014C3DDY,B0014C09VI,has more contrasting colors,is colorful with yellow red and blue
toptee,train,toptee_train_02633,B00DWNUYPI,B008ZXEP8W,has a longer sleeve and brighter color,has longer sleeve and is light pink color
toptee,train,toptee_train_02634,B008BF8MGU,B006A969A0,is purple with striped sleeves,Black with white on top part of shirt
toptee,train,toptee_train_02635,B009ESDWCM,B007J7J5KI,Is grey,it is grey
toptee,train,toptee_train_02636,B002UFX3RU,B005M5LGS8,is pink colored with bingo image on it,is pink with a blue square graphic on it
toptee,train,toptee_train_02638,B000JR9H3U,B000JR8TK2,is the same shirt,is the same
toptee,train,toptee_train_02639,B002W9LEKW,B000F6V40Y,is black with white designs,is looser fitting and and has white motif
toptee,train,toptee_train_02640,B0084RYVBA,B0002KWZ3I,has no sleeves and a darker color,A black tank top with a scoop neck
toptee,train,toptee_train_02641,B00EE0EG1Q,B00FY2PXII,Is more sexy and revealing,is black and more revealing
toptee,train,toptee_train_02642,B004V97KLS,B004Z0O2WS,has longer sleeves with a oval neck,Has longer sleeves and is less sexy
toptee,train,toptee_train_02643,B006HT3ZM8,B00BJM618I,is plain white with shorter sleeves,Has short sleeves and is white.
toptee,train,toptee_train_02644,B004Q8J45E,B0092QT2XE,has longer sleeves and flowers,is orange
toptee,train,toptee_train_02645,B00B72HJ40,B00B72HG84,is lighter and has longer sleeves,is white with longer sleeves
toptee,train,toptee_train_02646,B0089OA4MI,B0089OAGG2,is darker,is black with multiple wolves on it.
toptee,train,toptee_train_02647,B002KG9KLW,B002KG4G1G,has no pockets and is more pastel,orange looser fir
toptee,train,toptee_train_02648,B008UA8OF0,B00CLZ0PUW,has a larger floral print and teal background,is colorful with shorter sleeves
toptee,train,toptee_train_02649,B009V4HLZI,B004QP33P4,is pantyhose,is black full length stockings
toptee,train,toptee_train_02650,B008P5P21O,B00BY6G48G,is less floral and more pink,is pink with sleeveless and black border around the neck.
toptee,train,toptee_train_02651,B00BFEMNZK,B0072KE58Y,The shirt is white with a Polo emblem.,is white with a brown patch on a shoulder
toptee,train,toptee_train_02652,B00BSWE5RI,B00BSWEESI,is more striped and is less satiny,Desired item is grey striped with long sleeves
toptee,train,toptee_train_02653,B004I5A3AK,B008WYFILC,The shirt is green and white in color.,is purple and wavy
toptee,train,toptee_train_02654,B004JKRCMG,B0089DVLAS,has beige colored traingle,is a symbol only not a garment
toptee,train,toptee_train_02655,B0091IY7HY,B00AJJB1NM,is lighter in color,Is more shiny
toptee,train,toptee_train_02656,B00B78MV5Q,B00945JFQM,is small and modern,is grey with black featureds
toptee,train,toptee_train_02657,B00F1RVCK4,B00DPEO3JW,It is a purple shirt with v-neck.,is purple with a lower neckline
toptee,train,toptee_train_02658,B00E0KZD26,B00E0KYN86,is prints top blue and less shiny, loose sleeved
toptee,train,toptee_train_02659,B00CR755IG,B005YJAP3O,The white shirt has Albert Einstein.,is more bright coloured
toptee,train,toptee_train_02660,B0094GA92A,B007WA0I2G,has long sleeves and animal print,has leopard print pattern
toptee,train,toptee_train_02661,B009AONY8M,B004K6LZHC,is black and sleeveless,is black in color without sleeves
toptee,train,toptee_train_02662,B00987LQJK,B009YK9O0Y,is red with short sleeves,has embroidery and short sleeves
toptee,train,toptee_train_02663,B00E5W52QG,B00EI7HI4W,is white and sleeveless,is a sleeveless top
toptee,train,toptee_train_02665,B005UAXT9Y,B005P4NH6U,is fitted with a scooped neckline,is black with rounded collar
toptee,train,toptee_train_02666,B006812COM,B008X0FCES,The shirt is black and white plaid.,is in black and white check with longer sleeves
toptee,train,toptee_train_02667,B00B1VGE9S,B00AFJMA0Y,has longer sleeves and buttons,has sleeves and buttons up
toptee,train,toptee_train_02668,B00C9I5CAO,B007SOUPG0,is maroon with polka dots,has a red color to it
toptee,train,toptee_train_02669,B00DWNUYPI,B00CFXX84K,The shirt has no sleeves and is dark blue.,is darker and buttons up
toptee,train,toptee_train_02670,B0038N83ZK,B0014UJCAY,is more repetitive and has smaller faces,has DEVO band logo
toptee,train,toptee_train_02672,B008VQ6R7A,B0061JOMA8,is sleeveless with a pattern.,has shorter sleeves
toptee,train,toptee_train_02673,B00760Y7V0,B003O01LSS,has a strapped sleeve and is lighter in color,has less colors in it
toptee,train,toptee_train_02674,B00AFJK8E4,B000X1ODMW,is more flowy with stripes,has more text and lighter colored
toptee,train,toptee_train_02675,B00B585S12,B00AKKEU6A,is exactly the same,is cream and white colored
toptee,train,toptee_train_02676,B002CJ1PX8,B000VUSL0K,short sleeves logo on front and sleeve,is dark blue with cartoon logo
toptee,train,toptee_train_02677,B005KKDESK,B00935OTS2,is orange,is bold and feminine
toptee,train,toptee_train_02678,B0037KM4P4,B0037KM3NW,is rainbow colored print with v neck,is multi colored
toptee,train,toptee_train_02679,B0009IPXEQ,B002BJA4GS,black with blue pinstripes,is striped in color and a female's polo.
toptee,train,toptee_train_02680,B008XF7Y8K,B007KZZH9C,more colorful with stripes,has stripes and a v neck.
toptee,train,toptee_train_02681,B0078YBRWQ,B008LQU1HM,shows more shoulder and less lacy,it is more transparent and less lacy
toptee,train,toptee_train_02682,B005X6Y2I2,B00BCE0EFY,is more pink with white spots,is pink and is a peasant style
toptee,train,toptee_train_02683,B00A8YXUCI,B008BHSTKW,is lighter and has shorter sleeves,is blue and flowing
toptee,train,toptee_train_02684,B008SB3ZW8,B004B8VJ2K,has long sleeves,Is black is longer sleeves
toptee,train,toptee_train_02685,B0090LIB2Y,B0098ITPV0,The shirt is long and black and white.,is higher cut
toptee,train,toptee_train_02687,B003ILQQV0,B003ILE6JY,is the same,is white and is longer.
toptee,train,toptee_train_02688,B00FQ10HRE,B005P4NFQ2,Red and has longer sleeves,red flowing sleeves
toptee,train,toptee_train_02689,B006B2RWNY,B006BP8PP0,The tank top has a low cut front and is black in color.,Has narrower straps and is less lacey
toptee,train,toptee_train_02690,B00AG414UA,B00EUDQ50M, blue and white.,is a smaller halter top with striped jacket.
toptee,train,toptee_train_02691,B004J26V3K,B007TM607O,has curved hem and open neckline,Is less colorful and more revealing
toptee,train,toptee_train_02692,B00C7AFSHQ,B00D01IAT4,is black with white spots and has no sleeves and collars,is of draped neckline
toptee,train,toptee_train_02693,B008OINTXA,B008UENR9O,is darker,is black with longer sleeves
toptee,train,toptee_train_02694,B0016MJT2G,B009SZ62NW,is black with only white logo,is black with a white graphic
toptee,train,toptee_train_02695,B00CZ8WAKS,B008YIHBMU, red and black with a picture of Michael Jordan.,has longer sleeveless and less evening
toptee,train,toptee_train_02696,B00BSWFW84,B00BSWGLN4,The shirt has no sleeves white in coloring with red small designs.,is sleeveless with floral print
toptee,train,toptee_train_02697,B0097ZP16M,B0045EP3DG,is white with no sleeves, more fitted
toptee,train,toptee_train_02698,B00C9RNVYE,B00C27GQHA,has image of an animal on it,is lighter grey with faded grey logo
toptee,train,toptee_train_02699,B008C01WNO,B007EV958Q,is gray with red designs,is more athletic yand sex
toptee,train,toptee_train_02700,B00COA8VTG,B00BQIJNZS,The shirt is blue with yellow and white designs.,is solid blue with accents
toptee,train,toptee_train_02701,B002PZHDTY,B00494U6ES,is more colorful and less casual,is black colored long sleeved
toptee,train,toptee_train_02702,B0067EYG8A,B0040UNTDQ,The shirt is black in color with pink writing that states Booby Trap.,more fitted
toptee,train,toptee_train_02703,B004JO33LQ,B00AKHDEVK,is darker and has longer sleeves,has sleeves and a more solid color
toptee,train,toptee_train_02704,B00B1N6CVG,B006W5VW3Q,is a v neck in solid black,has a v-neck
toptee,train,toptee_train_02705,B007RU8A5I,B00866AMAS,is black colored and has image of gun,it is black
toptee,train,toptee_train_02706,B00BC04Q4S,B007IUWVVG,The shirt is black and white in color., turtleneck tee with longer sleeves
toptee,train,toptee_train_02707,B002CJ1OMU,B00FEPAAII,has a bit longer and color is grey,has longer knee and is grey color
toptee,train,toptee_train_02708,B001J57H74,B001IMEBGS,is lighter,is purple
toptee,train,toptee_train_02709,B00C39ZM7M,B002BA63OE,are brighter colored short pants,are darker pants and longer
toptee,train,toptee_train_02710,B008FCY5LU,B00BJMGAW0,has no strips and is beige,red
toptee,train,toptee_train_02711,B00478RK2M,B00CBSWZQG,The shirt is black with Jim Morrison.,is darker with white image
toptee,train,toptee_train_02712,B009NCYRVY,B00AYCL13Y,is a mint green v-neck top with decorative motif,has shorter sleeves
toptee,train,toptee_train_02714,B00D6AKNBW,B008XB84PQ,The purse is colored as the American Flag.,is an outfit and not a purse
toptee,train,toptee_train_02715,B00BXW6OTU,B000V2Y8QE,is gray,is gray with a different graphic
toptee,train,toptee_train_02716,B00AOJHAE6,B0053SWNZ4,is blue and yellow,colorful with longer sleeves
toptee,train,toptee_train_02717,B00B9EF9CA,B006WJ809G,less casual and more colorful,pink no logo form fitting
toptee,train,toptee_train_02718,B00BI3E7Z2,B000BM6B78,The long sleeve shirt is light pink.,is a rose long sleeve button up blouse
toptee,train,toptee_train_02719,B00BPNX7MO,B00B0Q5RMO,is brighter and more casual,has shorter sleeves
toptee,train,toptee_train_02720,B004KJEJC2,B004CXFWV8,is white and has short sleeves,longer sleeves white our love rocks logo
toptee,train,toptee_train_02721,B00CMM23F4,B00B4TR3UG,is sleeveless and turquoise with ribbed design,has a light blue color and is more revealing
toptee,train,toptee_train_02722,B0097ZP16M,B000T2AR7U,has a short sleeve with necklace art,has embellishment at neckline and straight hemline
toptee,train,toptee_train_02723,B00EL6U4UA,B00FRDTPMO,has no sleeve and a white color,has a white floral fabric pattern without sleeves or button ups.
toptee,train,toptee_train_02725,B004UBIEBC,B007A4BE2W,has a deeper neck and is less casual,is darker
toptee,train,toptee_train_02726,B00CQHZZQO,B000GDVRAS,is black and has short sleeves,is black and has sleeves
toptee,train,toptee_train_02727,B006ZZIAEW,B005TDIDAW,is black colored and more revealing,has two straps
toptee,train,toptee_train_02728,B00AEUHAN6,B009HHYYKE,is a light blue shirt with art,has a smaller graphic
toptee,train,toptee_train_02729,B0086CW5QQ,B003QOJF8K,has shorter sleeves and is purple,is purple women's polo shirt
toptee,train,toptee_train_02731,B0098PXPHI,B004UO4JH2,is black with gray designs,is black tee shirt with rainbow
toptee,train,toptee_train_02732,B008BJTCWY,B008NDTXLS,more natural colored,has a hippo on the front
toptee,train,toptee_train_02733,B002FKAFX0,B005EROQUY,It is solid color with a print and letters.,has no stripes to it
toptee,train,toptee_train_02734,B009SDBRA2,B00DJAU9YA,has 3/4 lenth sleeves,is thinner with bigger image
toptee,train,toptee_train_02735,B007Y7BV6O,B00DCCL03O,is a tank top with colorful skull,Is a rainbow tank and not shoes
toptee,train,toptee_train_02737,B000O8TUWM,B009ZCLOGI,this tshirt has long sleeves and fits tight,says the can on front
toptee,train,toptee_train_02738,B00AN5V1V4,B00B11ZCMI,is black and pick with open shoulders and fitted,has three stripes and strappy
toptee,train,toptee_train_02739,B000VTFVGI,B008EWW1QC,is darker,pink i love my husband logo
toptee,train,toptee_train_02740,B0091IY7HY,B009M99GWS,is blue with coral sleeves,has red colors along the arm.
toptee,train,toptee_train_02741,B0080DLGRK,B00EWDNOCM,has a longer sleeve and cheetah spots,has long sleeves and has brown/gold patterns
toptee,train,toptee_train_02742,B00C3VIHBS,B007RBIM0A,It has a pattern and v-neck.,is black and white patterned
toptee,train,toptee_train_02745,B00B2N1VL6,B0082LXT2U,is a blouse and is plainer,is white
toptee,train,toptee_train_02746,B006OUIRQO,B00C943FYS,is white colored and sleeveless,is white and shorter sleeves.
toptee,train,toptee_train_02747,B00C1QO37M,B00BGH4XDQ,has spaghetti straps and is darker in color,is black in color
toptee,train,toptee_train_02748,B001PJHT9K,B001TT4RR8,Has longer sleeves and is  more  feminine,is white with long sleeves
toptee,train,toptee_train_02749,B00375GPY0,B0009PS1NE,is more casual and has more buttons,button up. collared
toptee,train,toptee_train_02750,B004MTFWT4,B0056YO420,is wide,has a deeper rounded collar
toptee,train,toptee_train_02751,B00CSAMDH8,B0069ER1VM,is darker with a longer sleeve,Is heavier and less revealing
toptee,train,toptee_train_02752,B007Z55T0Y,B003CGSESO,is more colorful and less humorous,are leggins
toptee,train,toptee_train_02753,B0046IB3JY,B000811G0O,this black tshirt looks more casual, no collar and is orange
toptee,train,toptee_train_02754,B004SC8MY2,B007CLF44W,Is yellow and not cinched,is solid yellow
toptee,train,toptee_train_02755,B002B2XGS8,B00337XRJS,is blue with gray designs,is printe on a blue tee.
toptee,train,toptee_train_02756,B004QDCRZS,B001MIISAS,The shirt is black with a brown character.,has bigger chest logo
toptee,train,toptee_train_02757,B00DWNVGIM,B008EE9CWG,is white colored,white sarcastic logo
toptee,train,toptee_train_02758,B00B0F8KRO,B00914RFX6,different pictures,has a different logo
toptee,train,toptee_train_02759,B00B1VT3L4,B00DIK6OM2,has colorful print,is white and longer sleeves
toptee,train,toptee_train_02760,B001E0F35W,B008QQH51W,black tee with wording,is black with writing
toptee,train,toptee_train_02761,B00EWDINS2,B005G2IEU0,is darker and has longer sleeves,is a black t-shirt
toptee,train,toptee_train_02762,B008STDYPS,B004Z0X8W8,has smaller straps,is green and looser
toptee,train,toptee_train_02763,B00D85G42W,B004V7F0EE,is yellow stripes with black top,Has a baby doll style with stripes
toptee,train,toptee_train_02764,B00AA15CMK,B0083X2CT8,black pleated front flowing,is black
toptee,train,toptee_train_02765,B00BJP2VUW,B00E1SSQ7Q,is plain black and with long sleeves,has longer sleeves and is black
toptee,train,toptee_train_02766,B00GM3TY7Y,B00E0CXKYW,is cornflower colored with two eyes in logo,less brighter colored with no words
toptee,train,toptee_train_02767,B006G4LDQY,B0040JHGOK,multi colored v neck,it is not plain
toptee,train,toptee_train_02768,B007JMY7FG,B00C5Q3612,is a white vest,is a tank with silver print.
toptee,train,toptee_train_02769,B003ID323I,B0056DR3KG,is colorful and fitted waste,is cut out sleeve burgundy printed design
toptee,train,toptee_train_02770,B000KRHIYY,B00BR3IFZQ,is darker colored and more nerdy,is grey with big chest logo
toptee,train,toptee_train_02771,B001EPO91Q,B001VSUR6C,has a more simple logo with caption,is lighter grey
toptee,train,toptee_train_02772,B007AFS6O0,B009ZT1MEK,is black with white stripes,is in black and white print
toptee,train,toptee_train_02773,B00BWH0VIQ,B00AF2OTZA,The shirt is blue with silver embellishment.,is more flowing and darker
toptee,train,toptee_train_02774,B00D0AM8W0,B009CG8WS0,contains a smaller logo for a wedding,Is more feminine
toptee,train,toptee_train_02775,B0046IB3JY,B00CII4NLO,is black,is a feminine striped top
toptee,train,toptee_train_02776,B005H2BYMY,B0084R8CII,is blue and larger in size,Is blue with different graphic.
toptee,train,toptee_train_02777,B00FU60YBO,B004LTR2XY,is blue with shorter sleeves and turtles,blue animal graphic non-fitted shirt
toptee,train,toptee_train_02778,B0054KXRKG,B002WEE7K6,The shirt is black with the grim reaper.,grim reaper logo
toptee,train,toptee_train_02779,B004KUR6PI,B004L5EALK,is darker,Is black with different graphic.
toptee,train,toptee_train_02780,B004NAOZOK,B004UO0HWS,is purple,is purple
toptee,train,toptee_train_02782,B002CVV36U,B002RHOZ3M,has no stripes and has no sleeves,has no sleeves
toptee,train,toptee_train_02783,B005U5WGGQ,B002CFUSUI,The shirt is red with yellow coloring.,is red and a men's shirt
toptee,train,toptee_train_02784,B00BOACEVI,B00BNQV6D0,is white with no sleeves,has no sleeves
toptee,train,toptee_train_02785,B005FYL1VI,B00B3EFLXS,Is more wordy,has several words on it
toptee,train,toptee_train_02786,B002ZNKQYA,B0029XFL6E,is lighter,is more grey with buttons
toptee,train,toptee_train_02787,B00BHKVIOY,B00E0144CA,is darker and has shorter sleeves,is darker
toptee,train,toptee_train_02788,B00D8YTN1M,B00BGM2YLE,has a short sleeve and is to the waist,is more of a full shirt on top.
toptee,train,toptee_train_02789,B0042PVT8Q,B00DJ7G5S2,is white with a deep center,is a ivory colored
toptee,train,toptee_train_02790,B001TEOWXW,B001EVKPJA,lighter in color,sleeveless
toptee,train,toptee_train_02791,B007WA2KYU,B009PKE7M8,has a less revealing neck,has more coverage in the neckline
toptee,train,toptee_train_02792,B00ET5FCPU,B00FVZ6GNO,is more blue,is a solid electric blue top
toptee,train,toptee_train_02793,B005NY7BT6,B005NY7GMI,has black in the dress,Red pants/scarf w/black patterned dress
toptee,train,toptee_train_02794,B00C65XYDC,B009DZODCY,is black with shorter sleeves,has shorter sleeves and is darker coloured
toptee,train,toptee_train_02795,B0074BJHG6,B0073YHN38,is blue and less revealing,is more bright coloured
toptee,train,toptee_train_02796,B007DY26EY,B009GQPZRW,is long sleeve and pink with black lettering,is pink and long sleeved
toptee,train,toptee_train_02797,B009AMRW96,B0001TOWHW,The shirt is dark gray with white writing.,is more of a crew neck short sleeve tee with print.
toptee,train,toptee_train_02798,B00CDHL692,B00BC9RHCW,is lighter and has longer sleeves,is white with buttons
toptee,train,toptee_train_02799,B002TYZJME,B004P5P1G4,is a long sleeve light purple shirt,is light purple with an applique
toptee,train,toptee_train_02800,B0043XYYJ8,B00800Q1JG,has longer sleeves with red and white color,is red and white and off the shoulder with longer sleeves
toptee,train,toptee_train_02801,B004MKLZW6,B004MMEZVC,The jacket has long sleeves and is black in color with ruffles.,is a black camisole
toptee,train,toptee_train_02802,B008S09UT6,B008U8Q7MY,The short sleeve shirt is purple and black in color.,is purple and patterned more
toptee,train,toptee_train_02804,B00CIBNVEG,B008K7QL0I,Is sexier and more whimsical,is sleeveless and more fun
toptee,train,toptee_train_02805,B0083X1LBS,B0083X1TG0,is more revealing, with cinched short sleeves
toptee,train,toptee_train_02806,B0085S8XF8,B00DHLT1FO,Is more wordy and navy,is navy blue with pink and green text
toptee,train,toptee_train_02807,B00598LPVG,B0047C89XC,has a pink color behind the logo,has a DESTROYING design on front
toptee,train,toptee_train_02808,B0091R85TQ,B0079G1FIE, has collars and has longer sleeves,is white with no sleeves
toptee,train,toptee_train_02809,B0072EQOV6,B005QN2144,need to be more classy and less sloppy lookinh,it is more purple and has no collar
toptee,train,toptee_train_02810,B00E82QZWI,B00E2ZQM5G,has white sleeves,Has white sleeves
toptee,train,toptee_train_02811,B00BOXRXS4,B0081TZ7K0,is gray,is grey with white image
toptee,train,toptee_train_02812,B005NY7FYC,B005NY7BT6,has a looser cut and less red,is more traditional and les sexy
toptee,train,toptee_train_02813,B008OVR8F2,B0061JPMMU,is lighter,is an aqua tank top
toptee,train,toptee_train_02814,B009MERJBI,B00ECFRYYE,gathered at elbow and waist purple,solid gray long sleeve fitted at waist
toptee,train,toptee_train_02816,B00B2EQMIC,B00B297ZRY,is pink and tighter,Is pink with different graphic.
toptee,train,toptee_train_02817,B008X0FXCY,B00E2354RU,has a pocket in the top area,has more coverage on the top half
toptee,train,toptee_train_02818,B002T1TCHU,B008P083JM,The shirt is purple in color with pink and black writing.,is mostly purple
toptee,train,toptee_train_02819,B00DQURCUW,B000VTB8E2,is bright red with square logo,it is brighter red
toptee,train,toptee_train_02820,B007315Z2M,B00730YIBM,says got moose,has different words
toptee,train,toptee_train_02821,B00EKPR9HI,B009AROKTQ,is tighter fitting and more feminine, lighter & looser
toptee,train,toptee_train_02822,B008X1CECU,B006JRHI3K,The shirt is large with short sleeves and is black in color., longer
toptee,train,toptee_train_02823,B00C4Z40CS,B0043M5NLC,is v neck and shorter sleever,is dark pink and has large v-neck
toptee,train,toptee_train_02824,B009ZTQYQG,B006ZQV99Y,is blue colored,is darker
toptee,train,toptee_train_02825,B0080LB5GE,B00354NHZS,is darker and has longer sleeves,has short sleeves
toptee,train,toptee_train_02826,B007WOEOMW,B00AIGA1ZA,The t-shirt is black with zombies on the front.,has a larger graphic
toptee,train,toptee_train_02827,B00BQHBS5W,B00CIOIYCW,has a collar and bright design,Has longer sleeves and is more patterned
toptee,train,toptee_train_02828,B00AYD7URO,B0083T7YRC,has black stripes and has longer sleeves,has horizontal stripes to it
toptee,train,toptee_train_02829,B007AE3D4Y,B007JRRY6K,is blue and white stiped,is darker
toptee,train,toptee_train_02830,B0047JJ92K,B003BTN7WU,has a pink color with short sleeves,is light pink colored
toptee,train,toptee_train_02831,B0007G8SLU,B0097YF5K0,The shirt is maroon in color.,is a long sleeved shirt
toptee,train,toptee_train_02832,B003XI7MJS,B00A13GI8O,is brown with long sleeves,is a longer sleeved brown v-neck
toptee,train,toptee_train_02833,B00CLCDS9A,B00BFGCJBG,is darker,is black
toptee,train,toptee_train_02834,B008K6EHDM,B001BJWAZW,is more iconic and less abstract,has shorter sleeve and is white color
toptee,train,toptee_train_02835,B005Z8N2QG,B006QQUZNY,The shirt is loose fitting and is white with brown,has strips and is lighter
toptee,train,toptee_train_02836,B000EP32ZG,B000EP33GY,Has a different type of dog on the graphic,is similar but has different dog image
toptee,train,toptee_train_02837,B00967E810,B007JFBA4Y,The loose fitting shirt is dark blue in color.,has shorter sleeves and is darker
toptee,train,toptee_train_02838,B007W4VCRW,B00ATLFJJM,is low cut with long sleeves,Is white long sleeved and button up
toptee,train,toptee_train_02839,B006JX93NM,B009EZNB0S,Is royal blue with a logo,A dark blue shirt with square design on front
toptee,train,toptee_train_02840,B00BMHBDGU,B00BKULYMC,is sleeveless with black and white print,is darker and has shorter sleeves
toptee,train,toptee_train_02841,B00BQHBS5W,B00BQN3GYM,has yellow with no sleeves,has a gradient and more colors
toptee,train,toptee_train_02842,B0015N061O,B0055UQZ2C,is white with black designs,is white with a different graphic
toptee,train,toptee_train_02843,B0085KB9SY,B00BWU01ZG,is very transparent and white color,is black with longer sleeves
toptee,train,toptee_train_02844,B00819Q1DW,B00BIZ6TPQ,has a darker color with no images,is all black.
toptee,train,toptee_train_02845,B008FDA5GI,B0085TX6GI,is blue with white striped,is a tank top with blue and black stripes
toptee,train,toptee_train_02846,B003XDVQXG,B005G4ZOYW,is more graphic and less sexy,Is white with sleeves
toptee,train,toptee_train_02847,B00EIN96TQ,B00BBI14XC, pink and blue.,is more feminine and orange
toptee,train,toptee_train_02848,B006DB5B0Y,B0076G0NUI,The shirt is blue with the word Love.,Has short sleeves with a graphic.
toptee,train,toptee_train_02849,B00BWUD43W,B00AECPZWM,is a darker green,white lettering with yellow circle behind it
toptee,train,toptee_train_02850,B00BQJXJXO,B007IFVF1I,has shorter sleeves and is black and more revealing,is black and has large v-neck
toptee,train,toptee_train_02851,B0084DLL3A,B006Y38P54,is more solid and has shorter sleeves,Fits tight and has a round neckline
toptee,train,toptee_train_02853,B0023TOJYO,B007GCI408,has a white color and no patterns,is white with shorter sleeves
toptee,train,toptee_train_02854,B002R9DKXG,B0013KY1JC,has a cooler color and short sleeves,Has different writing.
toptee,train,toptee_train_02855,B00BQMEQLU,B001TKYX3U,is lighter and has longer sleeves,Buttons up and is more business like
toptee,train,toptee_train_02856,B00B78MYI0,B00B5K874A,is blue and fitted,is blue and lower cut
toptee,train,toptee_train_02857,B001551A6W,B004WCL8BM,Has longer sleeves and is less casual,is button down
toptee,train,toptee_train_02858,B005FZ6CS4,B00ET5DK3Q,has a red and black v strip pattern,is orange and black wavy patterned with longer sleeves
toptee,train,toptee_train_02859,B00684Y1ES,B003MVZ3VU,is more white,white
toptee,train,toptee_train_02860,B00EB0ORUO,B0099TQ5SE,has a long nose and black color,is worn on the face and is a darker color
toptee,train,toptee_train_02861,B0047EA7MG,B005ME6SLO,is a longer pant, deep v no ruffle neckline
toptee,train,toptee_train_02862,B004E59ZE4,B00CMUXSDC,is white,is grey and has smaller neck
toptee,train,toptee_train_02863,B005K05I2K,B005LIEFVQ,is gray and has short sleeves,has shorter sleeves and fewer buttons
toptee,train,toptee_train_02864,B00F6IK326,B00EUSMEU2,  large bold stripe smock,is grey
toptee,train,toptee_train_02865,B00FE2CFYI,B00FE2BTOK,has more colored stripes,has multicolored stripes
toptee,train,toptee_train_02866,B000FYXS9Q,B008BTOAD0,The shirt is black with Montley Crue,Has a rock-n-roll theme.
toptee,train,toptee_train_02867,B008HO1X0C,B005NYP5MG,has long sleeves and is sheer,has sheer long sleeves
toptee,train,toptee_train_02868,B006FDWYGE,B004AOKTJY,has image of eyes on it,has a boombox
toptee,train,toptee_train_02869,B004I7K79A,B008MBKQHG,is long sleeved and black,has longer sleeves and is darker
toptee,train,toptee_train_02870,B0083QC8GC,B00CE4GFFO,has a v shaped neck,is darker
toptee,train,toptee_train_02871,B00ELMUDQO,B0013FNVBQ,is white,has shorter sleeves and is a lighter color
toptee,train,toptee_train_02872,B0062IEI34,B006CZ5ZUM,The long sleeve shirt is dark blue.,is a darker color
toptee,train,toptee_train_02873,B007IVSF4M,B007PY6EMW,is blue with small bird designs,is tighter
toptee,train,toptee_train_02874,B00CZCNOL8,B00AIBEFIO,is less brown,is tan
toptee,train,toptee_train_02875,B0086URHI4,B007SMNVR2,The halter top is tight fitting and purple in color.,is darker
toptee,train,toptee_train_02876,B009E87FNO,B008JJEHNU,The shawl is orange in color.,is orange and has longer sleeves
toptee,train,toptee_train_02877,B007WAI882,B00CC1OC1S,is longer and blue in colour,has more blue colors
toptee,train,toptee_train_02878,B008O57HE0,B00D7JZWI6,is a fitted short sleeved t-shirt with bright outdoor scenery,Is darker in color
toptee,train,toptee_train_02879,B00ALRX2V6,B006D6BHO8,is lighter and has longer sleeves,has yellow stripes
toptee,train,toptee_train_02880,B0009RIYES,B00B3V0FKA,is brown colored with a v neck,is more brown in color
toptee,train,toptee_train_02881,B0078JXVMA,B008YE34NO,is dark colored with longer sleeves,is brown with multicolored flowers
toptee,train,toptee_train_02882,B0080HKUQO,B005S0OV98,is darker in color,has a lighter colored graphic on it
toptee,train,toptee_train_02883,B007QIJBRC,B000FI52ZU,is black colored,is black
toptee,train,toptee_train_02884,B003Z9KUIU,B007MUR7I4,is a darker colored hoodie,is a gray jacket
toptee,train,toptee_train_02885,B005XID7XG,B007HWMYSA,is red and black stripes,Desired item is short sleeved with a bunched waist
toptee,train,toptee_train_02886,B004NAOZOK,B0045Z28BA,is black,is black
toptee,train,toptee_train_02887,B0013EMAFA,B002K4O8DY,The shirt is red in color with a skull.,has reddish color to it
toptee,train,toptee_train_02888,B008VS8R1W,B008PJKI9Q,is more tshirt with black cross,is lighter and has longer sleeves
toptee,train,toptee_train_02889,B005CVKGD8,B003VZMN10,has buttons and different checkered patterns,is purple and white plaid
toptee,train,toptee_train_02890,B008SBW9WU,B008X0KKAO,is longer and more striped,is a tight fitting dress in tropical colors.
toptee,train,toptee_train_02891,B00A6YCYPE,B00D5YMO6G,is blue and less sheer, v-neck
toptee,train,toptee_train_02892,B00AYS4H34,B00E8DHXW8,is a black wrap tied waist top and capped sleeves,is black with black bow
toptee,train,toptee_train_02893,B004PYD5Q8,B0043WS4GI,is black with short sleeves,is black with white lettering
toptee,train,toptee_train_02894,B000VAS3TY,B009KRYOWO,is pink with white words,is lighter
toptee,train,toptee_train_02895,B004V645U0,B006BZ73VC,is a blue t shirt with logo,blue t-shirt with white graphic
toptee,train,toptee_train_02896,B008O55AJ4,B008O55ISM,Is brighter in color and a bit more whimsical,is a yellowish-red with a bridge and flowers design
toptee,train,toptee_train_02897,B00BQMZ6SW,B009RAVLSE,has more of a graphic print and a short sleeve,sleeves
toptee,train,toptee_train_02898,B00DBXKFR6,B0077CZMIE,is more solid colored,is light green with a big eye and mouth on front
toptee,train,toptee_train_02899,B00CERDB6M,B006GKDBTU,has longer sleeves an is form fitting,Has longer sleeves and is more patterened
toptee,train,toptee_train_02900,B0072LBQLM,B008RDKVD8,is bolder and open necked,is yellow colored
toptee,train,toptee_train_02901,B0015N1DYI,B0085FVYSO,nature design logo black shot sleeved,has many small graphic images in blue
toptee,train,toptee_train_02903,B002M3EVD0,B00269R6D2,The shirt is black with whits lettering,has a different graphic
toptee,train,toptee_train_02904,B00DU6OUES,B00BBKZJG8,is more sarcastic and less revealing,it is red
toptee,train,toptee_train_02905,B008AOKM1U,B00A3ZROKQ,is lighter and has shorter sleeves,is blue with chicago cubs print.
toptee,train,toptee_train_02906,B00A9CBCWY,B009WK62MO,is more colorful,has more green
toptee,train,toptee_train_02907,B005METGLS,B00DSRSTL4,is less feminine and wide,has a white only logo
toptee,train,toptee_train_02908,B007TXHLP8,B008S7WBHC,is black and says matron of honor,has rivets spelling out text.
toptee,train,toptee_train_02909,B0094EIGJU,B0097C80PO,The shirt is white in color with mid length sleeves.,Is solid color with sleeves.
toptee,train,toptee_train_02910,B002UIB3GU,B006HJC1R8,The shirt is black with a 80's game character.,black with boxing machine logo
toptee,train,toptee_train_02911,B008HRN960,B00542R6FQ, white and black stripes.,has no sleeves and no stripes
toptee,train,toptee_train_02912,B000YAISPA,B004S0O6QW,The shirt is lavender in color.,neutral color and longer sleeves
toptee,train,toptee_train_02913,B001QCXERW,B007K807G2,is lighter,is white and red with a geometric design
toptee,train,toptee_train_02914,B0035V78XS,B00398UJAQ,is solid white with thin straps,is white and is more revealing
toptee,train,toptee_train_02915,B0058XWBS8,B00AWMO5TS,is white colored and sleeveless and plain pattern, is white
toptee,train,toptee_train_02916,B0087AZAVY,B007VCYBT6,is navy,is darker and more revealing
toptee,train,toptee_train_02917,B009YJSX5W,B007RBILF6,more colorful and shorter sleeved,has no sleeves
toptee,train,toptee_train_02918,B007QUWQSQ,B0009PCYDW,are jeans,are jeans
toptee,train,toptee_train_02919,B00BSF40PM,B008FRHHHO,is pink colored with collar,is pink with a collar
toptee,train,toptee_train_02920,B009224TX6,B008AOKM1U,Is more colorful  with the graphic,has a more colorful graphic
toptee,train,toptee_train_02921,B001LMRYXW,B000RRG5YG,is a darker pink,more pink
toptee,train,toptee_train_02922,B00AO3UJQ8,B00ALRWV68,is black with long sleeves,is solid black
toptee,train,toptee_train_02923,B0054RDJDY,B00674XZ6O,dark colored short sleeve shirt with a small simple shape graphic,blue.
toptee,train,toptee_train_02924,B00375NNCC,B0014SC0R8,is a plain white color dress shirt,buttons do not contrast
toptee,train,toptee_train_02925,B005H0DY8I,B003PJNOHO,is blue and has midlength sleeves,is a blue long sleeve tee.
toptee,train,toptee_train_02926,B007MV6MXO,B007MW23Z4,has different wording,Desired items says Go (expletive) Yourself
toptee,train,toptee_train_02927,B001VKH04M,B00568D88W, red and blue stripes.,has shorter sleeves iwth graphic image in front
toptee,train,toptee_train_02928,B00CAAMNEY,B00BY7QTV2,has a lighter color and has sleeves,has more brown
toptee,train,toptee_train_02929,B0082BZLYY,B008VFKLIC,is black with circular logo ang fitted,is darker in color
toptee,train,toptee_train_02930,B000PET95S,B000LGGC14,is something darker without sleeves.,is darker in color
toptee,train,toptee_train_02931,B005GT3Z16,B006FDWNJW,this black tshirt fits goods,has a neon picture of a person
toptee,train,toptee_train_02932,B00BWUWRU8,B00CBNK360,is short sleeve button up with collar in blue,is more of an open vest without sleeves.
toptee,train,toptee_train_02933,B004MC97P6,B005S6UKIS,is lighter,light color lacy flowing arm holes
toptee,train,toptee_train_02934,B00AWBFN90,B00AR1XXDI,is black with purple designs,is purple logo and female vocalist
toptee,train,toptee_train_02935,B007HXMQXM,B00AGRKMAU,has stripes and patterns,has stripes in a different pattern in a similar design.
toptee,train,toptee_train_02936,B004I8VCBG,B0088D1UP0,is long and red,Is red in color and more revealing
toptee,train,toptee_train_02937,B007RGBJO6,B0073YHR6Q,is darker and has shorter sleeves,is orane with shorter sleeves
toptee,train,toptee_train_02938,B00940UVRY,B00E43REBC,has a pink color with lovable text,is pink with black text
toptee,train,toptee_train_02939,B0096HP1HK,B0096HPD64,is pink with a patterned black pant,is shorter and a deeper pink with no sleeves
toptee,train,toptee_train_02940,B003MENHU6,B003MENJE0,is darker,is a black tee with Eclipse movie graphic
toptee,train,toptee_train_02941,B005TF86N4,B007909FBE,has a longer sleeve with art,is long sleeved and has flowers
toptee,train,toptee_train_02942,B0093ATAYK,B0091J2CKC,is puple and shiny,it is more satin
toptee,train,toptee_train_02943,B00AYVK0AA,B00B1N6CVG,is white,Is pure white
toptee,train,toptee_train_02944,B00BSMU70W,B00EWE0E7Y,has different size tigers,has a lion graphic design
toptee,train,toptee_train_02945,B008NF7RZA,B00BJMFFPS,is lighter and has shorter sleeves,lighter and more floral
toptee,train,toptee_train_02946,B009WVZ6DY,B00487PX4E,The shirt is white with red lettering.,is lighter in color and has a design on the left breast
toptee,train,toptee_train_02947,B00A9CBCWY,B00C1KH3U2,is white and with a handmaid appearance,Is less wordy and more colorful
toptee,train,toptee_train_02948,B00FR6VZ4C,B0071M9XP8,has longer sleeves with only blue color,is solid blue
toptee,train,toptee_train_02949,B0078VA144,B000I7HQ7U,is darker,is blue
toptee,train,toptee_train_02950,B007KR07ZY,B007BF1YKC, and pink,Has stripes and shorter sleeves
toptee,train,toptee_train_02952,B001T3M09Q,B001PITFFW,The shirt is white and red with white lettering.,is with a red print design
toptee,train,toptee_train_02953,B005A1UQ6C,B00DR1ANZG,The loose fitting shirt has short sleeves and is black in color.,is brown without the sleeves.
toptee,train,toptee_train_02954,B009ZTQYQG,B007XIE5A8,is blue with a different graphic,is teal in color
toptee,train,toptee_train_02955,B00889AGMC,B00HC9OZ6C,The shirt is light purple with polka-dots.,is the same as
toptee,train,toptee_train_02956,B008BONEV4,B00E4ADOHS,is black colored with more text,has a smaller chest logo
toptee,train,toptee_train_02957,B000V2Y8QE,B009ET9SDI,is white with different wording,White t shirt with yellow words on back
toptee,train,toptee_train_02958,B007TXHDYW,B009R7526O,is black with pink lettering,is black with pink iamge
toptee,train,toptee_train_02959,B00BREI3AC,B009JOXX4I,has floral and longer thigh,shorter sleeve white floral tunic
toptee,train,toptee_train_02960,B00BEMJR8O,B00AZPSEJE,has a longer sleeve with vibrant pattern,is striped and one shouldered
toptee,train,toptee_train_02961,B008AEEM02,B00522PFYM,is less revealing with purple color,is purple and less revealing
toptee,train,toptee_train_02962,B0040NPLWU,B0083QE5M2,has longer sleeves and is lighter colored,lighter colors
toptee,train,toptee_train_02963,B00AM7R2U2,B005KLPJS2,is grey and more nerdy,is white with dark logo
toptee,train,toptee_train_02964,B00AZ05PIW,B00CJ1T5UY,is blue in color and has no sleeves,tank top and brighter colors
toptee,train,toptee_train_02965,B006H0SOSW,B00DPLWAO0,The vest is black the shirt is short sleeved and purple.,has more purple in color
toptee,train,toptee_train_02966,B00AHNR0MQ,B0077BSJNK,It is a darker color with a design.,is darker with a gold design
toptee,train,toptee_train_02967,B0012VRC70,B001UUF51I,is a yellow blouse,Is more casual and yello
toptee,train,toptee_train_02968,B0093ADVUE,B002GRX5IE,is darker colored,is very similar
toptee,train,toptee_train_02969,B00ADM35AM,B00ADM2QYS,is similar and green in color,green in color
toptee,train,toptee_train_02970,B00C7CF14O,B00BSWH0E8,The shirt is a one shoulder shirt and is pink.,is red with no sleeves
toptee,train,toptee_train_02971,B007RMNLKA,B007RMNIP8,is blue,is darker blue in color and has sleeves
toptee,train,toptee_train_02972,B008S0CD9A,B00E5JUW1Y,has a checked print,has a plaid pattern
toptee,train,toptee_train_02973,B000CD8KWA,B006TCJ8KG,is lighter and has shorter sleeves,shorter sleeves white
toptee,train,toptee_train_02974,B00BIFJSPO,B007BKLI30,is a solid colr,Has no stripes and shorter sleeves.
toptee,train,toptee_train_02975,B004OWANWA,B0007WOHPA,is a pink dog shirt,is dark colored with no buttons
toptee,train,toptee_train_02976,B0083VXYKG,B004NAR60U,has no sleeves but less transparent,is a pink sweater without sleeves.
toptee,train,toptee_train_02977,B0010XJWA0,B004EWF73A,is a olive zip up jacket,it has a collar and has a zipper
toptee,train,toptee_train_02978,B007WAEMB4,B00B67ACH2,is orange with white polka dots,is orange and has large white dot
toptee,train,toptee_train_02979,B003ZUXYIW,B004V6964U,has straps and is white without designs,has no design in front
toptee,train,toptee_train_02980,B008UA8OF0,B008PJHTKC,has a lighter color and no sleeves,has no sleeves
toptee,train,toptee_train_02981,B0043RSVFM,B003FLM1D0,has waist tie and vivid colors,has no sleeves and is red and yellow
toptee,train,toptee_train_02982,B003BFXFAI,B0045E7TPQ,is less feminine and navy,it is blue and has sleeves
toptee,train,toptee_train_02983,B008CHF1X4,B004SG734I,is white with no sleeves,is lighter and has shorter sleeves
toptee,train,toptee_train_02984,B00CDWSFK0,B006Z3HJZ0,is white colored and has longer sleeves,is white with ruffles
toptee,train,toptee_train_02985,B001PJ6ZX6,B001PIWUZ4,has image in yellow on it,has yellow writting graphic in front
toptee,train,toptee_train_02986,B001DA6YKG,B005EJ6KCY,is less frilly and has sleeves,A black short sleeved w/white design on front
toptee,train,toptee_train_02987,B006GF6KES,B002ECF1TW,has lettering and higher neckline,is pink with shorter sleeves
toptee,train,toptee_train_02988,B00908975C,B00909638U,is darker with less bold of a print,light pink
toptee,train,toptee_train_02989,B008BRF41O,B00A3QPQGY,has more sleeves,has a shorter round collar
toptee,train,toptee_train_02990,B006W5W0SW,B008DPAGQ2,The shirt is low cut in the front and is brown and white in color.,is more feminine and is long sleeved
toptee,train,toptee_train_02992,B004L6EDRA,B004L6CJJE,Is pink in color,is darker
toptee,train,toptee_train_02993,B003BTUNZO,B007LDFURC,is lighter and has brown branch pattern on it,has shorter sleeves and is pink
toptee,train,toptee_train_02994,B00AL1QETY,B00AL1QETO,The shirt is tight and dark blue in coloring.,is identical
toptee,train,toptee_train_02995,B008QZ0W72,B008QYZPSY,is green with long sleeves and black trim,has longer sleeves and more green
toptee,train,toptee_train_02997,B006PBGRM8,B004W255A2,is of a brighter color,Is white and bleck.
toptee,train,toptee_train_02998,B00BKTR3LE,B007VSRI5O,has a longer hemline with more green floral print,is more green
toptee,train,toptee_train_02999,B00E6Z5U1Y,B0087DQV5A,Has longer sleeves and not as casual,is light gray and long sleeved
toptee,train,toptee_train_03000,B002W5UMTK,B00A1XQRLC,is a light blue t shirt,has shorter sleeves
toptee,train,toptee_train_03001,B005WAQJPI,B004668V8W,is sexy and has holes,is black with slashed sleeves
toptee,train,toptee_train_03002,B00B1H45C0,B00BJEOZZ2,has a collar and is more pink, shorter sleeves and is blue
toptee,train,toptee_train_03003,B00BEDJYZO,B00BLMLMW6,The shirt has short sleeves and is blue in color.,is short sleeve royal blue
toptee,train,toptee_train_03004,B00ATTL8YE,B00APPEW2W,is a no sleeve shirt with white color,has no sleeves
toptee,train,toptee_train_03005,B00D6Q04ZG,B0001TPAP0,is black color with text,is soft black
toptee,train,toptee_train_03006,B007Y7BV6O,B006ZZIAEW,is a black shirt with red designs,is a one sleeved shirt
toptee,train,toptee_train_03007,B0096HNR1C,B00C3X6KCE,is pink colored with buttons,is a pink color
toptee,train,toptee_train_03008,B007TM6PFG,B005YPQ3CK,is darker,is black with some shin to it.
toptee,train,toptee_train_03010,B004LE9Q6U,B0058XKIME,has longer sleeves with two different colors,has longer sleeves
toptee,train,toptee_train_03011,B007Z55T0Y,B0082BZLYY,is lighter,has a BIOLOGY notation
toptee,train,toptee_train_03012,B00BQMZ6SW,B003M6A8GA,is grey with shorts sleeves,is a grey t shirt
toptee,train,toptee_train_03013,B009F2DNJY,B000Q6EIQU,is more colorful,has a round neck and a more colorful graphic
toptee,train,toptee_train_03014,B007984YLM,B004UIOL3K,is purple with green designs,has a print out of a gecko.
toptee,train,toptee_train_03015,B008OFYOGE,B00B7G5CUY,The shirt has not sleeves and is orange in color.,is an orange sleeveless
toptee,train,toptee_train_03016,B002TYZJME,B004P5P0LA,has shorter sleeves and large v neck,has shorter sleeves and no designs
toptee,train,toptee_train_03018,B00ESQL9BG,B00B9U20FI,Is less frilly and is black,is black with a high neck
toptee,train,toptee_train_03019,B0087RL50C,B006THRV2I,is red colored and has shorter sleeves,Is more simple and more elegant
toptee,train,toptee_train_03020,B009E6MY7I,B008L13LQU,is darker and has longer sleeves,is purple tee with Hurley graphic
toptee,train,toptee_train_03021,B00GC3GE0E,B00CX017P2,is black with yellow lettering,darker colors and bold lettering
toptee,train,toptee_train_03022,B004AYWJ1K,B00480GNVI,has open neckline and capped sleeves,is an open top.
toptee,train,toptee_train_03023,B007ZS8B6K,B005KNCMGW,has shorter sleeves and brighter flowers,Is more colorful and less wintery
toptee,train,toptee_train_03024,B001OYTGXI,B0027III4I,is lighter,is grey with text on it
toptee,train,toptee_train_03025,B004SWPBF0,B00390KDWI,The shirt has a boat neck and is dark green in color.,is a pink top
toptee,train,toptee_train_03026,B0080E57CY,B007WA46GU,is teal green in color,is lighter colored
toptee,train,toptee_train_03027,B0091E4LXI,B007Z2N7II,is brown,is solid brown
toptee,train,toptee_train_03028,B00767ONVW,B0025670QY,is lighter and has shorter sleeves,is lighter and has shorter sleeves
toptee,train,toptee_train_03030,B00359GA1G,B005EY3W6G,The white shirt is made from lace.,is white colored and sheer material
toptee,train,toptee_train_03031,B007AFS6O0,B00BHV6J0G,is striped and has longer sleeve,is tighter with longer sleeves
toptee,train,toptee_train_03032,B008KZH6SQ,B00DDZCNIG,Has buttons and is less elegant,Has longer sleeves and is coral toned
toptee,train,toptee_train_03033,B0051AO5GO,B005174Y9U,is a long sleeve blue color with a collar and buttons,Gray with longer sleeves and a round neck
toptee,train,toptee_train_03034,B000LMLVOG,B008KXPK2W,is a loose white and blue with pink trim,is striped
toptee,train,toptee_train_03035,B00CMM2976,B00CMM2T6C,has longer sleeves and has closed neck,has longer sleeves
toptee,train,toptee_train_03037,B00FN83TWU,B00EKZYBCO,is sleeveless and has black stripes,Is longer with a tie-belt and sleeveless
toptee,train,toptee_train_03038,B003MEBU7S,B005W8L982,has pictures of trees with a person in front,has a graphic with no motorbike on it
toptee,train,toptee_train_03039,B005LU0G9O,B0055R3HBC,has long sleeves and is a dark color,comes in black
toptee,train,toptee_train_03040,B00BI3E80G,B005LCQWR2,is blue with long sleeves and a collar,Is blue and has  long sleeves
toptee,train,toptee_train_03041,B00BGD1NE2,B008CPOF10,is black with white designs,has spaghetti straps and has darker colors
toptee,train,toptee_train_03042,B008KSSGEQ,B008TUUUNU,is more detailed and colorful.,is red with grey lace
toptee,train,toptee_train_03043,B004VSEBNY,B002QX2R9G,is darker with long sleeves,is black with a sheer top.
toptee,train,toptee_train_03044,B0094EIFO6,B00EIFZ32I,is black in color,is a black tee with design print.
toptee,train,toptee_train_03045,B0025V4IX2,B0038MNMT8,is short sleeves cotton and less blue,is blue with buttons
toptee,train,toptee_train_03046,B007IL6IVO,B00BF73964,is yellow with a round neck,yellow no logo
toptee,train,toptee_train_03047,B00C2ETAO4,B00E81JWOM,is white with black words,is white and has harsh words
toptee,train,toptee_train_03048,B003DF0ILK,B004F95YDA,has a red Hawaiian shirt,had a red color to it
toptee,train,toptee_train_03049,B0074K59TG,B0031MA03Q,is more artistic and less solid,is darker and has longer sleeves
toptee,train,toptee_train_03050,B00D0AM8W0,B00355FM8W,has a message for certain people,is light blue with black logo
toptee,train,toptee_train_03051,B00DG6W0CQ,B00B5UUSZ6,The shirt is gray with black writing.,is light grey and much lighter in color
toptee,train,toptee_train_03052,B008617VW0,B00CBQRYI2,is white with collar and long sleeves,is light blue with chevron pattern
toptee,train,toptee_train_03053,B008OVR8F2,B007W4W956,has a longer sleeve with more red,shows more neckline and is redder
toptee,train,toptee_train_03054,B00DB9U43U,B00DRFYMZY,its black with a butterfly andlonger sleeves,is darker and has longer sleeves
toptee,train,toptee_train_03055,B008TWBT9W,B008OZU1SY,The shirt is black and white,is dressier looking
toptee,train,toptee_train_03056,B00CB7284Q,B0040ZSHJW,is black and v neck,is solid black
toptee,train,toptee_train_03057,B0056YNS1S,B004QWYYBY,is lighter and has shorter sleeves,is lighter colored and shorter sleeves
toptee,train,toptee_train_03058,B005LUQ0FI,B003ILHLHS,is darker,is black and covers the belly
toptee,train,toptee_train_03059,B00DHPZNWK,B00CRRI650,is striped with red and yellow,is multi-colored
toptee,train,toptee_train_03060,B005C65CF0,B0074AWK4S,is darker navy,Has a different emblem
toptee,train,toptee_train_03061,B005FMVP2A,B009AGKO24,is lighter pink,is light pink
toptee,train,toptee_train_03062,B00CIPHLN4,B009XGPZHU,has longer sleeves and more revealing,has longer sleeves and less graphics
toptee,train,toptee_train_03063,B00DBK3DD2,B00EVVPI1K,is darker,has a butterfly print
toptee,train,toptee_train_03064,B00CJPZDYM,B00EM5S00Q,is a cold shoulder black top,has longer sleeves
toptee,train,toptee_train_03065,B009E316HA,B0087ZFPQO,The tank top is rainbow colored.,has no sleeves and is more colourful
toptee,train,toptee_train_03066,B008OVMSXY,B004RIS7WE,is sleeveless and has curved neckline,is a pack of three crew tanks.
toptee,train,toptee_train_03067,B00FH83IY0,B00AF4FHW2,The shirt is white with a Llama.,is white with a different graphic
toptee,train,toptee_train_03068,B00AJ388XO,B002WUAGFK,Is longer and more whimsical,is a t shirt with black flower logo
toptee,train,toptee_train_03069,B007VH9D3K,B00BT0IFCA,The shirt is a picture of the band KISS.,Is more graphic and more musical
toptee,train,toptee_train_03070,B003BTUNZO,B005S6Y3OU,is black color with stripes,is black
toptee,train,toptee_train_03071,B007BZ5CUA,B00AYDNI20,is light blue colored with stripes,is lighter blue with stripes
toptee,train,toptee_train_03072,B00BZPTL4A,B00C7N5J7C,is more stylized and less feminine,is of a lighter color
toptee,train,toptee_train_03073,B00AB223P2,B006WQWFQ8,has a longer sleeve with green color,is turquoise in color
toptee,train,toptee_train_03074,B008XF7Y8K,B008XF7Z4I,has more pockets in purple with buttons,Is shorter
toptee,train,toptee_train_03075,B005HGWI0W,B002RHWJ94,has brighter colors and is less revealing,is a pink t shirt
toptee,train,toptee_train_03076,B005HYA02W,B005K05I2K,has a longer sleeve with buttons,is black with long sleeves and buttons
toptee,train,toptee_train_03077,B00FVPC9TE,B00DN5LZHG,is blue colored and sleeveless,has a light blue color and no sleeves
toptee,train,toptee_train_03078,B0079FQ5JE,B0071UYR10,is green and has a picture of a cat,Desired item is mint green and pictures a cartoon cat
toptee,train,toptee_train_03079,B00BG90DGU,B00AYS4H34,hot pink ruffled shoulders tie,is pink with no sleeves
toptee,train,toptee_train_03080,B007IUUS98,B004SL3400,has less jewels and is longer,is bright pink and longer
toptee,train,toptee_train_03081,B009UJ3BLM,B009PTX3PQ,is black colored with white dots,is black and white polka dot
toptee,train,toptee_train_03082,B000IVGP32,B009MESB6K,The shirt is red with a deer skull.,button up
toptee,train,toptee_train_03083,B008UU21KE,B008UU2COE,is similar and black in color,is black
toptee,train,toptee_train_03084,B004SWPBF0,B007P86FMM,is V-neck with stripes,has stripes and a darker color
toptee,train,toptee_train_03085,B003H1O0B4,B00BSPGGMC,v neck and has flowers on it,is pink with floral pattern
toptee,train,toptee_train_03086,B0078YCJP0,B0078YBRWQ,is black and more  transparent,is black and loose fitting with transparent bottom and sleeves
toptee,train,toptee_train_03087,B007V4W8R6,B00BFEASS4,is a neutral color handkerchief blouse with low cut neck,is light pink and has larger v-neck
toptee,train,toptee_train_03088,B00C9NR6MQ,B00CMTIGIK,Is sequined and more sexy,is a more solid black with one sleeve
toptee,train,toptee_train_03089,B0088D23WY,B008RI4HOM,3/4 sleeve white blouse button up,is white and long-sleeved with buttons
toptee,train,toptee_train_03090,B0085M2X3W,B005OYGKUQ,Is is crew neck and lighter in color,is longer
toptee,train,toptee_train_03091,B00BI3FWC4,B00BEU0UNW,is looser and pink,does not have as many buttons
toptee,train,toptee_train_03092,B00CAC65RS,B0065DU3Z8,is black colored with sleeves,has black longer sleeves
toptee,train,toptee_train_03093,B007MUIZ08,B009KK2QU8,is more feminine,is navy
toptee,train,toptee_train_03094,B00F7FO0OU,B00BAD6Q0O,is solid white with buttons,it is plain and it has a collar
toptee,train,toptee_train_03095,B005I1NBDE,B003HKQVPI,is grey and short sleeves,Has shorter sleeves and is striped
toptee,train,toptee_train_03096,B006FDWYGE,B00B2IEAB4,is more low cut and less juvenile,less sleeves with skulls
toptee,train,toptee_train_03097,B00BFE5NAC,B00AVXY8GS,has a more open neckline and a draped sleeve,is darker and has longer sleeves
toptee,train,toptee_train_03098,B008EJX7GS,B007ZDECS6,is white with YU is the man written on it,has a bigger graphic and a lighter color
toptee,train,toptee_train_03099,B0094G970K,B00AOB311A,Is less patriotic and more edgy,is more fashionable and less patriotic
toptee,train,toptee_train_03100,B005LXFXIA,B001WSRGX8,is black with blue and red designs,is less goth and more punk
toptee,train,toptee_train_03101,B0075LK4EY,B0087T0JNY,is blue,is solid dark blue
toptee,train,toptee_train_03102,B00DB9Z2PK,B00DB9YUR6,is red with white designs,it it red
toptee,train,toptee_train_03103,B007IVSBYG,B007PY6EKY,is darker with a different graphic,has no picture but white text
toptee,train,toptee_train_03104,B00686RPY4,B0092KMN9A,is black with red designs and no sleeves,is colorful and shorter sleeves
toptee,train,toptee_train_03105,B0066PVM0K,B0081GPFFU,has a dotted pattern,it is doted and strapped
toptee,train,toptee_train_03106,B005QA9HYO,B005QA98P2,The loose fitting shirt is white with a belt and short sleeves.,has no pattern and a belt
toptee,train,toptee_train_03107,B0047WFZ16,B00BURTH6K,is yellow colored,is yellow with a graphic on it
toptee,train,toptee_train_03108,B002HWDW9U,B00AJ3NASM,is a striped white and grey top with shorter sleeves,has shorter sleeves
toptee,train,toptee_train_03109,B005FJE3YU,B00B3Y6Q50,is three quarter pink and white smock,is pink and has longer sleeves
toptee,train,toptee_train_03110,B009ZYPCQO,B002EDJ714,The shirt is black with a picture of Curly.,is lighter and has a man's face
toptee,train,toptee_train_03111,B008YJR0CK,B008J41P4O,is darker and has shorter sleeves,spaggeti strap senched waist more girly
toptee,train,toptee_train_03112,B00A13FZU6,B00A13ETHG,Is a pink  color,Is peach in color
toptee,train,toptee_train_03113,B005KMKM38,B0088JR9VI,has a larger graphic and is more scary,has a different logo
toptee,train,toptee_train_03114,B004PBKNPW,B007YW190C,is feminine and is brighter colored,is blue with black text
toptee,train,toptee_train_03115,B00CZDU0AA,B009YLYD4K,is lighter,is white with wider straps
toptee,train,toptee_train_03116,B00BI3F008,B005UC2Z1A,It is lighter in color and longer sleeves., button up collar
toptee,train,toptee_train_03117,B005FJE3YU,B0089HEKDY,is red with mickey mouse logo,is red with no collar and no buttons
toptee,train,toptee_train_03118,B000RA5WSI,B000UVGKLM,is light blue with yellow words,Is a lighter blue polo shirt
toptee,train,toptee_train_03119,B0089OFEWS,B00F37JFZ6,does not have sleeves and is a crop top,is more revealing and has no sleeves
toptee,train,toptee_train_03120,B009GLZH8Y,B00606ZFU8,The shirt is long sleeved and is black and white.,is white with black sleeves
toptee,train,toptee_train_03121,B0055S9J3Q,B000CDHSAA,more graphical,Is lavender colored and more fitted
toptee,train,toptee_train_03122,B00C676RWU,B00BSL8J4O,is short sleave with print,is patterned and longer sleeves
toptee,train,toptee_train_03123,B00EZ6ZVWC,B002RRHN5O,The shirt is black with a purple design.,black
toptee,train,toptee_train_03124,B009CCB3NU,B008UAD784,The shirt is multi-colored and has a zig zag pattern.,has a zig zag pattern
toptee,train,toptee_train_03125,B001LY0432,B001FQKFSK,The shirt is tight fitting and gray in color.,has no green to it
toptee,train,toptee_train_03126,B009YYYFLI,B002KFGLLA,The shirt has capped sleeves black in color with a pink design,is black with shorter sleeves.
toptee,train,toptee_train_03127,B008X0F3TW,B00DW2Y9S2,has shorter sleeves,has a button front
toptee,train,toptee_train_03128,B0087AZAVY,B006KBJU0O,Has a hood and is tan,Desired item is a brown hoodie shirt
toptee,train,toptee_train_03129,B00BGCY444,B000WQ5MSC,is a t-shirt that is black,is a shirt
toptee,train,toptee_train_03130,B008CXVD30,B009YZNAXG,The tank top is mint green in color.,is more petit and atheltic
toptee,train,toptee_train_03131,B000YVGT46,B000YWDJQ6,has no shiny and grey color,Is a white color
toptee,train,toptee_train_03132,B009S5YA18,B00BCGKPAG,has shorter sleeves with buttons going down,has shorter sleeves
toptee,train,toptee_train_03133,B005CIRY36,B000VTGVZS,has short sleeves with a snake on it,has short sleeves
toptee,train,toptee_train_03134,B00BHASDME,B00CM9K0OS,The shirt is black with a picture of a man.,has blue and red detail on front
toptee,train,toptee_train_03135,B00DQR072U,B00D4LURH8,is shorter with tie front,is shorter
toptee,train,toptee_train_03136,B00FN7VPLI,B007D6I2O0,Is more sheer and less casaul,is solid black and sheer
toptee,train,toptee_train_03137,B006GFXSSO,B008SB3ZW8,is longer and white,is white with a V neck
toptee,train,toptee_train_03138,B008WZCAO4,B008X05VT4,has floral and color is grey,less shirty and more fashionable
toptee,train,toptee_train_03139,B00AV4W40E,B0081FPZGA,is white and has sleeves,it is white and it has color
toptee,train,toptee_train_03140,B0045ESXPQ,B004ZLBBQC,Has a v-neck and is brighter,is yellow
toptee,train,toptee_train_03142,B004P5PB28,B00AA7DFXW,is short sleeve stripped t shiry,Has many colors and is brighter in color
toptee,train,toptee_train_03143,B00BMVU77M,B00AZ9IUIU,The tie up shirt is brown in color.,has longer sleeves and is floral printrd
toptee,train,toptee_train_03144,B004L5EALK,B0070ZS2Y4,is white with a different saying on it,it is white
toptee,train,toptee_train_03145,B003GXEYIM,B0040JGTVQ,The shirt is loose and black and gray in color.,Is darker and less beachy
toptee,train,toptee_train_03146,B003TTJJH4,B004E5F66U,has green words,Is green for the decal
toptee,train,toptee_train_03147,B00D40P3MI,B002MQN6XI,is black with orange designs,Has a nighter neckline and is more violent
toptee,train,toptee_train_03148,B0052I9038,B002DR7SJO,is black in color,is less sexy
toptee,train,toptee_train_03149,B0056OFF82,B005JPLQKE,has no sleeves and is grey, no buttons
toptee,train,toptee_train_03150,B006OCB7RS,B000K24S2Y,The loose peasant shirt is blue and pink in color.,has less revealing neck and is blue color
toptee,train,toptee_train_03151,B00EVPAYYC,B00F32YT0M,has orange,Has shorter sleeves and a is more boldy colored
toptee,train,toptee_train_03152,B008B4H37K,B009EEQES0,is darker,solid back
toptee,train,toptee_train_03153,B007R24YII,B006MPBSXK,is solid black,is a solid color and has lace on the bottom
toptee,train,toptee_train_03154,B006ZIOSMM,B007RMO2KI,is white with black accents,Is less flowing and more not buttoned
toptee,train,toptee_train_03156,B005SW1TLE,B009QTNYGS,is light pink with longer sleeves,is pink with longer sleeves
toptee,train,toptee_train_03157,B005QCJ4TA,B000JTARSW,has swat written on it,is black with white letters
toptee,train,toptee_train_03158,B00GHQVK28,B00DNHSNNI,is less warm with shorter sleeves,white short sleeve t-shirt with graphic
toptee,train,toptee_train_03159,B0066PVM0K,B007KLD3QA,is sleeveless white button up,white
toptee,train,toptee_train_03160,B005U7C0HY,B005F6JWW6,is light blue colored,is grey with different graphic
toptee,train,toptee_train_03161,B005LC5W2S,B00C1ENKNM,has no sleeves,is purple with smaller sleeves
toptee,train,toptee_train_03162,B00DCUQA7M,B00CND3TLY,is black v neck,Is darker in color and has a different collar
toptee,train,toptee_train_03163,B0038Q9G5S,B00167P592,is beige colored with text on it,is yellow with blue logo
toptee,train,toptee_train_03164,B009388UI4,B00A0KA3BG,not pants wrong color also,has spaghetti straps
toptee,train,toptee_train_03165,B00F0SLLM8,B006K0U7IY,has short sleeves with an image in the center,blue graphics
toptee,train,toptee_train_03166,B008OZT8LU,B005QGHV7S,is lighter and has longer sleeves,has stribes and sleeves
toptee,train,toptee_train_03167,B005KKDHGY,B00BTIFDR2,is green in color and has open shoulder design,is green with no sleeves
toptee,train,toptee_train_03168,B007W9ZG4M,B00EJW5DF2,Is more revealing at the top with flowing sleeves,Has shoulder cut outs and is longer
toptee,train,toptee_train_03169,B0071UYR10,B00BIPFQ9Q,short sleve pink tee with princess,is in printed pink design
toptee,train,toptee_train_03170,B005GCNGGM,B00AYDWTJI,has a brighter color and a horizontal band pattern,is pastel striped with drawstring neckline
toptee,train,toptee_train_03171,B00D03FRP2,B00CGFTM4M,is purple and above ankles,is black colored
toptee,train,toptee_train_03172,B00C10SE6O,B009I4FEDW,is lighter,is political and more feminine
toptee,train,toptee_train_03173,B00889AEQK,B009017W60,is orange with cheetah designs,is pink
toptee,train,toptee_train_03174,B008BPVLBI,B00D2CWNRQ,is black color and has no sleeves,is sheer
toptee,train,toptee_train_03175,B007VXJXH0,B005R4A1O4,is long sleeves,is a peasant top
toptee,train,toptee_train_03176,B004QFXBGK,B00D94FJDW,is a white and brown dress,has more black color
toptee,train,toptee_train_03177,B003LL20SA,B009CQU73I,is loose,Is gray with a shoulder cut.
toptee,train,toptee_train_03178,B00CC3ZKJE,B00BJ9I7BK,is tighter fitting,is turquoise colored with short sleeves
toptee,train,toptee_train_03179,B009P3X30W,B009P3WOSE,has no ruffles and is floral,has floral and is black color
toptee,train,toptee_train_03180,B00606ZFU8,B009GLZXTM,is blue with bird designs,is bluer and has birds on it.
toptee,train,toptee_train_03181,B0078LXSQ2,B005D60DTO,Is more fitted and no buttons,is dark with wide round collar
toptee,train,toptee_train_03182,B009CC4EGI,B009CC4N0K,Is more colorful and whimsical,has colorful stripes
toptee,train,toptee_train_03183,B00FGV6PAW,B00B2L28M4,is lighter and has shorter sleeves,has no sleeve and is white color
toptee,train,toptee_train_03184,B00BQ0J6I0,B00AEF0UGA,is more revealing and colorful,Is orange and strapless.
toptee,train,toptee_train_03185,B005K05I2K,B005HYA02W,The shirt is tie dye.,has more color and no buttons
toptee,train,toptee_train_03186,B007P5ZXPK,B004TE6BSS,Is blue,is blue
toptee,train,toptee_train_03188,B003ZVIWL0,B0046IB5JW,The shirt is black with white writing.,has white letters
toptee,train,toptee_train_03189,B00G70U94Y,B00G710HL8,Different wording,Is a black tee shirt with the name Kiersten on it
toptee,train,toptee_train_03190,B004IBTQQQ,B009PCDKM4,The tank top is black with white lettering.,is dark black sleeveless
toptee,train,toptee_train_03191,B00GB9PM52,B00D993LC8,has short sleeves with black color,crew necj
toptee,train,toptee_train_03192,B00A8YYYSM,B00CWAF7JU,has no buttons or collar,does not have a collar
toptee,train,toptee_train_03193,B0062FTV20,B009PMM2P0,The shirt is blue in color.,is light blue and has shorter sleeves
toptee,train,toptee_train_03194,B009ZZ053S,B00CAARSNA,is orange with a recces print with jesus written on it,is brighter
toptee,train,toptee_train_03195,B003VZJ0QG,B00D9YSF0Q,is blue and long,is longer
toptee,train,toptee_train_03196,B00BFFN75O,B006PAT94C,a colorful tunic with loose sleeves,is grey with orange stripes on it
toptee,train,toptee_train_03197,B00BTHQS2W,B00B8RDC5Y,has long sleeves and is white in color,is lighter and has longer sleeves
toptee,train,toptee_train_03198,B005NY7FYC,B006ZINPFI,has long knee and deeply pink,is a darker red magenta top.
toptee,train,toptee_train_03199,B0050TRGN0,B002X7OV4E,is black and has an image of guitar,is black with a white image
toptee,train,toptee_train_03200,B00COR37IY,B00E3GRC9E,its a vest with buttons,is a black button vest
toptee,train,toptee_train_03201,B00AR0SQXQ,B00AZQ0VH6,hot pink womans tshirt,is solid pink
toptee,train,toptee_train_03202,B00AANJ648,B0073U42V8,is a pink tight mini dress,is a pink tshirt with a black and white design on the front
toptee,train,toptee_train_03203,B000UZCE2M,B00AX8DS1M,The shirt is shiny with gold,is lighter and shinier
toptee,train,toptee_train_03204,B00E0L0VMM,B00D83JR5K,Is brighter in color and is striped, buttons
toptee,train,toptee_train_03205,B005NFL1I2,B005NFKYNU,has a greener color with a small image,is green and red in logo
toptee,train,toptee_train_03206,B005UVU0QI,B00CM7LGTI,is blue onto with belt,slim fitted blue top wide belt around waist
toptee,train,toptee_train_03207,B008WYD3FK,B00B3VG4S2,The shirt is sleeveless with a ruffle and purple in color.,Is purple in color
toptee,train,toptee_train_03208,B00CGPHWG2,B0048PE8LK,is black with white designs,has longer sleeves
toptee,train,toptee_train_03209,B00EPC3J3E,B00BTHQS2W,no sleves pockets striped design,is sleeveless and striped
toptee,train,toptee_train_03210,B00CMM2T6C,B006GJ1P7G,has no sleeves with colorful patterns,has no sleeves with a blue and orange pattern
toptee,train,toptee_train_03211,B00B5K874A,B00BQ13RRA,has short sleeves and is brown in color,is darker color with and relaxed fit
toptee,train,toptee_train_03212,B00ANTV5L6,B007XP05U0,is darker and has shorter sleeves,is sleeveless tank with round neck
toptee,train,toptee_train_03214,B008TR7LXK,B00D7F4WMC,Then shirt is purple with black writing.,is lighter
toptee,train,toptee_train_03215,B00AU8Q7DG,B00AWDIFOI,has a darker shade and no buttons,is darker slate colour and has no buttons
toptee,train,toptee_train_03216,B003XXZMFO,B008G4FA2U,is black colored,is grey and black
toptee,train,toptee_train_03217,B003819GPS,B007OQ93XI,is white with low neck,is a white bell top with shoulder straps.
toptee,train,toptee_train_03218,B00ALK6AN0,B001GPK8SM,is lighter in color,is pink
toptee,train,toptee_train_03219,B00A9SQILI,B00ARAZ0OY,is red colored with no sleeves,spaggeti strap sleeves more pink flirty v neck
toptee,train,toptee_train_03220,B006T53E4Y,B0052FJW5W,is darker and more musical,is darker
toptee,train,toptee_train_03221,B00BERTWL6,B00A7O0OQY,The shirt is black red and has a picture of Jax.,is a black sopranos tee.
toptee,train,toptee_train_03222,B008GT5ZWK,B007O0CBDS,is black and white stripes with shorter sleeves,has shorter sleeves
toptee,train,toptee_train_03223,B00ATEGLAA,B008LE9H74,has no sleeves with a giant picture of a cat,is more blue
toptee,train,toptee_train_03224,B0087F5A00,B00D5YPN5K,is grey with a different logo,is olive green
toptee,train,toptee_train_03225,B004R2HNCU,B0070NTTCU,tucked and untucked,is the same
toptee,train,toptee_train_03226,B00BTJXMGA,B00FY8MN8K,long sleeve gray plain,is a long sleeve version in gray.
toptee,train,toptee_train_03227,B0088MXFB8,B007W7HEJ4,is red and plain pattern, sleeveless and flowy
toptee,train,toptee_train_03228,B008TUUQ8O,B00A6KDHKY,is more covered and colorful,Has shorter sleeves
toptee,train,toptee_train_03229,B00CDWJWMU,B00AZ05PIW,has no strips,Solid black short sleeved shirt
toptee,train,toptee_train_03230,B00FM1D45A,B00BC3W9KI,its grey with a v neck,It is grey
toptee,train,toptee_train_03231,B0038RC8QG,B002B2XGS8,movie shirt different color,is lighter
toptee,train,toptee_train_03232,B0087ZFPQO,B002GJUTQS,has a looser fit that hugs the hips in blue,is blue colored with no pattern
toptee,train,toptee_train_03233,B000J43P9K,B00BBKOBOY,is black with square neck,has off shoulder and is black color
toptee,train,toptee_train_03234,B005FRAUZS,B004A7XKQA,is darker with a tie,has longer sleeves and a tie on the bottom
toptee,train,toptee_train_03235,B00AYZFOZC,B00AG3WXHO,has longer sleeves and image of skull,has sleeves
toptee,train,toptee_train_03236,B0013J4BK2,B00F2ZZN5A,Is blue and more fitted,is blue with shorter sleeves
toptee,train,toptee_train_03237,B00AL1QEH6,B00C7B65CC,The shirt is tight and dark blue in coloring.,is identical
toptee,train,toptee_train_03239,B007PY6GZC,B005UVO18Q,is gray a smaller logo,is grey with colored logo
toptee,train,toptee_train_03240,B00802G6L2,B0015N3XT6,is a darker pink and is more nerdy,has more simple graphics
toptee,train,toptee_train_03241,B005S6Y3OU,B0012YN9EC,has more print work,Is more colorful and more graphic
toptee,train,toptee_train_03242,B004UO4JH2,B0048P5BKM,is dressier and is more solid,off shoulder maroon 3/4 length sleeve
toptee,train,toptee_train_03243,B008PMD3AO,B004OA4UYY,is darker with a slogan on,is purple
toptee,train,toptee_train_03244,B00E6J1FG4,B009R7DRG6,is off-shoulder and has wrap up,is much darker
toptee,train,toptee_train_03245,B005XGHN56,B009F90NBS,The short is green on the top and black on the bottom.,two colors and lower waist
toptee,train,toptee_train_03246,B007BWDDCM,B009G6LRH4,is purple and more graphic,is purple with green logo
toptee,train,toptee_train_03247,B00FW3T9MK,B004KSUILY,is of a darker color,Is dark blue with outdoor theme.
toptee,train,toptee_train_03248,B008OBD4XC,B004IA63SG,is pink with small designs,Desired item is black and past waist-length
toptee,train,toptee_train_03249,B00EK0FYHA,B008BVUL72,The shirt is black with mult-colored designs.,is a darker shade
toptee,train,toptee_train_03250,B00B78VW4M,B009R72WLC,is black with white words,it is black and has no sleeve
toptee,train,toptee_train_03251,B0018R1IUK,B00FAVON5W,is lighter,is white and black in color with text
toptee,train,toptee_train_03252,B00EHOZJ5Q,B00E1ODJSQ,blue tshirt the color looks bright and looks fashonable,is a blue tshirt
toptee,train,toptee_train_03253,B009Y0XXAQ,B0049C8LSS,The shirt is short sleeved and light blue with black letter that reads Coach.,it is gray with a black print
toptee,train,toptee_train_03254,B00BB17YTW,B00D601L72,is lighter and has longer sleeves,is off the shoulder with long sleeves
toptee,train,toptee_train_03255,B008ZB1EHY,B004QDKV0G,is longer,is gray and below hips
toptee,train,toptee_train_03256,B004QFXBGK,B004NZLP4I,The bra is white in color.,is a white sports bra
toptee,train,toptee_train_03257,B003UYT6U8,B00495Y68O,has long sleeve and wide hips,has a scooped neck and has longer sleeves
toptee,train,toptee_train_03258,B00495Y68O,B008LRJPD2,is brown with high neck,is purple and shorter with thin straps
toptee,train,toptee_train_03259,B00B78MV5Q,B00B1JTT4C,Is less fitting and has a slight pattern,is a tank top with a lave overlay
toptee,train,toptee_train_03261,B000YVRS1Y,B0083KMOLW,is white with black words,Desired product is pink with multi-object print
toptee,train,toptee_train_03262,B009OQS3RS,B006O5AF7S,The shirt is a one shoulder shirt and is green.,has longer sleeves
toptee,train,toptee_train_03264,B008Q7ZEKU,B008OPN0GO,is orange with black ombre,has long sleeves
toptee,train,toptee_train_03265,B007E94XZS,B004TSG29W,is pink with white plaid,is red colored with plaid detail
toptee,train,toptee_train_03266,B009VGGJRC,B005LWP48U,is pink and more fitted,is red and short sleeved with a fun football picture
toptee,train,toptee_train_03267,B008VTBDDK,B008LOLZR4,is white and short sleeved,is a short sleeved button bown shirt
toptee,train,toptee_train_03268,B003CNCPZ0,B00DKJ3YHE,The long sleeve shirt is blue in color.,is blue and long-sleeved.
toptee,train,toptee_train_03269,B003OA4R8Y,B0090GFJH4,is darker and has shorter sleeves,is black colored sleeveless
toptee,train,toptee_train_03270,B006BTLS5A,B008WYCTLO,has a white net floral design with longer sleeves,Is more fitted with a darker emblem
toptee,train,toptee_train_03271,B002MRTH4E,B0086X8HCG,Is more graphic and less wordy,is a black tshirt with stud and muffin.
toptee,train,toptee_train_03272,B00DV72IV8,B007SOJM0A,is darker and has shorter sleeves,has shorter sleeves and is more shiny
toptee,train,toptee_train_03273,B00CH8SZ2I,B00D84040G,has no sleeves with dark purple color,is black and has thicket straps
toptee,train,toptee_train_03274,B00684K7UA,B003KX6E40,,is brighter in color
toptee,train,toptee_train_03275,B00BU9OW3Q,B001WSLJ9A,Is black with a larger graphic,A black shirt with KISS on front
toptee,train,toptee_train_03277,B00BEU1DFQ,B006OVYVIQ,has cheetah print, and a different graphic
toptee,train,toptee_train_03278,B0032Z81OC,B004BKI80Y,is cream with long sleeves,has a lighter color to it
toptee,train,toptee_train_03279,B00AWEBC8I,B0071M9J9I,is lighter,is light purple in color
toptee,train,toptee_train_03280,B00580KVJM,B00BY7LUSO,The shirt is gray in color and has white writing.,is wordy
toptee,train,toptee_train_03281,B007R3Q14W,B00CE9JJR0, wrong name,a black tee shirt with white writing on it
toptee,train,toptee_train_03282,B008RK6XKQ,B008F1HRBQ,has no sleeves or graphics,solid black
toptee,train,toptee_train_03283,B00893UVHW,B00500D2ZA,is blue with white words,blue tie dye girl power type logo
toptee,train,toptee_train_03284,B00DR49142,B00DR4917E,is identical,is available
toptee,train,toptee_train_03285,B009YJQKMK,B008KS9TB0,is darker and has shorter sleeves,is sleeveless and more decorative
toptee,train,toptee_train_03286,B00C7SSF4Q,B00821J0UA,has longer sleeves with buttons going down,Is less revealing and more complex
toptee,train,toptee_train_03287,B005C2PRJU,B005R49XCK,It is a patterned shirt with v-neck.,Has a greener pattern
toptee,train,toptee_train_03288,B00E3UNI8Y,B002ZZDDF2,is black with no words,is darker
toptee,train,toptee_train_03289,B00E3G2XV6,B00EEKLE20,is darker,is less shiny
toptee,train,toptee_train_03290,B004UR8L0A,B004U5T6RO,has no sleeves and is much revealing,is sleeveless and is a tank top
toptee,train,toptee_train_03292,B001BKB9US,B005XOCTNY,is darker colored,is the same
toptee,train,toptee_train_03293,B004J8HPQ6,B007WA29WI,has ruffle and no stripes,Is solid color with frills.
toptee,train,toptee_train_03294,B00DQNBQ38,B00E5ZEF48,The shirt is a wrap shirt and is a dark color.,it has no button and collar
toptee,train,toptee_train_03295,B00AKKDHBO,B0018MWF8O,isn't see through and has design,Is looser & has an emblem
toptee,train,toptee_train_03296,B003FF5A9S,B001MG3JEU,has a very visually stylistic image in the center,is darker
toptee,train,toptee_train_03297,B0013OZ47Q,B008DEXI9A,Is more feminine and plain,is more feminine
toptee,train,toptee_train_03298,B004JQOLEC,B008S5EH6M,is solid white with thinner straps,is a white tank
toptee,train,toptee_train_03299,B00B1VT3L4,B00DWNVGIM,has simpler graphics,is white printed
toptee,train,toptee_train_03300,B00FVQ41RQ,B0070NW3TQ,is black with red designs,is a black t-shirt with red logo
toptee,train,toptee_train_03301,B007TM6PFG,B007W2HE7G,has no sleeves and is darker,is darker
toptee,train,toptee_train_03302,B007N1LR74,B00C5Z6YRG,has spaghetti straps and is longer,is more revealing
toptee,train,toptee_train_03303,B006T53E4Y,B006T50YP6,is more pink,is pink only
toptee,train,toptee_train_03304,B00D0AM8W0,B001BZ8M8U,has a physics design,is white lettering with a galaxy
toptee,train,toptee_train_03305,B002BWQNMY,B002OSU7ZY,The shirt is blue with white lettering and a picture of a man.,has a movie quote and a star on it.
toptee,train,toptee_train_03306,B007ZUS69K,B00716OSIG,is cinched at waist and lighter colors,is shorter sleeved and lighter colored
toptee,train,toptee_train_03307,B009WK62MO,B00FQCC0HS,The shirt is purple with white writing.,is more feminine and has more font
toptee,train,toptee_train_03308,B00COE1NX8,B008DSLALO,is black with long sleeves,Is black with a higher neckline
toptee,train,toptee_train_03309,B00DJ91GAC,B00ENNMP44,is darker and has longer sleeves,Is a fitted turtleneck in gray
toptee,train,toptee_train_03310,B0019XX1X0,B0095KBIOI,has shorter sleeves and color is yellow,has yellow short sleeves
toptee,train,toptee_train_03311,B0045EP3DG,B0074ZANLA,has longer sleeves,scoop neck
toptee,train,toptee_train_03312,B00CMPB2YE,B0087AYNM6, has 3/4 sleeves and a round neck,is red
toptee,train,toptee_train_03313,B00DXN1EGA,B0092SKNYY,has no floral patterns and has a plain color,is darker in color
toptee,train,toptee_train_03314,B000R0FRJ2,B002UQVPL0,has a contrastiing neckline and is a bolder color,has a multicolor pattern
toptee,train,toptee_train_03315,B007WT2O1U,B009XDWQKM,The shirt is black with white writng.,is a darker color
toptee,train,toptee_train_03316,B008L13IPE,B008PTDG40, patterned and more flowing,is lighter
toptee,train,toptee_train_03317,B00CDC2OB6,B00CDHL692,is tighter and longer,Desired tunic is brown and has one shoulder cut out
toptee,train,toptee_train_03318,B005IAJRWE,B008B8TSTW,is a black Jack Daniels cap,is a hat
toptee,train,toptee_train_03319,B00893UVHW,B00CPRKNNA,The shirt is blue in color with a baseball logo.,is a blue tee with a different logo.
toptee,train,toptee_train_03320,B00ALJGDEW,B00DZ05MSW,has a higher neckline,smaller logo and less revealing
toptee,train,toptee_train_03321,B002BWQNMY,B0057WRZRM,is brown and v neck,is a lighter color
toptee,train,toptee_train_03323,B008TUUVA2,B00BA3FO7K,is pink with long sleeves,is pink and shorter sleeves
toptee,train,toptee_train_03324,B0065K5IZG,B005FLT9PG,is black colored and has one sleeve only,off sholder black water fall sleeve
toptee,train,toptee_train_03325,B001Q52KRE,B00AD1SJRC,is blue with blue designs,blue colored and simpler graphics
toptee,train,toptee_train_03326,B006YJE6FG,B006GZTJM8,The shirt is of an animal print.,Has longer sleeves
toptee,train,toptee_train_03327,B00EK94N1O,B008X04R94,is lighter and simpler,is a grey
toptee,train,toptee_train_03328,B00C2IY07W,B0097AW5VQ,has no buttons or collar and is more striped,Has stripes and no collar.
toptee,train,toptee_train_03329,B00ARNLCQQ,B00DH36UEM,is more pastel and frilly,has more color and shorter sleeves
toptee,train,toptee_train_03330,B002MRTH4E,B008MNM0A0,is grey with a white logo,is lighter colored and has a graphic
toptee,train,toptee_train_03331,B009YJQKMK,B009YJSX5W,is more formal,is a buttoned shirt and has double pockets
toptee,train,toptee_train_03332,B0056ZMWUA,B004BJ4K66,has a longer waistline and is lighter in color,is brown with shorter sleeves
toptee,train,toptee_train_03333,B0078Y01N2,B009CQNYB0,has a v-neck and longer sleves,is more white with long sleeves
toptee,train,toptee_train_03334,B001LNJSGW,B000YVKMC6,is a yellow tank,is more brightly colored
toptee,train,toptee_train_03335,B00B78FVYE,B00BMVO5T8,is less revealing,has a round design on the front
toptee,train,toptee_train_03336,B007N00UIW,B007N00QJ0,is long sleeves and blue with print,is lower cut and has more colors
toptee,train,toptee_train_03337,B008P3AM7K,B00EAK3G8Y,is black with no sleeves,is darker and has shorter sleeves
toptee,train,toptee_train_03338,B00ADWJR4K,B00AQN6N20,is dark green with longer sleeves,is dark teal colored long sleeve
toptee,train,toptee_train_03339,B00BSKO4UI,B008O11FG0,is long sleeved and a print,has jagged gray and black stripes
toptee,train,toptee_train_03340,B00CWAD9R2,B006BNQ05Y,is black,shorter
toptee,train,toptee_train_03341,B008MAIURU,B0015A5TKU,The shirt is black with a tuxedo design.,has less color and longer sleeves
toptee,train,toptee_train_03342,B00967K6XY,B00BID76UK,has shorter sleeves with pink color,is lighter colored with no buttons
toptee,train,toptee_train_03343,B00DDXH4K0,B008VEYP30,has an indian idol on it,Has darker colors & a human image
toptee,train,toptee_train_03344,B0094R07MG,B004I8VCC0,is lighter,Is blue and covers the shoulders.
toptee,train,toptee_train_03345,B0057X9IIU,B0056ZMWUA,has shorter sleeves and is black,has shorter sleeves and is darker
toptee,train,toptee_train_03346,B004X74EOO,B006X4L6OG,is brown in color,it is brown
toptee,train,toptee_train_03347,B007W4VCRW,B007W50XF8,The shirt has capped sleeves and is red,is pink and white
toptee,train,toptee_train_03348,B005TVP47O,B00BGDF38Y,is black colored and has longer sleeves,is darker
toptee,train,toptee_train_03349,B006C9X57I,B00CH4WWAI,is a marvel print vest,is sleeveless and has a Marvel design on it
toptee,train,toptee_train_03350,B0014ULM7A,B0016D7DRI,The short sleeve shirt is black with the word The Sword.,has the word SWORD on it
toptee,train,toptee_train_03351,B00417RX5S,B0086907JQ, sleeveless  and black,has longer sleeves
toptee,train,toptee_train_03352,B00DCFL2K2,B008SCIK2W,is light teal color,has no sleeves
toptee,train,toptee_train_03353,B0065K5IZG,B00CJHM6XQ,The shirt is off the shoulders and is white with colorful lettering.,has a cut out of sleeve and font detail design
toptee,train,toptee_train_03354,B00AU90416,B00CDZNATS,is pink with buttons down,brighter colored with a collar
toptee,train,toptee_train_03355,B004V6PYSM,B0056F21M4,is more see through and casual,is mostly white with decoration at neckline
toptee,train,toptee_train_03356,B0037KM4P4,B004R1RJQ6,is green with black strips,is more modern and iconic
toptee,train,toptee_train_03357,B006ZIOUWU,B007RMMXX6,has no collars,has a more oriental print
toptee,train,toptee_train_03358,B00FE038TG,B00E4RJVVO,Is more sheer and sexy,is red and more revealing
toptee,train,toptee_train_03359,B0038RC8QG,B001UKA7O8,is grey with tigers,Is darker in color
toptee,train,toptee_train_03360,B00CC2PTNM,B00BJP2VUW,is black with low neck,is darker and has shorter sleeves
toptee,train,toptee_train_03361,B0066PVM0K,B008NDY886,is more casual with long sleeves,is 3/4 sleeved and white
toptee,train,toptee_train_03362,B0097C84XM,B00EV692S0,Is lighter in color an more feminine,Is looser with lighter colors
toptee,train,toptee_train_03363,B00CIPK1N6,B0073W1IZO,has no pattern and has shorter sleeves,has a rounded neckline
toptee,train,toptee_train_03367,B006DB5B0Y,B00CP9833U,is brighter and more skimpy, buttoned
toptee,train,toptee_train_03368,B00B11ZSHM,B00AMOLRI8,is brown and has longer sleeves,is darker and has longer sleeves
toptee,train,toptee_train_03369,B007WADMKG,B008MP4786,is black in color,has cross graphic and black background
toptee,train,toptee_train_03370,B007N6NHZ4,B00GM3TY7Y,has shorter sleeves and more pink,Is pink and more wordy
toptee,train,toptee_train_03371,B00EK5OAES,B00EAEBA1K,The shirt has long sleeves and a knot in the middle and is blue in color.,is mid blue with a rounder neck
toptee,train,toptee_train_03372,B008NFIQYQ,B005LOOPXS,The shirt is sleeveless and lavender.,Is solid color with frills.
toptee,train,toptee_train_03373,B00G2KL1OG,B00E9I3AYM,is blue and longer sleeves,is blue and white striped
toptee,train,toptee_train_03374,B005OQIXPO,B007MRKK1I,darker in color,is black with car graphics on it
toptee,train,toptee_train_03375,B009HMRHLM,B006N4RNSE,is darker,is black and sleeveless
toptee,train,toptee_train_03376,B00E0L0VMM,B00E0L0QCM,floral black and red top,is more red
toptee,train,toptee_train_03377,B0062JT8YM,B00ALNYZMA,is longer and has long leaves,is longer sleeved and more white
toptee,train,toptee_train_03378,B00CRURR9I,B001BKNDH0,The tank top is loose and white in color.,has no open back
toptee,train,toptee_train_03379,B00BC02VHW,B005QR6MZY,is white with a different graphic,has a humorous print and no buttons
toptee,train,toptee_train_03380,B007XWS86G,B0089I9IE4,is yellow with ruffles,has a yellow color and similar style.
toptee,train,toptee_train_03381,B007JWIP2M,B0047O3U2A,has an animal print and longer sleeves, black tank top with string straps
toptee,train,toptee_train_03382,B00DQXSKBE,B00DZUC6R2,is neon with chevron stripes,has no sleeves
toptee,train,toptee_train_03383,B00B1EVPCG,B00A3G8GIE,has long sleeves,is white and lighter in color
toptee,train,toptee_train_03384,B000KD426K,B000KD7ZK0,is a darker gray,is gray and larger logo
toptee,train,toptee_train_03385,B0028MSUGE,B001KWE1R0,is darker and less stripes,is a darker graphic tee
toptee,train,toptee_train_03386,B004L0JNXU,B00BUULNFA,pink dressy,it is more feminine and it is red
toptee,train,toptee_train_03387,B00E60N12Y,B00C6BNIU0,is a tshirt and is grey,has short sleeves and red color to it
toptee,train,toptee_train_03388,B005VDXS4Q,B005ODASG4,The shirt is black in color with white writing and a wine glass.,red. longer sleeved
toptee,train,toptee_train_03389,B00B8PNGTS,B0077CZKEA,Is black and has no sleeves,Is darker and more revealing
toptee,train,toptee_train_03390,B008YJR0CK,B00BOXSOJ6,is sleeveless,has no sleeves and a darker blue
toptee,train,toptee_train_03391,B0056HQ1YQ,B007XWS4B0,is a bolder green and less lacey,has short point and is light green color
toptee,train,toptee_train_03392,B00BLS9NZS,B00AM2BPYQ,has no sleeves with a bright green color,has shorter sleeves
toptee,train,toptee_train_03393,B009WQNMK8,B0049B3C1A,is grey colored and has sleeves,it has longer sleeve and has pockets
toptee,train,toptee_train_03394,B008GTB06A,B008GT5ZWK,has long sleeves without a belt near the waist,is purple colored
toptee,train,toptee_train_03395,B0053H4URO,B004ZWQFRG,is white in color,is white colored with a different graphic
toptee,train,toptee_train_03396,B0078ZGD3S,B009ZUGZ3W,has no sleeves and is red in color, but made of cotton fabric.
toptee,train,toptee_train_03397,B00ASHIYB2,B008CCY3PQ,has longer sleeves and bigger neck,has longer sleeves
toptee,train,toptee_train_03398,B007WA3Z6W,B007WAEQJC,has longer sleeves and a collar,is grey and has longer sleeve
toptee,train,toptee_train_03399,B003QOUUJS,B003QOWM2Q,The shirt is long sleeved and yellow in color.,is lighter
toptee,train,toptee_train_03400,B00B7687FG,B00BU8TB42,Is lighter  in color with a larger graphic,is light pink with cartoon pattern
toptee,train,toptee_train_03401,B00EDS5UPA,B004I5A396,is black and less sexy,has no sleeves
toptee,train,toptee_train_03402,B005I657KO,B0007WJ1EC,is black with orange designs,is black colored and large graphic desgin
toptee,train,toptee_train_03403,B00EFNIXQ6,B008X05OXW,is more sheer and darker,is more solid in color
toptee,train,toptee_train_03404,B002DW7XPI,B005C5SMNA,is red colored and has sleeves,has sleeves and a v-neck
toptee,train,toptee_train_03405,B006IXMLA0,B005LVHHWW,is more colorful and less festive,is blue with white letters
toptee,train,toptee_train_03406,B000ESAMTM,B007IW5S8M,The shirt is black with a skull.,is darker
toptee,train,toptee_train_03407,B008B65R26,B004UGOTGQ,is white with black vest,is white with black attachment and graphic
toptee,train,toptee_train_03408,B006ZQV69W,B006ZQV7E6,Is pink,is pink and flowy
toptee,train,toptee_train_03409,B004RUF8F6,B004GI07RI,is darker in color,is grey with white logo
toptee,train,toptee_train_03410,B0055WQMXC,B00FW3T9MK,is grey with 3 logos,is grey and full mens t shirt
toptee,train,toptee_train_03412,B002UJOF1Y,B00686T0II,has longer sleeves and is less casual,has longer red sleeves
toptee,train,toptee_train_03413,B001GURA92,B004GKFH4O,is grey and less white color, shorter sleeves
toptee,train,toptee_train_03414,B00D2PAPNM,B00B585S12,has a bolder pattern and is dressier,is lighter
toptee,train,toptee_train_03415,B00AI902D8,B00ATGPCY4,is sheer,is sheer
toptee,train,toptee_train_03417,B00AWFUOT0,B00BTMFFDA,The tank top has white and black stripes.,it is less girly
toptee,train,toptee_train_03418,B00F1RVCK4,B00BAD9M9Q, green and purple,has short sleeves in solid color
toptee,train,toptee_train_03419,B00C3VIHBS,B008OFYBJ4,has sleeves and more revealing,Has longer sleeves and a lighter pattern
toptee,train,toptee_train_03420,B0058VUJ02,B007HHAPZE,Is more feminine and is pink,is more purple in color
toptee,train,toptee_train_03421,B005MJC232,B0021JC5DI,Is white with shorter sleeves and less plain,has shorter sleeves and in white with a decorative neck.
toptee,train,toptee_train_03422,B008NJP0DW,B000RA5WSI,has an image of bike and has sleeves,has sleeves
toptee,train,toptee_train_03423,B001PJ6ZX6,B001PIQSDY,is similar in color with fewer letters,it has zane on it
toptee,train,toptee_train_03424,B0089EIT8E,B0089EIT34,is the exact same as,less fitted
toptee,train,toptee_train_03425,B00GZZR5ES,B0085NAMVQ,is darker in color with longer sleeves,is black with white lettering
toptee,train,toptee_train_03426,B00880F1JE,B0098JSN8K,The long sleeved shirt is red in color., black
toptee,train,toptee_train_03427,B00CWMDT2K,B00E5QRDIM,is green and has shorter sleeves,shorter sleeves two tones green deeper v neck
toptee,train,toptee_train_03428,B0097ZKYDC,B008CIRXC0,is more colorful,comes in blue maroon
toptee,train,toptee_train_03429,B006W2OP3I,B003FLN120,The short sleeve white shirt has black buttons.,It has a shorter sleeve and has buttons
toptee,train,toptee_train_03430,B0097ZN7IG,B003OA4RNE,has a  shorter sleeve,is lighter brown with short sleeves
toptee,train,toptee_train_03431,B00AW83K2U,B00AW83JLM,The shirt is a zebra print.,is identical
toptee,train,toptee_train_03432,B00196OXTI,B00C2ETIYQ,has a brighter warmer color and a different print,is red
toptee,train,toptee_train_03433,B005MGDMN4,B003VQR3LO,has short sleeves and red color,is red and black and more revealing
toptee,train,toptee_train_03434,B0039819JG,B0016JKZUY,has a collard neckline and is more masculine,is white and has buttons
toptee,train,toptee_train_03435,B004GN3NX8,B0037KM2QU,is darker and has shorter sleeves,is pink and has large round neck
toptee,train,toptee_train_03436,B001J60ZZE,B009VM1QF6,Is more wordy and is red,has words on it
toptee,train,toptee_train_03437,B002RRHN5O,B003C4RYN2,Has a red logo,A solid black shirt with red print on front
toptee,train,toptee_train_03438,B004B59R4U,B005LC94XG,is yellow and black with prints,has a scoop neck and multicolored pattern
toptee,train,toptee_train_03439,B006ZBTAMW,B0074ESOAI,is black with white words,is darker with less print and a larger image
toptee,train,toptee_train_03441,B00CHXI4XI,B00AUR14N0,The shawl is black with the American Flag.,has a flag design and fringe detail
toptee,train,toptee_train_03442,B0091E3YAY,B0091E3XGY,has shorter sleeves with an animal print,Has shorter sleeves
toptee,train,toptee_train_03443,B00CGAFTUS,B00CHTGK8S,is more masculine and darker colored,is black.
toptee,train,toptee_train_03444,B004EBTYHQ,B001FWYZ62,has short sleeves with buttons and design,has sleeves
toptee,train,toptee_train_03445,B005H5YUSG,B00CM3LDAE,Is more revealing at the bottom and more colorful,has short sleeves and no straps
toptee,train,toptee_train_03446,B00FN83TWU,B00CMFMZW2,is sleeveless green,Is more sheer
toptee,train,toptee_train_03447,B005S6YGO2,B0087YGUJG,The shirt has short sleeves black and white in coloring.,is black and white with shorter sleeves
toptee,train,toptee_train_03448,B0036TG8K8,B007SVC34U,is brighter and sexier,is brighter in color
toptee,train,toptee_train_03449,B004I7D42C,B004I762QC,is more casual and darker,is black with buttons
toptee,train,toptee_train_03450,B008BJTCWY,B0089O91G8,is gray with white designs,is more neutral colored
toptee,train,toptee_train_03451,B005GWMV1I,B005NMVRW0,is black with red designs,is black base colored
toptee,train,toptee_train_03452,B00CDXSP5O,B00C5S41BY,has a strap off the tube top,Is more sexy and revealing
toptee,train,toptee_train_03453,B008KLP1SW,B00BIFYPWK,is grey with blue design, red shaded graphic
toptee,train,toptee_train_03454,B003R6SRSQ,B00375HK3U,The shirt is a button down shirt and is bright blue.,is a bolder blue and has long sleeves
toptee,train,toptee_train_03455,B008S0EPEG,B00A3MV1VW,The shirt has short sleeves and is blue,is blue and pink plaid
toptee,train,toptee_train_03456,B0040QVNMY,B008NFMSN6,has no sleeves and a image pattern,is sleeveless and has an animal print
toptee,train,toptee_train_03457,B00E6E548Y,B00DZZTFOE,It has longer sleeves.,Has longer sleeves and is more sheer
toptee,train,toptee_train_03458,B00CFV6X8K,B0036SGF3Y,the left top and bottom desighn only,is white with blue patterns
toptee,train,toptee_train_03459,B00DP8U5EA,B00CP7K2TK,Is more flowing and girly,is pink and grey with longer sleeves and looser fit
toptee,train,toptee_train_03460,B006ZZIAEW,B0016A26XC,is black colored with skeleton art,has longer sleeves and is less colourful
toptee,train,toptee_train_03461,B004FJFJ76,B002BXMFQG,is floral,has an exciting pattern and is more colorful
toptee,train,toptee_train_03462,B008OVR8F2,B00BIY3OXW,is yellow colored and more revealing,has straps instead of a full shoulder.
toptee,train,toptee_train_03464,B00FY2PXII,B00EE0EG1Q,Has longer sleeves and less revealng,longer sleeves normal neck black teeshirt style
toptee,train,toptee_train_03465,B00E3UNI8Y,B002ZZ7ZWE,is black with no words,is darker
toptee,train,toptee_train_03466,B00BUBUVMA,B000NISDPS,Is blue and has a smaller graphic,has more blue
toptee,train,toptee_train_03467,B008821506,B000IMYMYU,Its a darker t-shirt with short sleeves.,has short sleeves and blue
toptee,train,toptee_train_03468,B008UA8K40,B00AG3ZGZK,is plain white and a tie,is white and has tie at hem
toptee,train,toptee_train_03471,B00FB38HEM,B00AHXIC96,The shirt is blue in  color.,is a brownish-white sweater with long sleeves
toptee,train,toptee_train_03472,B004I5BSS6,B006AW6RVI,is a red t-shirt with short sleeves,is red and has longer sleeves
toptee,train,toptee_train_03473,B00858C944,B009Q2CSGM,Has a more open neckline and is brighter,has a lower collar
toptee,train,toptee_train_03474,B00C7CTF4Q,B00C7CTGH2,is darker,is black and white striped design
toptee,train,toptee_train_03475,B008PJH4AM,B0046BKGDK,has long sleeves and is less beachy,is green with four buttons
toptee,train,toptee_train_03476,B008H3XWAW,B009YLBTS8,The tank top is black with white and red writing.,has shorter sleeves and is darker colored
toptee,train,toptee_train_03477,B006Z8HDB0,B008LV14OG,is black, one center graphic display
toptee,train,toptee_train_03478,B002L5WLSQ,B00937VXMK,Has a largo graphic,Is less colorful
toptee,train,toptee_train_03479,B007WA1UDW,B009ZL4VO6,has three different colors and short sleeves,is off-shoulder
toptee,train,toptee_train_03480,B008MC23F8,B008MC2IW6,is more revealing,has no sleeves and a different graphic
toptee,train,toptee_train_03481,B009ZGP7B2,B009ZYW9T2,is darker and scarier,is darker in color and has bloody face gaphic image
toptee,train,toptee_train_03482,B00D0J9X38,B00D1PSCP6,Is navy and not lacy,is navy with no lace
toptee,train,toptee_train_03483,B0061JOPVE,B005RO5VQC,has short sleeves,is green with short sleeves
toptee,train,toptee_train_03484,B007DY26EY,B003WY85O4,is a black color shirt with a green image,is black colored with green graphic design
toptee,train,toptee_train_03485,B00E9QTYNU,B00EOLBOEM,is lighter,Has a music themed graphic and is white.
toptee,train,toptee_train_03486,B005EE2QPY,B00873FW6Y,is white,is a red sweater tee.
toptee,train,toptee_train_03487,B00935OOPK,B006R7FMOE,is lighter,has shorter sleeves and text on it
toptee,train,toptee_train_03489,B0010ZFN10,B0050TRGN0,has sleeves and a darker color,has v neck and sleeves
toptee,train,toptee_train_03490,B005BNZ9XY,B0078ZGD3S,has longer sleeves and transparent,is longer sleeved
toptee,train,toptee_train_03491,B00EYKD2GG,B00GHZ4JZO,has shorter sleeves,is sleeveless
toptee,train,toptee_train_03492,B008HRDWQC,B000V3A31M,is a blue t shirt,light blue
toptee,train,toptee_train_03493,B007DCYHDE,B00BGEGPK8,The shirt has black and white stripes.,s grey and black with longer sleeves and rounded neck
toptee,train,toptee_train_03494,B003DZ4HIK,B00BYGDTX4,is more youthful and less feminine,is a red t-shirt with graphic
toptee,train,toptee_train_03495,B007ZLEK2Q,B0036Z2CJI,Is red and has a large graphic,is pink and has words and an image on it
toptee,train,toptee_train_03496,B006869IDA,B008FWDN6I,is yellow and less revealing,light brown color
toptee,train,toptee_train_03497,B0040NQ17O,B004AHL17K,is tighter fitting,is black not see thru
toptee,train,toptee_train_03499,B0072LBQLM,B008RD6WH2,is less tight and more comfortable,has a scoop neck
toptee,train,toptee_train_03500,B00BMVU92A,B009GPIXSQ,Is more lacy and revealing,is white and less revealing
toptee,train,toptee_train_03501,B008D4VV5I,B00BGFWDQ2,is sleeveless and white with designs down the side,has shorter sleeves
toptee,train,toptee_train_03502,B003B3B9IK,B003B3HNTE,has shorter sleeves with brown color,brown with orange text
toptee,train,toptee_train_03503,B008MUS764,B00A0NDY5K,is black colored and has sleeves,is black short sleeved
toptee,train,toptee_train_03504,B0042AIRDG,B008X03FNI,Is more elegant and chic,is darker and has long sleeves
toptee,train,toptee_train_03505,B00BFFGM4C,B0085C9XCQ,It has a pattern and longer sleeves.,Has longer sleeves
toptee,train,toptee_train_03506,B001TLM3KO,B00BQMEQLU,has shorter sleeves without collar and buttons and is beige,Is lighter & has shorter sleeves
toptee,train,toptee_train_03507,B00AU4FOYI,B008L6EA8S,The shirt is white at the top and green at the bottom.,is short sleeved
toptee,train,toptee_train_03508,B002FJLHYC,B0080DDQ6Y,is a silver ring,is a ring
toptee,train,toptee_train_03509,B00CIE83LO,B009NKCHXQ,is white crochet and short sleeve,is long.
toptee,train,toptee_train_03510,B0050GA1YE,B006P4BWSE,has shorter sleeves and stripes,has more stripes and shorter sleeves
toptee,train,toptee_train_03511,B00B0QGSA4,B008MNN1HQ,is pink colored and shorter sleeves,is pink and short sleeved
toptee,train,toptee_train_03512,B00DPLWAO0,B00EI4GWNI,Is more lacy and white,is white and lacey
toptee,train,toptee_train_03513,B004RUF8F6,B0042YIA3E,is sleeveless and dark green colored,is sleeveless and more sexy
toptee,train,toptee_train_03514,B00A63297S,B00751B466,Has longer sleeves and is  more elegant,has longer sleeves
toptee,train,toptee_train_03515,B008CQJO4M,B005C2PRJU,has no patterns and a darker plain color,is brown in color with shorter sleeves
toptee,train,toptee_train_03516,B004SGQHG8,B004PVU0QO,is green colored and sleeveless,has more green and is more revealing
toptee,train,toptee_train_03517,B00B2N4PAU,B00ELK28SM,has no sleeves with cheetah dots,has staps and is printed
toptee,train,toptee_train_03518,B00B8RGLUC,B003U4T928,is a white colored shirt with a popular restaurant art,Is whiter with red words
toptee,train,toptee_train_03519,B006VYY4J2,B002BJCES4,is green and more tight fitting.,is green with shorter sleeves
toptee,train,toptee_train_03520,B00FE2BTOK,B00G2KL1OG,is sleeveless and beige colored,is printed and shorter
toptee,train,toptee_train_03521,B00B8RGLUC,B0070S5TUG,Is grey and more high cut,is heathered light gray with black font
toptee,train,toptee_train_03522,B0003022K8,B0053ZPB6U,The camisole is grey in color.,is a strapped grew tank.
toptee,train,toptee_train_03523,B00AY1UHO4,B000YWKHPM,is lighter shaded,is a lighter shade of white
toptee,train,toptee_train_03524,B008IGABDO,B006UHAAAC,Is brighter in color and has no buttons, longer and longer sleeves
toptee,train,toptee_train_03525,B008G0KSXK,B00CQRSRD2,The shirt is sleeveless and white and blue in color.,is almost same
toptee,train,toptee_train_03526,B007TVKE5O,B00B73HL42,is black with no sleeves, longer sleeves
toptee,train,toptee_train_03527,B005NY6AWU,B004XFX7GC,is less bold in color and not as geometric,is grey and shorter
toptee,train,toptee_train_03528,B00FJW3HAE,B00683X1HC,is grey and has small neck,light colored with one colored graphic on it
toptee,train,toptee_train_03529,B008QYZPSY,B00AC49V9U,is darker,is darker
toptee,train,toptee_train_03530,B009TLKX1M,B008FXJ460,has floral and no sleeves,his sleeveless and less animal print
toptee,train,toptee_train_03531,B00080O77O,B000YWMD68,The tank top is yellow in color.,is a solid yellow top with stringed straps.
toptee,train,toptee_train_03532,B00BQTQBVG,B000JCBB2U,Is more colorful  and whimsical,has no sleeves and is patterned blue
toptee,train,toptee_train_03533,B004445M8I,B008L6YPGA,has a looser fit with print and straps,is blue and printed and has thin straps
toptee,train,toptee_train_03535,B00CX0FBEU,B00B9DYVZC,wording is black is gray,is a grey top with black print.
toptee,train,toptee_train_03536,B003BRABNU,B0014JXKBC,has short sleeves and is dark grey,is silver with short sleeves
toptee,train,toptee_train_03537,B0066PVM0K,B005F9O1WE,is pink and has longer sleeves,is brown in color with longer sleeves
toptee,train,toptee_train_03538,B004R12V3C,B007AO3RQI, and has shorter sleeves,is blue and more junior
toptee,train,toptee_train_03539,B00BB5GUNO,B002IY39D6,has a high neckline,Is looser & darker
toptee,train,toptee_train_03540,B0058YBQL0,B007Z38E6W, pink and black flowers.,is red and longer sleevs
toptee,train,toptee_train_03541,B00A3I6UTE,B009Z3Z71A,is black with white writing on it,is darker
toptee,train,toptee_train_03542,B0050A74FE,B0055OT9IK,is gray and white stripes,has white and grey stripes
toptee,train,toptee_train_03543,B003FF5A9S,B009DL5FPC,is less sheer and is gray,is grey with a velvet effect
toptee,train,toptee_train_03544,B008VY1556,B00B0I90T8,has longer sleeves and is navy,is a purple skin tight tee with sleeves.
toptee,train,toptee_train_03545,B003IKOOF6,B008D0DWLS,has short sleeves and color is blue,longer sleeves black with colorfull art spashes
toptee,train,toptee_train_03546,B00D0JRAT2,B00AA0T57E,is more casual and whiter,is less feminine and has longer sleeves
toptee,train,toptee_train_03547,B00CERDB6M,B003SLEBVC,is blue and a long ruffle,is one piece color black with design
toptee,train,toptee_train_03548,B002ZCXVVQ,B004HFQO1S,is white with longer sleeves and buttons,has longer sleeves and is lighter
toptee,train,toptee_train_03549,B00ENIC5PI,B000VTFVGI,The shirt is white with black writing.,is white
toptee,train,toptee_train_03550,B003U6IPQM,B0055WQMXC,is white and has middle logo,is printed on a white tee.
toptee,train,toptee_train_03551,B007U9250W,B0084IG2YS,a shiny patriotic tight fitting tank,Desired item looks like the American flag
toptee,train,toptee_train_03552,B005GLHXO4,B005HT4N0M,has an inspirational image in the middle,has a picture of einstein
toptee,train,toptee_train_03553,B002CJ1PX8,B005BWNUV8,The shirt is short sleeved and melon in color.,solid color
toptee,train,toptee_train_03554,B00466IBGE,B001V50L1G,is long sleeves and brown,has longer sleeves and is brown colored
toptee,train,toptee_train_03555,B007IVTEPG,B0086CIY6Q,is black with orange designs,Is brighter in color
toptee,train,toptee_train_03556,B001VA3NZW,B00BBKYWU2,The shirt is pink in color.,Is more graphic and less striped
toptee,train,toptee_train_03557,B0076AZZ1Q,B008UALICQ,The shirt is light gray with flowers at the botttom.,has longer sleeves and is grey
toptee,train,toptee_train_03558,B008X0DZO2,B008RXC6N6,is a large blue shirt with double chiffon ruffle bottom,has long bottom and is blue color
toptee,train,toptee_train_03559,B00DDXI6ZC,B001UA336W,is more blue,is blue in color
toptee,train,toptee_train_03560,B00858VVJI,B00C75H86K,is green with black stripes, and belted
toptee,train,toptee_train_03561,B0086CW5QQ,B0009IPXEQ,a dark color short sleeve polo shirt,has short sleeves
toptee,train,toptee_train_03563,B009KRJIN4,B00CEHCBEA,The tank top is white in color.,it is less transparent and has a shorter sleeve
toptee,train,toptee_train_03564,B009MD3SR8,B004PZAB8M,is a black and white one strap dress,is feminine and has shorter sleeves
toptee,train,toptee_train_03565,B0048PI0PK,B002SVF5OU,is a darker color,is black colored and has a different graphic
toptee,train,toptee_train_03566,B002W8CN3U,B003IROW6K,is white with black designs,is white with a graphic
toptee,train,toptee_train_03567,B005XI8IP8,B007VXUIMY,less sleeve,is a black with a Heart Belongs to Me graphic
toptee,train,toptee_train_03568,B005CT2AFW,B00AYDNGBI,is black and white with longer sleeves,is 3/4 sleeve design with black and white colored
toptee,train,toptee_train_03569,B00AY0R0VS,B002SKT3WQ,is blue and has a different foo fighters logo,is a blue tee shirt
toptee,train,toptee_train_03570,B008UU26UY,B003SQKVDY,is more animalistic and has fewer straps,is brown with a graphic
toptee,train,toptee_train_03571,B0076ECDSA,B007F557CO,has lace and is more revealing,is a sexy back top
toptee,train,toptee_train_03572,B00AG3XAZ8,B00AG3Y174,is red colored and has sleeves,is lighter and has longer sleeves
toptee,train,toptee_train_03573,B00CFRYYW6,B0042PSW7C,The tank top is black,is dark colored
toptee,train,toptee_train_03574,B0091J1FPA,B0040NP67K,Is less elegant and more fitted,is white and simply styled
toptee,train,toptee_train_03575,B0039UGS4K,B007N9LQLS,is a black t-shirt with a logo,has pockets and is white color
toptee,train,toptee_train_03576,B005XQ9OS0,B0072BA320,is blue colored and sleeveless,is turquoise tank top
toptee,train,toptee_train_03577,B0053YB5NE,B00BZS7ETQ,is a shirt dress with a photo logo,is darker
toptee,train,toptee_train_03578,B003DKT3NY,B005IDU202,is darker,Has white This is what a really cool grandma printed
toptee,train,toptee_train_03579,B006GK9PJU,B006YJQF5U,is blue with high neck,is blue and white with more sleeves
toptee,train,toptee_train_03580,B001SIKTJ0,B007TCBLMS,The shirt is dark blue with Iron Maiden.,has a larger image
toptee,train,toptee_train_03581,B009F2DNJY,B003IDLULY,is lighter and has shorter sleeves,is more colorful and has dressed Disney character
toptee,train,toptee_train_03582,B00BQM79SC,B000Q5TY7E,The red shirt has a scoop neck.,is solid red colored with a deeper neck line
toptee,train,toptee_train_03583,B00AJJ9XJQ,B0053HJTP2,The black shirt fits very tightly.,is black and elongated
toptee,train,toptee_train_03584,B008B0N8RS,B00BBI98MG,has a darker color with an embellished neckline and a belt,Desired item is purple with waist tie and neck details
toptee,train,toptee_train_03585,B00ANRRSC8,B00ANRRN14,is brown colored and has sleeves,is brown and has long sleeve
toptee,train,toptee_train_03586,B005PXGRMW,B005IL7K7C,is plain black,Desired item is olive green
toptee,train,toptee_train_03587,B00G5E28YQ,B005G4W8YG,is white with text in blue,has more font and less graphic
toptee,train,toptee_train_03588,B0079G6E3U,B0073NCO8S,The shirt is white with large blue stripes.,is sleeveless blue and white colored
toptee,train,toptee_train_03589,B00CDXSSWY,B004RF6I3C,The tank top has black and white polka dots.,has thin straps
toptee,train,toptee_train_03590,B004Y6S2JC,B004Y6J2OQ,has a lighter color and a different text print,is white with black text
toptee,train,toptee_train_03591,B002MQE8GW,B0070A2Z92,is red colored with longer sleeves,Is red and long sleeved
toptee,train,toptee_train_03592,B008UD24K8,B00AA15CMK,is a darker coral,longer sleeves more red with lacy designs on shirt
toptee,train,toptee_train_03593,B00622RFN0,B0073ZG860,is darker and has longer sleeves,it's pink and loose-fitting
toptee,train,toptee_train_03594,B00EXN42O0,B008G5W0Z4,The shirt is off the shoulders with a blue and pink floral design.,brighter and more floral
toptee,train,toptee_train_03595,B008VEX0PE,B008VEWL2W,is green with red fish logo,is green colored with a different graphic
toptee,train,toptee_train_03596,B00APFSMS2,B00BX9ML36,is sleeveless button up denim with collar,has no sleeves
toptee,train,toptee_train_03597,B003HMMUE2,B00DG9KIRM,flowy top,Solid light purple short sleeved blouse
toptee,train,toptee_train_03598,B00169XAGK,B005I184PY,is green and has a pattern,is green with white marks and a more open neck
toptee,train,toptee_train_03599,B008DIFHJA,B003XDSWUQ,is more casual,has no sleeves and is blue
toptee,train,toptee_train_03600,B00BREI3AC,B00ADG40XO,is more seasonal and less muted,has more print arts and is black color
toptee,train,toptee_train_03601,B00823Y3WI,B00480MNLC,is red colored,red in color
toptee,train,toptee_train_03602,B009Q7WOW0,B0038Q9G5S,is a solid color without text,is darker coloured
toptee,train,toptee_train_03603,B00A7Y6USA,B00D601KCS,has no sleeves and has stripes,has horizontal stripes to it
toptee,train,toptee_train_03604,B006YJE6FG,B009TLKX1M,is a long sleeve shirt with cheetah spots,has sleeves and a leopard print
toptee,train,toptee_train_03605,B0047P1B6Q,B000REM4EE,It is a lighter shirt in white.,Is white and more simple.
toptee,train,toptee_train_03606,B006OVYVIQ,B009XAYIS8,The loose fitting shirt has a scoop neck and is white in color.,is solid cream in color
toptee,train,toptee_train_03607,B007A64J3G,B00EUGCIGO,is green with a belted waste,is black with a belt
toptee,train,toptee_train_03608,B00B9EF9CA,B008BPK80S,is darker with light lettering,is a darker color
toptee,train,toptee_train_03609,B00AEF89QS,B00AEVXWFK,Is solid white,A white fitted no sleeves blouse
toptee,train,toptee_train_03610,B005WAQJPI,B001M2ETJS,has an animal print,is animal-like and is not belted
toptee,train,toptee_train_03612,B005LXFXIA,B0092KO0Z0,is grey colored and sleeveless,is red and has no sleeve
toptee,train,toptee_train_03613,B00AA0Q77U,B00BYE86T8,has a different logo,is less religious and more pop culture
toptee,train,toptee_train_03614,B00EOWOCW2,B00EE0BMZE,is blue with a design, more reveling and tight.
toptee,train,toptee_train_03615,B00818NF50,B008ZBLDAW,is more shimmery and has shorter sleeves,has shorter sleeves and is in tan.
toptee,train,toptee_train_03616,B0065K5IZG,B00CQNO1S6,needs to be more cartoon and less pattern type design,it is blue and it is more casual
toptee,train,toptee_train_03617,B00ECB4K68,B00EZ6ZVWC,is brown with gold belt on the shoulder strap,olive
toptee,train,toptee_train_03618,B003WY85O4,B00893VGLM,is more manly,is red and white
toptee,train,toptee_train_03619,B00D3RB9Y8,B00BMZHCVM,Is pink with no sleeves,pink sleeveless button up pink shirt with collar
toptee,train,toptee_train_03620,B00GAI4I8Q,B00BGG5MRI,pink ruffled short sleeved top,is shorter sleeved and bright pink
toptee,train,toptee_train_03621,B004XMBK0A,B007L3J6EA,is animal print and thinner straps,animal print spaghetti strap shirt
toptee,train,toptee_train_03622,B003R7HFDI,B00FARDLAE,is dark gray with no sleeves,is sleeveless and dark gray
toptee,train,toptee_train_03623,B001UUF51I,B000NNCRHS,is red and sexier,is brown and white with longer sleeves and wavy print
toptee,train,toptee_train_03624,B004I7D3QE,B004I784HC,is solid black,is darker in color
toptee,train,toptee_train_03625,B0074ESOAI,B0089SWQHK,Th shirt is black with white wording.,has a lighter logo
toptee,train,toptee_train_03626,B003N18MJY,B0085KEPD0,has angled hem and has center opening,white top
toptee,train,toptee_train_03627,B00ENOEF1O,B008DBOXYW,has a v-neck with black color,is darker with no collar or buttons
toptee,train,toptee_train_03628,B0041ON1IY,B009YVE8OU,The shirt is blue with cookie monster.,is blue with Cookie Monster on front
toptee,train,toptee_train_03629,B007IRO2WU,B009PKPPX8,is lighter and has longer sleeves,has longer sleeves and is brighter coloured
toptee,train,toptee_train_03630,B004XH5HU4,B00C1LR9I2,lighter color with a looser fit,is longer and is lighter colored
toptee,train,toptee_train_03631,B0081ZQY9W,B001AYEMRW,is darker,is a black crew neck with print.
toptee,train,toptee_train_03632,B00AU4FOYI,B00B4ZI1K6,has slightly longer sleeves with art,is short sleeved and is brighter colored
toptee,train,toptee_train_03633,B00F7FO0OU,B00FDLRMMA,Is black and more casual,has more black and shorter sleeves
toptee,train,toptee_train_03634,B008MAIURU,B0013KZQXC,Is less colorful,is a men's shirt
toptee,train,toptee_train_03635,B00644M112,B0083G2MSG,has shorter sleeves and is blue,is dark colored and plaid patterned
toptee,train,toptee_train_03636,B006CZ6TKM,B0058YBQL0,purple tie dye style v neck,it is  purple and less plain
toptee,train,toptee_train_03637,B002Z8VH7K,B000KD3X5G,The picture is of trains.,is a graphic design with purple and orange detail
toptee,train,toptee_train_03638,B006PD1FSW,B00APITFFS,is pink with no sleeves,Is brighter with shorter sleeves.
toptee,train,toptee_train_03640,B00C30GBO4,B00CTXENE0,is orange colored and plain pattern,it is less flowery and plain
toptee,train,toptee_train_03641,B00BERTYXC,B00CLMFW1M,is sleeveless and black,Is black and is sleeveless
toptee,train,toptee_train_03642,B008ILTGO4,B00C27HC6E,is black with gray designs,is a darker color
toptee,train,toptee_train_03643,B008VIMQW8,B008OINTXA,is green with no sleeves,has no sleeves and green
toptee,train,toptee_train_03644,B00CQ9I1TU,B00E6E548Y,is beige colored only,is more sheer and blousy
toptee,train,toptee_train_03645,B007TYWB98,B005EVCUKI,Has shorter sleeves and a larger logo,is shorter sleeved with different logo
toptee,train,toptee_train_03646,B004I7A8A8,B00FRP8S4S,has longer sleevse and is more casual,has long sleeve and is grey color
toptee,train,toptee_train_03647,B00495YTZE,B005VBR6GY,has longer sleeves,has longer sleeves and is more everyday
toptee,train,toptee_train_03648,B002U2QKAK,B00GOG42VC,is black in color,darker colored with teal text
toptee,train,toptee_train_03649,B00BQKB41W,B00018AARO,is more casual,is paler gray
toptee,train,toptee_train_03650,B00E4RJZ9W,B00BGH7KFY,is colorful with a fitted waiste,is colorful and less revealing
toptee,train,toptee_train_03651,B00A674IX2,B00967K6XY,has long sleeves,it has a longer sleeve and button
toptee,train,toptee_train_03652,B00AML7VDG,B00D6RC02U,is white,is more frilly and chic
toptee,train,toptee_train_03653,B00CXV4SRA,B00DLAGM3U,is a v-neck tee with a floral graphic,Is a deeper color and is more fitted
toptee,train,toptee_train_03654,B009Z41I80,B00BGCY444,is deeply black ring,is a bangle
toptee,train,toptee_train_03655,B000M9FZJK,B00DZXVDVY,has no sleeves and is black,is black and sleeveless
toptee,train,toptee_train_03656,B002SMVKNO,B003WGIGZ0,has a purple color with text and an image,is two navy shirts
toptee,train,toptee_train_03657,B004F3LYI0,B001TN4JVI,is transparent,is dark colored with a pattern
toptee,train,toptee_train_03658,B00ADM1W0M,B004R1RJVG,white and black polka dot shirt,has letters on it
toptee,train,toptee_train_03659,B0060TFUZA,B005KGPENC,is black and no shiny,is black with text on it
toptee,train,toptee_train_03660,B005XGHM20,B006JDEPVW,has longer sleeves,has long sleeves
toptee,train,toptee_train_03661,B007PY6EMW,B00843CALW,is a short sleeve with The Beatles art,is a white tee with The Beatles on front
toptee,train,toptee_train_03662,B007E8II6O,B003AM7V8O,The shirt is brown with white lace trim.,is brown with a frilled v-neck
toptee,train,toptee_train_03663,B003MENJE0,B003TRKOZW,The shirt is black with the Eclipse characters.,has a blue and gray Eclipse design
toptee,train,toptee_train_03664,B00BQMZ6SW,B0087AYPOW, yellow and blue in color.,is red and short sleeve
toptee,train,toptee_train_03665,B005FAOHDQ,B003ZW8NL8,The halter top is low cut and red in color.,is a tight red halter top
toptee,train,toptee_train_03666,B009AGKOJM,B00B5TUDRA,is grey and more vintage,Is shorter
toptee,train,toptee_train_03667,B004KNXBHM,B00AO5SETA,is darker and has shorter sleeves,is purple
toptee,train,toptee_train_03668,B008NF7RZA,B004I5BSS6,is more solid and less floral,is black in color
toptee,train,toptee_train_03669,B00BQN21BG,B008H3VK38,has a longer fit.,is sleeveless and taupe
toptee,train,toptee_train_03670,B007GO86OU,B00D62FQ6W,is red white an blue in color,is more patriotic
toptee,train,toptee_train_03671,B00CBBFRCM,B00F5Q8ML8,has longer sleeves,tigher fit
toptee,train,toptee_train_03672,B004PZAB8M,B00BGVRM44,is a sexier casual outfit,has a pink color
toptee,train,toptee_train_03673,B008ZB1EHY,B007Q273FA,is a solid red color,is solid red
toptee,train,toptee_train_03674,B006Z1HSUI,B006OUIRQO,yellow top with black tightd],is yellow and wavy
toptee,train,toptee_train_03675,B007XQWVN8,B007ZQJBHU,is an animal print with sleeves and v neck,is animal print
toptee,train,toptee_train_03676,B005NY6Q0Q,B005NY6JNA,Is dark brown with a gold trim,is darker and pink instead of white.
toptee,train,toptee_train_03677,B008FWDN6I,B008FWGFUY,is yellow with larger black designs,has a rounded collar to it
toptee,train,toptee_train_03678,B004DB7JYC,B00A5EW4PU,is a white t-shirt with male motif for the Steelers,same but white
toptee,train,toptee_train_03679,B00B5XGUW8,B00GBMS3QE,is long sleeved and a darker color,it is dark color with long sleeve
toptee,train,toptee_train_03680,B003LR3ES4,B00BFXG0HI, black and red in color.,has green colored sleeves
toptee,train,toptee_train_03681,B0003022K8,B006IJTZGC,is black with hand and foot prints,is black and more humorous
toptee,train,toptee_train_03682,B003UERGC8,B004LYRIH4,is lighter and has shorter sleeves,has a greenish color
toptee,train,toptee_train_03683,B0052FQKVG,B008Y3BGTY,is gray with dark gray designs,is yellow
toptee,train,toptee_train_03684,B0081RR02K,B008UYXL90,is letter logo and deeply black,has less imagery
toptee,train,toptee_train_03685,B00BF72LP4,B0014K0CXA,has shorter sleeves and less purple`,is more solid colored
toptee,train,toptee_train_03686,B008BO3TZU,B001U2W6SQ,is more of an undergarment,beige strapless bra
toptee,train,toptee_train_03687,B004L6JCR6,B00590J8MC,rulled and flowing purple with white piping neckline,is purple in color
toptee,train,toptee_train_03688,B004A15URI,B00C17PM6M,is red with no sleeves,is solid burgundy
toptee,train,toptee_train_03689,B008LN2IY4,B005AJC6K8,has shorter sleeves and is darker colored,is black and has shorter sleeves
toptee,train,toptee_train_03690,B007R0I1UC,B00C51HF46,has more words,has more text
toptee,train,toptee_train_03691,B008BL4ZUQ,B0077BSUZC,is gray with gold designs,is more loose and less chic
toptee,train,toptee_train_03692,B007XD6FJW,B008FZO6CU,is more casual and monochrome,Is more casual and has a decal
toptee,train,toptee_train_03693,B00D4T7L3S,B006ZQW9Q6,is greener with a different image,is mint green with a smaller design.
toptee,train,toptee_train_03694,B005OCK7IO,B004LE9Q1A,has white color with blue and pink color image,is white and fuller
toptee,train,toptee_train_03695,B005EPI12A,B0042TNOQW,is gray,is lighter in color
toptee,train,toptee_train_03697,B0089OA4MI,B0089OAOS2,Is brighter with more colors,is darker blue with more colorful image
toptee,train,toptee_train_03698,B007ZN3YAS,B008646CL8,is white colored and plain pattern,is solid colored ans has a draped neckline
toptee,train,toptee_train_03699,B001GVJWZQ,B002NKMILY,has no sleeve with layered texture,has thicker sleeves and is black
toptee,train,toptee_train_03700,B007909MIU,B007909K3M,has a v shaped neckline and is floral,is lilac and purple with yellow  trim
toptee,train,toptee_train_03701,B00823Y3WI,B00480IRDU,is teal colored,is green and short sleeved
toptee,train,toptee_train_03702,B005LMYZYY,B004I5A3AK,has a straighter neckline,is the same
toptee,train,toptee_train_03703,B00AF2OMMK,B009LEFYL6,is plain white, a darker solid color and has long sleeves
toptee,train,toptee_train_03704,B00F1RMRZ8,B00GQPQT5S,is maroon in color,is red burgendy in color
toptee,train,toptee_train_03705,B006HHA9II,B00C40VOZE,is floral with no straps,is strapless and has floral pattern
toptee,train,toptee_train_03706,B007A8YI0S,B008ATLNRC,The low cut shirt is melon in color.,is brighter in color
toptee,train,toptee_train_03708,B0070TQ18O,B004LQ0D2Y,is grey and less wordy, cropped just above the waist
toptee,train,toptee_train_03709,B007SV9DUM,B007SV9CN0,The shirt has capped sleeves and a ruffled collar and is yellow.,is mainly yellow in color
toptee,train,toptee_train_03710,B00CIZLMZM,B005E1HS9G,The shirt is blue and yellow.,is navy
toptee,train,toptee_train_03711,B00C64L020,B004V6PYSM,Is yellow with stripes,is striped and more revealing
toptee,train,toptee_train_03712,B002FKAFX0,B00336ELU8,is more revealing,has shorter sleeves and is dark coloured
toptee,train,toptee_train_03713,B008VQ6R7A,B00ARRFBMS,It's a brighter shirt with pattern and no sleeves.,Has shorter sleeves and
toptee,train,toptee_train_03714,B00C9AIU4W,B00BM1S2CY,The shirt is black in color.,is jeans on the bottom
toptee,train,toptee_train_03715,B00AE9XF9K,B00A4MU06S,is lighter,Has no buttons and is more opaque
toptee,train,toptee_train_03716,B009ZYVKCY,B00726LH7A,has a black color shirt with an image and text,is black colored and yellow graphic design
toptee,train,toptee_train_03717,B005TFCUZY,B000JI5NY6,is black with white designs,has chicken graphic and black background
toptee,train,toptee_train_03718,B00DS0NOP2,B00D2LRBNI,has more sleeves with a heart image,has bigger straps and is white
toptee,train,toptee_train_03719,B002SIDIZG,B0014K0DL6,Is a shirt,is a blue shirt
toptee,train,toptee_train_03720,B008DPAKS6,B00DFKIB9Y,is looser fitting,is blue and has buttons
toptee,train,toptee_train_03721,B004KJEJC2,B009NIAIC0,is orange and has short sleeve,is coral short sleeved
toptee,train,toptee_train_03722,B000KD3ZWC,B000V999DY,is dark red colored with a logo in beige,is of a darker maroon color
toptee,train,toptee_train_03723,B005I657KO,B002UVGK92,is patriotic with a printed  flag,is darker and has a more simple graphic
toptee,train,toptee_train_03724,B009ERTMKY,B007VG17HG,The shirt is red in color.,short sleeves more reviealing
toptee,train,toptee_train_03725,B000CD8KWA,B00C11UJZM,is white and see through,has shorter sleeves and white color
toptee,train,toptee_train_03726,B00CPEQNU0,B00267HJ2C,is lighter,is purple colored and has a different graphic
toptee,train,toptee_train_03728,B008MP0N4I,B008CPOJGQ,Is blue and not as fitted,is brighter colored and looser-fitting
toptee,train,toptee_train_03729,B005I66VBS,B004U5S9JU,is brown,is lighter
toptee,train,toptee_train_03730,B007Q273FA,B00FQ9VTYQ,is red with black stripes,is darker
toptee,train,toptee_train_03731,B003DZ4HIK,B008FJZF44,has short sleeves,is darker and has a graphic
toptee,train,toptee_train_03732,B00AFOKE2K,B008P37CEG,long white billowy tied in front,is tied in the front
toptee,train,toptee_train_03733,B00BWUM9WE,B001BJ0590,is a white colored bra,white bra
toptee,train,toptee_train_03734,B007E94XZS,B003LPKDS0,is brightly stripes with longer style,has stripe off shoulder and is light blue
toptee,train,toptee_train_03735,B008ID8PT4,B00EZK23LK,is the same,is exactly the same!
toptee,train,toptee_train_03736,B00A9SQILI,B007VZ31IU,is solid black with longer sheer sleeves,has long sleeve and is black color
toptee,train,toptee_train_03737,B00CFRXWS8,B005O7927Q,is less revealing and has ruffles,is longer
toptee,train,toptee_train_03738,B005UVU0QI,B00AZP2X96,is solid purple,off shoulder solid violet
toptee,train,toptee_train_03739,B005U7C0HY,B004NNU8MU,different artists on front,has a different graphic
toptee,train,toptee_train_03740,B007PJEJ7O,B00AANJ648,is see through,is light blue and has large v-neck
toptee,train,toptee_train_03741,B009881AKO,B00EB6PSLU,has two different color stripes with no buttons,is red
toptee,train,toptee_train_03742,B005PXGRMW,B0085U64DO,The tank top is brown and white in color.,is darker and has shorter sleeves
toptee,train,toptee_train_03743,B009LQK978,B005TDI1ZO,has longer sleeves two only two colors,has grey graphics and sleeves
toptee,train,toptee_train_03744,B0081P9WU0,B005O66J8M,is a shiny gray,is darker and shorted sleeved
toptee,train,toptee_train_03745,B00D0J9X38,B00BUTSVD8,is a plastic head mask of a man smiling,richard nickson mask
toptee,train,toptee_train_03746,B0091EINDW,B008OKV3EK,Is a jersey and more wordy,is grey tee shirt
toptee,train,toptee_train_03747,B0038KYK00,B00CIQKXVU,a burnt orange top with v-neck and gold print,is a peach and red color with shoulders and button up.
toptee,train,toptee_train_03748,B003V3N1HC,B0065NHPRW,has no sleeves with two colors,has longer sleeves
toptee,train,toptee_train_03750,B00AECFQ3K,B008CG0CA2,is darker and has shorter sleeves,is a black t-shirt with Team Meatball on front
toptee,train,toptee_train_03751,B00B5UUSZ6,B00B60FFAS, green and pink.,is black colored with white font
toptee,train,toptee_train_03752,B008CG0E6O,B008CG0PX6,is darker,is dark blue
toptee,train,toptee_train_03753,B002ZCXVVQ,B0057TWVIS,has a long tie strap,is shiny
toptee,train,toptee_train_03754,B008X1CECU,B009M6MSDK,is lighter,is white and buttons up
toptee,train,toptee_train_03755,B00A3QPQGY,B0085U9GNE,has long thigh and long sleeves,Is blue
toptee,train,toptee_train_03756,B008CRP1SY,B005NIULQW,The tank top is sheer and pink.,is pink loose tank top
toptee,train,toptee_train_03757,B00BQJVEOA,B00AFTOSUO,is darker and has longer sleeves,longer sleeves black with white flowers
toptee,train,toptee_train_03759,B00CX0FBEU,B007PYF590,is black with different lettering,strap sleeves deep scoop neck keep calm and kill zombies logo
toptee,train,toptee_train_03760,B005988B4A,B00869ZKCK,is less checkered,is darker in color and has no polkadots
toptee,train,toptee_train_03761,B009M99GWS,B00C636OB8,is plain blue and more flirty,Is less fitted and more revealing
toptee,train,toptee_train_03762,B007WA397M,B007WA22IE,has a sheer bow,it is transparent
toptee,train,toptee_train_03763,B00CII53G8,B00CB7TQMI,has big polka dots,Is lighter with polka dots.
toptee,train,toptee_train_03764,B006LUMA6A,B006VJE9Z6,The shirt is white in color with silver embellishments.,has shorter sleeves and satin effect
toptee,train,toptee_train_03765,B008AM703U,B009W8MOMS,is short sleeved with gray stripes,has more stripes and has sleeves
toptee,train,toptee_train_03766,B007V35BPS,B00EE48UV4,is orange with brown polka dots,is dark green and less casual
toptee,train,toptee_train_03767,B00361FLXG,B006GJEZDC,is three quarter sleeves and printed,has an abstract multicolored design on it
toptee,train,toptee_train_03768,B009NKD0EQ,B008F8TEWO,is maroon with low neck,is solid burgundy
toptee,train,toptee_train_03769,B008ZATT9K,B008CPLUPE,is yellow with no sleeves,has yellow striping and is sleeveless
toptee,train,toptee_train_03770,B005CZLKY8,B007ZYFEFK,is black with a low neck and floral,is black with floral print
toptee,train,toptee_train_03771,B008595MDI,B000WK6UN4,The shirt is gray with green and blue writing with balloons.,has short sleeve and is dark grey
toptee,train,toptee_train_03772,B00E5QEB6E,B00BQL1SZI,is more flowing and is less floral,has vertical stripes to it
toptee,train,toptee_train_03773,B002KG4G1G,B002KG5VS8,The shirt is a dingy white.,is a lighter color with no buttons
toptee,train,toptee_train_03774,B002GRX5IE,B00BYRS5UK,Is lighter in color,it is lighter and has shorter sleeve
toptee,train,toptee_train_03775,B00G0U714W,B00127TL32,The pants are blue jeans.,blue denim jeans
toptee,train,toptee_train_03776,B008F4RK6K,B00DUZV0P6,is deeply blue and less revealing, yellow blocking
toptee,train,toptee_train_03777,B009YZNAXG,B00ETJC96Q,has narrower straps and is less sporty,is black
toptee,train,toptee_train_03778,B00C27HC6E,B008QUZ5P6,is darker colored,has a graphic of a scalled animal on it
toptee,train,toptee_train_03779,B00DU6OUES,B00AFXO396,is lighter,is less sexy and more junior
toptee,train,toptee_train_03780,B00BSUEZA2,B00ARI7YXQ,The shirt has no sleeves and is mint green,is light blue
toptee,train,toptee_train_03781,B003YVCBPO,B000F5313I,is plain and more feminine-tailored,is a solid black color
toptee,train,toptee_train_03782,B00DVSCW6I,B00AU8ALRO,is more loose and less revealing,covers with shoulders with rouching at the waist
toptee,train,toptee_train_03783,B003XDSWTW,B008OZT7RA,is gray with long sleeves,is off the shoulder and has longer sleeves
toptee,train,toptee_train_03784,B00BZMR9KQ,B0070QV524,The short sleeve shirt is white with dark color dots.,it has a shorter sleeve and it is less transparent
toptee,train,toptee_train_03785,B00C14GXCW,B003QOL82Q,is darker and has longer sleeves,is less blousy and more professional
toptee,train,toptee_train_03786,B008821506,B0085AKKE8,is green,Is a neon green color
toptee,train,toptee_train_03787,B008OPMZ60,B008ERGB5O,is burgundy and sleevless,Has a colorful animal print and no sleeves.
toptee,train,toptee_train_03788,B00B11ZCMI,B00CDZ5D5W,has thicker straps with off white trim,has short sleeves
toptee,train,toptee_train_03789,B0060B7MEU,B0043G1JMA,has a photograph on it,Is black in color
toptee,train,toptee_train_03790,B0074H9KP8,B00DDTQHTI,The shirt is white,is less feminine and shirty
toptee,train,toptee_train_03791,B007WNCBDC,B004DYZ4XM,The purse is an animal print.,is shiny with two top straps
toptee,train,toptee_train_03792,B006OCB7RS,B00BQKJRKM,The tank top has a multitude of abstract colors.,has more colors and no sleeves
toptee,train,toptee_train_03793,B0044ML34W,B007P39KXS,is white colored and has shorter sleeves,white in color
toptee,train,toptee_train_03794,B000X1MC2U,B000EOZ4OO,has a miniature schnauzer,has a different graphic
toptee,train,toptee_train_03795,B006L1F72I,B0084DQXMO,has no sleeve with lighter color,has no sleeves and a lighter color
toptee,train,toptee_train_03796,B009F0I1OS,B005PUESMQ,is blue with long sleeves,has longer sleeves and is darker  coloured
toptee,train,toptee_train_03797,B006L1F72I,B006B98IRQ,is a multiple color stripe shirt,has stripes and just a round neck.
toptee,train,toptee_train_03798,B00AWD5DRA,B00CHNSX20,has a bright color,Is grey in color
toptee,train,toptee_train_03799,B001Q4T4FG,B00DESVXXI,is lighter,is teal
toptee,train,toptee_train_03800,B007E687OY,B007N6CLY2,is more shher,has white fringe and more sheer.
toptee,train,toptee_train_03801,B00C7AFSHQ,B00BP61NTU,is lighter,is blue and less revealing
toptee,train,toptee_train_03802,B00B0F5CUC,B006ZQVYOY,The shirt is light gray in color.,is green
toptee,train,toptee_train_03803,B003IG9S8S,B008B803IC,has a cape and is less fitted,has a cape and is lighter blue
toptee,train,toptee_train_03804,B007A8SRWI,B00E3ZOP68,is tight and colorful,is bluer and has shorter sleeves
toptee,train,toptee_train_03806,B008FWGFUY,B002XA892G,is blue and says Ford racing,is darker and says ford
toptee,train,toptee_train_03807,B00ABG13BI,B0026JOLEY,is yellow and has shorter sleeves,Is bright yellow and belted
toptee,train,toptee_train_03808,B00802A0BE,B00CCE6E02,is less revealing and brighter,has thicker straps and curved pattern
toptee,train,toptee_train_03809,B007KLD3QA,B000E791T0,Is brown and patterned,is brown.
toptee,train,toptee_train_03810,B00B3FQO10,B00B584ZTI,is more structured.,is in floral lighter colors.
toptee,train,toptee_train_03811,B00E8D8EA8,B005DPQCLI,is darker with smaller sleaves,is black colored with shorter sleeves
toptee,train,toptee_train_03812,B005NX237M,B007ABAJLW,has darker background and less vivid,Is darker and less boldly colored
toptee,train,toptee_train_03813,B005NY61CE,B004XFWZWY,The shirt is long and white in color.,Is white and has long sleeves and a vee neck
toptee,train,toptee_train_03814,B003TJA33I,B008A4P7N8,Has longer sleeves and is less colorful,is black with longer sleeves
toptee,train,toptee_train_03815,B00FJ0GUSM,B00G1BOPK8,The shirt is yellow with a minion.,is yellow and has short sleeve
toptee,train,toptee_train_03816,B008OPMZ60,B009QWJ3VU,Is more revealing and comfortable,is cream with blue collar
toptee,train,toptee_train_03817,B0055WQMXC,B007N0M4XQ,is blue tank style with a slimmer fit,has no sleeves
toptee,train,toptee_train_03818,B000EOZ4OO,B000EP4R28,has a short sleeve with a picture of a dachshund, lighter colored
toptee,train,toptee_train_03819,B00F63UTBG,B00FN55IL8,is more of a bag and less of a hoddie,is a hand bag and a different color
toptee,train,toptee_train_03820,B0056ZMWUA,B00CAC5RTA,is more colorful,has pink and patterned design
toptee,train,toptee_train_03821,B00ATHI7P4,B00CWMEHK8,is teal colored with longer sleeves,is longer and does not have horizontal stripes
toptee,train,toptee_train_03822,B00BSR948S,B00CDYGV8G, white and blue strips.,Has no sleeves and is black
toptee,train,toptee_train_03823,B00BNQV6D0,B00B9R55EE,is black an white striped with a red heart,striped
toptee,train,toptee_train_03824,B008Y2R7TS,B005MRTTS0,is a T-shirt with two skeletons,has sleeves with white image
toptee,train,toptee_train_03825,B005OCGG5C,B0091CUJRC,is black with white words,is black with longer sleeves and white lettering
toptee,train,toptee_train_03826,B001BZCPPG,B002ES10LO,has a simpler but larger saying,Is browner with a squarer print
toptee,train,toptee_train_03827,B00CYBH28Q,B00CBSVA8A,has long sleeves and a large colorful graphic,Has longer sleeves & larger words
toptee,train,toptee_train_03828,B001VH7V1M,B00A6UKL4Y,is more witty and and less revealing,is pink and has text
toptee,train,toptee_train_03829,B006NKNNNM,B003R0N2QY,The shirt has short sleeves and is blue in color.,solid aqua
toptee,train,toptee_train_03830,B00EOWOCW2,B00B78VUXU,is lighter,is lighter
toptee,train,toptee_train_03831,B00A9SQILI,B0078LIZZG,is darker in color and shorter sleeved,it has no collar and a darker color
toptee,train,toptee_train_03832,B006THRV2I,B008J4UNWE,is more revealing with floral prints,it is flowery and less plain
toptee,train,toptee_train_03833,B0055HNQYA,B00AYZFOZC,The tank top is white with a black skull.,is a darker color
toptee,train,toptee_train_03834,B0019FG6Q2,B00BSS1066,has lace up and shorter sleeves,Is more graphic and less formal
toptee,train,toptee_train_03835,B002DBTW3K,B006LPWKYC,is white and more casual,is much lighter in color
toptee,train,toptee_train_03836,B0058Y7KSS,B004T7XFCK,is orange and has shorter sleeves,is pink and has short sleeve
toptee,train,toptee_train_03837,B00BSL39KI,B006OW1AZ2,The shirt is black with character of a lady.,has graphic of kneeling woman and black background
toptee,train,toptee_train_03838,B004T1C2XO,B005YUC2ZM,is a bit darker,has shorter sleeves
toptee,train,toptee_train_03839,B00ADX6MUQ,B00AZOSAEE,has a scoopneck and is white,is lighter in color
toptee,train,toptee_train_03840,B002B2PXLQ,B0073WYOCS,has a different image and is looser,has a white color base
toptee,train,toptee_train_03841,B00CSKIRX2,B00BV1Y6QG,Is more sheer and brighter blue,Is more sheer and sexy
toptee,train,toptee_train_03842,B00CC3LRVE,B00CC39AIQ,is purple colored,is purple
toptee,train,toptee_train_03843,B008UCT3W6,B009089AMC,is a red slim-fitted blouse with black spots, but just a blue tee.
toptee,train,toptee_train_03844,B004UO4JH2,B0048P1912,has no graphics with cut out long sleeves,off shoulder
toptee,train,toptee_train_03845,B003U6XWJW,B004GTMWGQ,is green colored with more textures,Is green and more revealing.
toptee,train,toptee_train_03846,B00FJW6LX4,B007PY6FJ4,is the same,is darker black colored
toptee,train,toptee_train_03847,B00BY6G616,B008DEXNMW,The shirt is black with animal print.,is black based short sleeve shirt
toptee,train,toptee_train_03849,B002YQ2Y02,B009YE21V4,has black and white stripes,has horizontal stripes to it
toptee,train,toptee_train_03850,B00B1ORC1E,B004E7LYH8,is short sleeve bold print,bigger sleeves black base and colorfull artwork
toptee,train,toptee_train_03851,B005I657KO,B002WEXIOM,has letter logo and color is black,Is darker with a smaller graphic
toptee,train,toptee_train_03852,B0089R0HT0,B00EV2DU1O,is green colored,has a light green color
toptee,train,toptee_train_03853,B009M95NHA,B0094IJITI,has a shorter sleeve and black color,is darker in color
toptee,train,toptee_train_03854,B0089ODSU8,B006X7ND5I,is darker,is lighter
toptee,train,toptee_train_03855,B00B9HDD6Q,B00BQ0J6I0,Is more revealing and less plain,has thicker straps and black dots
toptee,train,toptee_train_03856,B00F5BJYJM,B00GT43882,is darker and longer,is black and longer
toptee,train,toptee_train_03857,B007P5IIL6,B007P5IF1Y,The shirt is black with colorful flowers.,is a darker blue with yellow pattern
toptee,train,toptee_train_03858,B00DP7FY60,B00AANHWGC,is white colored and plainf design,Has longer sleeves and is less floral
toptee,train,toptee_train_03859,B004ZYEGZW,B005WAQJPI,has long sleeves with a black belt,is black and white with long sleeves
toptee,train,toptee_train_03860,B0083VXYY2,B0083VXYKG,The shirt has long sleeves tight fitting and white.,white
toptee,train,toptee_train_03861,B00CFRV2FI,B0089INQRO,has blue stripes with flowers,is a floral tee with only shoulder straps and in floral design and blue and white lines.
toptee,train,toptee_train_03862,B00751B466,B00764D2Z8,is purple with less sleeves,is solid purple
toptee,train,toptee_train_03863,B00ANGVAIW,B0044BD7LK,is white with gold designs,is just striped silver and white instead of a button up.
toptee,train,toptee_train_03864,B008ID8TTA,B009PNT16M,this white dress looks too adult,has more horizontal stripes
toptee,train,toptee_train_03865,B003TINZU2,B000V3X3MS,has a darker color and a collar,is black with high collar
toptee,train,toptee_train_03866,B0060XEIJK,B008NFKL80,is sleeveless and less bright,a black and white tank top
toptee,train,toptee_train_03867,B00DHNG3LW,B00EE0DLOE,The shirt is black in color with a skull.,is more designer and plus size
toptee,train,toptee_train_03868,B00C30MUDU,B00CBNJVT0,has spagetti straps and more colours,is sleeveless and orange with florals
toptee,train,toptee_train_03869,B00EO979Q6,B008EX0LWM,a man's short sleeve,is black with collar
toptee,train,toptee_train_03870,B0074BJHG6,B0074DUG46,is darker and has longer sleeves,has long sleeves
toptee,train,toptee_train_03871,B004EBUT8E,B004EWEOZM,is sleeveless,is lighter and has shorter sleeves
toptee,train,toptee_train_03872,B00CQ9HUMY,B00CY1C95M,has abstract colors and sheer,is not buttoned or collared
toptee,train,toptee_train_03873,B005GT1AI6,B00C65T63O,is blue colored and has shorter sleeves,Is less ruffled and more patterened
toptee,train,toptee_train_03874,B00A78X7GY,B0080DLGRK,is red with shorter sleeves,is pink with buttons
toptee,train,toptee_train_03875,B00C7WO01Y,B00AG98M28,has mid arm sleeves and more casual,is more bold and has sleeves
toptee,train,toptee_train_03877,B0093ADVUE,B0090U7TP0,The shirt is long sleeved and black in color the skirt is also black.,it is more black and has a v neck
toptee,train,toptee_train_03878,B004Q7FU6W,B008X1A2QK,is more pattterned and more feminine,is graphic and has shorter sleeves
toptee,train,toptee_train_03879,B005FIRV3G,B004LWZNEG,Is less casual and a darker color,is purple with sleeves
toptee,train,toptee_train_03880,B00CX0FBEU,B00C9MZ0QQ,Doesn't have sleeves and is black,is sleeveless and bolder font
toptee,train,toptee_train_03881,B0012OHKBU,B007VWVALI,is white striped v neck,is beige color with stripes
toptee,train,toptee_train_03882,B003HKDPJI,B00B4WK7Y2,is orange colored shirt,is dressier looking
toptee,train,toptee_train_03883,B00AONTQIA,B008Y9ZWT8,is more red in color and not as baggy,has shorter length and floral pattern
toptee,train,toptee_train_03884,B0098813OC,B0074Z9MWG,is a short sleeve with navy blue color and flower patterns,Black/blue patterned short sleeve blouse
toptee,train,toptee_train_03885,B00F5BIRK4,B003LR5C16,has shorter sleeves and more casual,is a gray short sleeved tshirt
toptee,train,toptee_train_03886,B000QHHX8E,B005UXBQ0U,The shirt is green,is a blouse with blue
toptee,train,toptee_train_03887,B00AFJA89O,B00BHBJ94E,is lighter,is red with a cobra on front
toptee,train,toptee_train_03888,B00C7BQSGK,B004JHK20S,has white,is a white tee with a black print.
toptee,train,toptee_train_03889,B000JVKHLW,B002B2RZC6,green with a more cartoon graphic,has more green
toptee,train,toptee_train_03890,B00BE2MU7Y,B00BGYOR0S,is black sleeveless with some stripes,has no sleeves and is dark grey
toptee,train,toptee_train_03891,B0097XFSQW,B0097XLTQ0,brown in color,has more brown
toptee,train,toptee_train_03892,B005NFRJ5G,B0085S8Z4M,has small neck and color is grey,is gray with a red BAYSIDE logo
toptee,train,toptee_train_03893,B00858OAYQ,B00BVX98KS,is a tan loose tank top,is a tank top
toptee,train,toptee_train_03894,B008UAE2LA,B008UABQUA,more pink and striped,is pink and has short sleeve
toptee,train,toptee_train_03895,B00DCAKEME,B00EZIWRSQ,is more white and black,is darker printed
toptee,train,toptee_train_03896,B001VSUR6C,B00BYINDCE,has a brighter color and less text,is red with black text
toptee,train,toptee_train_03897,B008B8TSTW,B008DVFJP4,has cursive writing,has a few more logos and a button
toptee,train,toptee_train_03898,B00DSRTC56,B00AZWZD6Y,is a blue short sleeve shirt with text,is lighter
toptee,train,toptee_train_03899,B00B2SZLFS,B002BUX14E,longer sleeves and white,is lighter and has longer sleeves
toptee,train,toptee_train_03900,B007L3WX6I,B007ZXSG7Y,is more transparent,is folral printed
toptee,train,toptee_train_03902,B009NMI1O8,B0027C377C,is tan and has more coverage,is full covered and nude colored
toptee,train,toptee_train_03903,B0091E4LXI,B003UYT6U8,has longer sleeves,has longer sleeves and open neck
toptee,train,toptee_train_03904,B00B1CRP6S,B00B1AG9OE,Is more plain and has no sleeves,has no sleeves
toptee,train,toptee_train_03905,B008UD160M,B00A4MRL6U,is lighter and has longer sleeves,is a more muted color pattern
toptee,train,toptee_train_03906,B0009GBY64,B000OBPQ4A,has off-shoulder and color is blue,Has spaghetti straps and is light blue
toptee,train,toptee_train_03907,B008LN2IY4,B000BW91TI,blue and shorter sleeved,is navy blue and shorter sleeved
toptee,train,toptee_train_03908,B006JX91BG,B00HGANTN2,is black colored,is a black screen tee
toptee,train,toptee_train_03909,B00BZI4LJC,B007JHBVW8,is black with two words,has a looser bottom
toptee,train,toptee_train_03910,B006Z8EDKY,B00557PB0C,has half sleeves and is grey,is grey and full fit
toptee,train,toptee_train_03911,B007S3U6FG,B00806MHG6,is white colored,is white
toptee,train,toptee_train_03912,B007INLG8C,B0080Q773Y,is darker and has longer sleeves,has sleeves
toptee,train,toptee_train_03913,B00980L69C,B00BQOSQA0,has shorter sleeves with a tie,is red with short sleeves
toptee,train,toptee_train_03914,B008S0EUR8,B00A36K3FI,The shirt is white with blue fringe., smooth leather with buckles
toptee,train,toptee_train_03915,B00BGD1H98,B007IUTGL4,The tank top is purple in color.,is strapless with bright purple
toptee,train,toptee_train_03916,B008YDEOTI,B008KYGNNQ,has an animal print,has cheetah print and short sleeves
toptee,train,toptee_train_03917,B00A13FZU6,B0083E6JXM,has shorter sleeves with more colors,is more bright
toptee,train,toptee_train_03918,B0094EIGJU,B007WA2QR6,is more frilly and brighter, more yellow floral print
toptee,train,toptee_train_03919,B002ONVPZK,B002GX90CI,has a shorter neckline and an older graphic,is darker black in color
toptee,train,toptee_train_03920,B008YDEIGW,B007XOO2IW,The tank top is tight and is green in color.,has a solid color and is darker
toptee,train,toptee_train_03921,B00BM27X46,B007WAFIEE,is more colorful and darker,is blue toned with animal print
toptee,train,toptee_train_03922,B005OCCSCC,B001NXQ6HE,is red and has no logo,is a red polo
toptee,train,toptee_train_03923,B005U5WGGQ,B005TGNVWO,is less fitted and less sports company related,is a loose fitting tshirt
toptee,train,toptee_train_03924,B003ILX9QK,B003ILZ6N4,is sleeveless and blue colored,has a brick patter print
toptee,train,toptee_train_03925,B009CHHUSC,B008RNI19Y,has 'softball' written on it,has only white text on it
toptee,train,toptee_train_03926,B006Z8HDB0,B008LV15RM,is black, one center graphic display
toptee,train,toptee_train_03927,B002LOGFO8,B008NA96EA,has a different graphic, lighter color
toptee,train,toptee_train_03928,B0071C6AYK,B003UV76W6,The shirt is tan,is lighter
toptee,train,toptee_train_03929,B00CM2Y3WA,B0077SKW2Y,is off-shoulder and less black,is a tube top
toptee,train,toptee_train_03930,B008B65RPI,B005EVCS6E,is more fuller and masculine,is large and has white letters.
toptee,train,toptee_train_03931,B008EOXM7W,B008435IOI,has shorter sleeves and image of a skull,is a black tshirt
toptee,train,toptee_train_03932,B0082WWI2Q,B006UR0E9O,is light colored with horizontal stripes, is patterned and is a darker color
toptee,train,toptee_train_03933,B008DVX0LY,B008JYNJKW,is lighter pink, black draped
toptee,train,toptee_train_03934,B007EMVXTE,B009LII5D6,The shirt is rose colored with short sleeves.,it is more red
toptee,train,toptee_train_03935,B002ZXV9GO,B006VIADMA,gree tee with wording,is green with blue lettering
toptee,train,toptee_train_03936,B008Q7ZGHG,B00B5ADQL4,has no sleeves and no art,has sleeves
toptee,train,toptee_train_03937,B00DBDSYMO,B00E4RJZ9W,The tank top is multi-colored.,it has a wider strap and it is more loose
toptee,train,toptee_train_03938,B00B2R4WRM,B00CXZB16W,is black and has tiny hips,has larger graphics
toptee,train,toptee_train_03939,B00BF60Z8K,B00G04OATM,is more casual,has more blue in it
toptee,train,toptee_train_03940,B007N00QJ0,B007N00VQ8,is white with blue design,is yellow and has asymmetrical shoulder straps
toptee,train,toptee_train_03941,B00E3T0B3U,B008Y2L6SG,has more blue,is blue colored with a different graphic
toptee,train,toptee_train_03942,B0067MIQEW,B00B0AUDNS,is black and white colored,has more stripes on it
toptee,train,toptee_train_03943,B00BY3K1GU,B0041PFUSM,has no sleeves,is checkered with no sleeves
toptee,train,toptee_train_03944,B007DO1CDK,B007DO0S8K,is beige colored and has images of butterflies,butterfly graphics
toptee,train,toptee_train_03946,B009NKCHXQ,B00CIE83LO,The shirt has not sleeves and is white with lace.,is sleeveless and ruffled
toptee,train,toptee_train_03947,B008X0EWJY,B008OW9124,longer layered grey white with belt,has more open neck
toptee,train,toptee_train_03948,B0046IB5PQ,B004YVONMW,is a vest,Desired item is a trimmed and lined vest
toptee,train,toptee_train_03949,B005OZN0LM,B005J28B7S,has a darker color and longer sleeves,has long sleeve and is dark purple
toptee,train,toptee_train_03950,B0036WT02I,B0042B3438,is red with short sleeves,has short sleeves
toptee,train,toptee_train_03951,B00858VKU8,B00AYCLF7Q,this one looks too plain,has a rounded collar
toptee,train,toptee_train_03953,B007ZJRTEY,B00BCX4MWG,Has a larger logo,has a larger graphic with red in it
toptee,train,toptee_train_03954,B005MGDMN4,B008CXGS1C,It has more colors and shorter sleeves.,Is more colorful
toptee,train,toptee_train_03955,B00773L1FQ,B000ZLY5MS,The shirt is black in color with white writing.,is black with white lettering
toptee,train,toptee_train_03956,B00DNUX15U,B00C464GUI,is a black short sleeve cropped top,is a fitted tee
toptee,train,toptee_train_03957,B008S0CBMY,B008S0CD9A,pink and has a print,is pink
toptee,train,toptee_train_03958,B008KSSGEQ,B00A6KDFEC,indian style print short gathered sleeves,comes in short sleeves
toptee,train,toptee_train_03959,B004OA08AY,B008SBDJRY,has a lace pattern,is short sleeve lace detail
toptee,train,toptee_train_03960,B00D0JOB2Q,B00D0JESV0,Is brown in color,darker colored and brown
toptee,train,toptee_train_03961,B005XID7XG,B00EZOY8T6,is more fashionable,has longer sleeves and less color
toptee,train,toptee_train_03962,B0062SKZYU,B0046OO0AM,has a more simple graphic and shorter sleeves,has a smaller yellow logo
toptee,train,toptee_train_03963,B00B1N6CVG,B008QW7R9Q,has long sleeves and is darker in color,Is black with longer sleeves
toptee,train,toptee_train_03964,B007RMNDQM,B006ZIPNFS,is a darker color,is black with white bottom
toptee,train,toptee_train_03965,B004445M8I,B0081QJLVY,has no sleeves,is white tank top
toptee,train,toptee_train_03966,B008FCATAQ,B00CRLT6ZA,The shirt is a blue tank top.,is blue with longer sleeves
toptee,train,toptee_train_03967,B004UG3Y2G,B005DRRSTQ,has a single sleeve with both straps and is brighter colored,is lighter in color
toptee,train,toptee_train_03968,B008CIQZ5G,B00AFTOSWC,is more scalloped and less fitted,is green and more flowy
toptee,train,toptee_train_03969,B00A13D6V6,B00ESMVYME,is darker,has fitted sleeves and sheer hem
toptee,train,toptee_train_03970,B0085AKKE8,B000OFLWHG,is blue colored and has sleeves, tighter fit and crinkly fabric
toptee,train,toptee_train_03971,B00AU8BILC,B008BHIFLK,has a shorter sleeve with three different colors,shorter sleeve
toptee,train,toptee_train_03972,B009SAS2TY,B00C7YCQ04,has an image of group of people,is more navy blue
toptee,train,toptee_train_03973,B00ANU21C2,B008X05FI6,The sweater dress is gray with black trim.,Is more feminine and longer with long sleeves.
toptee,train,toptee_train_03974,B004I8VCC0,B004TUJBRU,is darker and has shorter sleeves,has short sleeve and is pink color
toptee,train,toptee_train_03975,B00AYV0KPK,B0087CCCZY,is pink and has long sleeves.,is pink with long sleeves
toptee,train,toptee_train_03976,B00AFRW2BS,B0090LLO5U,is more colorful,is a t-shirt
toptee,train,toptee_train_03977,B00CQ9I1TU,B00BYHVWJQ,is asymetrical with different pattern,has an asymmetrical hem and is more patterned
toptee,train,toptee_train_03978,B007G0ZJU8,B00749QXUQ,is orange,is orange instead of white.
toptee,train,toptee_train_03979,B009W6BFJI,B003AM7PTE,is deeply blue and less revealing,has a larger graphic
toptee,train,toptee_train_03980,B004QDCRZS,B002BOFRRE,has shorter sleeves with texts,is lighter with white text
toptee,train,toptee_train_03981,B001V52NSK,B00D5XF13A,is grey fitted t shirt,is darker and has longer sleeves
toptee,train,toptee_train_03982,B008Y3SACU,B008SRKI1I,is brighter in color with shorter sleeves,is pink with front pocket and 3/4 sleeves
toptee,train,toptee_train_03983,B00FE2CIOU,B00G5PX6NC,Is more revealing on the shoulders and is black,has long sleeves and is blue
toptee,train,toptee_train_03984,B004A15FCI,B004JKBI2G,is black with sleeves and a Jamaica flag on it,has longer sleeves and a higher neck
toptee,train,toptee_train_03985,B008BJSYK0,B004NE8RWM,The shirt is black with white lettering.,is black with white text
toptee,train,toptee_train_03986,B009ZGOTAM,B00BUBUVMA,is grey with a koala,is dark gray and has a koala bear on the front
toptee,train,toptee_train_03987,B0057X9IIU,B005MQFJHQ,has stripes.,has stripes
toptee,train,toptee_train_03988,B00DVWKN8I,B0085M5AUA,is black colored and has sleeves,it is black
toptee,train,toptee_train_03989,B002NUO812,B004VSE9CM,is black with white lettering,is black with with text
toptee,train,toptee_train_03990,B0080E5GLQ,B00D63YH3Y,has shorter hem and more colorful,Pink with green
toptee,train,toptee_train_03991,B00B8YL9KC,B00A3EXUAA,It is a purple shirt with longer sleeves.,has longer sleeves and is more sporty.
toptee,train,toptee_train_03992,B002PZHDTY,B006UQ5PAS,is darker,is blacker and has writing
toptee,train,toptee_train_03993,B006LG8Z6S,B006VFL28M,is red and has v neck,is less evening and more casual
toptee,train,toptee_train_03994,B0077RKRR0,B003BA6JIS,is green with a clover,Is green with rainbow suspenders
toptee,train,toptee_train_03995,B00726LH7A,B00846JBFC,The shirt is black with a cartoon character.,is a black tee
toptee,train,toptee_train_03996,B000X1KNN0,B008395OGU,is blue and no shiny,is more colourfull
toptee,train,toptee_train_03997,B008FXJ460,B006YJQK9Q,is navy blue,is blue and less casual
toptee,train,toptee_train_03998,B00C75GCPI,B00AYCKQZS,lower cut,is white with frills
toptee,train,toptee_train_03999,B00EE0BA3I,B00EE0BN5S,is casual and plaid,
toptee,train,toptee_train_04000,B00E5QEB6E,B00G5TG7Y8,flowing blue v neckline with short sleeves,is satin turquoise with loose sleeves
toptee,train,toptee_train_04001,B002BWQNMY,B0089XVCM0,v-neck striped,has a v-neck style
toptee,train,toptee_train_04002,B009WW13PI,B00AETVQ2S,has shorter sleeves and is more punk,has shorter sleeves
toptee,train,toptee_train_04003,B004KW7PU2,B00COYFX0W,is long sleeve,has sleeves and is flimsy
toptee,train,toptee_train_04004,B00A13H626,B005J6AU4G,is a blouse with straps,is purple with straps
toptee,train,toptee_train_04005,B00BGRRJF0,B009E6Y1N8,is a short sleeve purple shirt,has only two colors to it
toptee,train,toptee_train_04006,B00CEHM94M,B00BZVUVUM,The shirt is black with flower prints.,is black with flowers and shorter sleeves
toptee,train,toptee_train_04007,B0045AW5KO,B003CUKPE6,It is a t-shirt with large print.,is lighter
toptee,train,toptee_train_04008,B00EYN0036,B00EW1GR1E,has blue color and wide vneck,has a collar and ties up front
toptee,train,toptee_train_04009,B004TN2IFO,B000EIZM38,is dark green colored,is in light olive green color
toptee,train,toptee_train_04010,B00C1FT508,B008SFJM5S,The shape of the square is purple.,is a purple background
toptee,train,toptee_train_04011,B00802G6L2,B00B54UVXQ,is grey with primus written on it,is darker with a primus graphic
toptee,train,toptee_train_04014,B005XNIQMS,B006QPQMYQ,has stripes and is yellow,is longer sleeved
toptee,train,toptee_train_04015,B00BMTKWR4,B0094FZTCQ,The long sleeve shirt is lavender in color.,buttons up and is warmer
toptee,train,toptee_train_04016,B003ZDNZME,B004DUM9EI,has no sleeves and off-shoulder,has a lighter color and no sleeves
toptee,train,toptee_train_04017,B008MBKQHG,B008MBKRIE,is the same. Great match,is the exact same
toptee,train,toptee_train_04018,B005F0AU5K,B00DWC1ENU,is only navy blue and has stripes,Is darker and less patterned.
toptee,train,toptee_train_04019,B00BWTARX8,B00CZ6KEU8,Is a bluish purple with longer sleeve,it is more purple
toptee,train,toptee_train_04020,B00BBF9B30,B00820RYFY,is a red vest,is red colored with a different graphic
toptee,train,toptee_train_04021,B0047WST9G,B0047WX5SG,is light purple,light purple in color
toptee,train,toptee_train_04022,B00DZPWFVO,B0040U6XEI,is dark blue colored and has text in white,is black with just white letters on it
toptee,train,toptee_train_04023,B00ATHHW4G,B007N8OKTY,has a brighter color with text,has simple neck and is brown color
toptee,train,toptee_train_04024,B008UD1V16,B004TSG36Y,The shirt has straps on the shoulder and is white and Black in color.,is white and black with shorter sleeves
toptee,train,toptee_train_04025,B001KWE1R0,B0099SKU9U,is animated,has an older looking monkey graphic
toptee,train,toptee_train_04026,B005VLEMK2,B007OZNQXM,has no sleeves and darker colored,is strapless and more feminine
toptee,train,toptee_train_04027,B007T1CMM2,B00861UZ14,has different colors for the long sleeves,longer sleeved and less bold.
toptee,train,toptee_train_04028,B00DF23LEM,B00EUEE5ZI,is cheetah print,has leopard print and is dark
toptee,train,toptee_train_04030,B001CEBRRS,B00AHNR0MQ,is red with ruched detailing,is less frilly with a square neckline
toptee,train,toptee_train_04031,B008X05YXM,B00BM1RKI6,is a white shirt with bird print,white floral print
toptee,train,toptee_train_04032,B00730RKO4,B007315QBC,The shirt is black with white writing.,is very similar.
toptee,train,toptee_train_04033,B00A7D8DXG,B00CW9H9WO,is black with longer sleeves,has skull graphic and black background
toptee,train,toptee_train_04034,B00GA1MOJI,B007D93XSW,The shirt is yellow with a black bicyle.,is in mustard color
toptee,train,toptee_train_04035,B008SCHWSU,B007FPZ4TK,has longer sleeves with a white color,is white and has longer sleeves
toptee,train,toptee_train_04036,B007YZKAYK,B0058ZEDRI,is white colored with black spots,is white with black dots on it
toptee,train,toptee_train_04037,B006OCB7RS,B00CE4H7WE,The tank top has a ruffle and is blue in color.,Is sleeveless and royal blue
toptee,train,toptee_train_04038,B009YJULZW,B0097YF4A6,has longer sleeves,longer sleeved and more detailed
toptee,train,toptee_train_04040,B00AQC6JQQ,B00A8E6JCQ,is dark grey colored and sleeveless,Is a-symmetrical with thin traps and diamond print
toptee,train,toptee_train_04041,B004QFXBGK,B00A34TUHC,has longer sleeves in a darker color,is purple and has sleeves
toptee,train,toptee_train_04042,B00B4WK7Y2,B005TZFD5S,is black with blue designs,is darker and has longer sleeves
toptee,train,toptee_train_04043,B007N2R6A0,B006Z8HTXM,is lighter shaded,is of a lighter color
toptee,train,toptee_train_04044,B003DF0ILK,B005YPSK7G,has a darker Hawaiian theme,is black with pink and white flowers
toptee,train,toptee_train_04045,B005LJU0XM,B001E1T1D6,The shirt is black with a picture of the Jocker.,is black colored with a different graphic
toptee,train,toptee_train_04046,B00D1FANDU,B00BUDR7RU,has shorter sleeves with ruffles on neck,only covers the shoulders
toptee,train,toptee_train_04047,B00BEDJYZO,B00BLMMMUW,Is more plain and has shorter sleeves,has shorter sleeves
toptee,train,toptee_train_04048,B00D40P3MI,B005VTSAUW,is less circular and has more characters,is darker
toptee,train,toptee_train_04049,B002HTUOLC,B009I1WULE,is white with printing more feminine,is colorful and more revealing
toptee,train,toptee_train_04050,B0044ML34W,B00BK5IYVG,is black with ruffles,has shorter sleeves
toptee,train,toptee_train_04051,B0087XVSYO,B000P7RPG0,has no sleeves and is pink,is lighter in color and has shorter sleeves
toptee,train,toptee_train_04052,B006ZQV69W,B003AG2IOM,is lighter in color and longer sleeved,is darker and has longer sleeves
toptee,train,toptee_train_04053,B0036MSZ6U,B004CF0KBS,Is  moe colorful and more blousey,it is colorful and loose
toptee,train,toptee_train_04054,B0040NPY8G,B006IKP9AM,is sleeveless and more frilly, collared
toptee,train,toptee_train_04055,B005T4B6QY,B00BL5C9FM,is blue,is blue with white and yellow lettering
toptee,train,toptee_train_04056,B0083XI3BY,B0083XHOIW,is a different shade of green and less revealing,is darker green with a higher neckline
toptee,train,toptee_train_04058,B00AZ7YFB8,B00BB2B88E,The tank top is white tight fitting with black stripes.,Is sleeveless with stripes.
toptee,train,toptee_train_04059,B00B5K7F4S,B00FN4D0LY,Is less revealing and sexy,has stripes
toptee,train,toptee_train_04060,B0052WOJKI,B007B84L2C,is white with long sleeves,has long sleeves
toptee,train,toptee_train_04061,B008X066EI,B007WACSBA,is brighter in color,tighter fit non transparent
toptee,train,toptee_train_04062,B00C464GUI,B00CRM9XB6,The bra top has medium straps and is yellow in color.,is green and with straps.
toptee,train,toptee_train_04063,B004S7W5K4,B004I5BDD6,is black and has sparkles,is black with design on the left breast
toptee,train,toptee_train_04064,B008SBGKP2,B00ET82H96,is blak lace and is strapless,is more revealing and all black
toptee,train,toptee_train_04065,B00BKU6TH2,B0092PHG88,has long sleeves and is black,has longer sleeves and is darker coloured
toptee,train,toptee_train_04066,B00CWJ7L6I,B00AY02MNE,has blue shiny cotton,is lighter
toptee,train,toptee_train_04067,B00DR4912Y,B00DDZ3YN4,Is buttoned and has outlines,has buttons
toptee,train,toptee_train_04068,B008G0DHFG,B00BWTARX8,is darker, shorter hem
toptee,train,toptee_train_04069,B00A26CXI4,B001WSNCB8,is  pepsi cream,is a lighter color
toptee,train,toptee_train_04070,B00C7N5J7C,B00BXT7HQC,is darker and has longer sleeves,It is more monochromatic and has collar
toptee,train,toptee_train_04071,B00DVFIIAK,B00DVFHY6E,has a v-neck and long sleeve blue color,denim fabric
toptee,train,toptee_train_04072,B002IPFYOC,B002PO203E,Is shorter and more colorful,has Asian characters and shorter hemline
toptee,train,toptee_train_04073,B00E0EQUCY,B00BOADCPU,has a dark color,is plain color with white letters.
toptee,train,toptee_train_04074,B00880F1JE,B009N9Y45G,has a low neck and is black and white,is shiny and silver colored with no neck tie
toptee,train,toptee_train_04075,B007GZ9E9K,B009KSNNTS,white design on front,is pink with white logo
toptee,train,toptee_train_04076,B00AHXIC96,B001G6FU84,has buttons and no distinct patterns,is black and has a red waist tie
toptee,train,toptee_train_04077,B005KKDHGY,B00EPC6YYA,is more patterned and more layered,has long sleeves with patterns
toptee,train,toptee_train_04078,B00611S770,B00CII45BC,is a short sleeve with a cat logo,is white with shorter sleeves
toptee,train,toptee_train_04079,B00A7BBC04,B005I0JVXE,has no collar,darker
toptee,train,toptee_train_04080,B00ATTL8YE,B00A4M3M6I, orange and blue.,White crochet jacket wrap with rainbow stripes
toptee,train,toptee_train_04081,B00BEU1BS0,B00BI3E7Z2,The shirt has no sleeves and red flowers.,Is more  whimsical
toptee,train,toptee_train_04082,B007WA1UDW,B008WYFVK0,has no sleeves but an arch pattern,is blacker and has a fringed hem
toptee,train,toptee_train_04083,B00BVX9L00,B00A7QI33I,has longer sleeves,is purple and has long sleeves
toptee,train,toptee_train_04084,B003V25NNI,B003L7ITMK,is purple with colorful butterflies,is less animal-like and more junior
toptee,train,toptee_train_04085,B009G75O6I,B00CSQQ3CI,is more free,Desired item is blue with lace straps and back
toptee,train,toptee_train_04086,B0044452HO,B003LJS76G,a long tank top with a ruffled bust and straps,Desired item has spaghetti straps
toptee,train,toptee_train_04087,B004PLNJJE,B004PLNJMQ,is brown,is brown and has wide neck
toptee,train,toptee_train_04088,B0040Z0LE6,B00AZOS87S,no sleeves,is a tank top
toptee,train,toptee_train_04089,B0085IN81M,B001O6J7DA,is a longer sleeve with no buttons,is black and has short sleeve
toptee,train,toptee_train_04090,B008SCIHNY,B00CFR1B9U,is a dotted dress,Is longer and less sheer
toptee,train,toptee_train_04091,B00FABLFLC,B00CRLKPXW,is black colored with sleeves,Is dark gray with longer sleeves.
toptee,train,toptee_train_04092,B0014JXGDO,B0049DQ2X8,has no sleeves with different textures,is more sexy
toptee,train,toptee_train_04093,B00D0AM8W0,B001BZ2PJM,is less shiny and more nerdy,is black with white letters
toptee,train,toptee_train_04094,B00AX8DON4,B00EF27YVM,has a choker neckline and less lace,is white and fits the neck
toptee,train,toptee_train_04095,B004VT1ARI,B006UKWBFG,The shirt is blue with Bat Girl.,is a teal color
toptee,train,toptee_train_04096,B005FJUKMO,B00CRBU54G,The short sleeve shirt is black in color.,it has collar and it is blacker
toptee,train,toptee_train_04097,B0095WFOW8,B004NTAL94,is grey with red and white lettering,is gray and has tractor graphic
toptee,train,toptee_train_04098,B00B5SKM36,B007XR4ID8,The shirt is white with black stripes., leaving frills around the waist.
toptee,train,toptee_train_04099,B004CR5YDK,B009T56ZMY,Has longer sleeves and is more elegant,is black with no pattern
toptee,train,toptee_train_04100,B00AH7JEEE,B0046IFV6K,The shirt is light gray with dark gray pictures.,is grey with a black graphic
toptee,train,toptee_train_04101,B004OWH6CK,B005WUQTWG,is solid white with v neck,is white with a v-neck
toptee,train,toptee_train_04102,B00FCD08HA,B00CPS9BFA,is more orange,is orange with black motif and logo
toptee,train,toptee_train_04103,B002U2QKAK,B006U228L6,is grey and more sporty,is a grey shirt with a football graphic on it
toptee,train,toptee_train_04104,B00C6DBJ40,B00BCQQRL2,is sleeveless and has american flag,is a tank top and has an american flag graphic
toptee,train,toptee_train_04105,B007K6ESEG,B004YDW9US,has a more faded design,is black with old guys rule on it
toptee,train,toptee_train_04106,B008P38YKC,B00E16GRXS,has no sleeves and is solid black,is sleeveless and black
toptee,train,toptee_train_04107,B002MRTH4E,B00860B9SI,is black with large white designs,it is less black
toptee,train,toptee_train_04108,B008AEE8SI,B008SO1ZOA,is sleeveless and longer,Is gold colored and more fitted
toptee,train,toptee_train_04109,B009S5YA2M,B009S5YA18,is the same color and the same style,is very similar.
toptee,train,toptee_train_04110,B007AFS6O0,B00ADJBMI2,has thin straps and a floral print, v neck
toptee,train,toptee_train_04111,B00D8HMABY,B00CWK8LQQ,is a tank top with no writing,has a different top to the tank.
toptee,train,toptee_train_04112,B006ZZIAEW,B0057RG6QI,is white with black designs,is white and more adolescent
toptee,train,toptee_train_04113,B0089O9RO4,B00DOO6E72,The shirt is dark in color with an owl.,it is more colorful
toptee,train,toptee_train_04114,B002OSU7ZY,B005OCBLLG,has a lighter logo,call me big papa smurf logo
toptee,train,toptee_train_04115,B005UAKAF0,B007FPQJGC,has a lower neckline,is more flowing and fun
toptee,train,toptee_train_04116,B00ATEGLAA,B007PKED3S,has lace and is flowing,Is more sheer and sexy
toptee,train,toptee_train_04117,B0058YDZHI,B009E8RJBC,is striped,has large stripe and is dark pink color
toptee,train,toptee_train_04118,B00BRCLKEA,B00BNQVZW2,The tank top is tight with lace and is pink in color.,doesn't have a collar and is peach colored.
toptee,train,toptee_train_04119,B002U9EJ92,B002PJXOUC,The shirt is purple with white writing.,purple with supernatural logo
toptee,train,toptee_train_04120,B00AFH6U1Q,B00AFH0C1K,The blue shirt has black lettering.,is a blue top with black print.
toptee,train,toptee_train_04121,B00DBS15HK,B005K9016Y,The shirt is dark blue in color.,is more structured and casual
toptee,train,toptee_train_04122,B004L2LR50,B006LEKEEQ,is warmer,is a blue hoodie
toptee,train,toptee_train_04123,B00B1CRP6S,B00B1CRNZ6,has zebra prnts,has only white and black colors
toptee,train,toptee_train_04124,B00A7243QS,B00720EWWI,is black with blue designs,rounder neck
toptee,train,toptee_train_04125,B0044ZS08Q,B009E8I9V6,The shirt is black with red lettering.,is black with big red letters
toptee,train,toptee_train_04126,B008WYE2M8,B00AIIQ1CU,It is longer in length and longer sleeves.,Is less fitted
toptee,train,toptee_train_04127,B00BNN1RBE,B00FFGZ2JI,has long sleeves,Solid black long sleeved buttoned shirt
toptee,train,toptee_train_04128,B00CGFP98U,B00DA1PXMG,The dress has no sleeves and is blue and white in color.,is blue and has a paisley design
toptee,train,toptee_train_04129,B00E3T0B3U,B001WSIANS,is brown with a circular logo,is a tan color
toptee,train,toptee_train_04130,B002KBMIGG,B000F6CN7C,is a white t-shirt with a picture of a dog,is white
toptee,train,toptee_train_04131,B00A859DGY,B00CRMZH3Y,is similar with no sleeves,lighter blue
toptee,train,toptee_train_04132,B00893UVHW,B00EZW1GPM,is more girly,desired item is long-sleeved and supports breast cancer victims
toptee,train,toptee_train_04133,B00BZPSGIM,B00B3FQO10,The shirt is long sleeved with a white collar.,has a white collar to it
toptee,train,toptee_train_04134,B00FOFSZHQ,B00GJQZ54U,has narrower straps and a contrastiing design,Has red tones throughout
toptee,train,toptee_train_04135,B0032Z8ONU,B002NPC5CQ,is a pair of denim jeans,is a pair of jeans
toptee,train,toptee_train_04136,B003FPQFBA,B00470O762,is orange,is orange
toptee,train,toptee_train_04137,B005F04T7U,B001AIKEIE,is sport shirt and has less black,Is darker with no buttons
toptee,train,toptee_train_04138,B00341S2ZW,B00BTKB87Y,is black with rainbow, shorter  and lacy
toptee,train,toptee_train_04139,B009YJULZW,B004A7XK88,has longer sleeves with buttons,is 2/4 length sleeves
toptee,train,toptee_train_04140,B008T3WFTO,B0097XH09U,is more commercial and less cartoonish,is pink and has letter print
toptee,train,toptee_train_04142,B008VEXBJE,B008H447EQ,is brighter and more photographic,is tan colored
toptee,train,toptee_train_04143,B00AOATMIM,B009CQUD1Y,is a plan grey short sleeve loose  t shirt,is more grey and is a pull-over
toptee,train,toptee_train_04144,B007TGJO7S,B007WA3O36,has a short sleeve transparent look,has shorter sleeves and is more revealing
toptee,train,toptee_train_04145,B0058NSUBU,B005KS78VG,is more sports-team oriented and less animal print,Is red and more form fitting
toptee,train,toptee_train_04146,B006C5IY82,B005DHWXNM,is lighter in color,is white with longer sleeves
toptee,train,toptee_train_04148,B008RB9ZW8,B00A2XM4XG,Blue jeans and no sleeves,is darker and less revealing
toptee,train,toptee_train_04149,B00AZWRAMY,B00BPDDU44,is orange striped shirt,is vertically striped
toptee,train,toptee_train_04150,B005GUAO1O,B009XGQ7PO,Has a pattern and is more whimsical,has a higher rounded neckline
toptee,train,toptee_train_04151,B003OXPZ50,B004DEZ0K4,is gray with white designs,is grey with image
toptee,train,toptee_train_04152,B005MGDZ04,B008UDBWIS,has a yellow color with a silhouette,is lighter and has a black graphic
toptee,train,toptee_train_04153,B008SCJ4HW,B007R9TLIO,The long sleeved shirt is white in color.,is a pink button down with long sleeves and longer back
toptee,train,toptee_train_04154,B005IZTT6S,B00ETEHJWU,It is darker color and more fitted.,is darker black in color
toptee,train,toptee_train_04155,B003HLLXIW,B003IRS13K,is gray with black words,is a gray shirt with black letters
toptee,train,toptee_train_04156,B008OBD4XC,B008821506,is pink with black designs,no stripes and only two colors
toptee,train,toptee_train_04157,B001I90CD2,B007THO0YY,is lighter and has shorter sleeves,is plain white and sleeveless
toptee,train,toptee_train_04158,B008596LFQ,B007JFKDK6,The shirt is black in color with a ruffled neckline.,Has shorter sleeves and is more formal
toptee,train,toptee_train_04159,B002UF0YTU,B003IM4Q02,a lacy see-through tank in a dark color,is lacy and a tank top
toptee,train,toptee_train_04160,B00AZ05PIW,B007PQNPWC,has longer sleeves,has longer sleeves
toptee,train,toptee_train_04161,B001I7UJY6,B00CJDWITW,has longer sleeves and is white,A white short sleeved
toptee,train,toptee_train_04162,B009K96G4Q,B005LIRLC6,is black with white and red designs,is a tank.
toptee,train,toptee_train_04163,B003SWZCQO,B00BI9EM60,has a higher neckline and is darker,Is grey in color
toptee,train,toptee_train_04164,B009Z41I80,B00580KVJM,Has a narrower graphic,has a small green character with a thought bubble
toptee,train,toptee_train_04165,B004KUEDCC,B00341S2ZW,is red and logo has letter,is a red tee with white lettering.
toptee,train,toptee_train_04166,B00161LLVE,B003559T9A,is beige with brown figure,has a rounded neckline
toptee,train,toptee_train_04167,B000Y1MWEC,B000OKW8U6,is a black t shirt with colorful logo,is black and has a design of an indian.
toptee,train,toptee_train_04168,B0056ZMWUA,B00CF36NTC,is pink with longer sleeves and decoration,has a pinkish color to it
toptee,train,toptee_train_04169,B00B6QGILC,B00CFMWGV2,is lighter,is crew neck gray colored
toptee,train,toptee_train_04170,B00DVWKN8I,B0058OBPKC,Has longer sleeves and is blue,is blue with longer sleeves
toptee,train,toptee_train_04171,B004IOL3W8,B002BBU6QO,long sleeved and fuller,has a different graphic
toptee,train,toptee_train_04172,B00403QEQ2,B00EUZJGGU,has long sleeves and high neckline,has long sleeves
toptee,train,toptee_train_04174,B006WH0TCO,B00914RKUO,sleeveless and more red print,tank top in black and red floral
toptee,train,toptee_train_04175,B003JBITCI,B004J8HQDI,The shirt is light pink in color.,light pink
toptee,train,toptee_train_04176,B00BR2RACG,B00B60T7PW,is a lighter blue,geometric pink and black print. wider straps
toptee,train,toptee_train_04177,B003BPZSTO,B0061JP43C,is orange with no sleeves,peach with peach tie dye on bottom
toptee,train,toptee_train_04178,B0081TZ7K0,B00BOXRXS4,is brown and has a logo for Arkham Anthems,is a brown tee with white print.
toptee,train,toptee_train_04179,B00FQBS67M,B00CI1GEJA,The loose fitting shirt is orange and blue in color.,has mulit colored
toptee,train,toptee_train_04180,B00CL1P6O6,B00BGD1WKC,more flared and red,is red and is more simple
toptee,train,toptee_train_04181,B00AO4NJI2,B008Y9ZWAC,Th shirt is multiple shades of brown.,has longer sleeves and brown deign.
toptee,train,toptee_train_04182,B008JGEXAA,B00DRKJ8TY,is white with orange designs,is white with image
toptee,train,toptee_train_04183,B009CC4EGI,B007Z3QB76,The tank top is bright blue in color.,is a blue loose tank
toptee,train,toptee_train_04184,B0036B819W,B0039RHMXO,is more shiny and more dressy,it is black and has no sleeves
toptee,train,toptee_train_04185,B004UO4JH2,B0048P386Q,is white with cold shoulder,3/4 sleeve light colored fitted bottom shoulder showing
toptee,train,toptee_train_04186,B00417RX5S,B008GSAYE0,is navy with longer sleeves,is blue and more revealing
toptee,train,toptee_train_04187,B008LV6MKM,B005TFCUZY,is green colored with a logo,is green colored with a small graphic design
toptee,train,toptee_train_04188,B008X0FXCY,B00EPQMREM,has shorter sleeves and not shiny,is black with no sleeves
toptee,train,toptee_train_04189,B008WZC3BY,B00AHLZ8NQ,The shirt is leopard print with the shoulder cut outs.,has animal print and open shoulders
toptee,train,toptee_train_04190,B003ZDNZME,B0090L4AT2,is light red colored and sleeveless,is peach with no sleeves.
toptee,train,toptee_train_04191,B005KHYWEI,B0072EQOV6,has shorter sleeves with a collar,is a layered shirt
toptee,train,toptee_train_04192,B007NR2Q14,B006YZBQPS,has a shorter sleeve with different stripes,is bluish with shorter sleeves
toptee,train,toptee_train_04193,B008SDB67M,B008WYCZE0,is pink,is a pink tee.
toptee,train,toptee_train_04195,B00861V2XY,B00DI7ES9G,is more fitting,has shorter sleeves and is more form fitting
toptee,train,toptee_train_04196,B007WAU2OK,B007LA3J46,The shirt has mult-colored stripes.,has shorter sleeves and brighter colors
toptee,train,toptee_train_04197,B004WI8CG0,B001PKTQXQ,has a lot of colors going on,is more multi colored
toptee,train,toptee_train_04198,B00A7YCSAE,B00DRC2CTK,is shorter with different print,is shorter with high neck
toptee,train,toptee_train_04199,B007GC0MJ4,B00ECIB5X2,is tighter and darker,is darker in color and more words
toptee,train,toptee_train_04200,B004WMKUNE,B00A6JIKWU,is much girly and longer,has a solid color and more pink
toptee,train,toptee_train_04201,B00C3VIHBS,B002ZG8M8O,is lighter and has longer sleeves,is cotton tee with deep v neck and sleeves
toptee,train,toptee_train_04202,B0053Z2AHI,B00BCE02DI,is a bright green decorative top that is embroidered,Is lighter & softer material
toptee,train,toptee_train_04203,B000JR8TK2,B007Y5K6QM,is lighter,is a black screen tee
toptee,train,toptee_train_04204,B0081TP994,B00D8PNQDM,has no sleeves with yellow color,is yellow and longer
toptee,train,toptee_train_04205,B008SBW9WU,B00DCAKEME,has a brighter color,is lighter and has longer sleeves
toptee,train,toptee_train_04206,B00EUSQSTU,B00DV0RDLU,is black colored,has blue print logo and is black color
toptee,train,toptee_train_04207,B00GPQDJI8,B00FN7VPLI,Is lighter in color and shorter,it does not have buttons down
toptee,train,toptee_train_04208,B009G6TJ4C,B007FGUGT2,its a striped sweater and no buttons,Is looser & has stripes
toptee,train,toptee_train_04209,B008ERGBQ8,B00BG7J6LA,is brown,is a darker color
toptee,train,toptee_train_04210,B000LUWAO8,B00GCZ4LH0,is beige with black soulders,has raglan sleeves and round neckline
toptee,train,toptee_train_04211,B00AECXHU4,B000VTFGRW,more pink, loose fitting
toptee,train,toptee_train_04212,B00CLDM5P2,B004YVOQ56,Is more classy and elegant,Light pink loose fitting and 3/4 length sleeves
toptee,train,toptee_train_04213,B00AEXOQ6M,B0051MQ5OC,The shirt is lime green,is stripe colourfull
toptee,train,toptee_train_04214,B0058O6RLY,B004UG3Y2G,id gray with black flowers,Is a grey
toptee,train,toptee_train_04215,B00372N9JC,B00DDHC4P6,is tan in color and shorter,shoes more belly
toptee,train,toptee_train_04216,B008ZATT9K,B008YCCZFY,Is less shiny and is more colorful,is blueish in color and print.
toptee,train,toptee_train_04218,B00CY8VJRO,B00BLQCU1Y,The shirt is gray in color.,is more grey and has sleeves
toptee,train,toptee_train_04219,B00BM1HEQE,B00FXN6G0W,is white with short sleeves,is white with a cat motif
toptee,train,toptee_train_04220,B000M2EOM6,B0039B63OE,is more revealing,Is a darker crop top
toptee,train,toptee_train_04221,B006FCVKI8,B00802G6L2,is brighter in color, button down with longer sleeves
toptee,train,toptee_train_04222,B00G4D8NZG,B004F1EINK,The shirt is purple with white writing.,is lighter and has shorter sleeves
toptee,train,toptee_train_04223,B001QJMM0U,B009G75O6I,is more revealing and lighter,is a white tank top with blue letters.
toptee,train,toptee_train_04224,B00BTMFFDA,B00B516ELM,is darker,has colorful patterns
toptee,train,toptee_train_04225,B00E6E52RC,B00CQ9IY06,is yellow with buttons going down,it is transparent and plain
toptee,train,toptee_train_04226,B0025UU09Y,B00795QNXC,is lighter,Has a southern graphic.
toptee,train,toptee_train_04227,B00ESMVYME,B00AZQRNLS,is a solid red tank top,it is plain and has no sleeve
toptee,train,toptee_train_04228,B00CMTIGIK,B00CXTOXFE,has off-shoulder and white crochet,Is more sexy and revealing
toptee,train,toptee_train_04229,B004I6M1V8,B004FO5WW8,Is less casual and white,is dressier and has high collar
toptee,train,toptee_train_04230,B00E0W2E26,B00EHZD6TG,has no sleeve with dark brown color,blue colors
toptee,train,toptee_train_04231,B007XHTOT6,B002PA3I16,is a scarf,is a scarf
toptee,train,toptee_train_04232,B0085W6QXA,B008N6K9J0,is a darker colored long sleeve top with flowing sleeves,Is black with a V- neck
toptee,train,toptee_train_04233,B0091W16F6,B000CEM9TY,is red with yellow designs,is red with no text
toptee,train,toptee_train_04234,B0074K5AEU,B007IRAA3U,is more simple and lighter in colour,is lighter in color
toptee,train,toptee_train_04235,B003ZJN1B8,B003ZJQ0AC,is orange colored,is orange
toptee,train,toptee_train_04236,B00B10Y8HO,B003IGUM6A,is yellow and has longer sleeves,is lighter
toptee,train,toptee_train_04237,B004P8IQR2,B001SHN7WW,is black colored with longer sleeves,has longer sleeves and darker coloring.
toptee,train,toptee_train_04238,B009S8H9P4,B009MD3SR8,is darker and has longer sleeves,is darker coloured
toptee,train,toptee_train_04239,B00FN83TWU,B00COYE6JG,is brown with black collar,is olive green with black trim
toptee,train,toptee_train_04240,B0083X1LBS,B008UD3268,is shorter sleeves and one color,is solid blue and has tighter fit
toptee,train,toptee_train_04241,B00BJ8MTVA,B00ADK73YI,is sleeveless and more patriotic,is sleeveless and navy colored
toptee,train,toptee_train_04242,B00B4NR8DE,B00BWU09CQ,is a grey see through long sleeve turtle neck,is black and see through
toptee,train,toptee_train_04243,B00BR22TG8,B00CTXFDKS,is a short jacket with buttons,is lighter in color and has no words on it
toptee,train,toptee_train_04244,B0087CCLTQ,B003S9X0H0,has a v-neck with no art design,is red with more revealing
toptee,train,toptee_train_04245,B009205PCW,B007FE8NNA,is dark grey colored and has shorter sleeves,is darker and looser fitting with shorter sleeves
toptee,train,toptee_train_04246,B00BYQ0N3I,B00B17OMPA,has an image of a polo rider,has more color and graphics
toptee,train,toptee_train_04247,B006PJ5KR8,B0089FRUSI,is blue with no sleeves,is black with no sleeves
toptee,train,toptee_train_04248,B000KHDKJQ,B007JVB8Y0,has another name on it,durango logo
toptee,train,toptee_train_04249,B009DOT2EE,B009DOS588,is a long sleeve shirt with multiple v stripes,has shorter sleeves and is less vividly coloured
toptee,train,toptee_train_04250,B00AIIQ1CU,B008X04EFQ,is more striped and less casual,is black and white with cool stripes
toptee,train,toptee_train_04251,B0067MIQEW,B009YJQKMK,is white with short sleeves,Has no buttons
toptee,train,toptee_train_04252,B00BHBI4NQ,B00D5RWISW,The item is an American Flag.,has a brighter red to it
toptee,train,toptee_train_04253,B002PC3EDG,B001L959X2,is green and has a collar, all black
toptee,train,toptee_train_04254,B004WKWLT2,B006VYWF8Y,is darker,has a guitar logo
toptee,train,toptee_train_04255,B00778BQPQ,B005180X6W,is solid black,is solid colored
toptee,train,toptee_train_04256,B00E18RDPC,B0076CSETY,is patriotic,is light blue colored with a different graphic
toptee,train,toptee_train_04257,B00477392I,B002HWRT2Q,is a pink top with patterns,has capped sleeves and pink floral
toptee,train,toptee_train_04258,B0066269TC,B00CJJUX3O,is blue and says enderman moving co.,is darker cloth with white print.
toptee,train,toptee_train_04259,B003819GPS,B007OQ94OQ,has longer sleeves and white with buttons going down,has longer sleeves and buttons
toptee,train,toptee_train_04260,B00891NXHO,B00EIKIH1M,Hsa buttons and is less casual,Desired item is long-sleeved with neckline cutouts
toptee,train,toptee_train_04261,B00907YL9U,B008OMZWH2,is darker with shorter sleeves,has shorter sleeves and higher neckline
toptee,train,toptee_train_04262,B00CM9K0OS,B00BHASDME,does not have glasses,the same shirt without the 3D glasses on Bill Murray
toptee,train,toptee_train_04263,B004I7A8A8,B004I76DTS,is simpler and more colorful,blue no buttons
toptee,train,toptee_train_04264,B002U6X7WK,B00EA1M6UC,The shirt has purple,Is more striped
toptee,train,toptee_train_04265,B00D2ZC8V4,B00CQ9I1TU,is sleeveless,is a white
toptee,train,toptee_train_04266,B00D39IHZ0,B00BR2RACG,It is bright blue shirt.,is blue with staghe squatch printed on it
toptee,train,toptee_train_04267,B00945JK2Q,B009DMECN2,is brown and has a belt,is a belted top
toptee,train,toptee_train_04269,B007OCIDBA,B007Z38FKM,is longer sleeved with buttos,is beige with longer sleeves
toptee,train,toptee_train_04270,B00730RKO4,B007315Z2M,has a different text,this are the same
toptee,train,toptee_train_04271,B00GHQVK28,B0058PH2JO,The shirt is green with white writing and a drawn woman.,has shorter sleeves and bolder graphics
toptee,train,toptee_train_04272,B009UJ350Y,B008BWOBOU,has shorter sleeves and crocheted front,has shorter sleeves
toptee,train,toptee_train_04274,B00E5W52QG,B00CSI9YMM,has buttons and a collar,has no sleeves
toptee,train,toptee_train_04275,B009KAMLOE,B00AMQDMAM,Is tan and more wordy,is brighter coloured
toptee,train,toptee_train_04276,B006HT3LAO,B003AWAR8U,Has more buttons and longer sleeves,it is lighter red and is not buttoned down
toptee,train,toptee_train_04277,B00BM1RS1A,B00D840BR2,is black and sleeveless,is black
toptee,train,toptee_train_04278,B005KHYWEI,B00BFDA4DE,The shirt is short sleeved and blue in color.,blue.
toptee,train,toptee_train_04279,B007IVSF4M,B007PY6G34,is more masculine and less feminine,has a different character print on it.
toptee,train,toptee_train_04280,B0070TYRU8,B003ZDNZME,its black and just a printed shirt,Has shorter sleeves & darker
toptee,train,toptee_train_04281,B004LE9Q6U,B003IKOO9M,is brighter in color,is pink colored with a differnt graphic
toptee,train,toptee_train_04282,B006SF6028,B008R9MR02,is longer and has shorter sleeves,has shorter sleeves and is more shirty
toptee,train,toptee_train_04283,B008DZ3SBC,B008O57HE0,is dark colored,is less religious and more animal like
toptee,train,toptee_train_04284,B0046IB34Y,B002OT93IA,The shirt is short sleeve brown in color with black writing.,has long sleeve and is brown color
toptee,train,toptee_train_04285,B0040UZQO6,B0058NSUBU,has more black and white spots,is darker
toptee,train,toptee_train_04287,B00AG3XAZ8,B005BY1A9A,is white colored,is lighter in color
toptee,train,toptee_train_04288,B00B7Q8OTK,B00AIBGUFA,has straight stripes and less ethnic,is a button down with a collar and has stripes
toptee,train,toptee_train_04289,B00C49T5XS,B00EVQ0AYA,is darker,is solid black in color
toptee,train,toptee_train_04290,B009AMBVBG,B009AMBV9S,is the same with different wording,has black text
toptee,train,toptee_train_04291,B0040UQQJK,B004K9YEV8,is navy with a ball,is lighter colored and more sporty
toptee,train,toptee_train_04292,B008BVUM7Q,B00AUACJBS,has cheetah prints,has a higher neckline
toptee,train,toptee_train_04294,B00A0TOEQW,B0072LBQLM,has no sleeves and is beige,Is more sexy and tan
toptee,train,toptee_train_04295,B00EE0BMZE,B00BCGWA3G,has a hood and is long sleeved.,is a hoodie
toptee,train,toptee_train_04296,B00BQHBS5W,B002W5UWJK,is green and says love,is an olive tshirt
toptee,train,toptee_train_04297,B00CGPHWG2,B007VOZXZ0,Is more whimsical and has sleeves,is darker and has longer sleeves
toptee,train,toptee_train_04298,B00EV5LJ28,B00CNH9ZRM,has a photograph on front and is paler in colour,is black and gray
toptee,train,toptee_train_04299,B00BQZBGVK,B00BQ7XVNE,has wide neck and color is grey,is lighter
toptee,train,toptee_train_04300,B003JBIT5U,B005FEIHF6,is blue with black designs,has a blue color to it
toptee,train,toptee_train_04301,B00F0UJTG6,B005S6XUXU,is less feminine,A black shirt with blue/white print on front
toptee,train,toptee_train_04302,B0051HUEXK,B004KUT46M,is more vibrant and less nostalgic,has blue skull graphic
toptee,train,toptee_train_04303,B000OFIYP4,B00126N8UK,The tank top is purple with a fairy.,is light purple and sleeveless
toptee,train,toptee_train_04304,B00DI9R8QY,B00CI9HQ6W,is more feminine,has a print on it that is different.
toptee,train,toptee_train_04305,B00CSF0QX6,B00B5032CM,has narrower stripes and is less premium,has thinner lines appearing lighter in color and short sleeved.
toptee,train,toptee_train_04306,B0079EHF26,B00590H5OU,Is less colorful and has shorter sleeves,is white with long sleeves
toptee,train,toptee_train_04307,B009G75O6I,B000Y2DM7W,is lighter and has longer sleeves,is solid green in color
toptee,train,toptee_train_04308,B0007P5JZY,B0052JSQDC,is more casual,is light blue
toptee,train,toptee_train_04309,B00AHGUBYC,B006OSYI3M,has a different print and image,has brighter colors and a person on it.
toptee,train,toptee_train_04311,B00B5XGUW8,B00DSZMKYS,is less pink with beaded collar,has a design around the neck in a new color.
toptee,train,toptee_train_04312,B00BY8KXGS,B00EA31N5E,has a more solid fabric with tighter fit,is blue colored
toptee,train,toptee_train_04313,B0053H3MZU,B007C00KZ6,has short sleeves but a dog picture,is grey with brown logo
toptee,train,toptee_train_04314,B004OWANWA,B008RYECDC,is larger in size,has a larger graphic
toptee,train,toptee_train_04315,B003JDL38I,B005LQ3WY4,is red purple colored with visual art,is lighter
toptee,train,toptee_train_04316,B0045AW5KO,B002GUA5P2,is a long sleeved shirt with a relaxed fit and dotted stripes,has larger text on it
toptee,train,toptee_train_04317,B008X7JETU,B009R95XR0,Is more revealing  and more plain,is darker colored with a lower neckline
toptee,train,toptee_train_04318,B0040NQ17O,B007ZZ3GAE,a short sleeve see through top with a wild print,Desired item is short-sleeved
toptee,train,toptee_train_04319,B00A3N1OD6,B0092FYGGS,is a short sleeve white shirt with meme image, more buttons and is blue
toptee,train,toptee_train_04320,B008AEDTPQ,B008DEXU0M,is beige colored and shorter in length,is grey and has larger neck
toptee,train,toptee_train_04321,B00611S770,B002Y6NX2U,is darker,Is darker and less whimsical
toptee,train,toptee_train_04322,B0043D2HQ0,B00361FM5S,is lighter and shorter sleeves,is pink and a sleeping garment
toptee,train,toptee_train_04323,B00A3MV1VW,B00A36JH82,has long sleeves,Is less patterned and les western
toptee,train,toptee_train_04324,B008O11L46,B008O12WTE,The shirt is gray with animal print.,is plus-size and has shorter sleeves
toptee,train,toptee_train_04326,B00CF2X1BG,B009PNJEIW,The shirt is short sleeved gray with white lettering.,has sleeves and a darker color
toptee,train,toptee_train_04328,B009CHHUSC,B008RN9EIQ,Is more fitted with a less colorful graphic,has a different logo
toptee,train,toptee_train_04329,B00F3KMWX0,B00B9DV51U,is more girly,is pink
toptee,train,toptee_train_04330,B00C1N25DO,B000ZN1O7U,has long sleeves,is lighter and has longer sleeves
toptee,train,toptee_train_04331,B0098PXPHI,B007WADMKG,is brighter in color,is lighter with peekaboo sleeves
toptee,train,toptee_train_04332,B00D17A7Y8,B002GXPKMW,is solid black with a white bunny,has shorter sleeves and is darker colored
toptee,train,toptee_train_04333,B0054GX7BE,B00F0QJQIQ,has short sleeve and color is grey,is not in floral print and is more like a crew tee.
toptee,train,toptee_train_04334,B0097YF8XO,B009YK9GHA,Has shorter sleeves and is less sheer, white and sleeveless
toptee,train,toptee_train_04335,B0070W0TRA,B00BB7FJG6, plain with shorter sleeves,short sleeved and appears to be tye dyed
toptee,train,toptee_train_04336,B007BF1YKC,B007X62LSI,is purple colored and sleevless,is sleeveless and more flirty
toptee,train,toptee_train_04337,B000VAS3TY,B004TNF4FU,The shirt is white with the American Flag.,has more imagery and longer sleeves
toptee,train,toptee_train_04338,B00DBMOB2M,B00E5B59DI,has shorter sleeves with abstract prints, with chicken graphics
toptee,train,toptee_train_04339,B006QQUZZC,B007PBRS8O,has striped and off-shoulder,has stripes and an open top with straps.
toptee,train,toptee_train_04341,B006N04YEE,B003XDSWTW,is a loose,is striped and no sleeves
toptee,train,toptee_train_04342,B008N5V4X6,B007ZS8B6K,is a long sleeve dress with star patterns,Has a design on it and lower cut
toptee,train,toptee_train_04343,B00BTMFFDA,B00BJS4Y9A,is white in color,Desired item is solid white
toptee,train,toptee_train_04344,B004V6PZ9A,B007CFDN7I,Is more casual and has a graphic, more floral
toptee,train,toptee_train_04345,B004LTFP06,B0083JVCF2,The shirt is gray in color with a stag.,is grey with image
toptee,train,toptee_train_04346,B004YT9APO,B008OJJUGE,is yellow and has v neck,comes in yellow without buttons up.
toptee,train,toptee_train_04347,B004KUR6PI,B001BLZJYE,Is darker in color.,Is darker and more graphic.
toptee,train,toptee_train_04348,B00DYW0EV6,B0060XEIJK,is darker and has longer sleeves,is red and purple with longer sleeves
toptee,train,toptee_train_04349,B009JG2OJQ,B003JH736U,has wider straps and is less revealing,is black and has lacy straps
toptee,train,toptee_train_04350,B003BPZSTO,B004W4BA0Y,has sleeves and less colors,Desired item is pink tie-dye with short sleeves
toptee,train,toptee_train_04351,B00BV7ALAK,B00BJMGCPU,is darker,is strapless with a zip in the front
toptee,train,toptee_train_04352,B007N0M4XQ,B0055WR4LG,The tank top is blue in color.,has shorter sleeves and is lower cut
toptee,train,toptee_train_04353,B003D8FX62,B0038KP2WU,is white with blue sleeves,Desired product is white and blue
toptee,train,toptee_train_04354,B00BLYSIMQ,B008TQDJCI,The peasant shirt is multi-colored,has a lighter floral print in the same design.
toptee,train,toptee_train_04355,B000FZ97K4,B00BVEA1PI,is a short sleeve white shirt with text,has bigger
toptee,train,toptee_train_04356,B0089O9RO4,B008VEP93U,has black and brown color,is more colourfull
toptee,train,toptee_train_04357,B00CGAFRYQ,B008RNRX52,The shirt is black with white writing.,has different text
toptee,train,toptee_train_04358,B000CC4EGW,B009SEPCF2,has shorter sleeves and gray color,button up white with sleeves and collar
toptee,train,toptee_train_04359,B004CMSSAG,B0058UWLFO,The shirt is loose fitting and has the Eiffel tower printed in black.,Is pink with French themed graphic.
toptee,train,toptee_train_04360,B008OKV3EK,B0091EINDW,is white colored and has longer sleeves,is lighter and has longer sleeves
toptee,train,toptee_train_04361,B00AWOCDYA,B008FLVR26,is striped and less colorful,has black and white stripes
toptee,train,toptee_train_04362,B009ZYZ30O,B00A060FVI,is a more black-blue,is darker blue
toptee,train,toptee_train_04363,B007WA0484,B007HY1PX8,Is more sexy and revealing,is black with ties for straps and very tight fit
toptee,train,toptee_train_04364,B00ATTL8YE,B00BXOMEQU,Is less revealing and skimpy,is less sheer with a collar
toptee,train,toptee_train_04365,B0085IY5DM,B007VZ30WC,The tank top is purple in color with yellow,is multi-colored striped
toptee,train,toptee_train_04366,B00CFHV91K,B006JXKYVM,is blue with long sleeves,has darker colors and is more flowing
toptee,train,toptee_train_04367,B00D83JR5K,B00B67CQQC,is white and plain pattern,white short sleeve flowing at the waist
toptee,train,toptee_train_04368,B008HTC4X2,B004DTS4VQ,is lighter,has v-neck and is white color
toptee,train,toptee_train_04369,B008VHGMTW,B00BFE5NAC,is shorter sleeved with a different pattern,is sheerer and has short sleeves
toptee,train,toptee_train_04370,B005OD7O0M,B004JGL3SE,is red colored,is red
toptee,train,toptee_train_04371,B0066PVM0K,B00B2N4PAU,has no sleeves and is white in color,white tube top with lace bottom
toptee,train,toptee_train_04372,B008SB92G6,B0085FYBPC,long sleeved black top with prints,is a sweatshirt
toptee,train,toptee_train_04373,B0081IZZE4,B008ZZ1GS2,has long sleeves,Is longer
toptee,train,toptee_train_04374,B008UADBNA,B008UD20QQ,has a tighter sleeve,has a lighter print and tighter fit
toptee,train,toptee_train_04375,B004WDI4KE,B003FLM8EW,is teal colored and has sleeves,has a lower neck and longer sleeves
toptee,train,toptee_train_04376,B004OWG29S,B0014UEOYS,is darker,comes in black
toptee,train,toptee_train_04377,B008YDEOS4,B0058LXWE2,Is more fitted and dreary,long sleeve slim fitted long shirt
toptee,train,toptee_train_04378,B00BIJGLKA,B00FPHXTMO,is white colored and plain pattern,has more white
toptee,train,toptee_train_04379,B00DV6R2NI,B00CY1CKTM,The shirt is purple,has more colors on it
toptee,train,toptee_train_04380,B006VFL28M,B00BB8WJZY,is lighter,lighter pink more solid color
toptee,train,toptee_train_04381,B0046BKGDK,B004BJHNHE,is darker,has more designs and more color
toptee,train,toptee_train_04382,B005FYL1VI,B007Z3LRFW,Is grey and has a different logo,is a black tshirt
toptee,train,toptee_train_04383,B007WAFLVE,B00A8ZD9DC,has a longer skirt and is more formal,Is more ethnic and less cute
toptee,train,toptee_train_04384,B001B11HGI,B007GH5DD4,has on sleeves and white shiny,is white colored
toptee,train,toptee_train_04385,B00CC2CJB2,B00BGD1NE2,is yellow with polka dots,yellow
toptee,train,toptee_train_04386,B0058XWBS8,B004MDLIN4,is beige colored,has ruffled trim and higher neckline
toptee,train,toptee_train_04387,B004SS27G0,B008FJZ3LY,is lighter,is purple with a black spider on it
toptee,train,toptee_train_04388,B007BRJT4S,B00CD8TZIK,is blue with horses,is more blue and has horses on it
toptee,train,toptee_train_04389,B00FDLRMMA,B00EDEP2BG,is grey and short sleeves,has longer sleeves and buttons
toptee,train,toptee_train_04390,B004B586GK,B00BC8L242,The shirt is grey,has long sleeves
toptee,train,toptee_train_04391,B0063OG4PM,B0075SGSYC,is black colored,is darker coloured
toptee,train,toptee_train_04392,B004QF0LKO,B00F2PU8UU,is pink floral designs,is a scarf
toptee,train,toptee_train_04393,B009UJ3BLM,B008DY1GJE,is black with off the shoulder sleeves,is black and covers more area
toptee,train,toptee_train_04394,B00642WRL8,B003YYPILU,has shorter sleeve and button,Solid black short sleeved blouse w/white scarf
toptee,train,toptee_train_04395,B00FARFHA6,B00GK3A0VU,has a red color with long sleeves,Red burgendy
toptee,train,toptee_train_04396,B00BE95DU8,B00CBD03DS,sleeveless and print,is a tank top and has Beauty and the Beast on it
toptee,train,toptee_train_04397,B000R0FRJ2,B0014E41KG,The shirt is green with a brown moose.,Is a more rich shade of green
toptee,train,toptee_train_04398,B0001TPDOI,B008H6TVN6,Is pink and more girly,is pink and has motorcycle graphic
toptee,train,toptee_train_04399,B003UKCWEE,B009RUMUTS,is black colored and has cross print on it,has more text on it
toptee,train,toptee_train_04400,B00AWFU0BC,B00ADWJR4K,is gray with white lace,is white with lace on top and shorter sleeves
toptee,train,toptee_train_04401,B00EYKCYZ6,B00F4PT3GS,is sheer with shorter sleeves,Is more sheer and more blousey
toptee,train,toptee_train_04402,B00DW1QM4M,B00EM5ZU5E,has no sleeves and is red colored,has no sleeves and is red colored
toptee,train,toptee_train_04403,B00DL4EU5I,B00BTJMTFA,is blue with white designs,is darker in color
toptee,train,toptee_train_04404,B0095WKO00,B002SYX84Q,is black with white words,is shorter sleeved with a different logo
toptee,train,toptee_train_04405,B0086U6JY2,B0069JL6FY,is very revealing,Is red with shorter sleeves.
toptee,train,toptee_train_04406,B001THUBU2,B003DW8Q7G,is more single colored,has longer sleeves
toptee,train,toptee_train_04407,B007Y8Z8MG,B009IU31H2,CANNOT COMPARE,is red and white iron on patch
toptee,train,toptee_train_04408,B00BWUWG5O,B00CQRSQAG,light pink collared blouse with buttons,no sleeve button up in pink
toptee,train,toptee_train_04409,B007XXGRJA,B00CYGSRPI,is a tank top with white lettering,has more text on it
toptee,train,toptee_train_04410,B005S6YMGO,B009JG2PE0,The shirt is black with white,has short sleeve and is black color
toptee,train,toptee_train_04411,B008CCY3PQ,B006JPP9OM,is purple and sleeveless,is lighter and has shorter sleeves
toptee,train,toptee_train_04412,B007B84L2C,B001CEBRRS,has wrinkles on top and white color,is a little tighter fitting and ruffled neck.
toptee,train,toptee_train_04413,B0039B63OE,B00D2ZBOSM,has a longer waistline,is less revealing
toptee,train,toptee_train_04414,B00DOJ2LRE,B00CXV4SRA,has light and dark purple with V stripes, long-sleeved
toptee,train,toptee_train_04415,B006WARFXC,B007YZKAYK,is red colored with stripes on it,has more stripes
toptee,train,toptee_train_04416,B008FZZWXW,B004M5IT9I,is sleeveless and lighter color,is light blue colored and sleeveless
toptee,train,toptee_train_04417,B003XDSWTW,B008OZSZWS,is orange with a brown belt,is brighter in color
toptee,train,toptee_train_04418,B003VZJ0QG,B005WCF2JK,is more patterned and less strappy,is less revealing
toptee,train,toptee_train_04419,B00AGC2MP8,B00ATRA2S4,The shirt is black with a black bet.,has a bow on it
toptee,train,toptee_train_04420,B003E3T66Y,B006GRL9GU,is white and has a deeper neckline,is white
toptee,train,toptee_train_04421,B00BJ9HE2S,B006H865CQ,It is an off-white shirt with picture on front.,has more imagery
toptee,train,toptee_train_04422,B008R786EU,B004P8IQVS,is red colored and has longer sleeves,has longer sleeves
toptee,train,toptee_train_04423,B00B8LYHF4,B009KAMLOE,The shirt is black with seahorses.,is black with colorful image
toptee,train,toptee_train_04424,B0064HR7N6,B001UFN556,is black with small flower designs,it is less colorful
toptee,train,toptee_train_04425,B008UYXL90,B005SRCTKE,is pink,is a lighter color
toptee,train,toptee_train_04426,B0052GC4NS,B005COZ88I,is smaller and more feminine,has several cartoons
toptee,train,toptee_train_04427,B006B2H3HO,B0091CH9VQ,is less revealing,has a baggier fit
toptee,train,toptee_train_04428,B007X4D5IK,B007X4C62G,is green colored and has shorter sleeves,Is green and sporty.
toptee,train,toptee_train_04429,B00A82EFUG,B00DF23LEM,is a red no sleeve dress,is red halter and a just a top
toptee,train,toptee_train_04430,B00A4FGZU0,B007A64IQY,has no sleeves with blue color,is blue and covers the belly
toptee,train,toptee_train_04431,B009ETDLO0,B009ETD5VY,is identical,is identical
toptee,train,toptee_train_04432,B009CC4EGI,B0083WZC46,is lighter and has shorter sleeves,has no sleeves
toptee,train,toptee_train_04433,B00BQJUH7K,B00AYDN6I6,has longer sleeves with a different pattern,has large loose sleeves and a different pattern
toptee,train,toptee_train_04434,B00BQHBS5W,B00BQJUH7K,is light blue with white designs,Is blue and has a pattern
toptee,train,toptee_train_04435,B00CN7Y2A2,B004IPQQ88,is less striped and has longer sleeves,is darker and doesn't have a collar
toptee,train,toptee_train_04436,B000CC4EGW,B006532VIU,has shorter sleeves and ruched fabric,has texture
toptee,train,toptee_train_04437,B0040NPY8G,B00359GA1G,The shirt is short sleeved and is a purple tie dye.,has more color
toptee,train,toptee_train_04438,B001AAZTGE,B007PTH07A,is more colorful, only word graphic
toptee,train,toptee_train_04439,B00CJSTVJC,B000M0JKZY,The shirt is black with the Batman symbol.,is a darker shade of black
toptee,train,toptee_train_04440,B004P5P092,B002BRA9QU,is grey colored and has sleeves,Desired item is grey with short sleeves and orange writing
toptee,train,toptee_train_04441,B007W9ZDIQ,B00CII4BAC,is dark green with buttons down,has shorter sleeves
toptee,train,toptee_train_04442,B00A3H2NVE,B00ANCXHFU,has a graphic and is not sheer,has longer sleeves and a picture
toptee,train,toptee_train_04443,B0096HPD64,B00C3X7ZFU,is a white short sleeve  that's long and full,is longer with a solid white color
toptee,train,toptee_train_04444,B00775SQA2,B003TJA33I,is short sleeve button up and fuller,is more flowing
toptee,train,toptee_train_04445,B004QF0LKO,B005CT32V8,has an animal print and is darker colored,is a leopard print shirt
toptee,train,toptee_train_04446,B006PPFQ6W,B009S3D1JC,has more black on it,has black print near the shoulder.
toptee,train,toptee_train_04448,B003IHKZYI,B007BKCCWG,is light blue with ruffles,is sleeveless and light blue
toptee,train,toptee_train_04449,B007MWY6H2,B006VSM7W4,is dark blue colored and white stripes on collar, slim fit tank top
toptee,train,toptee_train_04451,B007PTTOVU,B00DHP729C,has short sleeves,Is orange
toptee,train,toptee_train_04452,B0088RFFNO,B008VGMJ6S,has a short sleeve with v stripes,has wavy pattern and more revealing
toptee,train,toptee_train_04453,B004E59ZE4,B004DB7JYC,is blue.,has a lighter logo
toptee,train,toptee_train_04454,B00GSJFMM8,B00G6M1WQC,Is darker and more gothic,is black
toptee,train,toptee_train_04455,B005SCA6F4,B00B0DVKC8,is black with white stripes, with longer sleeves and a different graphic
toptee,train,toptee_train_04457,B0093O2WEQ,B0091J1ID4,collared 3/4 sleeved white top, is white
toptee,train,toptee_train_04458,B004D8N8S6,B0043JFRMK,is blue with shorter sleeves,is light blue and short sleeved
toptee,train,toptee_train_04459,B000JR8TK2,B000U0PPXC,is a hat,is a hat instead.
toptee,train,toptee_train_04460,B00BMF340U,B00BNN1RBE,The short sleeve shirt is black with white buttons.,has shorter sleeves and a darker color
toptee,train,toptee_train_04461,B003XI7MJS,B005QA9TY2,has a light brownish color,has short sleeves and is red/brown
toptee,train,toptee_train_04462,B004P5PT7A,B004MDKZ88,Has spaghetti straps and is tighter.,is dark purple
toptee,train,toptee_train_04465,B00616CW26,B00G70U94Y,is bigger and darker colored,is black in color
toptee,train,toptee_train_04466,B002R670TO,B005N4HZ6U,is solid black with longer sleeves,has larger round neck and is black color
toptee,train,toptee_train_04467,B0025VCDWU,B00BRLAILC,is a lighter color in a similar style,Desired item is a light blue color
toptee,train,toptee_train_04468,B00819K7D2,B002SKSJNA,has a graphic on front and is shorter sleeved,is light blue colored with graphic design
toptee,train,toptee_train_04469,B008BLRVI4,B007X63HJ0,The shirt is a long sleeve button up shirt and pink in color.,is in solid color pink
toptee,train,toptee_train_04470,B007ZZ3EZG,B007ZZ3E60,has longer sleeves with multiple patterns, capped sleeve
toptee,train,toptee_train_04471,B00864KURA,B00AQK05HM,The black tank top is tight in its fitting.,is black in color.
toptee,train,toptee_train_04472,B008JF261Y,B002U6X7WK,short sleeve white tee with logo,comes in solid white
toptee,train,toptee_train_04473,B0085K0F6G,B001PKV53A,lighter in color and has a fancy design,is a white top with black print.
toptee,train,toptee_train_04474,B004SWGOV0,B000FLCMQE,is tighter and has no sleeved, shorter sleeved
toptee,train,toptee_train_04475,B001PIQSDY,B001TT4J3K,has a long sleeve with a logo,has long sleeves and says skydiving
toptee,train,toptee_train_04476,B00CV96Z84,B008TUUVA2,It has more design and pattern on front.,has blue and yellow in its design and a squared neck line.
toptee,train,toptee_train_04477,B007VXJXH0,B008VQBV3U,is lighter with dark trim,is lighter colored with a black neck design
toptee,train,toptee_train_04478,B004ZD8SZC,B00DNK6SN2,teal short sleeves with cuffs,is blue and has shorter sleeves
toptee,train,toptee_train_04479,B00BOXSOJ6,B00AW04J5A,is more revealing,has uneven hemline and drapes more
toptee,train,toptee_train_04480,B00AW8T5TC,B0069VGMOM,is sleeveless and more revealing,has no sleeves and is more revealing
toptee,train,toptee_train_04481,B00CFGUWKK,B008BF8MGU,Has a different logo that is yellow,Has a Batman emblem
toptee,train,toptee_train_04482,B0018OAD3Q,B000FTYQB0,has a colorful spiral image,tie dyed tee shirt
toptee,train,toptee_train_04483,B0076AZZ1Q,B009517332,has vibrant colors.,has text on it
toptee,train,toptee_train_04484,B00781B08A,B009205PCW,has longer sleeves and floral print in green,Has longer sleeves and turquoise shades
toptee,train,toptee_train_04485,B003C20NJG,B00306A0N8,is a blue color dress shirt,blue shirt
toptee,train,toptee_train_04486,B008SCIPIQ,B004YDR8AY,has fitted long sleeves and a gray and pink print,is in a floral print and one solid  print.
toptee,train,toptee_train_04487,B005LXNTMC,B000VAS3TY,is white and has a different logo,is black and has large neck
toptee,train,toptee_train_04488,B005CT32V8,B00BCE0ABC,is brighter colored and more casual,has more pink in it
toptee,train,toptee_train_04489,B00CI9HQ6W,B00D91LDPI,The shirt is black with a purple design.,a match
toptee,train,toptee_train_04490,B00DGXXU3M,B00DHVMWOG,is blue with rectangle pattern,has a busier looking pattern
toptee,train,toptee_train_04491,B004VL1GK2,B0077QZP8W,has a different graphic and is lighter in colour,is lighter colored
toptee,train,toptee_train_04492,B00AE0KOWK,B00GK4E27W,The tank top is black with white writing.,Is sleeveless with writing.
toptee,train,toptee_train_04493,B00B2EQMIC,B00CBWJSRG,is lighter, long tank top with skull on front
toptee,train,toptee_train_04494,B006C9CUXS,B00C5R4DZ4,is revealing,has a neckline
toptee,train,toptee_train_04495,B004MMF00C,B007FPQPWK, white and red design.,is blue and has longer sleeves.
toptee,train,toptee_train_04496,B00BQ13RRA,B00AVXZ55Q,is white with longer sleeves and a gold heart,has longer sleeves and a lighter color
toptee,train,toptee_train_04497,B003QOL3Z8,B00BEMAP6W,is white colored with red stripes,is light color with long stripes.
toptee,train,toptee_train_04498,B00BQJS2JK,B00AZ6C8H2,is more casual and colorful,is grey and has words
toptee,train,toptee_train_04499,B003SQKVDY,B00EZDMJJI,The shirt is green with a floral print.,is green and brown caftan type shirt
toptee,train,toptee_train_04500,B003VRUG3K,B00BMVG5Y6,is lighter,is more junior and feminine
toptee,train,toptee_train_04501,B009Z1KOKG,B00CBQQNFM,is a black t-shirt,has sleeves
toptee,train,toptee_train_04502,B003OTS0L0,B003ZA84DM,is olive green,is army-green with War is Over on front
toptee,train,toptee_train_04503,B000UZAHG2,B007R9T9JA,The shirt is white with a black skull.,is white with a black graphic on it
toptee,train,toptee_train_04504,B006RI383U,B0036YSDJ2,black tshirt movie logo,comes in black
toptee,train,toptee_train_04505,B006VE9TME,B00A44QPGU,is darker and has longer sleeves,is brown with long sleeves
toptee,train,toptee_train_04506,B00C30GGG2,B00A7D3GHY,is lighter,is strapless and yellow print
toptee,train,toptee_train_04507,B00375N3AO,B0038OLU40,has no sleeves and only one color,is tan white straps
toptee,train,toptee_train_04508,B007MXDO42,B007I46HGW,is lighter,striped sleeve
toptee,train,toptee_train_04509,B007BGZX3U,B003FZAEDA,Is lighter with a grey pattern,has a v-neck collar
toptee,train,toptee_train_04510,B005QA9HYO,B0038VB9T4,is more pink and has off-shoulder,has no sleeves
toptee,train,toptee_train_04511,B0015N061O,B001CCKGHW,long sleeve pink,is lighter and has long sleeves
toptee,train,toptee_train_04512,B00AX351GM,B00BUMXY2I,is a polka dot sleeveless blouse,covers more of the stomach and has a pattern
toptee,train,toptee_train_04513,B004VSE9CM,B001NMUW7U,is brown colored,it is brown
toptee,train,toptee_train_04514,B00BGFFZH6,B00ELR4IQ0,no sleeve dressy camo blouse,has a camo print and no straps
toptee,train,toptee_train_04515,B00AAMO4EG,B00AEGBTK0,is a long sleeve three colored shirt,is brighter and bolder colors and wider
toptee,train,toptee_train_04516,B007RKO688,B00A4LM6L6,gray tee with anime logo,is grey with a purple logo and shorter sleeves
toptee,train,toptee_train_04517,B007QIJBRC,B00BUVIQ40,It is more flowing and darker shirt.,is lighter
toptee,train,toptee_train_04518,B00263MVMO,B00AQG995K,is patterned and lighter in color,is in light blue striped and printed design
toptee,train,toptee_train_04519,B006ZIPH54,B006ZIPBH8,has a puffier sleeve,is darker
toptee,train,toptee_train_04520,B007WAERAU,B007WA2KWW,,is a draped dress
toptee,train,toptee_train_04521,B007JLQSVI,B0091IX70M,has no sleeves with a black color,has a dark color to it
toptee,train,toptee_train_04522,B005S6YGO2,B005S6YMGO,Is darker with a different graphic,Is a darker black shade
toptee,train,toptee_train_04523,B005NO4MZW,B009TJ1X0O,has a u shaped neck and is green in color,is green
toptee,train,toptee_train_04524,B0076M7CQA,B008UUCRX0,has long sleeves and color is brown,Pink and tan flowered buttoned down long-sleeve with collar
toptee,train,toptee_train_04525,B0039DXKUM,B0038VGIK4,has shorter sleeves,Is a lighter color and looser
toptee,train,toptee_train_04526,B00BTHQ1XI,B00D5666DG,has more of a feminine cut with Asian cartoon graphics, buttoned & plaid
toptee,train,toptee_train_04527,B007J9IFKM,B0063TUMBO,is more feminine,is pink and more revealing
toptee,train,toptee_train_04529,B0090OLPMY,B00AZH7MJA,The shirt has a vibrant floral print.,has a v-neck with a white background
toptee,train,toptee_train_04530,B00B1N77GK,B009ISBB6M,Has a hood and is more casual,is a hoodie
toptee,train,toptee_train_04531,B00CBY4MM0,B00C7CF3FG,is more powdery and less ruffled,has sleeves and a darker color
toptee,train,toptee_train_04532,B004DGEU1W,B00774VC2M,is blu with red designs,has a geisha on it
toptee,train,toptee_train_04533,B007Q3USJ2,B008D327Q6,is white with black lettering,is white with a different print.
toptee,train,toptee_train_04534,B008GV0Y9W,B007FNI4WQ,is lighter and has longer sleeves,is a sheer camisole
toptee,train,toptee_train_04535,B00EUEAT6W,B008KLP1SW,is blue and long,is blue and has different writing
toptee,train,toptee_train_04536,B00DGBNUPC,B0047I48X6,is much tighter,is dark green
toptee,train,toptee_train_04538,B00B7Q8XCS,B00FE01RCQ,is beige with bow,has a tie belt in front
toptee,train,toptee_train_04539,B008OVMSXY,B004U5T3FY,does not have sleeves and is white with a round neck,white with no sleeves
toptee,train,toptee_train_04540,B005WBVWJ0,B0018R1IUK,a sleeveless light colored shirt with a band symbol,is pink with shorter sleeves
toptee,train,toptee_train_04541,B00AUCFTO0,B00AW7Z8H6,The long sleeve shirt is blue and red.,it is more colorful and less girly
toptee,train,toptee_train_04542,B00DT70BAU,B009S7KTKM,The shirt is pink in color with a gray cat.,has smaller graphic and less words
toptee,train,toptee_train_04543,B00AO3SP0K,B008B65R26,has longer sleeves and black color,has longer sleeves
toptee,train,toptee_train_04544,B00F1RVCK4,B00F1RW2QM,is lighter with different print,is a lighter color
toptee,train,toptee_train_04545,B008R8VBBE,B00AWQJQFW,has a cooler darker color,is purple with buttons
toptee,train,toptee_train_04546,B006N04YEE,B008OZT55E,is beige and has longer sleeves,has a higher collar on it
toptee,train,toptee_train_04547,B0079QYAC2,B00BT908XK,has more contrasting patterns and is sleeveless,is bright turquoise and longer length
toptee,train,toptee_train_04548,B003DBN3UW,B00747LHD6,has spaghetti straps and very light,has no sleeves and is white and yellow
toptee,train,toptee_train_04549,B004BR1XOK,B003GXEYIM,is multi colored and sleeveless,is sleeveless and many colors
toptee,train,toptee_train_04550,B00A4LM6L6,B006X3YVWQ,has a short sleeve with a giant art logo,is darker grey with red text
toptee,train,toptee_train_04551,B00B9HDD6Q,B00A3HDHS2,is lighter,is more formal and adult oriented.
toptee,train,toptee_train_04552,B004XFX7DK,B005NY6WOG,is dark colored,two toned black / orange
toptee,train,toptee_train_04553,B006LUMA6A,B00963ZPZC,is a t-shirt and is wordy,Is more casual and darker in color
toptee,train,toptee_train_04554,B0098PXPHI,B00BQXUOH4,is a pink dress with long sleeves,has longer sleeves
toptee,train,toptee_train_04555,B00DH36UEM,B00DH36R5O,has a brighter and warmer floral pattern,is warmer colored with yellow and pink
toptee,train,toptee_train_04556,B002RX61ME,B0078PW5XA,The shirt is green with a shamrock and white lettering.,is bright green with Lucky Charm on front
toptee,train,toptee_train_04557,B00AA15CMK,B007SOUA6U,is darker and has shorter sleeves,is blue with decorative neckline
toptee,train,toptee_train_04558,B00BDF7AE0,B009ZHI9W0,is floral,has a blue and white print on it
toptee,train,toptee_train_04559,B00CRLKPXW,B008WYE2M8,is lighter in color,Has longer sleeves and is more plane
toptee,train,toptee_train_04560,B004IZTFR2,B00D8VWOFC,The tank top is red with a black design.,is reddish
toptee,train,toptee_train_04561,B00A7YCRK0,B00AFKBUWM,has a long sleeve white color shirt,is white colored with longer sleeves
toptee,train,toptee_train_04562,B00A492N8O,B00C2OH40G,has shorter sleeves and is yellows,is sleeveless and yellow
toptee,train,toptee_train_04563,B009LDP93A,B00AE6IBQU,The shirt has white and blue stripes.,is striped and buttons halfway
toptee,train,toptee_train_04564,B00BSL39KI,B008ML0I06,The shirt is black with white letting of zombies.,is darker
toptee,train,toptee_train_04565,B00E87AAQU,B00CWRF4H8,scoop neckline more tailoring,has a more rounded neckline
toptee,train,toptee_train_04566,B004U5G18G,B0086URHTS,is blue with a neck design,is blue and less revealing
toptee,train,toptee_train_04567,B008EWT5TI,B007P5IXQ6,is pink with black designs,is darker and floral
toptee,train,toptee_train_04568,B009VYVA0A,B007R1Q0KE,is black with white stripes,white striped graphic design with straight edged hem
toptee,train,toptee_train_04569,B00GI151PO,B00GB0JGR6,It is red in color with letter on the front.,has shorter sleeves and is red
toptee,train,toptee_train_04570,B00A3FAC4G,B000VTMXZU,is darker,is black with white font.
toptee,train,toptee_train_04571,B008QJ6SVW,B0084COQ92,is black and has longer sleeves,it is longer and it has a longer sleeve
toptee,train,toptee_train_04572,B00GNI71B4,B00EJS9UCS,has ruching and long sleeves,longer sleeves earth tone more waterfally
toptee,train,toptee_train_04573,B0072EQOV6,B005QN211M,The shirt has a cowl neck and is purple in color.,shorter sleeves darker color scoop neck tunic
toptee,train,toptee_train_04574,B00BNQWJ04,B00D7794XW,It is blue with v-neck and  short sleeves,has longer sleeves
toptee,train,toptee_train_04575,B005SS9KC8,B0044NU9PU,is darker,has more color and less pink
toptee,train,toptee_train_04576,B00CAD7VVQ,B006X41IBC,is dark pink that buttons up,has fitted sleeves and buttons down front
toptee,train,toptee_train_04577,B00606ZFU8,B009GM0GL6,is dark green colored and teal sleeves,is purple and has text
toptee,train,toptee_train_04578,B00CLDM5P2,B008LCX7HM,is a long sleeve rose color shirt,is purple with longer sleeves
toptee,train,toptee_train_04579,B008TUUQ8O,B008KSSU4M,is less busy and more chic,darker color
toptee,train,toptee_train_04580,B008C01WNO,B00AU0N5ES,The tank top is blue in color.,Is more whimsical
toptee,train,toptee_train_04581,B006DB5B0Y,B0084D1XT2,has lacy three quarter sleeves and is off white,has long sleeves and is white
toptee,train,toptee_train_04582,B002U63D24,B0050CCVXC,is blue with green designs,is blue with yellow accents
toptee,train,toptee_train_04583,B004I7AZPQ,B00EDO193Q,is white colored and floral print,has a floral print
toptee,train,toptee_train_04584,B007U924TY,B000PRMCB8,has a higher necline and is more graphic,is more multi colored
toptee,train,toptee_train_04585,B003BED2O8,B006X1SN5Y,has smaller sleaved,Is more flowing and less colorful
toptee,train,toptee_train_04586,B00AEUPUME,B00AESXSC0,has graphics,is black with green logo
toptee,train,toptee_train_04587,B007C2BMDS,B00B2N1VL6,has longer sleeves and is black and white,has longer sleeves and is whiter
toptee,train,toptee_train_04588,B00C7N5J7C,B00BPI2AC2,The dress in white black and yellow in color.,is much longer and white
toptee,train,toptee_train_04589,B00ELXKL1U,B008C56QJ4,The shirt is black with white lettering,is darker and has shorter sleeves
toptee,train,toptee_train_04590,B0047LCAL0,B0047LA68E,is a brown color with no sleeves,Is brown in color
toptee,train,toptee_train_04591,B00BYLLPGW,B00C124H2C,is yellow with black bottom,is a bright yellow vest with one button
toptee,train,toptee_train_04592,B008O55FTO,B00DDXHSGK,is darker,is darker
toptee,train,toptee_train_04593,B005QN211M,B008L0NCKQ,is high neck with long sleeves,sleeveless and  has no print
toptee,train,toptee_train_04594,B005TZFD5S,B00EO2U4GK,has longer sleeves,has longer sleeves and lighter color
toptee,train,toptee_train_04595,B006O60GP8,B0052I9038,The shirt is white angel wings.,has feathered wings detail
toptee,train,toptee_train_04598,B0073U42V8,B004YD5JR8,Is white with more revealing shoulders,white with infamous 1982 skull logo
toptee,train,toptee_train_04599,B00AMDRAX0,B003HIX6I0,is white colored,is in solid white
toptee,train,toptee_train_04600,B006Z8GZD2,B0051GCO3Y,is a longer sleeve black shirt,is black with long sleeves
toptee,train,toptee_train_04601,B00C7F9ELW,B007M0OWWS,The lingerie is black and sheer.,is see-through and revealing
toptee,train,toptee_train_04602,B00FE2CIOU,B00FK7T1NA,Has longer sleeves and is less fitted,is peach colored with longer sleeves
toptee,train,toptee_train_04603,B0058NSUBU,B002C7T3LG,has a crew neck and is less blousey,is blue and has a rounded collar
toptee,train,toptee_train_04604,B00APD3KA4,B00B3259JQ,has more art patterns, pink and black in color
toptee,train,toptee_train_04605,B006Q8OHGS,B00ED7IBA2,The shirt is maroon in color with gold stitching.,is burgundy with longer sleeves
toptee,train,toptee_train_04606,B008VPXQJI,B0056OFF82,is long sleeved and lighter,is green with a turtle neck
toptee,train,toptee_train_04607,B00AIS1YE0,B00BDP4XMC,Is more cropped and darker in color,is more revealing with thinner straps
toptee,train,toptee_train_04608,B00FKXOK8U,B00EKKO8OK,has a short sleeve shirt with big art,has bright colors of butterflies
toptee,train,toptee_train_04609,B007LAGVZ0,B005NX4TSS,The shirt is tie dye with a peace sign.,is colorful with longer sleeves
toptee,train,toptee_train_04610,B00BF72LP4,B00861V2XY,has a lighter color and shorter sleeves,is white and cream in color
toptee,train,toptee_train_04611,B00BB17YTW,B00GNI71B4,is white and black stripes with long sleeves,has more stripes on it
toptee,train,toptee_train_04612,B005HPUHKG,B006QSPS8O,has longer sleeves and plain pattern,is flowing and ruffled
toptee,train,toptee_train_04613,B0047WST9G,B001LNLQM6,is pink with shorter sleeves,is a short sleeved pique
toptee,train,toptee_train_04614,B0092TLHHU,B008OZTXMO,Has longer sleeves and is lighter in color,has a floral print and longer sleeves
toptee,train,toptee_train_04615,B00B5XGUW8,B00BXZJC7I,is blue with black stripes,is turquoise colored with a different pattern
toptee,train,toptee_train_04617,B008YE1TPY,B00A3PMQNQ,The shirt is light blue with long sleeves.,is a white long aleeved shirt
toptee,train,toptee_train_04618,B003MEIVNY,B003MEBU7S,is white and less logo,is white colored
toptee,train,toptee_train_04619,B003BQKAVE,B004XH5HU4,is purple with white lettering,is a darker color
toptee,train,toptee_train_04620,B00BIJGLKA,B007XD50QQ,is much longer, gray and sleeveless
toptee,train,toptee_train_04621,B000E2D2FO,B00BCX4RM6,The shirt is black with a dragon.,it is black
toptee,train,toptee_train_04622,B003GPZ5RO,B003XXZMFO,The shirt has short sleeves and is red in color.,it is more red and has a round neck
toptee,train,toptee_train_04623,B00D8J6SN8,B0062E8SSE,longer sleeves and black and white,is striped and has longer sleees
toptee,train,toptee_train_04624,B006532F0O,B0094QXB4I,Is more sheer and has sleeves,has long sleeves and is more sheer
toptee,train,toptee_train_04625,B004SH77VG,B005TTD7KC,has less stripes,is light heathered gray color
toptee,train,toptee_train_04626,B0097YDRAK,B008CHEVC6,completely see through,is lighter and has shorter sleeves
toptee,train,toptee_train_04627,B00C3XX86A,B00C680CMK,has a graphic around the collar, yellow
toptee,train,toptee_train_04628,B009N830XO,B008JBOKUI,is white colored and has longer sleeves,Is more revealing and white
toptee,train,toptee_train_04629,B002Y72PXW,B00CXSNRXY,is a slim fitted black t-shirt with pink outlined motif,is less black and has short sleeve
toptee,train,toptee_train_04630,B004YDQYPO,B0079EHF26,Is not belted and is lacy,doesn't have the midrift tie.
toptee,train,toptee_train_04631,B00A6HOZYE,B006CB0UL0,has a shorter sleeve with colorful art,is not a button up
toptee,train,toptee_train_04632,B0044452TM,B000E75JY6,has shorter sleeves and is less patterned,short sleeves solid black v neck
toptee,train,toptee_train_04633,B0061JOPVE,B0093UHB9G,longed sleeved and animal print,has longer sleeves and leopard print in purple.
toptee,train,toptee_train_04634,B0018R1IUK,B008UX7ID6,is gray with red lips,has a red logo on it
toptee,train,toptee_train_04636,B00AU4EMXM,B008I627U4,flowered buttonup with lace sides,is a leopard print pattern
toptee,train,toptee_train_04637,B006GZTUG8,B006GK9PJU,The long sleeved shirt is gray in color.,has a neckline that shows less
toptee,train,toptee_train_04638,B007HHAPZE,B009YX70R0,is preppier and is designer,Is darker in color
toptee,train,toptee_train_04639,B0046IDRD4,B0047MKQ5G,is a hand bracelet,is a belt
toptee,train,toptee_train_04640,B000YVGT46,B0009GAVY0,The tank top is white in color.,is lighter colored
toptee,train,toptee_train_04641,B00CFTBMSS,B003JOFGFS,darker blue and more sporty,has a smaller graphic
toptee,train,toptee_train_04642,B005NY69RQ,B005NYIGK4,is lighter purple,has more ornate collar design
toptee,train,toptee_train_04643,B00D3RJ5LW,B00C7FA6Z0,The shirt has short sleeves with a black,is black white and red with longer sleeves.
toptee,train,toptee_train_04644,B009ZYPCQO,B00A061KMG,is dark blue colored with image of fairy,comes in blue
toptee,train,toptee_train_04645,B00BODNXK6,B00BLMV4BA,is a light grey t-shirt with pink lettering,is darker and plain
toptee,train,toptee_train_04646,B00AAJ67QW,B006VHY5OS,darker black and a different logo,has a darker logo
toptee,train,toptee_train_04647,B003R7HFDI,B009YVBM8U,is faded,has a red graphic on it
toptee,train,toptee_train_04648,B009O8ZSGK,B00BJTS04E,is dark brown colored with grey stripes,is lighter and has shorter sleeves
toptee,train,toptee_train_04649,B005EHK0S6,B00AB0G2WE,long sleeve multi design buutton up,is long sleeved
toptee,train,toptee_train_04650,B006K32Z0Y,B0068VGW0M,has no sleeves with more art,is white with paisley print
toptee,train,toptee_train_04651,B002QE8QEK,B0052DN6WY,is black and sleeveless,is darker and has shorter sleeves
toptee,train,toptee_train_04652,B0097B576U,B008DSLY4C,The shirt is blue and red plaid.,is striped with sleeves
toptee,train,toptee_train_04653,B00BQMEQLU,B00BQMFEMK,is darker,is black with no  embroidery on the neck line
toptee,train,toptee_train_04654,B00E5ONLVM,B0092QTP5O,has a more colorful graphic,is black with rainbow text
toptee,train,toptee_train_04655,B000EOWTQA,B0016KVV0G,is exactly the same,has a belgian malinois on the front
toptee,train,toptee_train_04656,B004I5BDD6,B005FJUKMO,v neck black top, single layer
toptee,train,toptee_train_04657,B00AZ7Y6TY,B008G0DFWQ,is a long sleeve shirt with square patterns,has longer sleeves
toptee,train,toptee_train_04658,B00CBSK55Y,B007O0WTU8,is navy blue with yellow writing,has a navy seals printout in yellow
toptee,train,toptee_train_04659,B00D2ZBOSM,B004LBCT2G,is lighter with ruching,is mid blue
toptee,train,toptee_train_04660,B001LGHW2Q,B004SWPBF0,is lighter,is a green color
toptee,train,toptee_train_04661,B005F9O1WE,B006HHA9II,has camisole underlay and darker background,Is darker in color and more sheer
toptee,train,toptee_train_04662,B00AHM2SSS,B00AYLK0NW,has longer sleeves,is more chic and more silk
toptee,train,toptee_train_04663,B00BWULAQ0,B00C30MUDU,has lace and is darker,has longer sleeves
toptee,train,toptee_train_04664,B002ZCXVVQ,B0038JEAE2,is lighter,v neck empire draped waist
toptee,train,toptee_train_04665,B008AMFID4,B003PNZ1NU,is black with white designs,is black with short sleeves
toptee,train,toptee_train_04667,B004LXO68Y,B006UTFI70,The shirt is short sleeve and pink.,is pink with buttons
toptee,train,toptee_train_04668,B00A13FNR6,B0058Z60A6,is dark green with gold accents,is darker
toptee,train,toptee_train_04669,B00CAVXTTQ,B0089CGRZ8,has shorter sleeves and is  more colorful,is green and sleeveless
toptee,train,toptee_train_04670,B004DUM056,B003C1BUXA,is more suggestive with art,has no collar
toptee,train,toptee_train_04671,B00BLMMMUW,B00BCFZYAS,The shirt is tan and white.,it has long sleeve but has multiple color
toptee,train,toptee_train_04672,B00AE9XF9K,B008UABZR4,Is less flowing and more casual,is short sleeved and striped
toptee,train,toptee_train_04673,B00DOSDVXS,B008EXQ8PG,has no sleeves and is white,is lighter in color
toptee,train,toptee_train_04674,B000ZZXSBS,B006CUP7K0,The shirt is gray with black homo-sapiens.,is grey with a black logo
toptee,train,toptee_train_04675,B0025UU09Y,B003Z6IKC6,Is more feminine and fitted,has no sleeves and less color
toptee,train,toptee_train_04676,B00A3MVGBW,B00A3MV9WI,is longer in length,is of a lighter color of brown with no blue
toptee,train,toptee_train_04677,B00AE9XF9K,B00AB3E57K,The shirt is brown in color with a scoop neck.,is darker
toptee,train,toptee_train_04678,B0046IB5PQ,B007P5FX6O,is short and black,is shorter and more feminine
toptee,train,toptee_train_04679,B00B99O31S,B00BHVSN2I,Is darker with stripes.,has no color and has stripes
toptee,train,toptee_train_04680,B00BXRLAOY,B0081Y9N46,is blue with ruffles,has shorter sleeve and is light blue color
toptee,train,toptee_train_04681,B005HV7LZ4,B009WVZZ6W,has a scoop neck and more color,is yellow with a lion print out.
toptee,train,toptee_train_04682,B006W5W0SW,B0058SREX0,is black colored and longer sleeves,is black in color
toptee,train,toptee_train_04683,B00EQWW9HK,B0057DIYNK,has lower neckline and shorter sleeves,is grey colored
toptee,train,toptee_train_04684,B00AQZQLWU,B007VP6X94,is crocheted with straps,has no sleeves
toptee,train,toptee_train_04685,B00DRM4ULI,B007FAEFOK,is a black tank top,is darker in color
toptee,train,toptee_train_04686,B005JR1JS6,B004HHO36Y,has shorter sleeves,has shorter sleeves and a brighter pattern
toptee,train,toptee_train_04688,B006N04PNE,B006K1LS04,has white color and no sleeves,is white and has short sleeves
toptee,train,toptee_train_04690,B00B8PNGTS,B00ELABN2Y,is black and white with plaid,is top button up plaid shirt
toptee,train,toptee_train_04691,B001LXND9A,B002B2TTWU,is black and has short sleeves,Is more graphic and less formal
toptee,train,toptee_train_04692,B008WZ6F36,B00B8O9KP8,is shorter sleeved,is lighter pink
toptee,train,toptee_train_04693,B00E6RLJDA,B005EE2QJA,has shorter sleeves and no buttons,has black and white thick vertical stripes
toptee,train,toptee_train_04694,B0096HQ5DY,B0096HQJ08,is white wit black and red designs,White/brown short sleeved long blouse
toptee,train,toptee_train_04695,B008UAD784,B008UD160M,The shirt is capped sleeved and a multitude of colors.,it is more tight and has a shorter sleeve
toptee,train,toptee_train_04696,B003C230YQ,B007X4DAS0,is blue colored,is blue with longer sleeves
toptee,train,toptee_train_04697,B005PI6L1O,B004WXUWWM,purple and has a different logo,is purple
toptee,train,toptee_train_04698,B004R1LMU0,B006HSCWW8,is white,is solid white
toptee,train,toptee_train_04699,B0067SQH56,B004YXTYWE,pink tee dog logo,is in pink with dark print.
toptee,train,toptee_train_04700,B007P872QU,B008QQGW0M,is white and has shorter sleeves,short sleeve white i am sheir locked logo
toptee,train,toptee_train_04701,B00C1SF5XG,B009FTX2RU,is darker in color with short sleeves,is dark violet colored and has shorter sleeves
toptee,train,toptee_train_04702,B003X3HUW2,B008PMDQ38,is white with longer red sleeves,Is longer and white
toptee,train,toptee_train_04703,B008809A6E,B008527I78,is white with black designs,is a white t-shirt
toptee,train,toptee_train_04704,B0088Z7KOI,B0072HYT74,chevron colorful blouse with 3/4 sleeves,has longer sleeves and is brighter coloured
toptee,train,toptee_train_04706,B008OBD4XC,B007LNJZ14,is beige colored,is mostly white with a grey and black graphic
toptee,train,toptee_train_04707,B0076M7CQA,B007JS45D4,has buttons and is checkered,has blue plaid design
toptee,train,toptee_train_04708,B007PZOQ44,B00EQ853YA,is less revealing and paler,is pink with thicker shoulder
toptee,train,toptee_train_04709,B00A13FZU6,B0036MSZ6U,has a long sleeve light blue color,is more blue in color
toptee,train,toptee_train_04710,B000OGP8TS,B00GHQYYWG,is lighter,has a green graphic on it
toptee,train,toptee_train_04711,B003H21D2M,B002N34B20,is black with only side purple design,is same coloured with different print
toptee,train,toptee_train_04712,B00AWBU4D0,B00DBLPM2Q,, leafy and tall
toptee,train,toptee_train_04713,B005OZN0LM,B0058Z5UQG,is greaan and longer sleeves,has round neck and is blue color
toptee,train,toptee_train_04714,B0036MPETQ,B002CJ1OMU,has shorter sleeves and is blue with a large orange circle,is blue with orange logo
toptee,train,toptee_train_04715,B0088VXQB8,B000W1YA4E,is lighter and has shorter sleeves,has off shoulder and is blue
toptee,train,toptee_train_04716,B007LDFURC,B008D6PCGU,has no sleeve and is active tank,has off shoulder and is tank color
toptee,train,toptee_train_04717,B007MUR7I4,B0096IY99K,Is more refined and has buttons,has buttons and is white
toptee,train,toptee_train_04718,B0089MECQ4,B00DFTTP3Q,does not have sleeves,is a tank top
toptee,train,toptee_train_04719,B006GZTJM8,B008PRJFTW,is dark blue colored and floral pattern,is brighter
toptee,train,toptee_train_04720,B008YDEOTI,B005GC45Y4,is darker and less complex,is darker and has shorter sleeves
toptee,train,toptee_train_04722,B004VSE9CM,B005THL0V2,has a smaller design in gray on it,has a tighter fit and is more athletic
toptee,train,toptee_train_04723,B009JQNGMK,B009NL2VW2,is feminine and scary, has longer sleeves
toptee,train,toptee_train_04724,B001TT4J3K,B001T3M09Q,has shorter sleeves and is more wordy,is darker and has shorter sleeves
toptee,train,toptee_train_04725,B007IRYGRQ,B005JSTGDA,is white and has buttons and collar,is buttoned and longer
toptee,train,toptee_train_04726,B000CEM9TY,B00APLT7TO,is grey colored with pink text on it,is grey with pink logo
toptee,train,toptee_train_04727,B002U34KGK,B00BZS8RLU,is striped and color is less blue,has horizontal teal stripes
toptee,train,toptee_train_04728,B00B1P3LRW,B0080PDTHI,The tank top is yellow and white in color.,is yellow and more revealing
toptee,train,toptee_train_04729,B007VCY7OA,B001OQC5R0,is lighter with long sleeves,is a blue long sleeved blouse
toptee,train,toptee_train_04730,B003ILQU34,B003ILJI60,has longer sleeves and solid white,is colored in white with long sleeves.
toptee,train,toptee_train_04731,B00BF72LP4,B005S33U8I,is beige and white striped,more form fitting and has stripes
toptee,train,toptee_train_04732,B00AU8BILC,B005N6WC16,is gray,solid gray deeper neck
toptee,train,toptee_train_04733,B0002JAJ7I,B004ZWP7RA,The shirt is a wrap shirt and gray in color.,blue
toptee,train,toptee_train_04734,B00GB0JGR6,B009OCCUCG,is identical,Has a more fitted style
toptee,train,toptee_train_04735,B000EUCRQ6,B000EUEWNM,has different dogs on them,Has a larger doggy face
toptee,train,toptee_train_04736,B0019705C6,B00106XBDG,is strapless and sexy,is sleveless and is dark color.
toptee,train,toptee_train_04737,B004R1IFEQ,B00A24VZ3K,is shinier,is shiny black leather and long sleeves
toptee,train,toptee_train_04738,B00700YVA8,B00A0D4NGE,is lighter and has longer sleeves,is white with vertical stripes
toptee,train,toptee_train_04740,B00880F1JE,B008CTO78M,The shirt is long sleeved black in color with yellow designs.,has longer sleeves
toptee,train,toptee_train_04741,B007ROX0ZY,B00DESVY82,has a light gray color with teal text,gray color non fitted
toptee,train,toptee_train_04742,B00749QXUQ,B001E0INIQ,is pink,is lighter in color
toptee,train,toptee_train_04743,B00BLYSIMQ,B00AQE7AAI,is white with pink designs,shirt tail hem
toptee,train,toptee_train_04744,B0018Z0N6C,B00CSLJW80,is black and has large painting,is black-and-white and has Elvis photograph
toptee,train,toptee_train_04745,B002U9EJ92,B00EVVJHFI,is feminine in nature,has an image of a man on front
toptee,train,toptee_train_04746,B007YHYD28,B004TTI47O,the left is more adult based,has smaller chest logo
toptee,train,toptee_train_04747,B002SYX84Q,B00465SQSS,is blue colored,has more colorful image
toptee,train,toptee_train_04748,B005K1W4IU,B00A9ZV6LI,is a dreamcatcher,is an accessory
toptee,train,toptee_train_04749,B0076FI5TU,B006WI4NFW,is grey and has long sleeves,has full sleeves that are long.
toptee,train,toptee_train_04750,B004GTMWGQ,B001PKTQRW,is yellow colored and has sleeves,is yellow with sleeves
toptee,train,toptee_train_04751,B001UIM3Y2,B006RFPDMC,is less revealing and has ornate neckline,is black with long sleeves
toptee,train,toptee_train_04752,B007W9Z0FC,B00ATFLAO6,The tank top is blue and has fringe on the straps.,is a lighter blue and has thinner straps
toptee,train,toptee_train_04753,B00FM57HWW,B00C1PYPLW,is white with a black skirt,spaggeti strap sleeves white
toptee,train,toptee_train_04754,B00A42QEE0,B003UGX134,The shirt is black with AC/DC.,is fitted and graphics are sparkly
toptee,train,toptee_train_04755,B005FYL1VI,B00COPLOX6,The shirt is purple with black writing.,is purple colored and no design
toptee,train,toptee_train_04756,B00CDVZ46O,B00B5K7F4S,is darker and has longer sleeves,is blue and sheer.
toptee,train,toptee_train_04757,B008SBGKP2,B007WACWV6,is black and not striped,is a mostly black
toptee,train,toptee_train_04758,B00ATF2CAW,B006SESMAM,is solid blue with a v neck,is blue and has large v-neck
toptee,train,toptee_train_04759,B008EQX4S2,B009E7RQN4,The shirt is long sleeve white and ruffled collar.,has a lighter color and is more frillier
toptee,train,toptee_train_04760,B00B44W04U,B00B44WNH4, red and tan.,Is lighter with a dotted pattern
toptee,train,toptee_train_04761,B007RKLVJA,B00CFGUWKK,Has short sleeves and a different logo,black tee shirt with red superman logo
toptee,train,toptee_train_04762,B007WA2KWW,B007WAU362,has sleeves and is tighter,is tan in color
toptee,train,toptee_train_04763,B005H29A52,B008FDCOK8,is darker,Is black with different graphic.
toptee,train,toptee_train_04764,B00AO4ECYM,B00C8055O6,is red with lace,Is more sexy and revealing
toptee,train,toptee_train_04765,B001THUBU2,B0079QYOA0,has black and white and less shiny,is less polka dot and more complex pattern
toptee,train,toptee_train_04766,B008D64QD0,B008D660UW,has longer sleeves and is less edgy,is beige long sleeved
toptee,train,toptee_train_04767,B005HEIL1O,B0092U1Q5W,is blue with yellow designs,is blue colored with yellow graphic
toptee,train,toptee_train_04768,B00CM2Y3WA,B004QO5OS4,The shirt is white with Sons of Anarchy.,is a white tee with black design.
toptee,train,toptee_train_04769,B00AZP47TK,B00AQ6X4YW,is less revealing and is darker,is slim and bold
toptee,train,toptee_train_04770,B00DBDP9HM,B00EO979Q6,is black,is black
toptee,train,toptee_train_04771,B009NOGBNO,B00C85KBBS,blue girls button up with red emblem,has longer sleeves and buttons
toptee,train,toptee_train_04772,B007NFGZZ4,B00A14JGUU,a long sleeve striped shirt with a light color,is black and white with longer sleeves
toptee,train,toptee_train_04773,B000811G0O,B00424MENG,is blue with red hat,is blue with images
toptee,train,toptee_train_04774,B004I6CS8O,B00AW6HKJG,is white and more casual,is lighter
toptee,train,toptee_train_04775,B005QCJ4TA,B006C8AK1S,has more colors,has a different
toptee,train,toptee_train_04776,B0089O8RYU,B005TK1QFY,is darker,is a gray top
toptee,train,toptee_train_04777,B00B1MY7A0,B007678ZVG,It is a darker color with a print.,Is sleeveless and less colorful
toptee,train,toptee_train_04778,B0098813OC,B00987L4F6,has shorter sleeves,has a rounded neck
toptee,train,toptee_train_04779,B00AFRVSAO,B0090KE5FW,is darker,has pockets and is solid colored
toptee,train,toptee_train_04780,B0066PVM0K,B005M2B95Q,is black with white stripes horizontally,is less fitted and has horizontal stripes
toptee,train,toptee_train_04782,B0064SFITA,B00858E9AG,is darker and has longer sleeves,is short sleeve and green lace
toptee,train,toptee_train_04783,B0074BJHG6,B0074DUZS8,is brown and has no sleeves,is golden brown
toptee,train,toptee_train_04784,B00B1H2GJY,B006P8E1CE,has cap sleeves and solid colors,has large stripes and covers more of the shoulders
toptee,train,toptee_train_04785,B004OYUFEE,B00CLDO32A,The shirt is blue and white in color with no sleeves.,has more of a gradient and shorter sleeves
toptee,train,toptee_train_04786,B0091J3PUS,B0091J4WSW,is less shiny and has collar,is white with sleeves
toptee,train,toptee_train_04787,B008K6EHDM,B000RKVLQA,is lighter,is grey and has yellow smile
toptee,train,toptee_train_04788,B00B8PNGTS,B003TO2NE0,is short sleeved with v-neck and purple,has short sleeves and a v-neck
toptee,train,toptee_train_04789,B00ELMUDQO,B006RZHBDG,has buttons on the front,has buttons
toptee,train,toptee_train_04790,B00CJQEJL4,B005GI9DMM,is black and sleeveless,is solid black and drapes along center
toptee,train,toptee_train_04791,B005NX237M,B007ABH0E6,is darker colored,dark animal print
toptee,train,toptee_train_04792,B005T9KCFU,B00BQLO274,is burgundy and has no picture,is dark red colored
toptee,train,toptee_train_04793,B0009JRVF4,B0039X2D46,has several distinct shapes,is chrome with black lettering
toptee,train,toptee_train_04794,B0077SV750,B004DR7RD4,The shirt is green with the Irish Flag and a Shamrock.,has a different logo
toptee,train,toptee_train_04795,B00DHX4POO,B00FDSSX0I,Is green and more wordy,has more text to it
toptee,train,toptee_train_04796,B0012OAP7Q,B00B00Q0L2,none,is more form-fitting
toptee,train,toptee_train_04797,B00AKL9N4S,B00A1W3NB0,is black colored with sleeves,black t-shirt with large graphic
toptee,train,toptee_train_04798,B0086JXCRA,B0071C6AYK,is rusty red with a moose,is brown and red
toptee,train,toptee_train_04799,B003UV3KMQ,B00611SA9K,has orange designs,is more printed and more grungy
toptee,train,toptee_train_04800,B0054KXRKG,B000XSACSY,is lighter in color,is pink in color
toptee,train,toptee_train_04802,B008VQ6R7A,B007Y3CJMI,has shorter sleeves and less red,has short sleeves andis red and white
toptee,train,toptee_train_04803,B008Z91DM2,B009AONY8M,The shirt is white with black polka dots.,it is white dotted and has no collar
toptee,train,toptee_train_04804,B00ATZO2XM,B00ATZOKDY,is purple with criss cross design,has shorter sleeves and is lilac
toptee,train,toptee_train_04805,B005EE3874,B00AHXXHQO,has longer sleeves with a logo,has shorter hips and is white color
toptee,train,toptee_train_04806,B004DB7JYC,B00GQJY8QG,lighter,green
toptee,train,toptee_train_04807,B00DO41YS6,B005DA25C8,Is brighter with a floral pattern.,Has more colors and variety in design
toptee,train,toptee_train_04809,B009WW0YBM,B009WW13PI,is darker,is black and has a skull graphic on it
toptee,train,toptee_train_04810,B007ZITC9K,B00858V31E,The boat neck shirt is brown in color.,is brown in color
toptee,train,toptee_train_04811,B008L13LQU,B008VU4642,is warmer and has long sleeves,is more of a jacket
toptee,train,toptee_train_04812,B0073YHA8G,B00D85CSMM,Has a large graphic and is more grunge,white sleeves
toptee,train,toptee_train_04813,B000UZCE2M,B00951RHMY,Is lighter and more professional,is solid white
toptee,train,toptee_train_04814,B003VS427U,B004NP49R8,is more shorter and brighter in color, with embroidery
toptee,train,toptee_train_04815,B00ADX6SQY,B00BEMKA3K,is a sleeveless tiger print,Desired item is short-sleeved with leopard spots
toptee,train,toptee_train_04816,B00877DPU0,B007IXXWM0,Is a dress that is black,is a black dress with an elastic waist
toptee,train,toptee_train_04817,B0052OTIHK,B0051AO5GO,has no sleeves and blue,is blue with no sleeves
toptee,train,toptee_train_04818,B007TXWVJY,B007TYPOL0,has no sleeves and less revealing,is darker with less mesh
toptee,train,toptee_train_04819,B00DU6OUES,B0044OVKNE,is a t shirt,is a t shirt
toptee,train,toptee_train_04820,B0035LBKA0,B004070YFK,is brighter and has stripes,is a grey and white stripe pattern
toptee,train,toptee_train_04821,B00598LPVG,B00598MQ5U,has more blue and more logo,is slightly darker shade of blue
toptee,train,toptee_train_04822,B003QOUXGS,B003QP8D14,maroon short sleeve,Is a brighter color
toptee,train,toptee_train_04824,B000OBU2MG,B009751XLY,is lighter,is colorful with stylish patterns
toptee,train,toptee_train_04825,B009RUQXPA,B00G4TQYG0,is not colorful.,is darker and has longer sleeves
toptee,train,toptee_train_04826,B0074LBJ1W,B003AQIU6C,has only one image in the middle and shorter sleeves,is tighter fitting with different graphic
toptee,train,toptee_train_04827,B006MYVJVC,B002POK2RK,is a belt,is not clothing
toptee,train,toptee_train_04828,B00BY8MMBM,B00161K7YQ,The tank top has a floral print.,it is more flowery and colorful
toptee,train,toptee_train_04829,B003BA6JIS,B0077DGXK4,is more sexual,less junior and more bold graphics
toptee,train,toptee_train_04831,B00EE0ZYIU,B00EQ225M4,is more colorful,has a colorful graphic on it
toptee,train,toptee_train_04832,B00D0JOB2Q,B00D0JRAT2,The tank top is black in color.,is black
toptee,train,toptee_train_04833,B002KJ4NQG,B0006B49RS,The long sleeve shirt is white in color.,has smaller round neck and is white color
toptee,train,toptee_train_04834,B00FFL93SE,B00GBG9Q8E,The shirt is blue in color.,is light blue with long sleeves
toptee,train,toptee_train_04835,B00EE0ZYIU,B00GE563ZQ,has a colored graphic and looks more gothic,is black with darker logo
toptee,train,toptee_train_04836,B00B0364TC,B00BLTHUMU,is a white vest top,Has straps and is less chic
toptee,train,toptee_train_04837,B001DWI9MA,B001S2HKS4,is yellow color with giant text,is yellow
toptee,train,toptee_train_04838,B00A4LM6L6,B003WM1MIM,has longer sleeves and is less childlike,is a different print on gray.
toptee,train,toptee_train_04839,B008ILTGO4,B006H6WOR8,is dark,less fitted
toptee,train,toptee_train_04840,B002KO943S,B00D0AM8W0,is darker with no numbers,has a different logo
toptee,train,toptee_train_04842,B00BH99MO8,B006VER11K,has blue striped and short sleeves,longer sleeves blue stripes
toptee,train,toptee_train_04843,B0015A5TKU,B008MAIURU,has longer sleeves and is more colorful,it is darker black
toptee,train,toptee_train_04844,B00A3QPQGY,B0085U93NW,has three different color stripes,has longer sleeves
toptee,train,toptee_train_04845,B004RUF8F6,B00AG40D6Q,The long sleeve sweater is maroon and has a skull.,comes in long sleeves
toptee,train,toptee_train_04846,B000E28I4O,B00AWIA578,is black colored and has longer sleeves,is a dark colored button up
toptee,train,toptee_train_04847,B008EOXM7W,B007V6WTH8,is green without sleeves,is a tank top
toptee,train,toptee_train_04848,B002WEQIDA,B00DDUZ5H2,is black and white swirl pattern,has more white patterned design
toptee,train,toptee_train_04849,B004XH5HU4,B005OCARFW,The shirt is white with a colorful picture of a woman.,is lighter colored
toptee,train,toptee_train_04851,B009YJTFFY,B008M0ANJI,Is more flowing and feminine,comes in black floral print
toptee,train,toptee_train_04852,B0035LBKJQ,B00852A8BQ,is blue with round neck,has shorter sleeves
toptee,train,toptee_train_04853,B00423J9BW,B002VRRNAU,is a halter top,is pink and no straps
toptee,train,toptee_train_04854,B0019XX1X0,B00826ASLK,has a no sleeve yellow color,is a sleveless tank top with no belt
toptee,train,toptee_train_04855,B00AVXZ07E,B00A2YDVPK,is darker and has shorter sleeves,is black and sleeveless
toptee,train,toptee_train_04856,B0096I6L28,B00C3XFPV6,is a  black and white print with some red,is darker with a different print
toptee,train,toptee_train_04857,B005QMN8N8,B00C6BFH7W,is a tank top.,Is sleeveless and has more words
toptee,train,toptee_train_04858,B005HIKG3Q,B001F0955K,is more masculine and blue in color,is solid blue
toptee,train,toptee_train_04859,B00BNN2966,B00BGH80NA,The tank top is tight fitting with green and white stripes.,Is colorful and less modest.
toptee,train,toptee_train_04860,B006PATDDY,B000JR9H3U,The shirt is black with yellow writing.,is black in color with word graphic in front
toptee,train,toptee_train_04861,B0038VB9T4,B0053EYTSW,is grey and more off-shoulder,is flirty and less baggy
toptee,train,toptee_train_04862,B00DY40ET6,B005COZ6C6,The shirt is black with yellow writing.,is darker
toptee,train,toptee_train_04863,B00AWBRLQI,B006Z98EOE,The shirt has white and black stripes,has longer sleeves and is black and white striped
toptee,train,toptee_train_04864,B004L6J4QK,B00558VAXS,The shirt has a low cut front and is white in color.,is lighter in color and longer sleeves
toptee,train,toptee_train_04865,B00DLJZW78,B0098LVLV4,has shorter sleeves with cheetah spots,has sleeves and is darker
toptee,train,toptee_train_04866,B00FKNQ736,B0089HOVEW,The hosiery is white in color with lace at the thighs.,is thigh high sheer white colored
toptee,train,toptee_train_04867,B00AY1UHO4,B003ILFTWM,is blue and pink with black letter and shorter sleeves,is red and blue and shorter sleeves
toptee,train,toptee_train_04868,B004JQOLEC,B00COG9J5U,has smaller straps and is white,Desired product is a white tank top with random lines
toptee,train,toptee_train_04869,B006FOTVPA,B00B2NLKIU,is almost similar,is slight lighter in color with a different graphic
toptee,train,toptee_train_04870,B00C65XYDC,B0058YDZHI,has shorter sleeves the USPO logo,It has short sleeves and more tight
toptee,train,toptee_train_04871,B00BF60Z8K,B00BRCOXDK,is lighter,is white with cats
toptee,train,toptee_train_04872,B008PJH7RC,B00DYVUV38,is more revealing,sleeveless tank
toptee,train,toptee_train_04873,B00DR2261Y,B009P8JT5U,The baseball cap is black with white writing.,Is more of a hat and less of a shirt
toptee,train,toptee_train_04874,B002CIZQES,B009IUSLPY,is white colored with text no it and has sleeves,Is more wordy and more masculine
toptee,train,toptee_train_04875,B009DOS588,B008AMFVTK,is plain brighter colored,is lighter and has shorter sleeves
toptee,train,toptee_train_04876,B0091IXYKU,B00B8QN2MS,is transparent,is more see through and fun
toptee,train,toptee_train_04877,B000VYQY00,B000VYQY0A,is identical,looks like a perfect match
toptee,train,toptee_train_04878,B006YJQK9Q,B00C181940,is lighter,is a floral sleeveless
toptee,train,toptee_train_04879,B001TOMTKU,B009PQ20WQ,is more wordy and has a bit longer sleeves,is black tee shirt
toptee,train,toptee_train_04880,B00B19GTA4,B0079EI426,is white and pleated,is lighter in color
toptee,train,toptee_train_04881,B00CII4666,B00E8CN6MA,is yellow colored and has shorter sleeves,is less shirty and more fashionable
toptee,train,toptee_train_04882,B003STHQHU,B007WNPA2G,is lighter and less suggestive,is lighter
toptee,train,toptee_train_04883,B001J8GM40,B00247MM58,has sleeves and is more loose,is more metallic and darker
toptee,train,toptee_train_04884,B003EZKVYS,B002WOSLVM,more navy no v neck,it has a darker color
toptee,train,toptee_train_04886,B00A492N8O,B00B1UB7QY,The shirt has capped sleeves with white and taupe stripes.,is shorter sleeved with horizontal white and beige stripes
toptee,train,toptee_train_04887,B0097XFD0S,B0097XH0BI,is darker and more musical,is darker and has a guitar graphic on it
toptee,train,toptee_train_04888,B00CBQRQPI,B00CBQRP22,is similar, white
toptee,train,toptee_train_04889,B00AL1QED0,B005WY0APY,is lighter,draped
toptee,train,toptee_train_04890,B00EFFSPL2,B00F0UDTBM,has shorter sleeves with a military green color,has shorter sleeves and is olive green
toptee,train,toptee_train_04891,B00EF84GRG,B009U4MD4I,is black with white designs,is slimmer and feminine
toptee,train,toptee_train_04892,B00FDW6XCE,B00AAAOBG4,is a different color and size,is darker and has a red heart on top the ribs.
toptee,train,toptee_train_04893,B00BR40SQY,B00A3Y9KYA,is teal,has longer sleeves
toptee,train,toptee_train_04894,B0098813OC,B005FRAUZS,has shorter sleeves with a orange tone,Is a warmer tone
toptee,train,toptee_train_04895,B004B1IEU2,B004SFB1FG,is green with white designs and no sleeves,is tank top and has uneven hem
toptee,train,toptee_train_04896,B002PZHDTY,B008R35IFY,has a lighter logo,Is white with different graphic.
toptee,train,toptee_train_04897,B00F35FJ3U,B00D6CR6NS,has pop-art graphic and ties at sleeves,is black and white with stripes
toptee,train,toptee_train_04898,B005T4B6QY,B005GRGR0O,Has a less colorful graphic,has no graphics
toptee,train,toptee_train_04899,B004QO5OS4,B00CM2Y3WA,The shirt is black and white in color with a skull and a SOA emblem.,has black background with white graphic
toptee,train,toptee_train_04900,B00BGD0EYM,B00DMHOKFY,is teal colored and plain pattern,it is blue and plain
toptee,train,toptee_train_04901,B00BTHQUS4,B009T76L62,is more loud,white tank with red graphics
toptee,train,toptee_train_04902,B008Q7ZEKU,B00B5ADG96,The shirt has no sleeves and is white and blue in color.,is sleeveless and denim with white
toptee,train,toptee_train_04903,B00ASPEMHO,B007W5AHTK,Is more lacy and less revealing,is solid black colored
toptee,train,toptee_train_04904,B0033WSUW2,B0098I5VV8,is pink with no sleeves,has no sleeves
toptee,train,toptee_train_04905,B004JO33LQ,B003V0ERTQ,is purple colored and has sleeves,has longer sleeves and is purple
toptee,train,toptee_train_04906,B00558VAXS,B003X0Z55Y,is navy blue in color,is a darker blue color
toptee,train,toptee_train_04907,B001CTUL9I,B00333ED9A,The long sleeve shirt is gray in color.,is longer sleeved and dark colored
toptee,train,toptee_train_04909,B003YDDG42,B00CKTXJUM,The shirt is short sleeved and white.,has more grey
toptee,train,toptee_train_04910,B00G04NZT8,B004ZDBKUW,is darker, less fitted
toptee,train,toptee_train_04911,B00BTHQS2W,B009T76XVK,is black with buttons on the neck,it has a long sleeve and has no stripe
toptee,train,toptee_train_04912,B00DZI8VK0,B00DNV91VM,is beige,is open necked and short sleeved
toptee,train,toptee_train_04913,B00DEKKMME,B0082BQTUY,has a geographic print,solid white.
toptee,train,toptee_train_04914,B009WK62MO,B00EOLFQNW,is blue without sleeves,is blue and sleeveless
toptee,train,toptee_train_04915,B003BTF0G6,B004ORIPEI,is more sporty with a tank cut neck and sleeve,Has no sleeves
toptee,train,toptee_train_04916,B007N0M4XQ,B00762YSIU,is black colored and has sleeves,is shinier and has longer sleeves
toptee,train,toptee_train_04917,B004Z2OF14,B002W5UNDA,is plaid with a button down front,has no sleeves and a different tie around the neck.
toptee,train,toptee_train_04918,B00AFH6U1Q,B00AAII56S,gray tee stick figure logo,has a lighter color
toptee,train,toptee_train_04919,B0075LK4EY,B007C7JA5U,has no sleeves has pink color,has a pink color
toptee,train,toptee_train_04920,B007WNPA2G,B00EINMRQK,is v neck and has deeply grey,is light green v-neck
toptee,train,toptee_train_04921,B00DS0NOP2,B00C48U4MK,is more sheer and less solid,Is brighter and more patterned.
toptee,train,toptee_train_04922,B008U538V0,B0096KVKS6,The shirt has an animal print.,is tiger print.
toptee,train,toptee_train_04923,B00GT43882,B00GU19GD0,is lighter,is lighter
toptee,train,toptee_train_04924,B0084E7A48,B0084E79BC,has no sleeves and more red,is darker pink
toptee,train,toptee_train_04925,B00AZL8D7G,B00BFFGM4C,is more casual,is lighter and pin striped
toptee,train,toptee_train_04926,B00BMTKWR4,B00D839QX8,The shirt has no sleeves and is pink in color., purple one sided graphic
toptee,train,toptee_train_04927,B00B1VT3L4,B007ZPIQ2M,The white t-shirt has a unicorn and a rainbow.,is white with a rainbow pattern
toptee,train,toptee_train_04928,B00BODNXK6,B009JGYGCO,is black and has wings attached to breast cancer ribbon,is a black tee
toptee,train,toptee_train_04929,B00GJ6CMK0,B00BN1JUPQ,is blue with shorter sleeves and a graphic,is shorter sleeved with a graphic
toptee,train,toptee_train_04930,B00DR49142,B00DR4912Y,is identical,is available
toptee,train,toptee_train_04931,B009KH66MA,B002RX61ME,has shorter sleeves with a logo in the middle,is less revealing
toptee,train,toptee_train_04932,B0012ODZ8M,B0026JIU8W,is darker,is mint green colored
toptee,train,toptee_train_04933,B008BLRVI4,B0037OI4V8,black cowgirl style button up,has buttons
toptee,train,toptee_train_04934,B003R7HFDI,B0090E3M5C,Is more colorful and has longer sleeves,is a elbow length Superman logo shirt
toptee,train,toptee_train_04936,B000ZZXSBS,B00907YL9U,is a gray plain shirt,is darker grey and has longer sleeves
toptee,train,toptee_train_04937,B001J6Z2O8,B00B38205Q,black off shoulder neckline no logo,does not have graphic on the front
toptee,train,toptee_train_04938,B001CP1M9K,B006JFQXMO,has shorter sleeves with more feminine cut,Is black in color
toptee,train,toptee_train_04939,B005T4B6QY,B005EDMEG6,is darker,has a simple text graphic
toptee,train,toptee_train_04940,B00B99O31S,B00B99O318,Is brown and white with swirling pattern,it is brown
toptee,train,toptee_train_04941,B007H9KFFC,B00G70SWIE,The shirt is short sleeve dark in color with white lettering.,is darker
toptee,train,toptee_train_04942,B0097ZYAA0,B000MQEMYW,is lighter and has shorter sleeves,is less casual and more everyday
toptee,train,toptee_train_04943,B006PD1FSW,B007ZYUGGC,is pink with no buttons and white print,is orange with shorter sleeves
toptee,train,toptee_train_04944,B008FCY5LU,B00AG41PDG,is lighter,is a full top in white and black borders that might button up.
toptee,train,toptee_train_04945,B008Q6DAIY,B008YYB300,A brighter red plaid.,is red and black.
toptee,train,toptee_train_04946,B0071M9WSG,B00BMV7E3W,is plain white with longer sleeves,is a flowy white shirt
toptee,train,toptee_train_04947,B008JG3TU0,B0069UI0TI,Is more whimsical and lighter in color,is a grey and white abstract top
toptee,train,toptee_train_04949,B006UH6DF8,B002I9YWQ4,is brown and short sleeve, short sleeve
toptee,train,toptee_train_04950,B009YMK7NU,B009SDUWF8,I need something with a little more sleeve and with red in it.,Is looser & dark red
toptee,train,toptee_train_04951,B002AEP770,B002AOJI5W,has no logo and pink shiny, drop waist
toptee,train,toptee_train_04952,B00BQI8YA8,B00ANG41KQ,The shirt is short sleeves gray in color with a colorful design.,is a blue shirt with print.
toptee,train,toptee_train_04953,B008MD04SU,B0097LQNKY,has longer sleeves with fading blue color,Solid light/dark blue long sleeved buttoned shirt.
toptee,train,toptee_train_04954,B0058VUJ02,B009RNWYHS,is mint striped blue,Is striped
toptee,train,toptee_train_04955,B00AL1QEF8,B00AW6HO56,has a longer sleeve,brown
toptee,train,toptee_train_04956,B007C3KHEC,B004U42Y2O,3/4 sleeves and short sleeves,is a blue top with shorter sleeves
toptee,train,toptee_train_04957,B006WITMVW,B00ADHGKNQ,has longer sleeves and is purple,Has longer sleeves
toptee,train,toptee_train_04958,B0016A26XC,B0012YEDJC,has text 'breaking benjamin' written on it,is black with a graphic design on upper half
toptee,train,toptee_train_04959,B00455VX0C,B0061RXQ0M,Is white and more wordy,is white and many words for logo
toptee,train,toptee_train_04960,B007PQNPWC,B00EDTA5TA,is smaller in size,has a tighter neckline and is more form fiting
toptee,train,toptee_train_04961,B00ESQLNQM,B00D3N2Y2S,is lighter and has shorter sleeves,is lighter and sleeveless
toptee,train,toptee_train_04962,B00B585S12,B00B585N3A,is solid light blue,is solid blue with pearl-trim collar
toptee,train,toptee_train_04963,B007SV9DUM,B0036TG8K8,its a more printed tank top with no sleeves,is grey and black with straps
toptee,train,toptee_train_04964,B008OPMZ60,B004I1KVG0,has short sleeves and open wide neck,is grey colored with a v-neck collar
toptee,train,toptee_train_04965,B000ENS59G,B006VYWGEC,is lighter and has longer sleeves,has long sleeves and a pinkish color
toptee,train,toptee_train_04966,B007FO17Z6,B009EF6EAW,is pink and no sleeves,it is plain and has no sleeves
toptee,train,toptee_train_04967,B004UO68ZS,B000GIV2IK,is lighter,is white
toptee,train,toptee_train_04968,B00E60N12Y,B00DY79ENK,The tank top is black and shiny.,Is darker and sleeveless
toptee,train,toptee_train_04969,B00AZP3B2E,B00BPBR9NE,is pink with short sleeves and collars,has a more solid color
toptee,train,toptee_train_04970,B007N2R6A0,B005WT0O6O,has short sleeves and is pink,is light-blue with dark-blue trim and a different graphic
toptee,train,toptee_train_04971,B001N9RV8Q,B00BFASOE8,is short sleeve green scoop neck,is short sleeved
toptee,train,toptee_train_04972,B0071GACI6,B0049B3PYE,is dark blue and long sleeve,is navy and long sleeved
toptee,train,toptee_train_04973,B0096BLE7M,B00BUJ0OC4,is long sleeves with sea blue color,is similar in design without the buttons and is only in blue.
toptee,train,toptee_train_04974,B007BKCCWG,B007BKDY1O,is a checked t shirt with sleeves,Has a tighter neck
toptee,train,toptee_train_04975,B00EA91GMS,B00E42Y2ZO,The loose fitting shirt is aqua in color., shirt tail hem
toptee,train,toptee_train_04976,B0087ZFPQO,B004LVNVIW,has animal print and thicker straps,is leopard print patterned
toptee,train,toptee_train_04978,B00A8YXPXC,B00A7878QE,The shirt is black and pink with a pink skull.,is long and a scull logo
toptee,train,toptee_train_04979,B00C637ACA,B001BIWJI6,The tank top is black in color and loose fitting.,is black with no sleeves
toptee,train,toptee_train_04980,B004T1C2XO,B005UAXUKC,A solid color with no sleeves.,is black with shorter sleeves.
toptee,train,toptee_train_04981,B0001TPDOI,B00BL5BN22,has more color and appropriate text,lighter basketball logo
toptee,train,toptee_train_04982,B00AUACJBS,B008BVUM7Q,Is more wordy and less animal-like with the print,Is more colorful and red
toptee,train,toptee_train_04983,B002GZPOTO,B0052FQKVG,is gray with beer image on it,is lighter in color
toptee,train,toptee_train_04984,B007V4W7U4,B00C7SR8W6,is more colorful,Is more flowing and pink
toptee,train,toptee_train_04985,B0089I997A,B009C35CXG,has longer sleeve and more color, darker and has a Vneck
toptee,train,toptee_train_04986,B0097QXNYS,B005MYKO8C,is white with purple print,has repeated pattern and gray background
toptee,train,toptee_train_04987,B004U8BR9Q,B0040NQ1T2,is smoother and has straighter hem,is grey and knitted
toptee,train,toptee_train_04988,B0096HPM88,B0096HPI64,is beige colored,is brown with green and red highlights
toptee,train,toptee_train_04989,B00B359C46,B00858O2BW,has long sleeves,is grey and has long sleeves
toptee,train,toptee_train_04990,B00A09C3BK,B008KSSGEQ,more green,is a deep dark teal and green with black only.
toptee,train,toptee_train_04991,B00CLZ0PUW,B002HWRTAS,is darker and has longer sleeves,has long sleeves and lace around neckline
toptee,train,toptee_train_04992,B00AONTQIA,B00AO4NJI2, blue and yellow coloring.,is blue and has larger v-neck
toptee,train,toptee_train_04993,B009YLYD4K,B009WU7W82,is more revealing and tight,is yellow and elongated
toptee,train,toptee_train_04994,B00D8HM2V2,B00FM0ERZM,The dress is black and pink,is longer and two-toned
toptee,train,toptee_train_04995,B000EP103M,B000EP32II,has an image of Dachshund,it has  a brown dog print
toptee,train,toptee_train_04996,B00AK9I5O4,B00FH1GODO,Has a simplier graphic,has woman-athlete graphic and bluer color
toptee,train,toptee_train_04997,B00FDLRMMA,B00F1RVCK4,is slimmer,has black and red pattern
toptee,train,toptee_train_04998,B0098PXPHI,B00DN89GVU,Is more flowing and has more coverage,is darker and has buttons
toptee,train,toptee_train_04999,B007JFBA4Y,B00A674IX2,is dark loose blouse with scoop necked collar,is lighter and more revealing
toptee,train,toptee_train_05000,B007VFI45A,B004NE469K,has different words on it,is a black tee with white lettering only.
toptee,train,toptee_train_05001,B0071UYR10,B004QQV70G,is red with adventure time graphics,is more colourfull
toptee,train,toptee_train_05002,B00BI3E80G,B005PXIUH2,is shiney,is silkier
toptee,train,toptee_train_05003,B0044BBNC0,B00361FMBW,has more sleeve with gold studs,is grey colored with short loose sleeves
toptee,train,toptee_train_05004,B003HKQUGI,B003KYSUDM,is black and more blousey,is black with longer sleeves
toptee,train,toptee_train_05005,B008S2RQ0Y,B009LQ0L08,has shorter sleeves with text, with a cutout
toptee,train,toptee_train_05006,B00BMD8LYG,B0078Q3GUA,is navy blue,has a larger print
toptee,train,toptee_train_05007,B0086URHI4,B002GUWJDS,is yellow with peplum style,is yellow and has thinner straps
toptee,train,toptee_train_05008,B008JYNJKW,B008DVX0LY,is darker with long sleeves,is 3 toned design
toptee,train,toptee_train_05009,B007W50RDG,B007ZPXKI2,is white colored and round neck,is white colored
toptee,train,toptee_train_05010,B005GVQ64M,B004I7D3QE,has a lighter color and is much less revealing,has sleeves
toptee,train,toptee_train_05011,B0047Y1SZ6,B00AA7RJ0M,has white sleeves with light purple shirt,is a gray t-shirt with peach sleeves
toptee,train,toptee_train_05012,B00C2G3XH2,B00C7CF14O,The short sleeve shirt is black in color with red and white pictures.,is more feminine and has short sleeves
toptee,train,toptee_train_05013,B00726LH7A,B000V33N6E,is a pink t-shirt with a panda,Is pink with darker print
toptee,train,toptee_train_05014,B00B5TUDRA,B00D3A4K46,is more juvenile and less revealing,Desired item is yellow and pictures Pikachu
toptee,train,toptee_train_05015,B000W1YA4E,B0047O3TS0,has a short sleeve with yellow color,has short sleeves
toptee,train,toptee_train_05016,B0080ETSII,B0083R54TY,The short sleeve shirt is light gray in color.,is lighter grey in color
toptee,train,toptee_train_05017,B00CRNZU1C,B00BL1B6U0,is red in color,bolder colors and red
toptee,train,toptee_train_05018,B00F0NSIII,B009L5B00Y,has longer sleeves,is long sleeved
toptee,train,toptee_train_05019,B00B5TUDRA,B003CMQITA,is black with red and whte logo,has more black
toptee,train,toptee_train_05020,B00AA15CMK,B007P5IIL6,The shirt is blue in color with a black background.,has shorter sleeves and is blue and black
toptee,train,toptee_train_05021,B00AT68VI8,B005522XB2,is looser fitting,has short sleeves
toptee,train,toptee_train_05022,B0091W16F6,B002XF22HO,The shirt is black in color with pink writing.,gas purple text
toptee,train,toptee_train_05023,B003FZAIWM,B008TARKGU,is red with a collar and buttons down,has long sleeves and a collared neck
toptee,train,toptee_train_05024,B005ZX9QES,B002KFCMPE,is darker and has shorter sleeves,is a sexy bralette top
toptee,train,toptee_train_05025,B00C3X7ZFU,B0096HOZ22,The dress a typical Indian dress.,has shorter sleeves and is brighter coloured
toptee,train,toptee_train_05026,B0047738Y2,B003N649RS,is lighter,is purple with different collar
toptee,train,toptee_train_05027,B00F1RVCK4,B00BV1PZ70,The shirt has a boat neck and is white in color.,is white and has large round neck
toptee,train,toptee_train_05028,B00AFOMPSQ,B007XD4U4O,has a print,has shorter sleeves and is brighter colored
toptee,train,toptee_train_05029,B008595XKK,B00CFSX6H4,has longer sleeves and color is black,has a floral printed skirt bottom and long sleeve blue top.
toptee,train,toptee_train_05030,B003SK5JVE,B005OQIXPO,is lighter in color,has colorful-car graphic and blue background
toptee,train,toptee_train_05031,B004VRXVHM,B004WOTXDU,is off the shoulder and shorter,is beige with longer sleeves
toptee,train,toptee_train_05032,B004NE4QB8,B00BXQKXWA,The shirt is white with a No Ma'am symbol.,is lighter
toptee,train,toptee_train_05033,B0078LJ5KU,B002U0M20E,is short sleeves and a long tunic in red and black,has a red floral ptint
toptee,train,toptee_train_05034,B0015CIYSM,B006R465UC,is white and brown striped,is gray with stripes and strings
toptee,train,toptee_train_05035,B006RI383U,B0078F2H8I,short sleeves different logo and color black,has a darker color
toptee,train,toptee_train_05037,B004E7LYH8,B00A7ZSRXK,is a gray v neck t shirt,Is more fittted and casual
toptee,train,toptee_train_05038,B00B3081W0,B00CI1IDLC,is less sexy with plaid,has plaid sleeves
toptee,train,toptee_train_05039,B00DZZTYBI,B00DOJ26S8,The shirt is white in color.,is white and has no buttons
toptee,train,toptee_train_05040,B006JWR4B6,B00A3QEJ4E,has a shorter hemline closer to waste and more red,Is a crimson color with shorter sleeves
toptee,train,toptee_train_05041,B0085IN81M,B00A9T9Y7C,is green with short sleeves,is green and has pockets and sleeves
toptee,train,toptee_train_05042,B00CM2Y3WA,B005OCGADA,is more fitted,has more words on it
toptee,train,toptee_train_05043,B003J36KI6,B0044452HO,is grey with black sleeves,Has lighter grays
toptee,train,toptee_train_05044,B007C6SKR0,B007C3NQTA,has a looser bottom with ombre blue and white,Is ombré blue with a flare bottom
toptee,train,toptee_train_05045,B008KO9OPK,B00B1M78J2,Is black and has  shorter sleeves,Desired item is black
toptee,train,toptee_train_05046,B005I1NBDE,B008M4UI7G,is lighter and has shorter sleeves,has shorter sleeves
toptee,train,toptee_train_05047,B00AEEW1UO,B00BW9N492,is blue with gray stripes,has no sleeves and stripes
toptee,train,toptee_train_05048,B00A8YYYSM,B00CWAC6UI,has longer sleeves with a cat,Is  more loose and casual
toptee,train,toptee_train_05049,B006H5Q0BA,B0056YO3PS,has short sleeves and color is blue,is blue and has MTv on the front
toptee,train,toptee_train_05050,B004KJEJC2,B007CFBMJE,is a suitcase with wheels and handle,is luggage and not a shirt
toptee,train,toptee_train_05051,B000OBO5O2,B003X10558,is white and has sleeves,is all white with longer sleeves
toptee,train,toptee_train_05052,B00ENYXBNW,B00B5FLQ6Q,has longer sleeves with purple color,is purple with long sleeves
toptee,train,toptee_train_05054,B005WAQJPI,B0045K268K,This is a darker dress and solid print.,is black colored
toptee,train,toptee_train_05055,B005TCP5K4,B005TCP2PM,has lighter color stripes,is a frilled peach color.
toptee,train,toptee_train_05056,B00DV4M08C,B00EVAZDT8,is black with gray designs,is darker and simpler in style
toptee,train,toptee_train_05057,B00F4AWFBS,B005KMKDJ6,is grey with yellow skull,has yellow graphics
toptee,train,toptee_train_05058,B008H6VI78,B004B567MA,is lighter with shorter sleeves,is a white tee
toptee,train,toptee_train_05059,B00E3G2XV6,B00FABSLLO,is more fitting and smart,Is lighter & Lacier
toptee,train,toptee_train_05060,B00EPQM8YG,B008DZB0I0,is lighter,has more stripes
toptee,train,toptee_train_05061,B008WZC3BY,B009XOPIEC,has a higher  neckline,has a higher neckline
toptee,train,toptee_train_05062,B00801RJ0K,B00872U4UE,is grey and is sleeveless,is grey with straps
toptee,train,toptee_train_05063,B007E8II6O,B0088D1VPE,The tank top is tight fitting and green and black in color.,is darker and has shorter sleeves
toptee,train,toptee_train_05064,B0021YNFK0,B0025U1LFG,has a lighter color with Obama,is blue with an obama print.
toptee,train,toptee_train_05065,B00CAACHM2,B00581DWJ2,It is darker in color and a T-shirt.,is black and less sexy
toptee,train,toptee_train_05066,B00989YB9A,B0098BU7X2,has blue color and less shiny,is mostly bue
toptee,train,toptee_train_05067,B00CM7LGTI,B0094GGUQO,is less sexy and has lace,is white with lace neck detail
toptee,train,toptee_train_05068,B005ERQPB2,B007R3PQCA,does not contain sleeves with a much more summery appearance,Has no sleeves and a light floral pattern
toptee,train,toptee_train_05069,B007U3QN3S,B00622HINC,is grey with longer sleeves,gray and has longer sleeves
toptee,train,toptee_train_05070,B00B1AGCFA,B00C3XXAF4,is black and white colored,is black and white
toptee,train,toptee_train_05071,B007TVKE5O,B007RPKYNE,The shirt is multi-colored blues and greens.,has shorter sleeves and is blue
toptee,train,toptee_train_05072,B009ZYPX6I,B00D20UHDA,has a teal color with book cover art,has more blue
toptee,train,toptee_train_05073,B004PLNJMQ,B004C03MNG,The sweater is black and white with long sleeves.,it has a longer sleeve and more monochromatic
toptee,train,toptee_train_05075,B0089R0HT0,B00DH8E2F6,is black with anime writing,has a bigger chest logo
toptee,train,toptee_train_05076,B008KYGNNQ,B008YDEOS4,The shirt is a multitude of abstract colors.,has long sleeves
toptee,train,toptee_train_05077,B00DA22N6O,B006C8A8AG,Is more casual and blue,is a blue t-shirt
toptee,train,toptee_train_05078,B00D6AKNBW,B009OXSYR0,The backpack has brown trim with a picture of a windmill.,is a backpack with a windmill picture on front
toptee,train,toptee_train_05079,B007IRMTUC,B008ASCAUW,is black with ruffles,is black with long sleeves
toptee,train,toptee_train_05080,B00A3Y9WAC,B00AZP38J0,has shorter sleeves and is pink,is more lacey and has shorter sleeves
toptee,train,toptee_train_05081,B00D5Y8EY2,B00C1LWSLU,has a different gun and words,has a different logo
toptee,train,toptee_train_05082,B00485QYZS,B005FMVJ4E,is blue,is blue with a bigger graphic
toptee,train,toptee_train_05083,B00D8HM2V2,B00CTJ58L6,It is a longer in length.,is less chic and less formal
toptee,train,toptee_train_05084,B003BQKAVE,B0030V5W9K,is black with purple designs,is a darker color
toptee,train,toptee_train_05085,B005LXX2YW,B001QLCLK4,has a woman with red writing,has whiter image with red text
toptee,train,toptee_train_05086,B007GE61U6,B006I9OU2G,is a short sleeve shirt with flowers,is pink shirt and has short sleeve
toptee,train,toptee_train_05087,B004SSD66A,B00889AJXI,has a short sleeve and is lighter pink,has short sleeves
toptee,train,toptee_train_05088,B00C4XDOJK,B00CCHVXP0,is dark brown in color with stripes on it,is less sexy and more shirty
toptee,train,toptee_train_05089,B005GC45Y4,B00ATLFJ24,is a sleeveless black top,has no transparent shoulders
toptee,train,toptee_train_05090,B008C01WNO,B001U3YIRC,green with slight design around v neck,has shorter sleeved and more feminine
toptee,train,toptee_train_05091,B009A4TRMO,B00CHIZVSY,is black with a different logo,is dark gray and sleeveless
toptee,train,toptee_train_05092,B0094S2Z3Y,B008QVXPAC,is looser fitting,has short sleeve is blue color
toptee,train,toptee_train_05093,B00889A7O4,B008AEEE5U,Is darker in color.,is blue and animal print
toptee,train,toptee_train_05094,B001VH7V1M,B001TK544C,is red,is red with longer sleeves
toptee,train,toptee_train_05095,B00F7FO0OU,B00EI7EC00,has shorter sleeves,is more revealing and more nerdy
toptee,train,toptee_train_05096,B0088WP0Z2,B007E6RTMK,The shirt is backless and purple in color.,it is less brown
toptee,train,toptee_train_05097,B009JQ6GMW,B007KTJ4PQ,is blue with no sleeves,no sleeves
toptee,train,toptee_train_05098,B00BM0RHKI,B00E1JLOI8,is darker,it is not stripped
toptee,train,toptee_train_05099,B0067DPZDG,B00AE0KH7C,is tight and modern,is solid dark brown
toptee,train,toptee_train_05100,B00D3RB9Y8,B007Z1A43K,The shirt is long loose fitting and brown in color.,is brown with long sleeves and long loose bottom
toptee,train,toptee_train_05102,B004UBIEBC,B00865EFMK,is blue with a round neckline,is blue and is flowy
toptee,train,toptee_train_05103,B008STEA0Q,B008JESLQY, white and purple colors.,is red
toptee,train,toptee_train_05104,B009F90NBS,B00AT924BA,is white and has shorter sleeves, has a round neck
toptee,train,toptee_train_05105,B007U3QN3S,B007U3Q8IS,black sheer sleeves dress shirt,is in solid black
toptee,train,toptee_train_05106,B00BQZB5PM,B0067ID312,has longer sleeves,is long sleeved and flowered
toptee,train,toptee_train_05107,B00BHASE5A,B00CM9K368,The shirt is black with a picture of a man.,has blue and red detail on front
toptee,train,toptee_train_05108,B007WA2CNO,B00BIJGLKA,is less form fitting and is checkered,has more pattern and is less blousey
toptee,train,toptee_train_05109,B00CG5JPE4,B00CS4UDZS,more floral print,has orange flowers
toptee,train,toptee_train_05110,B005GCBCLS,B003M2XOMO,is sleeveless and less sophisticated,has off shoulder and is grey color
toptee,train,toptee_train_05111,B00FABLFLC,B0078LJIUC,has longer sleeves with a opening with multicolors,is more colourfull
toptee,train,toptee_train_05112,B007ABH0E6,B0088B2SEY,is brighter and more feminine,is pink with hawaiian theme pattern
toptee,train,toptee_train_05113,B00A3I6UTE,B00DOJ875O,The gray t-shirt has a skull.,is grey colored with a different graphic
toptee,train,toptee_train_05114,B008SAXH90,B00AL1QEV2,is blue and fitted with a deep neck,is blue
toptee,train,toptee_train_05115,B008O833PE,B008D55FCC,is creepy and black,has more colored text on it
toptee,train,toptee_train_05116,B007R24YII,B009VYVA0A,Has longer sleeves and is more plain,is more conservative
toptee,train,toptee_train_05117,B0083WD1KI,B00EBZKXO8,is a pink t-shirt with yuppie girl phrase in black,has lower print and is pink color
toptee,train,toptee_train_05118,B0030EIW9O,B006C4GPZC,is low cut and revealing,is darker in color and is worn on another part of the body
toptee,train,toptee_train_05119,B008HPO736,B00B17DH1U,has long sleeves with different colored stripes,Has colorful stripes and no collar.
toptee,train,toptee_train_05120,B008EWT4B2,B0084OBFYE,is a lighter color with a V-neck,v neck
toptee,train,toptee_train_05121,B001RTS9EW,B0009U7NPG,is a lighter color and less revealing,has short sleeves to it
toptee,train,toptee_train_05123,B0081Q18YW,B0081Q1FMC,is lighter,is solid green with black trim
toptee,train,toptee_train_05124,B00E3G2XV6,B00C7CSVVO,The shirt has capped sleeves and pink with white stripes.,is pink colored and tighter fitting
toptee,train,toptee_train_05125,B0038JE7SG,B002OTJUQ0,is darker and has longer sleeves, also longer
toptee,train,toptee_train_05126,B001Q54LNA,B000FNKU84,is brown,is a darker color
toptee,train,toptee_train_05127,B007RKO688,B00C637ACA,is gray with black accents,is darker gray and no graphic
toptee,train,toptee_train_05128,B0097YF1WC,B0097ZKYDC,The shirt has short sleeves and is black in color.,is a solid color
toptee,train,toptee_train_05129,B00BZS7ETQ,B008RDHPVO,Is red and more fitted,is a pink tank
toptee,train,toptee_train_05130,B007Z1FAMK,B00CBA4IE6,is black colored and has sleeves,is solid black with white logo
toptee,train,toptee_train_05131,B0046ED3M8,B00CKRVT0G,is a black vest,Is more of a masculine tank top
toptee,train,toptee_train_05132,B008Z91DM2,B008HSCA6Y,is brown with feathers,has short sleeves
toptee,train,toptee_train_05133,B004M17AXS,B004M17AN8,It is a darker blue with a v-neck.,Is more revealing and sexy
toptee,train,toptee_train_05134,B00372570G,B004323W7E,has a deper neckline and is more sleek,is a loose turtleneck
toptee,train,toptee_train_05135,B005988B4A,B001BKIAPU,is black colored with purple stripes and sleeveless,has straps and is colorful
toptee,train,toptee_train_05136,B00BF72LP4,B003BRABNU,is more of a solid color with a V-neck,is brown in color with slightly longer sleeves
toptee,train,toptee_train_05137,B00DVFJ6CY,B00D10O2F0,has no sleeves and a pink jacket,is punk and open blouse
toptee,train,toptee_train_05138,B005O79C3K,B003YLNALS,is more casual,is short sleeved and has a birds message on it
toptee,train,toptee_train_05139,B005SV7ELO,B00BD89WYS,The shirt has not sleeves and is white in color.,is a white loose tank with frills around scoop neck
toptee,train,toptee_train_05140,B009ZYNT9Q,B003XS78ZG,is darker,Desired item is black with moonscape scene
toptee,train,toptee_train_05141,B009588FJQ,B007PWOFIY,Is lighter in color and more floral,lighter colors
toptee,train,toptee_train_05142,B00DHLT1FO,B00DHLT2U8,Is brown and not blue.,is brown
toptee,train,toptee_train_05143,B00AJJ9WCO,B0091IXO4Q,is more plain and not striped,is navey blue with short sleeves
toptee,train,toptee_train_05144,B00EZUWY9Q,B00A3N1OD6,has shorter sleeves with text,has no sleeve and is black color
toptee,train,toptee_train_05145,B006GK9PJU,B0068FT7W8,is blue and longer sleeved,is blue and has sleeves
toptee,train,toptee_train_05146,B00BSR948S,B00FO4GAYM,The pink shirt has white writing.,is pink coloured
toptee,train,toptee_train_05147,B003VYCRLW,B001LNJUMO,is plain and white,has a thinner fabric and is white
toptee,train,toptee_train_05148,B0084DLL3A,B009NF4IDS,is pink with grey strips,Striped long sleeve
toptee,train,toptee_train_05149,B009P8JGB2,B0085EFSUA,The shirt is blue with Obama 2012.,it is blue and it has no sleeve
toptee,train,toptee_train_05150,B007WA081M,B007WASQXY,is tan with black polka dot  and longer,has black dots on it
toptee,train,toptee_train_05151,B003V0JTB2,B0070TYRU8,has longer sleeves and is white,has short sleeves
toptee,train,toptee_train_05152,B00FRM15GY,B0066269TC,The shirt is lavender.,has longer sleeves
toptee,train,toptee_train_05153,B008AMGHCU,B0083X1POG,Is more sheer and has sleeves,Is more sheer and less ruffled
toptee,train,toptee_train_05154,B008TVIB80,B000NKI7X4,has a shorter sleeve with checkered patterns,is a darker tee with a separate print.
toptee,train,toptee_train_05155,B004B59R4U,B006GDGTGE,The shirt has short sleeves and is gray in color.,has stripes and darker tones
toptee,train,toptee_train_05156,B008FS54DC,B0040Z6VPE,The shirt is white with ruffles.,is white with ruffles
toptee,train,toptee_train_05157,B0052EWNAE,B0027IGDIQ,is tighter and longer,is pink with shorter sleeves
toptee,train,toptee_train_05158,B002U34KGK,B0091DZVRO,black and red plaid front pockets,is longer sleeved and red plaid patterned
toptee,train,toptee_train_05159,B00EPLZ0FU,B00BSWFFDQ,has long sleeves with cheetah dots,blue and black less revealing
toptee,train,toptee_train_05160,B0085U93NW,B0058XWBS8,has equally spaced strips and a darker color,it is monochromatic
toptee,train,toptee_train_05162,B009HC5AKM,B0092ASJQG,is lighter,has political names and white print
toptee,train,toptee_train_05163,B00C683WC2,B005GT1AI6, and has long sleeves, orange and longer
toptee,train,toptee_train_05164,B00A4NKB2K,B001UFSILW,has longer sleeves and is blue colored,is long sleeved and colored light blue
toptee,train,toptee_train_05165,B00CEU2GVU,B00AUFFQEA,Is darker and less revealing,Is a darker T-shirt style
toptee,train,toptee_train_05166,B00BI3F008,B00AYX88FW,The short sleeve shirt is pink in color.,it is more red
toptee,train,toptee_train_05167,B00434HFP2,B00B36H012,has longer sleeves.,is white with black sleeves
toptee,train,toptee_train_05168,B008NFIQYQ,B004RGQCDW,is free flowing.,it has more pattern
toptee,train,toptee_train_05169,B00EIKIH1M,B001AAZTGE,is black with shorter sleeves with a orange lion,is t shirt and yellow logo
toptee,train,toptee_train_05170,B005MEDDLW,B002640A9Y,jeweled necklace multi colored stones,cannot hold anything and is jewelry
toptee,train,toptee_train_05171,B003HKDPJI,B00BL1MPJG,is darker and less casual,a black polo womens shirt
toptee,train,toptee_train_05172,B000GBJVSK,B00E14E49E, black and white with more stripes, layered
toptee,train,toptee_train_05173,B004OWANWA,B002Y2DR6G,has a darker gray color with text,is gray with black lettering
toptee,train,toptee_train_05174,B00B3VM2VU,B00COYTSVC,is looser,has longer sleeves
toptee,train,toptee_train_05175,B00C1RCZIK,B00DQDFI4G,is more trendy and less sophisticaed,has more colors in it
toptee,train,toptee_train_05176,B007VXJXH0,B003IHKZYI,has long sleeves and and fitted waist,has longer sleeves and is red
toptee,train,toptee_train_05177,B0097XFSQW,B0097XFD0S,It is white shirt.,it is white
toptee,train,toptee_train_05178,B005GPIUYW,B004M6VAO8,is pink wit rhinestones,has more pink and is more frilly
toptee,train,toptee_train_05179,B00CJQEJL4,B005GI9AF2,is sleeveless and solid black,has straps and is black
toptee,train,toptee_train_05180,B008DVX8NE,B005CP4IX8,is pink and has a smaller graphic on front,is black with longer sleeves
toptee,train,toptee_train_05181,B0036MSZ6U,B004ZD8SZC,is white and has a lower neckline,has no pattern
toptee,train,toptee_train_05182,B008ZBP5TC,B007VH9D3K,is beige with a person, black
toptee,train,toptee_train_05183,B00D6V178Y,B004KI2NYY,The shirt is black in color with white writng.,is darker and more open neck
toptee,train,toptee_train_05184,B008LV15RM,B008LV1ATU,is more colorful,is lighter
toptee,train,toptee_train_05185,B0038KYK00,B009YKPDN6,has short sleeve and open wide neck,has covered shoulders
toptee,train,toptee_train_05186,B003V41XNA,B003R7HFDI,is a smallville athletics t-shirt,has navy text
toptee,train,toptee_train_05187,B00AU8Q7DG,B00AMKPFU8,is tighter and green,fits as a smaller unit in blue coloring and wider neck.
toptee,train,toptee_train_05188,B0079FQ3W8,B005CTDMX6,is purple with shorter sleeves and a different graphic, no buttons and is grey
toptee,train,toptee_train_05189,B007VHEIGC,B006YYBMWG,The shirt is blue with white lettering.,is a men's shirt
toptee,train,toptee_train_05190,B00BD89WYS,B00GH136MA,is navy blue,is darker in color
toptee,train,toptee_train_05191,B004MKLZW6,B005DVQ64A,is less revealing,Is gray with sleeves.
toptee,train,toptee_train_05192,B00C2IY07W,B008UCT3W6,has vertical stripes in vibrant colors,is pink and long-sleeved
toptee,train,toptee_train_05193,B00FQ17E2A,B00FQ179KM,almost the same but is stripped blue and white,is more colorful
toptee,train,toptee_train_05194,B005CB1M1S,B006M8FL8U,has two different color stripes,has a white collar with horizontal stripes
toptee,train,toptee_train_05195,B004EHYX6C,B0035LDG9I,Is more colorful and less plain,is a brighter color and has a floral pattern
toptee,train,toptee_train_05198,B002RHP0GI,B001I90CD2,The shirt has white and black stripes., no buttons
toptee,train,toptee_train_05199,B008X1A2QK,B007XD5M96,is longer and less vivid,is black in color and used as a top
toptee,train,toptee_train_05200,B00CB7TQMI,B00DQND2AS,is red and has shorter sleeves,has shorter sleeves
toptee,train,toptee_train_05201,B004NE6K1W,B004NE6AKI,is short sleeved with only text,has stylized lettering and exclamation point
toptee,train,toptee_train_05202,B004I6CS8O,B00AW6HIA2,is lighter,has less stripes and a border on the neck
toptee,train,toptee_train_05203,B006CLED6I,B00DOO9OOM,Has brighter colors and animal on front.,has dog inmage is is a lighter shade of blue
toptee,train,toptee_train_05204,B00EYN0036,B00DZZTYBI,contains both pink and black,is sleeveless and has contrasting fabric
toptee,train,toptee_train_05205,B006QSPS8O,B0083F9QRM,has no falling neck design,is more revealing and has longer sleeves
toptee,train,toptee_train_05206,B001BKB9US,B0058K712M,has a no sleeve yellow tank top,is yellow colored with thick shoulder straps
toptee,train,toptee_train_05207,B006ZIPNFS,B007RMO032,is brighter colored with sleeves,is lighter and less like a dress
toptee,train,toptee_train_05208,B004J1K81W,B00G1SGY7S,is darker in color,is black color
toptee,train,toptee_train_05209,B007WAERAU,B00ARBSFC2,a long sleeve light colored loose shirt,has more of a blue tone to it
toptee,train,toptee_train_05210,B004873KSK,B006D9V1ZU,is a stylish dark one sleeved blouse,is solid black and more loose
toptee,train,toptee_train_05211,B003B3B9IK,B0030EIW9O,is a flouncy hat.,is a large
toptee,train,toptee_train_05212,B0019XX1X0,B00D6IWC5Y,has shorter sleeves with a strap tie,is white and has shorter sleeves
toptee,train,toptee_train_05213,B006RE8S1G,B00BYOEKWU,has red colored spatters,has more red to it
toptee,train,toptee_train_05214,B004ZUFIBM,B005CIRQ70,The shirt is grey with a tiger.,has longer sleeves
toptee,train,toptee_train_05215,B004323W7E,B00372570G,has one sleeve,has no collar
toptee,train,toptee_train_05216,B0091IXGPI,B00A13G5IC,none,it has a lighter brown
toptee,train,toptee_train_05217,B008OX3930,B0091J45FM,has short sleeves and shiny blue,is blue and shorter sleeves
toptee,train,toptee_train_05218,B00AANLXFS,B00AQL74B6,The shirt is black and white with pandas.,has deeper necklin
toptee,train,toptee_train_05219,B00B5MHJC4,B007RG5D8O,The shirt is bright blue with swords and a bird.,is blue and has sleeves
toptee,train,toptee_train_05220,B00D0AGMBI,B004TS1GNY,is darker,has a floral design
toptee,train,toptee_train_05221,B00915SD22,B005MKPE40,has a black color with smaller art,is darker colored with a different graphic
toptee,train,toptee_train_05222,B007LAGAP6,B004OOYQQM,is lighter,is pink with no pattern
toptee,train,toptee_train_05223,B00CPQTIQE,B008O834PS,is lack with v-neck and white designs,is black with gray logo and lettering
toptee,train,toptee_train_05224,B002M7S53I,B0044WLY3M,is black and white colored and has V neck,has a black and white checkered patter to it
toptee,train,toptee_train_05225,B0077CZKEA,B0044ZS08Q,is lighter and has longer sleeves,is blue with longer sleeves.
toptee,train,toptee_train_05226,B007DY26EY,B00BSL39KI,The shirt is beige in color with gold lettering.,is beige colored with a different graphic
toptee,train,toptee_train_05227,B00BYE86T8,B00B2EQMIC,is dark grey colored,blue not fitted t-shirt
toptee,train,toptee_train_05228,B00ATLFJ24,B00DVPNSLE,has shorter sleeves and square design on it,Is more whimsical and colorful
toptee,train,toptee_train_05229,B006UD90CA,B00686ROB8,The shirt is pink in color.,is pink with shorter sleeves
toptee,train,toptee_train_05230,B008UCV7V6,B0046IB3JY,is orange with a black logo,is orange
toptee,train,toptee_train_05231,B0072CEOG0,B001AS9LJW,shorter sleeves and flowy,has a v-neck style
toptee,train,toptee_train_05232,B000JWHZWU,B00CHO0E0I,animal and tree printed cap,is a baseball cap
toptee,train,toptee_train_05233,B000EP0ZY2,B000EOZ3BS,The shirt is white in color with a picture of a dog.,has a different logo
toptee,train,toptee_train_05234,B00EDTA5TA,B00BZ3YRNC,Is less fitted and has more stripes,is less athletic and more maternity
toptee,train,toptee_train_05235,B008NFIQYQ,B007FDYHXQ,It is a brown and white print.,has gray and cream pattern design
toptee,train,toptee_train_05236,B009286KVO,B00ELTDTWC,More bright.,is lighter colored
toptee,train,toptee_train_05237,B00C2MD9Z2,B00B585Y2A,The shirt is whit and has ruffles.,has long sleeves
toptee,train,toptee_train_05238,B008UACVP4,B009CC9VEI,has slightly longer sleeves with multiple color patterns,has longer sleeves and not as revealing
toptee,train,toptee_train_05239,B00CD8TZIK,B004BLPT5A,is plain white,Desired item is a white v-neck t-shirt
toptee,train,toptee_train_05240,B006HT3L1I,B0010XJWA0,is dark red without a collar,is dark red in color
toptee,train,toptee_train_05241,B003ZFG5L0,B0074RK99O,The tank top is black with gray writing.,Is brown with color and two buttons
toptee,train,toptee_train_05242,B00A8FDFVS,B00BULMO6Q,Is a brighter animal print,Is less sheer and more fitted
toptee,train,toptee_train_05243,B0033WSUW2,B005DVNB66,Is more elegant and plain,is burgundy color loose fit
toptee,train,toptee_train_05244,B008BJTCWY,B008H43OH2,has longer sleeves and is a cuter graphic,has short sleeve and is blue color
toptee,train,toptee_train_05245,B0016D7DRI,B00BFHEEKE,has a red image logo,is darker
toptee,train,toptee_train_05246,B0038KJK64,B005G18QDQ,has longer sleeves,Has long sleeves and is more graphic
toptee,train,toptee_train_05247,B008TKM92U,B005MGDN0G,has a darker print with a shorter sleve,has a blue design to it
toptee,train,toptee_train_05248,B008B4H37K,B006VOWJAI,The purple shirt is tight fitting with back cut outs.,is purple colored long sleeved
toptee,train,toptee_train_05249,B0014ULM7A,B0015N1DYI,has less black solid,Has a larger
toptee,train,toptee_train_05250,B000LMLVOG,B0044NMOPS,The shirt is light blue with animal pictures.,is a blue t-shirt
toptee,train,toptee_train_05251,B00CDHL692,B00BC9F2F6,is darker and has shorter sleeves,is green sleeveless and cross back straps
toptee,train,toptee_train_05252,B00CHPMVF8,B00CHPUND0,is blue with smaller letters,is light blue
toptee,train,toptee_train_05253,B008ADEHRQ,B005IA9CRY,is black colored and shorter sleeves,is black with a graphic on the front
toptee,train,toptee_train_05254,B001Q54LNA,B003YFQG10,is brighter and bolder,is purple with sunglasses printed
toptee,train,toptee_train_05255,B00D0AM8W0,B000QHGCVI,is deeply black and has no sleeves,has no imagery
toptee,train,toptee_train_05256,B0012RUQEA,B0032YSP62,has a brighter color and a different print,has a playful and youthful picture with a fun saying
toptee,train,toptee_train_05257,B006ZQV69W,B007XIN19O,is white with blue designs,is a white t-shirt with a different logo
toptee,train,toptee_train_05258,B00AJ3MS1W,B00CZCL2EY,darker shirt/ stripes clingy,has ruffles
toptee,train,toptee_train_05259,B0094G7LRG,B0097AE73A,has stripe patterns,is black and gray with shorter sleeves
toptee,train,toptee_train_05260,B00CFRWKOA,B007X6PZQI,is more sheer and more revealing,Is a darker tank top style
toptee,train,toptee_train_05261,B007Z8THKY,B000GRA0YS,black tshirt with rocker girl logo,is black with shorter sleeves
toptee,train,toptee_train_05262,B006HT3MDA,B003N5HA5W,is grey,is a light gray
toptee,train,toptee_train_05263,B00DP3ZBLC,B009AFD8SC,is more colorful.,is in blue colors.
toptee,train,toptee_train_05264,B004P5P0OM,B002TYZJME,The shirt is gray,is a full darker shirt with design and sleeves.
toptee,train,toptee_train_05265,B009LELPH8,B0089R0HT0, white and blue.,is blue
toptee,train,toptee_train_05266,B00AO4NJI2,B002876AXY,has buttons with different color patterns,has 3/4 length sleeves and purple and white
toptee,train,toptee_train_05267,B00COPJ8HA,B00CFID5A2,The tank top is orange and white in color.,orange and white
toptee,train,toptee_train_05268,B000MSDOEO,B00AYYLCT0,has a larger graphic and is darker,has a bigger image and is darker
toptee,train,toptee_train_05269,B001VSUR6C,B003IROHYW,is black,black different star track logo
toptee,train,toptee_train_05270,B00BHASDRE,B00BHASE5A,is exactly the same,Is the perfect product
toptee,train,toptee_train_05272,B0085BTBH4,B009OLJU34,is lighter,is light gray and black graphic design
toptee,train,toptee_train_05273,B00CFXX84K,B00BLW2PZY,is a 3/4 sleeve pullover shirt,has longer sleeves
toptee,train,toptee_train_05274,B009ZGOTAM,B009ZYZ30O,The shirt is blue with wolves.,is blue
toptee,train,toptee_train_05275,B001CFQIOO,B0013A8TZE,The shirt is black with white wording.,is grey with black font.
toptee,train,toptee_train_05276,B000REM4EE,B005XO5K3U,is black with red designs,is darker and bold
toptee,train,toptee_train_05277,B00B0F5CUC,B006ZQFA94,is darker,is darker in color
toptee,train,toptee_train_05278,B005NFKYNU,B00AJ3QTVW,The long sleeve shirt is black with giraffes.,is darker and has giraffes on it
toptee,train,toptee_train_05280,B000UZCE2M,B00DQNCTRU,is blue with short sleeves,is blue
toptee,train,toptee_train_05281,B008BVDKKM,B008MC2CRW,is darker,is a different printed tee.
toptee,train,toptee_train_05282,B00C64LE8A,B00546A0J6,is darker and has longer sleeves,comes in black
toptee,train,toptee_train_05283,B00EVVPI1K,B00BT4KUZG,is a belt,Has a colorful bottom.
toptee,train,toptee_train_05284,B0016D7DRI,B00BFHG6AU,The shirt is black with a skull,is a black tshirt with a skull.
toptee,train,toptee_train_05285,B008TQNAMM,B008P7J69G,Is shorts and patterned,is black shorts with white flowers design
toptee,train,toptee_train_05286,B00AWD5DRA,B005F5UFWI,has longer sleeves with weird design,is long sleeved and more patterned
toptee,train,toptee_train_05287,B005XGHN56,B00BP64HGG,is a long sleeve with different variety of colored patterns,Is more colorful and ties at front.
toptee,train,toptee_train_05288,B008EYBW6U,B00AANI45A,short sleeve brown gathered shoulders,gathered along collar and slimmer fitting at waist
toptee,train,toptee_train_05289,B00E5QEB6E,B00CC3ZKJE,Is more wrapped and is navy,is more blue in color
toptee,train,toptee_train_05290,B0086Y09PI,B00366PXUM,The hoodie is black with lightening.,has shorter sleeves
toptee,train,toptee_train_05291,B009286KVO,B0083XI7XI,is long sleeved,has covered shoulder and longer sleeves
toptee,train,toptee_train_05292,B00BQMZ6SW,B00980L4F8,is more concealing,is white and has long sleeves
toptee,train,toptee_train_05293,B0058VUJ02,B007VU1NJ4,is polo shirt and white color,Is teal with large stripes
toptee,train,toptee_train_05294,B007Y5IOWU,B00859J8ZQ,The shirt is white with a blonde character.,is a face logo only
toptee,train,toptee_train_05295,B00BC8L242,B009E6MY7I,blue,is more feminine and less sporty
toptee,train,toptee_train_05296,B0087DQV5A,B003F9LS6S,The shirt is shiny and a dark color.,looks more like a leathre buttoned up jacket.
toptee,train,toptee_train_05297,B007FH4UOI,B00CLDM5P2,The shirt is shiny and black in color.,is black with sleeves
toptee,train,toptee_train_05298,B006307AFO,B001P9QJ4Q,is animal print and more square,has a much brighter color with animal print
toptee,train,toptee_train_05299,B003FLM0YU,B0001TP9FG,is a t shirt with power button logo,it is black and more casual
toptee,train,toptee_train_05300,B00478RK2M,B006JX91BG,pink in color feminine t shirt,is pink with purple logo
toptee,train,toptee_train_05301,B00CMM2T6C,B0099OPXIW,is more loose and multicolored,is a printed top
toptee,train,toptee_train_05302,B00AMDRAX0,B0045EPZKM,is black colored and has longer sleeves,is black and longer sleeves
toptee,train,toptee_train_05303,B004VL1GK2,B0015N05T2,is looser,has brighter colored graphics
toptee,train,toptee_train_05306,B008H6VI78,B004B54CF4,is white and short sleeved with black graphics,short sleeps white deep v neck black designs down the middle
toptee,train,toptee_train_05307,B0096HOWNO,B00C3X6NJE,is without sleeves and is pink,Is pink with a flare bottom
toptee,train,toptee_train_05308,B0014JXGDO,B004K97HKS,is a dress and has shorter sleeves,is a blue peasant styled dress
toptee,train,toptee_train_05309,B008F06YUW,B007T8HSCY,has a eagle on it,is a lighter color
toptee,train,toptee_train_05310,B00BFUN0EW,B00B8PZFSS,The tank top is sunrise in color.,is darker
toptee,train,toptee_train_05311,B000NISDPS,B003UT6RF0,has a darker color with a shark,has scary-shark graphic and is darker
toptee,train,toptee_train_05312,B00D01OPO8,B00CTQ10HK,Is more sheer and lacy,has lace and more revealing
toptee,train,toptee_train_05313,B0079Q9Y9Q,B0067EEG6W,is casual,Desired item is light grey with a black airplane
toptee,train,toptee_train_05314,B00DGEGU0Q,B007FXK000,is more casual,longsleev formfitting charmed shirt
toptee,train,toptee_train_05315,B0012OHXOO,B006SCU12G,the same but a lighter grey,is light blue
toptee,train,toptee_train_05317,B00A36JQNS,B008SRLABK,is darker and has shorter sleeves,blue with embroidery.
toptee,train,toptee_train_05318,B006L1F72I,B0054P8Z58,has longer sleeves and no print,has long sleeves
toptee,train,toptee_train_05319,B0040Z6VPE,B004F9J224,is floral crochet,comes in black
toptee,train,toptee_train_05320,B007Z3LRFW,B00C0FGNUO,is blue and less graphic,black shirt with colorful lettering
toptee,train,toptee_train_05321,B0052FQKVG,B002GZPOTO,The shirt is red with white writing.,has more maroon
toptee,train,toptee_train_05322,B00F2PU8UU,B004G0A6PO,is a shirt,is an animal printed shirt
toptee,train,toptee_train_05323,B000JI5NY6,B0076FPZ52,is green with white stripes,Is looser
toptee,train,toptee_train_05324,B000MVEZF8,B00FU60YBO,Is more fitted and has longer sleeves,long sleeved gray turtleneck in solid color
toptee,train,toptee_train_05325,B007E25SFO,B005HS55Z0,is black with one shoulder,has only one sleeve
toptee,train,toptee_train_05326,B002KBMIGG,B0067FCILQ,Is brown with a larger graphic,is brown and has a different logo
toptee,train,toptee_train_05327,B006DTK0W0,B00GS61E1Y,The body hugging shirt is black with long sleeves.,is tighter and has a solid black color
toptee,train,toptee_train_05328,B008OFYBJ4,B007FO5II8,The shirt has no sleeves and is black.,is black with no sleeves
toptee,train,toptee_train_05329,B002PAMNUS,B006TCK15C,is shiny and is longer,is pink and looser
toptee,train,toptee_train_05330,B006U228L6,B00E679M5M,is darker,brighter colors and smaller graphics
toptee,train,toptee_train_05331,B008F4RK6K,B00CS4N90Y,is darker,comes in solid pink
toptee,train,toptee_train_05332,B005KGPENC,B005BW9LNE,is brighter colored,is lighter in color
toptee,train,toptee_train_05333,B0052OTIHK,B00CIYBG3G,Has more  buttons and is lighter,is light grey and buttons up
toptee,train,toptee_train_05334,B00622RFN0,B00622SCK0,has ruffles and velour,is darker in color
toptee,train,toptee_train_05335,B000S0DHEI,B000GZUV4O,is lighter,is plain black with I run with scissors on front
toptee,train,toptee_train_05337,B004IA16JW,B007TBFEPE,The right has more butterflies and is longer.,has butterfly print logo
toptee,train,toptee_train_05338,B007IP2GD4,B008BOLZTW,is white colored and less revealing,is white in color
toptee,train,toptee_train_05339,B0018MWF8O,B00FBM7AOG,Is more feminine and brown,is lighter with white text
toptee,train,toptee_train_05340,B008TTA5N6,B005O5MKHC,the pink dress looks more simple,is brown and white floral designed
toptee,train,toptee_train_05341,B00CRPGHZS,B00CRP3UPI,The loose fitting shirt is white in color.,is more simple with no stripe
toptee,train,toptee_train_05342,B00E678ZPU,B0075BRAJ6,is white and has no sleeves,is less graphic and more sexy
toptee,train,toptee_train_05343,B00AW6HKJG,B008XEQHZC,Is more drab in color and striped,is cream with vertical lines
toptee,train,toptee_train_05344,B008PO5XRS,B009NEGPZS,Is less whimsical and buttoned,is pink with buttons
toptee,train,toptee_train_05345,B00DEUJSJW,B00GYGKA86,light blue color looks casual,is less revealing and has blue in it
toptee,train,toptee_train_05346,B00CD8O8DM,B0053D9NB6,has longer sleeves,has sleeves and green image
toptee,train,toptee_train_05347,B00C93W93C,B00BRCKTE2,is more revealing,is sleeveless and white in color
toptee,train,toptee_train_05348,B000VVP1XO,B00CM9JJZ4,Is more feminine and brighter,is lighter green
toptee,train,toptee_train_05349,B00DCCFDC8,B00BWB2CIY,is more revealing,Desired item is sleeveless with a tie waist
toptee,train,toptee_train_05350,B008FCATAQ,B0024NVJC4,is blue with a neck strap,is lighter
toptee,train,toptee_train_05351,B0035FM3SE,B003LJYMOC,is sleeveless with blue print,is not a polo
toptee,train,toptee_train_05352,B004D8HFF8,B00CJVB7XC,has no sleeves with white color and an image,has graphic of woman in headdress and is white
toptee,train,toptee_train_05353,B009EF6EAW,B00AEXOQ6M,The shirt has no sleeves and has a ruffle and is mint green.,Is shorter and light green
toptee,train,toptee_train_05354,B004JO2ZDS,B00CBNJUFA,The tank top is white black and gray in color.,has no sleeves
toptee,train,toptee_train_05355,B00BYVCAE8,B00AC8X91W,has longer sleeves with leaves,it is more colorful and has longer sleeve
toptee,train,toptee_train_05356,B009YJQKMK,B0068AGQKE,is darker with sequins,is black and has large v-neck
toptee,train,toptee_train_05358,B00BKU845C,B00A44QSJY,has more different layered patterns,Pink flowered with black and white
toptee,train,toptee_train_05359,B009GQPZRW,B00GHQSX8M,has shorter sleeves and a drawn picture,is dark colored
toptee,train,toptee_train_05360,B00CEHM94M,B00A76XN3S,has shorter sleeves,has more red and yellow color
toptee,train,toptee_train_05361,B002R15DU2,B004WKP82Y,Is more revealing and sexy,is skimpy and sexy
toptee,train,toptee_train_05362,B00D3RJ7UG,B00BWULAQ0,is lighter and more sexy,is lighter colored with vertical lace detail
toptee,train,toptee_train_05363,B0092PHG88,B004XH4VKG,Is more fitted and has no sleeves, red
toptee,train,toptee_train_05364,B00A7D8F6G,B009G5O006,The towel is square and white in color.,is white colored and not shiny
toptee,train,toptee_train_05365,B00BQKB41W,B007HAGHGW,is brighter colored and minimal art,is white colored
toptee,train,toptee_train_05366,B001BIWJIG,B0054EPM14,is white colored and has sleeves,is a lighter graphic tee
toptee,train,toptee_train_05367,B002MQE8GW,B008E7CEXM,is multi-colored and worn on the foot,is a pair of striped socks
toptee,train,toptee_train_05369,B005782080,B00C5JKL3U,has no sleeves and three stripes,is darker and has longer sleeves
toptee,train,toptee_train_05370,B00DPZQX8K,B00C39ZM7M,is a black long sleeved crop top,is a half shirt
toptee,train,toptee_train_05371,B0047LA68E,B0047LE770,The tank top is bright blue in color.,is blue
toptee,train,toptee_train_05372,B00CAYPTYG,B00139XDU6,has white lettering,is darker coloured
toptee,train,toptee_train_05373,B00AK9I5O4,B009WH2EWY,has a gray color with a mustache,is lighter in color
toptee,train,toptee_train_05374,B00CPYMUQ6,B006H4GU3E,The shirt is black and gray with a drawn woman's face.,white graphics
toptee,train,toptee_train_05375,B000M2XMHE,B0076AIL44,has white strips with no sleeves,has a smaller strap over the top and a print of a white heart.
toptee,train,toptee_train_05376,B00CJHLBDW,B00CSAM7GU,has no sleeves and is light blue,it has no sleeve and it is not transparent
toptee,train,toptee_train_05377,B0009GAVY0,B000GYR9G8,is solid black with short sleeves,is black colored with covered shoulders
toptee,train,toptee_train_05378,B005GR3JE6,B00EE0FN5Y,is sleeveless with vertical stripes,has shorter sleeves
toptee,train,toptee_train_05379,B00B1AGE62,B00BB9UD3I,has more different color stripes with buttons,has black and white zebra print
toptee,train,toptee_train_05380,B00B1AGDKY,B00B1AIGCW,is sleeveless and more revealing,has no sleeves
toptee,train,toptee_train_05381,B000HEC746,B000HJGB70,is lighter,has FDNY word graphic in front
toptee,train,toptee_train_05382,B008HTC69Y,B004DUNPMI,has short sleeves with flower art,is a black shirt with pink and blue floral print
toptee,train,toptee_train_05383,B0046JQ76W,B006ATBES2,is darker colored,has only black and white colors to it
toptee,train,toptee_train_05384,B006K14SKG,B008P94QAI,is darker in color and less stylish,is darker with woods on the front
toptee,train,toptee_train_05385,B004BAZSZC,B007TXHLP8,is lighter,is pink and sleeveless
toptee,train,toptee_train_05386,B0012QKT98,B00A3I9668,is black with colorful figures,comes in black
toptee,train,toptee_train_05387,B0010Z3FX8,B00A26CXI4,is less feminine and is ble,has a darker base fabric to it
toptee,train,toptee_train_05388,B0084DLL3A,B008RSG5Q0,has no sleeves with two different colors,has no sleeves
toptee,train,toptee_train_05389,B00DSOHS4Q,B00DSOHT4U,Is more animal-like with the print,Is more  patterned
toptee,train,toptee_train_05390,B005LW2K2I,B0047LCAFQ,has no sleeves and a gray color,is the same
toptee,train,toptee_train_05391,B00ANRRN14,B00ANRRSC8,The vest is black and green in color.,is sleeveless and black and beige
toptee,train,toptee_train_05392,B0080ETSII,B0080ETQJO,The tank top is purple with black and white lettering.,has shorter sleeves
toptee,train,toptee_train_05393,B00AJJ9Z4Y,B00B9BFBAS,is more colorful,is lighter colored
toptee,train,toptee_train_05394,B008X042MQ,B009FV848U,Is black and more plain,is solid black
toptee,train,toptee_train_05395,B00AZOS87S,B0039819JG,is more gathered at the waist,has short sleeves
toptee,train,toptee_train_05396,B00AB0G2WE,B003U9VJLW,has floral print design,is a lighter color with dark trim
toptee,train,toptee_train_05397,B008O12WTE,B009414TC6,Is more buttoned and longer sleeves,a black and red 3/4 sleeve blouse
toptee,train,toptee_train_05398,B00A1W4RH4,B000ZJZ2LI,is darker colored,black with green large graphic
toptee,train,toptee_train_05399,B004VRNGRM,B00F6Y87DM,The shirt is loose fitting and pink.,is lighter and has longer sleeves
toptee,train,toptee_train_05400,B00976LB1K,B009NDC7VK,Is less sexy and revealing,is sleeveless with a tie
toptee,train,toptee_train_05401,B00D7JZWI6,B008DZ3RHM,The shirt is dark in color with a famous painting.,has more color
toptee,train,toptee_train_05402,B004VSE9CM,B002CJ7OGU,has longer sleeves and less bold wording,is dark purple and has middle logo
toptee,train,toptee_train_05403,B008L07HP2,B004K97JWY,has shorter sleeves and waist tie,is purple with short sleeves
toptee,train,toptee_train_05404,B00CDGNC6S,B001Q3KW7Q,has floral and tie shoulder,has a pattern and tie straps
toptee,train,toptee_train_05405,B0097XH0BI,B0097XFSQW,is more coat-of-arms and less rock-and-roll,is black and no human in logo
toptee,train,toptee_train_05406,B008VEWVJU,B008VEX15I,The shirt has a Japanese picture.,it is more colorful
toptee,train,toptee_train_05408,B0082MSD3O,B0082MSEP6,is a lighter shade,is a much lighter blue
toptee,train,toptee_train_05409,B007K0PBKM,B006WH0TCO,has a shorter sleeve shirt with different art,is black colored with rainbow colored design
toptee,train,toptee_train_05410,B0091J1FPA,B005VNP3HG,is blue,is blue with longer sleeves
toptee,train,toptee_train_05411,B008G0I3U0,B00AL6D3Y8,The shirt is gray and white in color.,A solid black long sleeve shirt w/white print
toptee,train,toptee_train_05412,B00AUACFBC,B00ANZ3SVA,has an image of cartoons in orange and grey,large colorful graphic
toptee,train,toptee_train_05414,B0038JHR8S,B00AIVQR1M,has a darker color and a 3/4 sleeve,is grey with shorter sleeves.
toptee,train,toptee_train_05415,B005QQGSS6,B00DCS1LM8,is lighter, long-sleeved
toptee,train,toptee_train_05416,B00C75H86K,B00CQ9JDP6,has long sleeves and wide v neck,is more shirty and has longer sleeves
toptee,train,toptee_train_05417,B007XFLTDM,B00882ZLC4,is more simplified,has an all white logo
toptee,train,toptee_train_05418,B00CAC5OR0,B00FW0XCJ4,has no sleeves and a white color,is white with straps
toptee,train,toptee_train_05419,B00CJAXVG4,B008WZC4EK,is darker and has longer sleeves,is black and has short sleeve
toptee,train,toptee_train_05420,B00EDTA5TA,B00E5NRYNY,more dingy,is a blue denim
toptee,train,toptee_train_05422,B00CM2Y3WA,B007XW6QFG,no sleeves company name on it,Has no sleeves
toptee,train,toptee_train_05423,B007A64J3G,B008P4YNRY,is darker with sleeves and leopard pocket,has a animal print pocket and is black
toptee,train,toptee_train_05424,B008SCHWSU,B00B7Q8ICS,has shorter sleeves,has buttons down the front
toptee,train,toptee_train_05425,B007SPPQZY,B000O70BZ8,is white in color,is lighter
toptee,train,toptee_train_05426,B000R0HJ9S,B005NWFEME,The shirt is yellow with a brown dog.,exactly
toptee,train,toptee_train_05427,B00B40C2ZQ,B008UX7AAC,is brighter colored,is gray with yellow logo
toptee,train,toptee_train_05428,B009P9PPU2,B00AA0Q77U,is slightly fitted.,has white text on it
toptee,train,toptee_train_05429,B00AY0R0VS,B0086Y09PI,is black colored with red and blue art,is darker
toptee,train,toptee_train_05430,B003C20NJG,B003062EX2,Is blue in color,is a bright blue
toptee,train,toptee_train_05431,B00AANI2MU,B00904PLG0,is pink ombre with no sleeves,is  redder in color with straps and not a long sleeve.
toptee,train,toptee_train_05432,B007FPZ4TK,B00DRP6KA4,is belted,is darker in color
toptee,train,toptee_train_05433,B00E5PY1WE,B00DBXJ3HO,is black with white figures,is black and has short sleeve
toptee,train,toptee_train_05434,B008SCFRMS,B008SCMC9O,is a long sleeve dress,is loose and flowing
toptee,train,toptee_train_05435,B00713ISPS,B005KHYWEI,is longer sleeved,Has longer sleeves
toptee,train,toptee_train_05436,B00BNNFBUM,B0013EMAFA,is black with a ireland flag,has a black base
toptee,train,toptee_train_05437,B00AWQJQFW,B00AWQJSAA,has higher neckline and shorter sleeves,is teal and less revealing
toptee,train,toptee_train_05438,B002TNBW76,B003S9X0JS,is blue colored,more purple more stripes
toptee,train,toptee_train_05439,B00E5N14UI,B008LTM0WS,this grey tshirt fits more nicely and looks mature,is lighter in color
toptee,train,toptee_train_05440,B00CDXSP5O,B00CBNKRGQ,is black and has shorter sleeves,is darker and has longer sleeves
toptee,train,toptee_train_05441,B004S3CPRQ,B00408J1V2,,is gray
toptee,train,toptee_train_05442,B00BY09AD8,B00889AAQE,The shirt has white sleeves and blue in color.,short sleeve lace with blue tank top overlay
toptee,train,toptee_train_05443,B006LEKEEQ,B009LIMXGQ,its yellow with a snake pring on the back,is a hoodie that is yellow
toptee,train,toptee_train_05444,B009YMKLPE,B00E014F4C,stripes /multi design,has orange and black stripes
toptee,train,toptee_train_05445,B009GM09DQ,B009GM0300,has a tree image in the middle,Is more colorful
toptee,train,toptee_train_05446,B005KKDESK,B00B8RD9PM,is lighter,is white and more flowing
toptee,train,toptee_train_05447,B002ATQOKY,B003006YZW,is black with green designs,is black with a green logo
toptee,train,toptee_train_05448,B00C7AFSHQ,B00AL1QEF8,The shirt is tight and dark blue in coloring.,is identical
toptee,train,toptee_train_05449,B007SOIG70,B0089K3DC0,is silver with long sleeves,is more shiny
toptee,train,toptee_train_05450,B0037EU24A,B00DEKPSZA,The shirt is loose fitting and white in color.,is more like a button up tee with long sleeves.
toptee,train,toptee_train_05451,B00A8FCXK2,B00A8FD2WA,has shorter sleeves with cheetah print,is loose with animal print
toptee,train,toptee_train_05452,B009CQU73I,B0080DL0YO,has no sleeves and darker color,is black and with no sleeves.
toptee,train,toptee_train_05453,B00BY1FFZ4,B008MQJU78,is a pink v-necked blouse with loose sleeves,is red with long sleeves
toptee,train,toptee_train_05454,B0037EU24A,B003YLPBWY,has short sleeves.,is lighter in color and has sleeves
toptee,train,toptee_train_05455,B0093N1KMC,B003GCK68K,is black with blue designs,darker colored with a character
toptee,train,toptee_train_05456,B00B1MY7A0,B009YETAJK,is darker and has shorter sleeves,has no sleeves and a solid color
toptee,train,toptee_train_05457,B00C683UA6,B00BSKZCDG,has a v-neck,is darker
toptee,train,toptee_train_05458,B00B55POB4,B00BKBCMKE,has a different logo,has a different graphic
toptee,train,toptee_train_05459,B00CPCX6D4,B00BQ360MC,Is belted and bright blue,is blue with a belt
toptee,train,toptee_train_05461,B004BAT30S,B004BACH9M,The tank top is black with white writing.,has no sleeves and is black
toptee,train,toptee_train_05462,B005GCBCLS,B008VDRC40,has more black designs,is more sheer and patterned
toptee,train,toptee_train_05463,B004070TE6,B00BY8IDK6,Is  black with a graphic,is black colored with a graphic design
toptee,train,toptee_train_05464,B00731AVTO,B007315T5K,has different words on it,has different white text
toptee,train,toptee_train_05465,B00C11VOII,B00BD6OE8E,has no sleeves with red color,has a white flower on it
toptee,train,toptee_train_05466,B0083K2KY8,B00BHX5E3C,Is lighter in color and more lacy,is white and lacy
toptee,train,toptee_train_05467,B00760YBCU,B00D6CPPX6,is longer and less revealing,has off shoulder and is light blue color
toptee,train,toptee_train_05468,B008M7LC8C,B005E7UV9O,has long sleeves,is flannel with a black shirt underneath
toptee,train,toptee_train_05469,B00BI4T02G,B009EBT2LO,has longer sleeve with two different colors,is denim
toptee,train,toptee_train_05470,B006JX91BG,B004NKQMF0,black tshirt with company logo,has short sleeves and is black
toptee,train,toptee_train_05471,B009PNT16M,B007XD6FJW,The shirt dress is pink in color.,is pink and ties up the front
toptee,train,toptee_train_05472,B008BOL4E8,B003ZW8SCW,is white with red designs,Is for men with different graphic.
toptee,train,toptee_train_05473,B009IFOG6W,B0088Z98Y8,has a picture of an elephant and has short sleeves,has blue on it
toptee,train,toptee_train_05474,B003C20NLY,B001C4DAEQ,is black,It is black and has no collar
toptee,train,toptee_train_05475,B005V3HEJQ,B001PPYA2I,is grey colored,blue with large graphic
toptee,train,toptee_train_05476,B00BWULAQ0,B00C7CTALE,has no pattern and is more modern,is blue and has sleeves
toptee,train,toptee_train_05477,B005NYPKUI,B006ZIMXOM,has larger neck and orange color,is orange and sheer
toptee,train,toptee_train_05478,B004UG3XD6,B00B5K5VPS,Is more colorful and red,has more colors in it
toptee,train,toptee_train_05479,B008SCJ4HW,B0036BYGWS,is light teal colored shirt,has buttons and a collar
toptee,train,toptee_train_05480,B00AQUBM74,B001LNIL7E,has no stripes and has a collar and buttons,is white in color
toptee,train,toptee_train_05481,B001VA3NZW,B00CF54LVC,is violet and has an image of bear,is more purple
toptee,train,toptee_train_05482,B009ZRJOFG,B00BS4FKRK,Is pocketed and has no sleeves,has no sleeves
toptee,train,toptee_train_05483,B00CWAD9R2,B008P4191C,Is a skirt,has a belt on it
toptee,train,toptee_train_05484,B004R1II48,B001LNIA0M,is pink and has on sleeves,is pink in color
toptee,train,toptee_train_05485,B009LEG168,B004I73RT2,is printed and loose to hips,is more printed and more frilly
toptee,train,toptee_train_05486,B005CTDMX6,B00536F7GS,The shirt is blue with a cartoon character.,is pale blue with pink lettering
toptee,train,toptee_train_05487,B00AVYPXB6,B00AJ3MTW0,Has no sleeves and has a shiny graphic,is sleeveless with a graphic
toptee,train,toptee_train_05488,B00DXPWG9W,B00EFHPTRS,is darker,is blue
toptee,train,toptee_train_05489,B00ADTIFA0,B0083KP432,white and black floral blouse,is white and black shades
toptee,train,toptee_train_05490,B00CFGUWKK,B00BXOAKV6,is darker, shorter cap sleeve
toptee,train,toptee_train_05491,B00ELO8X0A,B002A8SFNO,Is white and is more cropped,is sexier and more revealing
toptee,train,toptee_train_05492,B00D61ZJ06,B00D65TDJA,has red and white strips,is all striped
toptee,train,toptee_train_05493,B007ZUK66G,B005LL9XFG,The shirt is purple and white.,is white or much lighter shade of pink with longer sleeves
toptee,train,toptee_train_05494,B006IFGZ96,B00C2YUD4K, black and pink.,Is brighter colored & looser
toptee,train,toptee_train_05495,B008DVX8NE,B004DZPSRI,has longer sleeves with buttons,quarter sleeves button up pink with collar
toptee,train,toptee_train_05496,B00D3RJ7UG,B00E3SMD9Q,Is more plain and less skimpy,is bright white colored
toptee,train,toptee_train_05497,B007WA0DUI,B007WACZWW,is looser fitting and fuller,has looser fitting sleeves and covers the shoulders
toptee,train,toptee_train_05498,B003BTF0G6,B003881PVE,The tank top is green with white trim.,is light green and sleeveless
toptee,train,toptee_train_05499,B006846IAI,B00668V0EA,has longer sleeves,has longer sleeves and is meant to be worn on a rainy day.
toptee,train,toptee_train_05500,B0091J45FM,B0091J4JWG,has horizontal stripes and warmer colors,is shades of brown and long sleeved
toptee,train,toptee_train_05501,B004I6O9SG,B004MD0DR6,is totally different,is a knit whith long sleeves
toptee,train,toptee_train_05502,B0081Q1FMC,B0081Q18YW,has floral and color is red,is more colourfull
toptee,train,toptee_train_05503,B008NFLQ6Q,B008NFA34C,has no sleeves and two pockets,shorter waist deniam
toptee,train,toptee_train_05504,B0037CK1H0,B003BTOKAI,The long sleeved shirt is light blue in color.,is darker and has longer sleeves
toptee,train,toptee_train_05505,B003DBN3UW,B004DUM0XS,is white colored with black stripes and longer sleeves,has black and white stripes and long sleeves
toptee,train,toptee_train_05506,B00DNK6SN2,B002XNYSM8,is less feminine and black,has a graphic on it
toptee,train,toptee_train_05507,B00D17AFY0,B008FY9HT8,is sleevless and more casual,has no sleeves
toptee,train,toptee_train_05508,B007VF87O8,B00CSDR4EW,The shirt is orange with a gray design.,is orange and has buttons
toptee,train,toptee_train_05509,B008VQ6R7A,B008YCD6CA,is gold with longer sleeves,pink more silky looking no v neck
toptee,train,toptee_train_05510,B008D567PG,B00851GY9W,has a racerback tank top,is a tank top and Pink Floyd logo
toptee,train,toptee_train_05511,B009SDADXY,B0018CFD3I,is blouse and black sexy bikini tie,is black and is more revealing
toptee,train,toptee_train_05513,B00C27HC6E,B008ILTGO4,has a dog picture in the back,has lighter text and darker shirt
toptee,train,toptee_train_05514,B00E3SMD9Q,B009A6XGGA,is pink with black designs,is a darker color
toptee,train,toptee_train_05515,B006MGRJA0,B00AAFQO5K,has three black stripes at the bottom,doesn't have a print
toptee,train,toptee_train_05516,B007BWDDCM,B0083LXTFG,is black with animated characters,is a black tee
toptee,train,toptee_train_05517,B00B36H012,B00GV5HNV2,has longer sleaves and more color,Is more grungy
toptee,train,toptee_train_05518,B0002NZCEO,B003U0MCIA,is black and no collar,is darker and masculine
toptee,train,toptee_train_05519,B005I730JS,B00BCXH07A,has no sleeves with a beige color,is grey and has off shoulder
toptee,train,toptee_train_05520,B001UIM45K,B004T8TIIO,The shirt has a abstract print.,a shirt.
toptee,train,toptee_train_05521,B00EKW3DIA,B006R6SEAY,Is more wordy and purple,has text on it
toptee,train,toptee_train_05522,B00DV47IG6,B00E98B7DS,The shirt is purple with butterflies.,is dark purple short sleeved
toptee,train,toptee_train_05523,B005RYIMQI,B005RYIS6W,is off one shoulder,has an oriental print and is belted
toptee,train,toptee_train_05524,B00C8ZJZI8,B00EWJU2HG,is black with purple designs,is black with shorter sleeves
toptee,train,toptee_train_05525,B008D6PCGU,B00DV0PJG6,is green t shirt with lettering,is green short sleeve
toptee,train,toptee_train_05526,B008KFF9HG,B00860WQE4,is white with shorter sleeves and buttons,is solid white
toptee,train,toptee_train_05527,B006L1F72I,B008R8KO3K,has a shorter sleeve with art,A sleeveless white tanktop with a black pattern
toptee,train,toptee_train_05528,B008OPICE4,B008H3TUS0,is blue and around wide neck,is a blue shirt with open neck.
toptee,train,toptee_train_05529,B009ESDWCM,B007J7J4V8,Is grey,it is grey
toptee,train,toptee_train_05530,B00CHR0ODC,B00BHHRY54,is black color with no sleeves,is black colored
toptee,train,toptee_train_05531,B000HQC7ZS,B000OBRMJM,is brighter and more sporty,is darker in color
toptee,train,toptee_train_05532,B0077BABKY,B008NF7RZA,is blue with floral designs,is more teal and floral
toptee,train,toptee_train_05533,B00BGD1WKC,B003ID323I,is lighter and has shorter sleeves,is grey and less revealing
toptee,train,toptee_train_05534,B00BQTQBVG,B00BEDITY6,is longer and brighter in color,Is blue with tank sleeves and round nect
toptee,train,toptee_train_05535,B008MNN1HQ,B00B0QGSA4,has lace applique and no buttons,Is black
toptee,train,toptee_train_05536,B008ASBY4U,B004WYY78Q,Has cropped sleeves and is peach colored, blue button-down shirt with short sleeves
toptee,train,toptee_train_05537,B00C8C59O0,B008BHJOB0,Is not as plain and has frilly short sleeves,It is grey and less plain
toptee,train,toptee_train_05538,B0086UZZ88,B0072BCV20,is a long sleeved yellow with pink flowers,a bright yellow with red flowers 3/4 sleeve blouse
toptee,train,toptee_train_05539,B00C7CF7ES,B00C125Z7S,The tied shirt is has a black zig zag pattern.,has longer sleeves with a different pattern
toptee,train,toptee_train_05540,B00EEKM51O,B00EEKLSVC,is darker,is black with a gold glitter
toptee,train,toptee_train_05541,B0080ETSII,B0083R57OG,is white with a different graphic,is white colored
toptee,train,toptee_train_05542,B009ZR8RPE,B004RIMZM2,has a short sleeve with art in the middle,white notical logo
toptee,train,toptee_train_05543,B00DRM4ULI,B00CJHLVCI,is coral with ruffles,is orange
toptee,train,toptee_train_05544,B0002NZ8DO,B000JWHZWU,Is lighter in color and has more buttons,is lighter in color
toptee,train,toptee_train_05545,B007RMNIP8,B006ZIO3R2,The shirt is a shirt dress and is white in color., black skull design shorter sleevs
toptee,train,toptee_train_05546,B008D36WCQ,B005R51GBA,is lighter,is a frilled button up in solid color.
toptee,train,toptee_train_05547,B00ARQVPZ6,B006LWGZGO,has longer sleeves and is more edgy,Has a whispier pattern
toptee,train,toptee_train_05548,B00BC02VHW,B00EE0BA3I,has a longer shirt with square patterns,it is darker and has pockets
toptee,train,toptee_train_05549,B007PJW0IE,B00362ZS88,is black colored, lighter & cinched at the waist
toptee,train,toptee_train_05550,B00AZOS29C,B000K2H2W2,black with lace,is black with cap sleeves and lace
toptee,train,toptee_train_05551,B00ANBC2IY,B006YYNYM2,is more patriotic,is white with flag image
toptee,train,toptee_train_05552,B006K1LS04,B006N051V4,The tank dress is shiny blue with black stripes.,is sleeveless shiny blue color fabric
toptee,train,toptee_train_05553,B0088YNZJ8,B0054ZMOZU,is a t-shirt and is yellow,is a yellow tee.
toptee,train,toptee_train_05554,B00D0JESV0,B00D0JOB2Q,The right is much darker in color.,is yellow
toptee,train,toptee_train_05556,B009N84NNA,B00AO9L56U, and short sleeved with a pocket,is a gray tunic
toptee,train,toptee_train_05557,B003VIWJFW,B008SAMGTC,is more firly,less shirty and more feminine
toptee,train,toptee_train_05558,B00BY9PXRG,B00BY9PPHY,The shirt is purple with white writing.,is purple colored with a white colored graphic
toptee,train,toptee_train_05559,B000PET95S,B000NCGGFS,The tank top is blue,is colorful and sleeveless
toptee,train,toptee_train_05560,B004E59ZE4,B005CEQKX0,is white with middle fingers up in logo,A black shirt with letters on front
toptee,train,toptee_train_05562,B007E94C3Q,B007E94ZEW,is lighter and has longer sleeves,is white with sleeves
toptee,train,toptee_train_05563,B004P2OKS2,B0085TUS9G, grey shirt with a picture in the middle, yellow/green design
toptee,train,toptee_train_05564,B008FJZF44,B005QWQKOM,is black colored with a logo in purple,Is darker and more fitted
toptee,train,toptee_train_05565,B00B1H5ISA,B00A9ZV1UY,is striped and tight fitting,tan and cream stripped shirt with gold collar
toptee,train,toptee_train_05566,B00DU6OUES,B00EDSHSP0,The shirt is black in color with blue and white writing.,is a T shirt not underwear
toptee,train,toptee_train_05568,B004B544XY,B006JWPY7W,is pink with thin straps,is pink and has longer sleeves
toptee,train,toptee_train_05569,B0097B8XOS,B001UIM45K,is white colored and shorter sleeves,is white in color and has shorter sleeves
toptee,train,toptee_train_05570,B008SB92G6,B0014C3DDY,The shirt is blue tie dye with a green,is blue with earth like logo
toptee,train,toptee_train_05571,B0066EDY6Q,B00BY8MMBM,is white with parental advisory sign,is white and has male gender
toptee,train,toptee_train_05572,B0080I2T5I,B007ZN3YKI,has longer sleeves with red and black prints,has a more open design with lighter colors.
toptee,train,toptee_train_05573,B005ZWXPWS,B0064ZTCTU,The tank top is gray in color.,has straps and is grey
toptee,train,toptee_train_05574,B008PEM80S,B0051VMI3K,is yellow with round neck,tank non-fitted shirt with small graphic
toptee,train,toptee_train_05575,B004ZXH28G,B0049B3PMQ, short sleeved and more casual,is pink with shorter sleeves
toptee,train,toptee_train_05576,B007WACX3I,B008X042MQ,The shirt has white and black stripes.,is a black and white sexy stripped shirt
toptee,train,toptee_train_05577,B00D38INXW,B008LV6MKM,The shirt is black with white writing.,is a black metal t-shirt
toptee,train,toptee_train_05578,B0078YCJP0,B0054IOGH6,The short sleeve short is pink in color with a woman's image.,is a pink tshirt
toptee,train,toptee_train_05579,B0097XFSQW,B00CHILECG,has a lighter color and a different print,is white with black text
toptee,train,toptee_train_05580,B002PZHDTY,B003G5M8KG,is more like a sweater with long sleeves.,is brown with longer sleeves
toptee,train,toptee_train_05581,B004MW3RSY,B00B9FEPKQ,Its a shorter white shirt.,Has shorter sleeves and is lacy
toptee,train,toptee_train_05582,B00BYE86T8,B00C4J7KIA,Has a pink logo,Is more feminine
toptee,train,toptee_train_05583,B00CB7284Q,B00AI85U90,It is a brighter color and has stripes.,has gray and orange stripes
toptee,train,toptee_train_05584,B00AFJWW6Q,B008M4UNJO,Is less plain and more fitted,has stripes
toptee,train,toptee_train_05585,B006BBFXAO,B00E1ONORM,Is purple,is purple with white trime
toptee,train,toptee_train_05586,B00BSS2GKK,B006ZVFSIW,The shirt has not sleeves and is white.,is white with shorter sleeves
toptee,train,toptee_train_05587,B0009U7NPG,B003BT4HGK,its white with diagonal cut,is whiter with an angled bottom hem
toptee,train,toptee_train_05588,B0091IWZYQ,B0091IWU1Y,is silk and is a bright blue,is more shiny and darker blue
toptee,train,toptee_train_05590,B005GTEII0,B004H7T0VW,its pink and a tanl top,is a brighter color
toptee,train,toptee_train_05591,B00D5XYCL2,B007PTTOVU,is layered and more feminine,is solid black
toptee,train,toptee_train_05592,B0088RFFNO,B0088RFDYK,The tank top is melon in color.,is orange and has thin straps
toptee,train,toptee_train_05593,B00DDY1OC8,B0055PFI4S,is a revealing white top, shamrock tie
toptee,train,toptee_train_05594,B00C6BNIU0,B002OLC97K,black with a design on it,is more graphic and has less fontks
toptee,train,toptee_train_05595,B0051GMDRQ,B00GHQTG2Y,is navy blue with sleeves,Has sleeves and is more wordy
toptee,train,toptee_train_05596,B00C4YVEKK,B00CJI522C,has no sleeve and a bunch of colors,is more colorful
toptee,train,toptee_train_05597,B008JGKMZK,B008S2RQ0Y,has long sleeves but darker,has longer sleeves and is a darker color
toptee,train,toptee_train_05598,B0082XNFVI,B0092OT8U8,has a triangle,has black triangle logos
toptee,train,toptee_train_05599,B00A8YALSY,B00A9GE1G4,has longer tie and more rows of rufffles,is a bit more shiny
toptee,train,toptee_train_05600,B009AFL3W0,B00CU8D3MC,has feathered graphic and is two dimensional,is dark blue with purple logo
toptee,train,toptee_train_05601,B009GLCMDM,B0078VA144,is dark brown colored and has image of an eagle,has a bigger graphic
toptee,train,toptee_train_05602,B0085SJ492,B004QQ5NYW,no sleeves or design,is sleeveless
toptee,train,toptee_train_05603,B00AHLZADO,B007Y7NUUO,is purple in color,has longer sleeves
toptee,train,toptee_train_05604,B005NY6N4K,B005NY5ZZ8,is silk material with buttons going down,is button up and solid with print trim
toptee,train,toptee_train_05605,B006C8A8AG,B00DSHBQUU,Is black with a green graphic,is black with a different graphic
toptee,train,toptee_train_05606,B00EOWOCW2,B005F8E8PK,The shirt is black and blue with white writing.,s a black tshirt
toptee,train,toptee_train_05608,B0041PFUSM,B00C64KW42,is purple checkered with ombre,has more colors in it
toptee,train,toptee_train_05609,B00BBKOBOY,B00DVNQZI4,has no sleeves and has yellow color,is a yellow shirt that looks similar.
toptee,train,toptee_train_05610,B0064U8IH2,B0055FLM0W,is black colored,is black in color
toptee,train,toptee_train_05611,B0014JXGDO,B0073IVCR2,is more sheer,is a button up with lighter blue coloring.
toptee,train,toptee_train_05612,B00A7Y7L7Y,B00AIURY9W,is black and white,is sleeveless zebra print
toptee,train,toptee_train_05613,B00B8R8S76,B00935OEGO,doesn't have buttons and has sleeves,has long sleeves and is brown
toptee,train,toptee_train_05614,B00B2JI5GO,B0058ZZBH4,is a black earring,is a black piece of jewelry
toptee,train,toptee_train_05615,B008GOS310,B004OD90EQ,blue strappy with lace on bodice and waist,has no sleeves
toptee,train,toptee_train_05616,B001PKV53A,B0071QI8LE,is more boldly colored and is a purse,orange
toptee,train,toptee_train_05617,B00BY7LUSO,B007YHYD28,is darker in color and has shorter sleeves,is black with Regular Show on it
toptee,train,toptee_train_05618,B0081LLX06,B005FMVP2A,is red with rainbows,Is red with a pony graphic
toptee,train,toptee_train_05620,B009B1H72I,B00EFJ8UF4,gas a darker color,is a shiny one color tank top
toptee,train,toptee_train_05621,B00D0JOB2Q,B00D0JU12A,Is purple,is purple and less revealing
toptee,train,toptee_train_05623,B008X04EFQ,B0094DBTCC,has more colorful stripes,has striped colors in blue and red.
toptee,train,toptee_train_05624,B00FTWNDCG,B00D82TMH4,is striped and more revealing,is grey and has off shoulder
toptee,train,toptee_train_05625,B005HPTTQE,B00DYVUZDE,is a lighter blue shade,is very similar with darker print.
toptee,train,toptee_train_05626,B0052WOJKI,B001N9RUNM,is lighter in color with a belt,is a white button up with frills.
toptee,train,toptee_train_05627,B00CJPZDYM,B00CE47BJ8,The shirt is a black crop top.,is shorter with a lower neckline
toptee,train,toptee_train_05628,B007WOL8P8,B006YB6W74,is black with rhinestones and cold shoulder,is darker
toptee,train,toptee_train_05629,B002LBZLSM,B004ZH9WLW,It is a brown hat with a print.,is brown with cartoon logo
toptee,train,toptee_train_05630,B00C6NQIXW,B007QZY31Y,is dark blue,higher contrast colors and dark blue
toptee,train,toptee_train_05631,B008RSRZ9G,B002LC4MGS,is lighter in color,is more shiny and has shorter sleeves
toptee,train,toptee_train_05632,B008821506,B009VLPXZ6,is a pair of furry headphones,fuzzy blown kintted ear muffs
toptee,train,toptee_train_05633,B007J7J4B8,B009ESDWCM,is black with white designs,is black and has a bit more logo
toptee,train,toptee_train_05634,B001PIPPGU,B003O9Y4YW,is more nerdy,Is less colorful and more nerdy
toptee,train,toptee_train_05635,B00BQ7E6OC,B00BRP1W1I, sleeveless and more fitted,is multiple types of blues and longer sleeves
toptee,train,toptee_train_05636,B000PNBKCO,B00445YTA4,has a graphic and is more fitted,is black and has more print
toptee,train,toptee_train_05637,B00561PT9K,B007TYZFOQ,is darker and has longer sleeves,is darker and has longer sleeves
toptee,train,toptee_train_05638,B000ZZXSBS,B0050ZS5RU,is gray with people design s,sleeveless with graphics or print
toptee,train,toptee_train_05639,B0085ON2IU,B00C1N326I,The tank top is white with a skull.,is lighter
toptee,train,toptee_train_05640,B00C3OUT0M,B00C7FAESY,is lighter and plainer,is white and more revealing
toptee,train,toptee_train_05641,B00596S4VM,B00140AM7Q,The long sleeved shirt is a multitude of colors.,is more white
toptee,train,toptee_train_05642,B00C0GEWEM,B004CAG4N6,is darker and has longer sleeves,is black with longer sleeves
toptee,train,toptee_train_05643,B004Z2OF14,B004E0ZEB2,is red and yellow,is more meant for summer
toptee,train,toptee_train_05644,B007XT2ZMC,B00C5H9G7Y,has no sleeves,has no sleeves
toptee,train,toptee_train_05645,B008HTC74I,B008P3AM7K,has long complete sleeves,is longer
toptee,train,toptee_train_05647,B00CQ9J0MC,B0089XS3JU,Longer sleeves and has stripes,is a black sailor style shirt with short sleeves
toptee,train,toptee_train_05648,B0032CO7IO,B003IRMJYW,has lettering and is less leathery,Is a gray short sleeved tshirt
toptee,train,toptee_train_05649,B00FW6EUQ2,B00FE2B16Q,has gathered sleeves and smoother fabric,is more of a tan color
toptee,train,toptee_train_05650,B002ATQOKY,B001TQXU4M,is a gray shirt with a picture of Obama,is grey with black image
toptee,train,toptee_train_05651,B007WAU2OK,B005QA9HYO,is white and is made of a lighter,is more see through
toptee,train,toptee_train_05652,B008NDVDK2,B005GPM7BO,is solid colored and less fitting,has a plain green color
toptee,train,toptee_train_05653,B0047LCAL0,B0047LE77U,lighter color,Is white in color
toptee,train,toptee_train_05654,B00730RKO4,B00730PA1E,is light blue with black words,is lighter
toptee,train,toptee_train_05655,B002AH1PSC,B002AGZLK6,has a different emblem and is blue, with no graphic
toptee,train,toptee_train_05656,B009MJJR0Y,B0096MHVWS,is a darker scheme,is long sleeved with a pattern and buttons down
toptee,train,toptee_train_05657,B008MB2PT8,B00COMTDPK,is green colored bowtie,Is a green bow
toptee,train,toptee_train_05658,B007C3NZX2,B006DTJZUI,The long sleeve shirt is blue and black in color.,is darker blue in color with prints
toptee,train,toptee_train_05659,B00CRLKPXW,B00BWTWUQK,has no sleeves,has no sleeves and has white lettering
toptee,train,toptee_train_05660,B00EYKD2GG,B00F14MJ04,a white shirt with short sleeves,has a pocket and lighter colors
toptee,train,toptee_train_05661,B003CH79EI,B003CO205E,is light blue,is light blue
toptee,train,toptee_train_05662,B0058Q8PDK,B000VB0N3M,is tan with black designs,is more colourfull
toptee,train,toptee_train_05663,B002BRA9QU,B004SWJ75A,is plaid button up with long sleeves and has collar,it is more checked and has collar with long sleeves
toptee,train,toptee_train_05664,B008AOKM1U,B004IYNRH2,is red and has one large heart for logo,is red with black image
toptee,train,toptee_train_05665,B008SAGOWW,B008VFC5B8,It has a red and white print on front.,is less black and more print
toptee,train,toptee_train_05666,B007TXXGLG,B007IWGP8Y,is purple with long sleeves,is purple colored with long sleeves
toptee,train,toptee_train_05667,B00DCKUF3M,B00DF2751M,is sleeveless and multicolored,is cooler but has less fun
toptee,train,toptee_train_05668,B000ID0CI4,B008SBH092,is pink in color and has sleeves,has rabbit graphic and is pullover tee
toptee,train,toptee_train_05669,B009YSUZUY,B00ANGVENI,a long sleeve light colored shirt with embellishments,is white colored with no collar and no buttons
toptee,train,toptee_train_05670,B00BZS8RLU,B00BZS8OJ0,is red with white designs,Is bright orange with jeweled embroidery
toptee,train,toptee_train_05671,B004X596YY,B001CTUL9I,has shorter sleeves with lighter color,is white with shorter sleeves
toptee,train,toptee_train_05672,B00DNUX15U,B00EPQNHLY,is white colored and strapless,is less revealing and white
toptee,train,toptee_train_05673,B0045EP3DG,B005902CH0,is white with long sleeves,has longer sleeves and more casual
toptee,train,toptee_train_05674,B008CFZN5C,B008X0FG0S, plain with longer sleeves,is dark red colored and has longer sleeves
toptee,train,toptee_train_05675,B000X1MC2U,B002CIZQES,,has no sleeves
toptee,train,toptee_train_05676,B000EP4RZ0,B000EP33OQ,Has a different dog on the decal,only need is a yorkie logo
toptee,train,toptee_train_05677,B003IKOPD2,B004GGTRWG,has a warmer color,Is red in color.
toptee,train,toptee_train_05678,B0089XRWP6,B005WXZJEW,The loose fitting shirt is black in color.,Is more feminine with pleats.
toptee,train,toptee_train_05679,B00DYVUIKY,B0073U3YCG,is darker,is looser fitting
toptee,train,toptee_train_05680,B00438D9QM,B004BR1XOK,has black striped and shorter sleeves,is black and white stripes
toptee,train,toptee_train_05681,B004JGIPKI,B002ODAP92,The shirt is black with a white emblem., no sleeved
toptee,train,toptee_train_05682,B006SF6028,B006SF627Q,has elbow length sleeves and a scooped neckline,Has no pocket and is more revealing
toptee,train,toptee_train_05683,B00CRLKPXW,B008DEXCL4,is more green,is green
toptee,train,toptee_train_05684,B00DCUQA7M,B00CEK6K8A,purple and gray with a heart and dagger.,is in black and white
toptee,train,toptee_train_05685,B00980K2GA,B009YJS95G,has shorter sleeves and is solid pink,is a solid pink color
toptee,train,toptee_train_05686,B00AU90416,B00CDZ5QPO,The tank top is red and black.,has a floral design and is darker
toptee,train,toptee_train_05687,B00AU8BILC,B005B6U288,The shirt is long sleeved and white with a pink flying heart.,is pink with chest logo
toptee,train,toptee_train_05688,B004XGA7ZA,B004MMXEMS,is pink and has shorter sleeves,is pink with shorter sleeves and a graphic
toptee,train,toptee_train_05689,B007XD50QQ,B008DSJU98,has less print and shorter sleeves,has no sleeves
toptee,train,toptee_train_05690,B00ATT85RC,B008JBNUT0,has animal print in black and white,has a looser fit
toptee,train,toptee_train_05691,B009N830XO,B008WZCD1E,is red in color and longer sleeves,is darker and more colorful
toptee,train,toptee_train_05692,B007QF2YPG,B0018YYZ3A,is lighter and has shorter sleeves,has no sleeves and has a different graphic
toptee,train,toptee_train_05693,B00E6J1FG4,B002U4NAQU,has red logo and less revealing,is a red tee
toptee,train,toptee_train_05694,B008ZBP58S,B005OCK7IO,is more juvenile and less provocative,is red and short sleeved
toptee,train,toptee_train_05695,B005DS6Y0Y,B002GBYDJ0,Is a top and is way more revealing,is more revealing around the shulders and top with deep straps.
toptee,train,toptee_train_05696,B009NZ4NUG,B00AIYN19K,The shirt is maroon with a zig zag pattern.,is rounded neck line and knitted
toptee,train,toptee_train_05697,B0095RDYSY,B00E5PO0SY,has shorter sleeves and is beige,is loose fitting
toptee,train,toptee_train_05698,B007Z8THKY,B007WMQPYO,has large white letters across the front,is darker and masculine
toptee,train,toptee_train_05699,B00DNRB6CS,B005GSUOWA,is orange with no sleeves,orange solid print scoop neck dress
toptee,train,toptee_train_05700,B007R3PN5K,B00AHAQ8IG,is black,has long sleeves and a rounder neckline
toptee,train,toptee_train_05701,B00B9R55EE,B00AXYE8AQ,Is more plain and orange,is a red tee with short sleeves
toptee,train,toptee_train_05702,B002U34KGK,B0077G80GG,The shirt is white and black in color.,has a black and white pattern and longer sleeves
toptee,train,toptee_train_05703,B00AIIVM10,B00EUUPAG0,has an animal print and less sleeves,it has animal print and comes with collar
toptee,train,toptee_train_05704,B007W3UVFM,B00BULH3CG,Is white and has frills,is sleeveless and white
toptee,train,toptee_train_05705,B00GAI68B6,B0060DNLXO,The shawl has white and black stripes.,is instead a black tee.
toptee,train,toptee_train_05706,B005PI6L1O,B0096VOUS2,has a gray blue color with text,has a truck and horse saying
toptee,train,toptee_train_05707,B00AKL9N4S,B007K4WXEK,is pink and larger neck,has more purple and sleeves
toptee,train,toptee_train_05708,B0070DX4GW,B00ADM51J0,Is white with a word,is black sleeves and white short sleeve
toptee,train,toptee_train_05710,B00BQMZ6SW,B00BQN21BG,has longer sleeves and is green,has more patterns and more colors
toptee,train,toptee_train_05711,B004IK9V94,B008BZ32XI,is a cardigan and is more white,i need a blouse and sweater combo
toptee,train,toptee_train_05712,B002VX4NXO,B005P7WRE0,is black with gray designs,is a black tshirt with a skull on it
toptee,train,toptee_train_05713,B004M5I6S2,B003UYT6IA,is purple with longer sleeves,is lighter
toptee,train,toptee_train_05714,B008KFF9HG,B00AHAQ6WY,Is less sheer and less revealing,it has collar and more colorful
toptee,train,toptee_train_05715,B009YJTFFY,B0070TKJ32,has a denser pattern and is sleeker,has shorter sleeves and is cinched at the waist
toptee,train,toptee_train_05716,B00AUACFBC,B008ADEHRQ,has lighter colors,has bright teal color to it
toptee,train,toptee_train_05717,B005MANQ22,B0097QWZV0,is darker,Is black and smoother fitting
toptee,train,toptee_train_05718,B0093ANA32,B0093ATAYK,has no sleeves and v neck,Has a v-nck and is more sophisticated
toptee,train,toptee_train_05719,B00716OROQ,B00AMGH9HE,The peasant shirt is white with ruffling.,is same coloured with no belt
toptee,train,toptee_train_05720,B00ANRRSC8,B00ANRRXXM,has a white collar,has a white collar
toptee,train,toptee_train_05721,B005TKICS8,B003PDNCY0,is green with long sleeves,Solid green long sleeve blouse
toptee,train,toptee_train_05722,B004JQOLEC,B007M84XTM,is blue striped,has horizontal stripes
toptee,train,toptee_train_05723,B00462QTUS,B00352KGB8,is lighter,is white and has large neck color
toptee,train,toptee_train_05724,B001F6HIGW,B00AF6BG3E,is more feminine and organge,Orange with light blue outline
toptee,train,toptee_train_05725,B00AWVOXRI,B00BT0J6IC,is patterned,Is longer and less plain
toptee,train,toptee_train_05726,B007ZN3YKI,B00CD212AK,is a white sleeveless top with embroidered v-neck,has shorter sleeves
toptee,train,toptee_train_05728,B00ANJL6TW,B00771EVUK,is more stylish,Desired item is white with long sleeves and ruffle neck
toptee,train,toptee_train_05729,B00DYXY6QE,B004B54484,is darker,is dark grey and has grey button
toptee,train,toptee_train_05730,B007OCIDBA,B0058Y7KSS,is plus size and has long sleeves,is long sleve
toptee,train,toptee_train_05731,B007IRN4EC,B00AX89ON8,is gray with long sleeves,has longer sleeves and a higher neckline
toptee,train,toptee_train_05732,B005OCK7IO,B009VGGJRC,is black and has long sleeves,is darker and has longer sleeves
toptee,train,toptee_train_05733,B006Q8OHGS,B009V0OO84,has longer sleeves and an image,Is darker brown with animals
toptee,train,toptee_train_05734,B004R1IFEQ,B003BLY3T4,is a black tshirt,is a solid crew neck with a printed graphic.
toptee,train,toptee_train_05735,B00AZP3DGS,B00AZOS9CM,is darker,is grey and purple that is longer.
toptee,train,toptee_train_05736,B00BD2XFGK,B007GBW17Q,is a gray colored dress shirt,is gray button down
toptee,train,toptee_train_05737,B00DVFHY6E,B00BLZGHU0,ia summery with a rose design,is light colored with a pattern
toptee,train,toptee_train_05738,B007RKO5KW,B008HYSK1C,navy and grey short sleeved top,has wider horizontal stripes
toptee,train,toptee_train_05739,B004MW4YVI,B009S27TQE,is darker,is darker in color
toptee,train,toptee_train_05740,B007TWYMJC,B00AQAB42C,is sleeveless.,is black with no sleeves
toptee,train,toptee_train_05741,B00AAMNYOW,B00AAMO1MQ,The shirt is black with a dagger.,has no skulls on it
toptee,train,toptee_train_05742,B003ZTVGEW,B009G81CJK,is green with yellow and blue designs,is green tank top
toptee,train,toptee_train_05743,B00A13GLCM,B0040ZFWM2,has lighter blue color,is lighter colored and shirty
toptee,train,toptee_train_05744,B00EF487X4,B0067EWIK8,is white colored with camel logo in orange,is a lighter color
toptee,train,toptee_train_05745,B0038Q9G5S,B002PZHDTY,has a round neck,Has a plaid pattern
toptee,train,toptee_train_05746,B005KKDHGY,B00EPC7LZ6,is a dark loose top with pleated flounce bottom,Is more ruched and darker
toptee,train,toptee_train_05747,B0069PC6ZC,B005OQGD9C,is solid white,Is a white color
toptee,train,toptee_train_05748,B0038KYK00,B000A3BWBS,is more floral, buttons
toptee,train,toptee_train_05749,B00935OEOQ,B0074PSDPI,has smaller straps,is a tank top
toptee,train,toptee_train_05750,B0086ZOO6C,B003GPZ5RO,is lighter colored and less shiny,is light pink and is a dress
toptee,train,toptee_train_05751,B00AYLJZ1A,B008L5UKHO,is darker and has longer sleeves,Is gray with portrait neck and three-quarter dolman sleeves
toptee,train,toptee_train_05752,B00DU7HSC8,B0077SGZO8,The shirt is black with white lettering.,Is black with white logo
toptee,train,toptee_train_05753,B005LC976U,B0081ZCHKM,The shirt has short sleeves with blue writing.,has longer sleeves
toptee,train,toptee_train_05754,B00CCHVXP0,B00DWIXXGA,Has sleeves and is a brighter color,white tee shirt with a scary face
toptee,train,toptee_train_05755,B003QCG2NS,B00417QZSE,has black shiny leather,is worn on food and is black
toptee,train,toptee_train_05756,B008SAWUAM,B001NVNMFU,is pink with mini prints,is link and has a bigger collar
toptee,train,toptee_train_05757,B005LJU0XM,B00F0FZFBY,The shirt is black in color with a colorful design.,is soft black colored
toptee,train,toptee_train_05758,B0089XS3JU,B005U341UM,is long sleeved with buttons,is longer sleeved and gray
toptee,train,toptee_train_05759,B001TEOWXW,B00BAXTKQG,has white designs only,has woman's face and bold lettering
toptee,train,toptee_train_05760,B005I0JVXE,B003N64BX0,has shorter sleeves,is black and sleeveless
toptee,train,toptee_train_05761,B002UJOF1Y,B00DU6OUES,is more revealing,is underwear
toptee,train,toptee_train_05762,B005I0JVO8,B008A6B77G,The shirt is plum and white.,has white sleeves
toptee,train,toptee_train_05763,B00823I5E0,B002DMKG52,The shirt is gray in color with black writing.,is light color and has black letters.
toptee,train,toptee_train_05764,B007OCIDBA,B00BWIRMZ0,is more ruffled,is bunched at the waist
toptee,train,toptee_train_05765,B008941Q7A,B009TLRI1U,is less shiny,has buttons in front
toptee,train,toptee_train_05767,B00E0KYN86,B00E1JPW0E,is red and white colored,is pink
toptee,train,toptee_train_05768,B00BWCPGTK,B00CT3ABM8,is more flowing and chevron,is black and white
toptee,train,toptee_train_05769,B00EIQR29E,B000VVP1XO,has more color and is bigger, loose fitting with 3/4 length sleeves
toptee,train,toptee_train_05770,B006L1F72I,B003UYT6EE,Then shirt has long sleeves and is white in color.,is white with a round neck
toptee,train,toptee_train_05771,B00FN40ZC6,B00DXPWG9W,white undershirt light blue bolero cut jacket,white short sleeve with blue half sweater
toptee,train,toptee_train_05772,B000ENHNC6,B00AHYNBBE,is darker,is solid black with white logo
toptee,train,toptee_train_05773,B0096IXI8I,B00A2X3VCO,The tank top is black in color.,is less black and has no sleeve
toptee,train,toptee_train_05774,B005IMGWD4,B009GLZTJ6,is red colored with longer sleeves,red long sleeve t-shirt with graphics
toptee,train,toptee_train_05775,B005FEIN1Y,B002KHN1HK, scouped neck loose turquorse tshirt,has dark red and grey pattern on it
toptee,train,toptee_train_05776,B00CKLHXWK,B007WASL66,The shirt is white with ruffles and a black skirt., longer sleeves
toptee,train,toptee_train_05777,B00CJSTVJC,B00BJ9HE2S,is a short white sleeve with humor text,has a bit letter print and is white color
toptee,train,toptee_train_05778,B005GPY2EY,B005L8YRAU,is light yellow with no sleeves,is yellow and sleeveless
toptee,train,toptee_train_05779,B0081Q1FMC,B000PET95S,The short sleeve shirt is white in color.,it is white and has sleeves
toptee,train,toptee_train_05780,B00FAUENIK,B00B1KCF5G,The red shirt has a pep-plum.,is solid red colored with more covered shoulders
toptee,train,toptee_train_05781,B008821506,B006T59TM0,has a darker color and sleeves,has more grey
toptee,train,toptee_train_05782,B00AHXIC96,B007JWE1D4,The peasant shirt is silver in color.,Is silver with frilly sleeves.
toptee,train,toptee_train_05783,B0071C6AYK,B0086JXCRA,Is more whimsical and lighter in color,is lighter in color and has leopard graphic
toptee,train,toptee_train_05784,B00BN97F9G,B00CMM2976,is black and is sleeveless,is a dark
toptee,train,toptee_train_05785,B00ARBUZH0,B00B804U84,has a deeper cut neckline and cuffed sleeves,is red and has large v-neck
toptee,train,toptee_train_05786,B008CG0XX8,B008CG23OU,is purple same shirt though,is darker
toptee,train,toptee_train_05787,B0083VXVKO,B0083VXYY2,is solid black in color,is more brown color
toptee,train,toptee_train_05788,B00COA8VTG,B00BSF40PM,The shirt has short sleeves and is maroon in color.,red solid color shirt
toptee,train,toptee_train_05789,B008YYBSE6,B008Q6DAIY,is a long sleeve white and gray checkered shirt,is white and gray and stylish
toptee,train,toptee_train_05790,B001MOKBLQ,B004BOD4ZO,is sleeveless and black,black with strap sleeves different bite me logo
toptee,train,toptee_train_05791,B007MXDO42,B0081RVPF8,has open wide neck and color is blue,is a purple tshirt
toptee,train,toptee_train_05792,B004U42Y2O,B008A72ORM,is a darker blue,buttons are contrasting
toptee,train,toptee_train_05793,B008S0CA1G,B008RYEYTO,is dark brown without collars,is more colourfull
toptee,train,toptee_train_05794,B00ESQLNQM,B00ESQLQ2I,more white,is white with lacy collar and shorter sleeves
toptee,train,toptee_train_05795,B00AVJQKMW,B00CC2PTNM,The shirt is long sleeve and is purple in color.,Has longer sleeves and is less revealing.
toptee,train,toptee_train_05796,B003968OWI,B001YOM93C,blue tee band logo,is darker
toptee,train,toptee_train_05797,B008596138,B008D65WDI,is black and long sleeves,is black and gray with long sleeves
toptee,train,toptee_train_05798,B000TIID3E,B005LUPKEA,is shorted and blue,has a v-neck collar
toptee,train,toptee_train_05799,B004MMFVMO,B000UB7XZY,is blue button down with long sleeves,has long sleeve and is blue color
toptee,train,toptee_train_05801,B0037EU24A,B0051ZJ9RO,strappy multi color turquoise base,has a blue and black pattern
toptee,train,toptee_train_05802,B00FM1D45A,B00DC99VXI,is brighter colored and is sleeveless,has no sleeves
toptee,train,toptee_train_05803,B0083WCZUU,B008CG0176,Has a larger graphic, women's tank top
toptee,train,toptee_train_05804,B0083S18LQ,B007WA2GZI,The shirt is loose fitting and is white in color.,Is frillier and white.
toptee,train,toptee_train_05805,B004S3CO36,B0031CI6ZU,is more colorful,is solid orange in color
toptee,train,toptee_train_05806,B007VF3W6Q,B008ZBP65K,is white with no sleeves and purple designs,is a white tank top with a heart
toptee,train,toptee_train_05807,B009VYVPQY,B005M0SI2U,is a looser fit in shiny gold fabric,Desired item is satin-like and a lighter cream color
toptee,train,toptee_train_05808,B002KFY7CU,B002KG87UW,is a full button up,has white buttons
toptee,train,toptee_train_05809,B00BKUAMI4,B00B0AKGGW,is solid black with longer sleeves,is solid black
toptee,train,toptee_train_05810,B007W9ZOYY,B00DSECZ7G,is less revealing and black,Is less revealing and darker.
toptee,train,toptee_train_05811,B005QA9U3W,B00D8TLR16,Is more whimsical and fun,a black and gray geometrical shirt.
toptee,train,toptee_train_05812,B00CWMDT2K,B00ELQB9B8,is black with no sleeves,it is plain and has a longer sleeve
toptee,train,toptee_train_05813,B00AIL3T5Y,B00880L06C,The shirt has white and black checkers.,Has a smaller pattern
toptee,train,toptee_train_05814,B007BWDDCM,B004RDG1F4,The shirt is white with a green cartoon character.,is white
toptee,train,toptee_train_05815,B00AW8T5TC,B006MPBONO,is black and white stripes with round neck,Is striped & fitted with no buttons
toptee,train,toptee_train_05816,B0089O9RO4,B008BJWF3M,has more colors,has a purple graphic on it
toptee,train,toptee_train_05817,B0059MU0AY,B004QUAR4O,The tank top is white in color.,has stripes going down thickening near the waist.
toptee,train,toptee_train_05818,B009L5Y76S,B00AZQOUWI,The shirt is long sleeved and pink.,is red
toptee,train,toptee_train_05819,B0055OGI84,B00C5JM2UA,has small straps,is ruffled and in pink
toptee,train,toptee_train_05820,B00BRN8MSG,B009MS31OS,Is orange and less fitted,it does not have a cuff and it is brown
toptee,train,toptee_train_05821,B008MC2TQQ,B008MC2JHA,is more flowing and not fitted,has short sleeves
toptee,train,toptee_train_05822,B008G51I0W,B008G51IDY,is exactly the same,is the same
toptee,train,toptee_train_05823,B007RKO688,B008D18S8O,The shirt is gray with the word Love.,Has different graphic.
toptee,train,toptee_train_05824,B007WA2KWW,B0080E5INC,is lighter and has longer sleeves,is a red shirt with two white stripes
toptee,train,toptee_train_05826,B00ADX6MUQ,B00B11JTC2,has different color patterns,has floral design
toptee,train,toptee_train_05827,B00A789V1Y,B004RL7TRK,is a grey tank,has no sleeves
toptee,train,toptee_train_05828,B0051ZJ9RO,B006WO4DME,has a multiple color tile pattern,has a brighter more geometric pattern
toptee,train,toptee_train_05829,B00CWMDT2K,B00EEKM51O,is shinier and less curvy,Is less patterened and more dressy
toptee,train,toptee_train_05830,B003BPZSTO,B00FXHINWC,is black colored and has sleeves, no hood
toptee,train,toptee_train_05831,B00EPQNHLY,B00EPQNTAI,has short sleeves and open wide neck,has mid sleeves
toptee,train,toptee_train_05832,B0088D23WY,B007E8ICOC,has no sleeves but a black color,is sleeveless and black
toptee,train,toptee_train_05833,B009ZGOLVO,B000FWCX1W,has a cow graphic,is blue with cow logo
toptee,train,toptee_train_05834,B007R24YII,B0072CFUKE,has short sleeves with larger stripes,covers you up more
toptee,train,toptee_train_05835,B004QDKV0G,B008OY5YKA,is multicolored with shorter sleeved,is a patterned tee
toptee,train,toptee_train_05836,B009YHIVYW,B00EEAP6LU,has short sleeves,is longer and has more graphic print patterns and colors
toptee,train,toptee_train_05837,B007Y3CJMI,B005HTQ134,is bloody color and has v neck,is white with red graphic and is sleevless
toptee,train,toptee_train_05838,B00GHQTG2Y,B000WNB5VI,is a short sleeve shirt with drawn art,is black and fitted
toptee,train,toptee_train_05839,B0075SFAU0,B00BFGSEOC,has no lace and is cinched,is white and less fluffy
toptee,train,toptee_train_05840,B009RL5SYG,B00FDLT1KG,is dark grey colored with shorter sleeves,is black with sort sleeves
toptee,train,toptee_train_05841,B003SLEIRY,B004U8BR9Q,Is a brighter color and v-neck.,is peach with a v neck and shorter sleeves.
toptee,train,toptee_train_05842,B002LOI1O0,B007RKLVJA,has no sleeves,is sleeveless and pink
toptee,train,toptee_train_05843,B007ZK3HTE,B00ADKJFR6,has more different striped colors,is red with a pattern
toptee,train,toptee_train_05844,B00683X1HC,B004WBZUWQ,is darker colored,is black tee with green graphic on front
toptee,train,toptee_train_05845,B00BQMZ6SW,B00BQJUPNQ,has more sleeves and brighter colored,has sleeves and is less revealing
toptee,train,toptee_train_05846,B0033WSUW2,B0098I63WY,is black with white, longer sleeved
toptee,train,toptee_train_05848,B00ARRF6EQ,B00ATLGJSW,has longer sleeves with black and white polka dots,is long sleeved and darker colored
toptee,train,toptee_train_05849,B0054HGJFY,B00BTUY5EM,Is brighter and has more flowers,has a lighter colored floral design to it
toptee,train,toptee_train_05850,B0037OMU04,B005G18KGE,has v neck and shorter sleeves,is a tshirt with graphic image in dront
toptee,train,toptee_train_05851,B009HC5AKM,B00A34L3N6,Is more wordy,is dark blue and a men's shirt
toptee,train,toptee_train_05852,B009N7Y8DG,B008595MDI,is more transparent,black and sheer.
toptee,train,toptee_train_05853,B00AML4I3M,B00ADWJF4M,The tank top is is white with light gray stripes.,is grey and white tank top
toptee,train,toptee_train_05854,B00DBDTZ0Y,B00CRH50OK,has a longer sleeve and more stripes,is  striped with longer sleeves.
toptee,train,toptee_train_05855,B0064U8IH2,B0045QHB66,is more  glowing and less cartoonish,is black with blue picture
toptee,train,toptee_train_05856,B00B1MY3OA,B004QM90CM,is purple colored,is purple with longer sleeves
toptee,train,toptee_train_05857,B009E6MY7I,B006VTF4GE,is white with longer sleeves,is white and has short sleeve
toptee,train,toptee_train_05858,B006ZIOUWU,B006ZIPH54,is a pink dress with short sleeves, no collar
toptee,train,toptee_train_05859,B00DQNC3GM,B00F4OT6XO,is more gothic and has larger pattern,is more see through
toptee,train,toptee_train_05860,B008UA8NCE,B00AQZQLWU, v neck and white,is turquoise with yellow pattern
toptee,train,toptee_train_05862,B008VGMGDY,B00818ZL02,is less revealing,is tan and longer sleeves
toptee,train,toptee_train_05863,B0041ON1IY,B00A7K0Y4A,has a light blue color with drawn art,blue and has a muppet with hair on it
toptee,train,toptee_train_05864,B005OD7MDG,B005OD82TE,The shirt is black with white writing.,has a different graphic
toptee,train,toptee_train_05865,B005GVQ64M,B00DXN1EGA,is tan with a half sleeve,Desired item is light brown with short sleeves
toptee,train,toptee_train_05866,B00DCS1LM8,B00AZH7HZE,is a floral white and blue top,is white colored with blue floral print
toptee,train,toptee_train_05867,B00BR8KG4O,B005NIULJE,is a colorful mini blouse dress with paisley motif,longer sleeves less pink more flowers
toptee,train,toptee_train_05868,B006YXKJTY,B005006162,is darker,has a light blue graphic on it
toptee,train,toptee_train_05869,B00CQT6KWU,B004J1K81W,is white with a different graphic,is white and has one character on it
toptee,train,toptee_train_05870,B00DBDTZ0Y,B00CRPGHZS,The shirt has no sleeves with white and black stripes.,is darker
toptee,train,toptee_train_05871,B00BB8WJZY,B0091R7K92,Has longer sleeves and a pattern,Is red and black with print and longer sleeves
toptee,train,toptee_train_05872,B00BOZ96NC,B006O60IU6,is orange with one shoulder strap,it is orange and flowery
toptee,train,toptee_train_05873,B002ZG8M8O,B004G0A7D0,has longer sleeves and is less casual,is more solid colored
toptee,train,toptee_train_05874,B008MB2R50,B00BGMHASG,is white,is white and has no buttons
toptee,train,toptee_train_05875,B007X43UAI,B003H3B9ZM,The shirt is black with gray writing.,has no buttons
toptee,train,toptee_train_05876,B007PUR7JU,B008U8VSU0,lighter in color,is pink with a tractor image
toptee,train,toptee_train_05877,B008YF4V9E,B005X6Y2I2,The shirt has long sleeves and his white and black.,it is more monochromatic
toptee,train,toptee_train_05878,B000OBO5O2,B000PZRN8C,The shirt has capped sleeves and white in color.,has longer sleeves and is white
toptee,train,toptee_train_05879,B003AM7V20,B008QVADQG,more ruffles with darker color,speggeti strap sleeves blue frills down center
toptee,train,toptee_train_05880,B004DUNPMI,B007ZUS69K,has more flared sleeves and less floral,has longer sleeve and is blue color
toptee,train,toptee_train_05881,B007FP3PEG,B007FP3K9G,is darker and has longer sleeves,is darker and has longer sleeves
toptee,train,toptee_train_05882,B0083KP432,B007V4W7U4,The shirt is low cut and red in color.,shows less shoulder
toptee,train,toptee_train_05883,B004MC97P6,B0063LVMF2,has shorter sleeves,is sleeveless without grapic image in dront
toptee,train,toptee_train_05884,B008K90QUW,B00CS36LB4,has a high neckline and has stripes,is off shoulder with a ribbon and is bright color.
toptee,train,toptee_train_05885,B00D7IRJ2O,B0062SPWWK,has longer sleeves and more patterns,has a lace backing
toptee,train,toptee_train_05886,B00BTJMTFA,B00A403RKG,The shirt is long sleeves and blue and gray in color.,is blue with grey sleeves
toptee,train,toptee_train_05887,B005OD82TE,B005OD6EJ4,is lighter,says Get Your Merry On
toptee,train,toptee_train_05888,B00C125Z7S,B00BSWELJK,has mix color and less shiny,has more color and more stripes
toptee,train,toptee_train_05889,B00CWCSQTG,B0058FBPMO,is black colored,has less font and more graphics
toptee,train,toptee_train_05890,B005OCK7IO,B00B5TVN42,has longer sleeves and is more musical,is black with a picture of Blondie on the front
toptee,train,toptee_train_05891,B00BIP1WLW,B00CDWJWMU,is gray and white,Is grey in color
toptee,train,toptee_train_05892,B008O834PS,B009SDADXY,is a short sleeve shirt with Marilyn Monroe,is pink
toptee,train,toptee_train_05894,B001JKUP9Q,B0079NDC7E,fits tighter and has a different logo,is more fitting
toptee,train,toptee_train_05895,B007HAGHGW,B008GT8AW2,has a long sleeve with art at the top right corner,is black with longer sleeves
toptee,train,toptee_train_05896,B003PDQNDW,B005HEILWS,It is a light blue.,is blue and has a sheep on it
toptee,train,toptee_train_05897,B00AKL9N4S,B000P3MJC4,is much shorter and has sleeves,is mainly blue and green in color
toptee,train,toptee_train_05898,B003TJA33I,B0058BS13O,has a longer sleeve and less stripes,has an animal print and is sheerer
toptee,train,toptee_train_05899,B000W8RDMS,B00914S1QG,has shorter sleeves with an image,Is black with a colorful emblem
toptee,train,toptee_train_05900,B001CF099Y,B001CEVACU,is red,is red in color.
toptee,train,toptee_train_05901,B00DD61EJ4,B003ZJSM26,The shirt is purple and sheer.,Is all purple toned
toptee,train,toptee_train_05902,B0085IN4YS,B0096LVR3S,is more colorufl and floral,has sleeves and is colorful
toptee,train,toptee_train_05903,B009VYVA0A,B007R1Q3JC,is beige colored and has shorter sleeves,has a lighter color
toptee,train,toptee_train_05904,B00AZ7PNFU,B0077CWFWU,is short sleeved with colored art,is less see through
toptee,train,toptee_train_05905,B00CSICN5W,B00795RGJW,Has sleeves and is colorful,has sleeves
toptee,train,toptee_train_05906,B0037EU24A,B0041LB6YS,has floral and short sleeves, cotton knitted fabric
toptee,train,toptee_train_05907,B004RUF8F6,B006K14SKG,is a white loose sleeved blouse with gold embellishments,has no words on it
toptee,train,toptee_train_05908,B0035EPU08,B0040NPY8G,has patterns and longer sleeves,is tighter
toptee,train,toptee_train_05909,B00BBQASKE,B003CH79EI,The short sleeve shirt is black.,has short sleeve and is black color
toptee,train,toptee_train_05910,B00E82QZWI,B005XGXDUU,is more feminine fitting,is less dark with different text
toptee,train,toptee_train_05911,B008UB44EE,B003IHVIIK, pink,is floral and sleeveless
toptee,train,toptee_train_05912,B00816OBZK,B003DTMIIC,is black,is darker in color and shorter sleeves
toptee,train,toptee_train_05913,B0032Z81OC,B007Q15HD6,is red with stripes,has chevrons and horizontally-striped hem
toptee,train,toptee_train_05914,B0079G1FIE,B0070VYFSA,has longer sleeves and more colours,has longer sleeves with a red flower graphic
toptee,train,toptee_train_05915,B008P520DM,B00889ABCM,is more shiny and has no stripes,Is gold and less casual
toptee,train,toptee_train_05916,B0094G02TU,B008P5NWWU,is white with polka dots,is white with details on the neck
toptee,train,toptee_train_05917,B00FL8040M,B00G5RBE4S,buttons up and is more blousey,is less shiny
toptee,train,toptee_train_05918,B00CBD03DS,B004DHQHPI,The shirt is black with white writing and a blue cartoon., draped shoulder detail
toptee,train,toptee_train_05919,B00CKZ5XIW,B00CKZ5LE8,has shiny blue and logo is clear,Is lighter colored and less blue
toptee,train,toptee_train_05920,B003E33W9G,B002TMUXFE,Has shorter sleeves,Has a graphic
toptee,train,toptee_train_05921,B003BQKAVE,B004XH5HXG,Is blue,is purple colored
toptee,train,toptee_train_05922,B0083WV0EW,B00B5SKM36,is white with shorter sleeves,Is less fitted and shorter sleeves
toptee,train,toptee_train_05923,B00CMM23F4,B00B7J95VI,is more colorful,less fashionable and more everyday
toptee,train,toptee_train_05924,B00CLYW5AQ,B00FBHEBNE,has shoulder straps and a thin belt,has more shiny leather
toptee,train,toptee_train_05925,B001CEVAEI,B0095D1FF2,The shirt is white in color with pink stripes on the arm.,is a dark grey t-shirt with resistance is futile on front
toptee,train,toptee_train_05926,B008BVUL72,B00803K6IK,is a hat,is worn on the head
toptee,train,toptee_train_05927,B00AL1QEH6,B00AL1QEIK,The shirt is tight and dark blue in coloring.,is identical
toptee,train,toptee_train_05928,B0081UBPG4,B003TINZU2,is yellow with a deep neck,has a rounded neckline
toptee,train,toptee_train_05929,B00BKBCJWK,B00DSWXH2K,The tank top has white and black stripes with a red anchor.,is a tank top with a colorful picture
toptee,train,toptee_train_05930,B0050ZS5RU,B009SH4NLS,is darker and has longer sleeves,is wrap-around dress with belt
toptee,train,toptee_train_05931,B002HTUOLC,B0018Z0N6C,The shirt is purple with Elvis.,is a lighter color
toptee,train,toptee_train_05932,B0097XFSQW,B0097XGTM4,Is white and more wordy,is white with black text
toptee,train,toptee_train_05933,B003JBIT5U,B0037KM4AO,is purple,is purple and more revealing
toptee,train,toptee_train_05934,B007Z38ZOS,B009SRMXDI,is blue with ombre,is sleeveless and has lower neckline
toptee,train,toptee_train_05935,B003BRABNU,B00BG638EW,muscle shirt tan,lighter colored and more fitted
toptee,train,toptee_train_05936,B0051GLDKO,B00BGVSVUS,The short sleeve shirt is white with pink and black designs.,has two sleeves and comes in white.
toptee,train,toptee_train_05937,B009VH428O,B001Q52KRE,is white with green designs,has a Christ is the Cure graphic on it
toptee,train,toptee_train_05938,B008BJWF3M,B008BJTBMA,is green with a different graphic, draped
toptee,train,toptee_train_05939,B0079G6E3U,B005919PX8,is blue and shiny,is blue with black design
toptee,train,toptee_train_05940,B00B9EF9CA,B0054Z9GME,is black with white words,is blue with white logo
toptee,train,toptee_train_05941,B0096I6E6Q,B00C3X7NZM,is yellow colored and has sleeves,is yellow and has buttons
toptee,train,toptee_train_05942,B009IHBSPW,B00DB7JDR0,is light blue,is light blue with black logo
toptee,train,toptee_train_05943,B00BWUWRU8,B00CJI4WRS,is red with thin straps,is more pink
toptee,train,toptee_train_05944,B00C2MD9Z2,B00BXT85MC,The shirt is red and blue plaid.,has a flannel pattern in blue and red
toptee,train,toptee_train_05945,B003SLRT4I,B0016LHLV8,is darker,is darker
toptee,train,toptee_train_05946,B00C3XX96E,B00BBU1REQ,is teal colored with shorter sleeves,has teal stripes to it
toptee,train,toptee_train_05947,B00AZ7PNFU,B00AWS1AXG,is lighter,is white and less revealing
toptee,train,toptee_train_05949,B00CJHLBDW,B004RYXGII,has shorter sleeves and less revealing,is leopard print
toptee,train,toptee_train_05950,B008EJX7GS,B007MMNWCM,is black with white words,is white logo and has mustach
toptee,train,toptee_train_05951,B00BSWELJK,B00889Y8NA,does not have stripes,is a black tee with a deep v where it might be a zip up.
toptee,train,toptee_train_05952,B00355FLXI,B00DRIP0BG,has smaller letters,is black with short sleeves
toptee,train,toptee_train_05953,B00115G09S,B004T43FYG,has a blue logo,is darker with blue image
toptee,train,toptee_train_05954,B006QGBPME,B006QGBVF0,is black with no sleeves,is sleeveless and longer
toptee,train,toptee_train_05955,B002U6X7WK,B00B28TDGG,is darker,Is collared and more formal
toptee,train,toptee_train_05956,B00D3RB9Y8,B00CBJL96W,is yellow colored and more loose,is of yellow color
toptee,train,toptee_train_05957,B009IJ7PW0,B004MDZCSG,The tank top is blue and green in color., white & green floral print with shorter sleeves
toptee,train,toptee_train_05958,B006N04PNE,B0092TLHHU,is more transparent,is gray in color
toptee,train,toptee_train_05959,B008NFLQ6Q,B008IGJB0I,The shirt is a white ruffled shirt.,is lighter and has longer sleeves
toptee,train,toptee_train_05960,B00C2JL5KG,B0058QOZDO,is a black v neck t shirt with ble logo,Has a graphic design and is not furry.
toptee,train,toptee_train_05961,B00AML4I3M,B00C7UTEEE,Is more flowing and has shorter sleeves,has a more complex pattern to it
toptee,train,toptee_train_05962,B0083VXYY2,B0083VXYMY,is identical to provided product,is exactly what is shown
toptee,train,toptee_train_05963,B0067DNHH2,B00CWIJLAI,is longer and freer flowing,is a dark shirt with long frills.
toptee,train,toptee_train_05964,B008AEE8TM,B008SDBYVU,is black with gray accents,is similar
toptee,train,toptee_train_05965,B006532F0O,B00DCUKTRY,has even ruffles,has longer sleeves with more lace
toptee,train,toptee_train_05966,B00F0JSHRE,B00E6ZQEHI,is the same,has the heart down one rib
toptee,train,toptee_train_05967,B00E4885YM,B00ENNV2N4,is black colored,has a darker color
toptee,train,toptee_train_05968,B002WEE7K6,B002WIVCT6,The shirt is black in color with a red and white design.,has a smaller
toptee,train,toptee_train_05969,B008H4AV9Q,B0052BBAF6,is darker,is black
toptee,train,toptee_train_05970,B00700YVA8,B009YS22BO,is plain white and tighter sleeves,has vertical stripes
toptee,train,toptee_train_05971,B006SES86K,B008GZTCLY,Is more colorful  and flowing,is darker and has longer sleeves
toptee,train,toptee_train_05972,B00BFUNN4O,B00BIGSTNK,is black colored,black in color
toptee,train,toptee_train_05973,B004FA2M0M,B004CPBQFM,The tube top is an animal print.,is less shiny and more maternity
toptee,train,toptee_train_05974,B00C0Z9GBM,B000FYXS9Q,is black with scoop neck,has a darker color and no graphics
toptee,train,toptee_train_05975,B008SOODFI,B008775U3U,is a black purse,is a purse
toptee,train,toptee_train_05976,B00COPJ8HA,B009AMBS4G,has half sleeves,has sleeves and is gray
toptee,train,toptee_train_05977,B003VDHZDS,B00C7Z5NK8,is a belly shirt,Is more revealing and sexy
toptee,train,toptee_train_05978,B0062JT8YM,B00DEUJSJW,is blue with longer sleeves,has short sleeve and is light blue color
toptee,train,toptee_train_05979,B00B30VLCM,B007UZSTJW,is blue with shorter sleeves and black pinstripe, no sleeved halter
toptee,train,toptee_train_05980,B0039UGS4K,B003NYUDMA,is white colored and is sleeveless,has no buttons or sleeves
toptee,train,toptee_train_05981,B002MRTH4E,B0085BTMXW,is lighter,is dark gray and lime green graphic design
toptee,train,toptee_train_05982,B005TKICS8,B0058ZFK5M,is cream and more patterned,Is gold in color with animal print.
toptee,train,toptee_train_05983,B007IPZSZC,B001WSTAEQ,is black colored tshirt,Is a graphic t-shirt and not a shoe
toptee,train,toptee_train_05984,B00BQJSGOG,B008VFXRVK,is red colored and has sleeves,has backless longer sleeve and pink color
toptee,train,toptee_train_05985,B00AL1QEH6,B00AL1QEY4,The shirt is tight and dark blue in coloring.,is identical
toptee,train,toptee_train_05986,B00BW9N492,B009HG8IUM,is red colored and has sleeves,is lighter and has longer sleeves
toptee,train,toptee_train_05987,B009RA63GO,B00AJ3MS1W,is more geometric and less sexy,Is striped with an angled cut
toptee,train,toptee_train_05988,B00681E59M,B002ACG7TY,has visor and has logo,black atari visor
toptee,train,toptee_train_05989,B00477392I,B004O0TNFU,is beige and has small sleeves,is lighter colored with longer sleeves
toptee,train,toptee_train_05990,B00BMTKWR4,B00BYUROCW,is long sleeves with light purple,is long sleeved and has a banded bottom
toptee,train,toptee_train_05991,B000VTFGRW,B00AECXHU4,Is blue,tie waist
toptee,train,toptee_train_05992,B0024NVJC4,B005BZ2VJM,The long sleeve shirt is blue in color.,is blue long sleeved
toptee,train,toptee_train_05993,B003DBN3UW,B006WARFXC,has no sleeves with different art patterns,is darker and sleeveless with flowers
toptee,train,toptee_train_05994,B0019FG6Q2,B009ZRKJOG,has stripes and is more nautical,is darker
toptee,train,toptee_train_05995,B00AH7J1HE,B008UZITIC,is navy blue with yellow designs,has a different
toptee,train,toptee_train_05997,B00CWCSQTG,B00B0E2VM0,has a patriotic message,is yellow lettering with a flag
toptee,train,toptee_train_05998,B00D8HVYJI,B007QMY4KC,has no sleeves and less white shiny,is white under shirt tank top
toptee,train,toptee_train_05999,B001HOCK88,B004I77B3K,is a loose blue button down top with long sleeves,Is purple in color
toptee,train,toptee_train_06000,B003ZXI1Z0,B008BQ90YC,is darker and has longer sleeves,is darker and has a graphic
toptee,train,toptee_train_06001,B00C75H86K,B0015UM1ZG,is blue with short sleeves,Is moe chic and elegant
toptee,train,toptee_train_06002,B00BF72LP4,B00BF72TWO,Has stripes.,is striped with short sleeves
toptee,train,toptee_train_06003,B007VWPK3M,B007PVX6VM,is yellow and has floral,is mostly gold
toptee,train,toptee_train_06004,B009E316HA,B004GXA8KO,black and white,is a black sleeveless top
toptee,train,toptee_train_06005,B005H2BYMY,B00G3E41V6,is lighter and has a more colorful graphic,has color print and is blue color
toptee,train,toptee_train_06006,B003U6XWJW,B00BNQWJ04,is black and off-shoulder,has sleeveless black and white stripes
toptee,train,toptee_train_06007,B00A4N2VQE,B00DGVXUSE,is a floral printed shirt with flaired bottom,pink and flowery
toptee,train,toptee_train_06008,B008FCATAQ,B003N63U6Y,is more simple and sleek,longer
toptee,train,toptee_train_06009,B008VGMMKG,B008XC9FBM,Is more fitted and plain,is strapless and more tight
toptee,train,toptee_train_06010,B00EIFZ32I,B00ENUC9PW,has long sleaves,Has longer sleeves
toptee,train,toptee_train_06011,B00BOXSTZ0,B00ADX6MUQ,is more stylish,is darker and has longer sleeves
toptee,train,toptee_train_06012,B00CJHMPRI,B0084C85JO,Has more coverage and is not as sexy,cream color long sleeve bow collar flowing
toptee,train,toptee_train_06013,B003BTF0G6,B000A0FF50,is a white sock with black stripes,is white sock and has large black line
toptee,train,toptee_train_06014,B005H3CM7Y,B00AEIKNFA,is more mature,Is lighter colored and more formal
toptee,train,toptee_train_06015,B001RX0FL8,B002MQE8GW,is solid black,is solid black with no logo
toptee,train,toptee_train_06016,B0083T7YRC,B00A2NQZEK,is darker and less revealing,has white topstitching and buttons
toptee,train,toptee_train_06017,B00B7ETV3U,B005EE2QHW, is less revealing,is sleveless and white.
toptee,train,toptee_train_06018,B008PTDG40,B008M7LC8C,has more contrast and is more floral,is darker in color
toptee,train,toptee_train_06019,B0082XNFVI,B008ND6GJK,is lighter with longer sequined sleeves,is long sleeved and rounded neck line
toptee,train,toptee_train_06021,B00BYNW9YC,B00DYO4HZ8,The shirt is gray in color.,is gray with short sleeves
toptee,train,toptee_train_06022,B009LQ0L08,B0017AJEUO,has text 'obama mama' on it,has the words Obama Mama on front
toptee,train,toptee_train_06023,B004H3X4TA,B004BKI688,is brown with green designs,has wider straps and is lighter in color
toptee,train,toptee_train_06024,B001CGKO84,B003QPDW1K,has a round neckline,Desired item is light yellow and has a higher neckline
toptee,train,toptee_train_06025,B00AVXY62E,B00D26MXSG,The shirt is black with black strips.,is white and short sleeves
toptee,train,toptee_train_06026,B008WZCD1E,B007WADBUC,has a long sleeve cheetah pattern,has cheetah print with black trim
