category,split,query_id,candidate,target,caption_1,caption_2
dress,train,dress_train_00000,B003FGW7MK,B008BHCT58,is solid black with no sleeves,is black with straps
dress,train,dress_train_00001,B008MTHLHQ,B00BZ8GPVO,is longer,is lighter and longer
dress,train,dress_train_00003,B003U9VL4W,B00684UYEE,is patterned and has a halter neckline,is black with floral patterns
dress,train,dress_train_00004,B00BLY2L2E,B00EV1B9C2,is black with no sleeves,is longer
dress,train,dress_train_00005,B00B2EAOA4,B000FSDAIG,is a long dress with a combination of black and white,is not clothing and has smiley faces
dress,train,dress_train_00006,B00CIAINUO,B00CTSFYSE,is a long maxi dress,is an a-line print
dress,train,dress_train_00007,B002UUTR4S,B008ULB0PK,is less sexy but more colorful,is lighter
dress,train,dress_train_00008,B009XNOE34,B00C97K8TK,is longer and black wit a fitted waist,is black with straps
dress,train,dress_train_00009,B0045KDJYU,B002GT074M,has long sleeves and stripes,is striped with sleeves
dress,train,dress_train_00010,B007FP4YBO,B00BB7FN6C,is longer and yellow,belted maxi dress in block colors of yellow and green
dress,train,dress_train_00011,B00BR3OXYS,B009N9YUP0,is a back patterned dress,is not as bright in color
dress,train,dress_train_00012,B008BPV244,B00EOSK2DY,has larger stripes  and is shorter,more stripes and short sleeves
dress,train,dress_train_00013,B007E8M69Y,B00DYXGVW6,has short sleeves and is longer and more flowing,has longer sleeves
dress,train,dress_train_00014,B00A8F9ZBW,B00A8FA3RW,is real colored and sleeveless,is blue with straps
dress,train,dress_train_00015,B0060FHQI8,B007CVK41K,is red,is red and white
dress,train,dress_train_00016,B00BJSE54Y,B00G5N3J04,is dark with straps,has straps and a tighter fit
dress,train,dress_train_00018,B005MKBNX6,B00FJDYWAC,Is more plain and less whimsical,is solid brown
dress,train,dress_train_00019,B008VPWWSO,B005F059JM,has no straps and is darker,is silver and strapless
dress,train,dress_train_00020,B005RYO4DS,B004NRNQRU,is shorter and lighter,is tank toped and full bottom
dress,train,dress_train_00021,B006NUDY04,B008UWJHFO,is asymmetrical,the bottom goes to the side
dress,train,dress_train_00023,B00EDTKF9A,B0065RQ4LG,is solid black with buckles,Is black
dress,train,dress_train_00025,B002GYOV1W,B001E8XULI,has thinner straps with beige tone,is beige and less Hawaiian
dress,train,dress_train_00026,B006J42UHW,B00CQ7LKS6,is longer with straps,is longer
dress,train,dress_train_00027,B00BYF3CQE,B00A6FQH92,has a v-neck,has two colors
dress,train,dress_train_00028,B006W6EHDW,B006WJ2LIW, red, red and longer mermaid skirted
dress,train,dress_train_00029,B003UV9XTA,B00BL4U932,Is brighter with a ruffled front.,is more blue
dress,train,dress_train_00030,B008F4DYIS,B00E0WP2Y8,has a larger cleavage and is darker,blue with wider skirt
dress,train,dress_train_00031,B0063R8BIW,B009DMFFLK, with a red belt,is more orange and is shorter
dress,train,dress_train_00032,B00FVTN84U,B008BRM2GY,is shorter and has longer sleeves,covers shoulders more and has a belt and a pattern
dress,train,dress_train_00033,B00A8FA2JG,B00A8FAMPA,Is cream with long sleeves,is white and more casual
dress,train,dress_train_00034,B009NCH63U,B005MGDYAA,is green and with short sleeves,is darker in color
dress,train,dress_train_00035,B00APFEPRY,B00APFED80,is a princess neck line floorlenght blue dress,formal longer two toned sheath
dress,train,dress_train_00036,B008UBRHIE,B0051T2TSQ,is completely black in color,is solid black
dress,train,dress_train_00037,B00BWPV50Q,B00E4NM9LW,has no sleeves and is solid navy blue,has no sleeves
dress,train,dress_train_00038,B008TKM7IQ,B00509LC3U,is strapless,is belted and strapless
dress,train,dress_train_00039,B00ARRFKGA,B00ECWW762, with spaghetti straps,More red and shorter
dress,train,dress_train_00040,B004IK9BDA,B006ZQW628, sleeveless,has bright pink and black patterns
dress,train,dress_train_00041,B00CG60MOK,B009KP6QZO,is teal and sleeveless,has a v-neck and is lighter colored
dress,train,dress_train_00042,B00CF1VSU8,B00CF1X8C4, with long sleeves,It is more white and has a strap
dress,train,dress_train_00044,B00FO6Y4CU,B00DTPXNNE,v neck black and blue short dress, is pale pink and much shorter
dress,train,dress_train_00045,B0062FMQOU,B0097L5W9M,Has a plainer Pattern,has purple flowers and has straps
dress,train,dress_train_00046,B00C97HZWI,B00CKL8YRS,is green with small dots,is lwaisted and green
dress,train,dress_train_00047,B008I2VXU8,B007N00P1O,Is blue with a keyhole cut out.,is sleeveless
dress,train,dress_train_00048,B003TJA806,B008E6IBEY,is two toned and less colorful,is a two-piece with sleeved top
dress,train,dress_train_00049,B00684UKK2,B00684V5LK,is the same dress but white,whiter and opposite
dress,train,dress_train_00051,B009K7G69I,B00B19GNCS,is a tighter fitting dress,is shorter
dress,train,dress_train_00052,B00926L00C,B008G5VVDQ,is more colorful and more floral,is darker in color
dress,train,dress_train_00053,B0072CLC0Q,B008AIKAYU,has both shoulders covered and is black.,is v necked and black
dress,train,dress_train_00054,B008DGZ1IY,B009DIG5X6,has shorter sleeves with a different pattern,more revealing and shorter sleevs
dress,train,dress_train_00055,B0052IGSS8,B005MKBQBK,is short sleeved and solid black,has belts
dress,train,dress_train_00056,B005SN1F5I,B00B67DET0,is just two solid colors,is brown and white
dress,train,dress_train_00057,B006ACAY0I,B008A4OT2S,is a black dress,is black and long-sleeve
dress,train,dress_train_00058,B002YQ3MAS,B008MZSKS4,covers the sholders and is darker,is solid black and longer
dress,train,dress_train_00059,B00AFPZBUY,B00AFOMFT0, solid color,is longer and solid yellow
dress,train,dress_train_00060,B00BYN092Q,B00A8FANIQ,has an animal print,is brown with animal print
dress,train,dress_train_00061,B003IHVHOK,B005OORJ8I,has a medium sleeves with a light in color.,the dress is grey and shorter
dress,train,dress_train_00062,B008GQ3M1E,B0072BD06Q,Is more fitted and red,Is more fitting with capped sleeves.
dress,train,dress_train_00063,B00FFW0TRW,B00DW7SGFY,has a halter top and is lighter,is pink without sleeves
dress,train,dress_train_00064,B008BHS3UI,B00B0QDSXY, with a deeper pink color,is more flowy and lighter
dress,train,dress_train_00065,B0073ETM28,B005EYSZZO,is shorter with a pink tie dye print,is shorter and red and white
dress,train,dress_train_00066,B005LC23ES,B00307RLL6,is red and shorter,is red colored with no pattern
dress,train,dress_train_00067,B0067HLGGC,B00ALGU3FK, has no straps and is shorter,is black with colored pattern
dress,train,dress_train_00068,B00CMGP6PY,B00CNGCRPA,Is lonf and torquose,is blue with straps
dress,train,dress_train_00069,B0062R1L8A,B004QVWTMQ,darker blue and shorter sleeved,is dark blue with shorter sleeves
dress,train,dress_train_00070,B008KSA964,B007CPTQ1A,is more colorful and has no sleeves,is sleeveless with a vneck and brightly colored
dress,train,dress_train_00071,B006WQW6K8,B004ZY0CBY,has a smaller floral design and short sleeves,has longer sleeves
dress,train,dress_train_00072,B00715FT9O,B00B67AO2A,is black and more parochial,is black with longer sleeves
dress,train,dress_train_00073,B00CO6KO0E,B0065L240C,is more solid and shorter,is all black with sheer sleeves
dress,train,dress_train_00074,B00CPKGWDW,B00BEDIQVM,is shiny blue and less revealing,is shiny and darker
dress,train,dress_train_00075,B007RGMHA6,B00824GB22,is an off shoulder blue top,is shorter and off the shoulder
dress,train,dress_train_00076,B00CUDWJJU,B00CUD9RQI,is lighter and has shorter sleeves,has no sleeves and and green color
dress,train,dress_train_00077,B006BBKVPG,B009VYW3Y2, is printed and is pink,is a geometric print
dress,train,dress_train_00078,B00AKOUZPQ,B00C40W020,is solid black with longer sleeves,Is longer
dress,train,dress_train_00079,B008BRM2G4,B00712KNGG,black u shaped neck dress with long sleeves. Black in color,is solid black
dress,train,dress_train_00080,B006LFF850,B006ZQX8RK,is dark red and shinier.,shinier and red
dress,train,dress_train_00082,B0053W3ZCK,B0060FHQI8,uneven designed light green and black dress,is shorter and has a brighter color pattern
dress,train,dress_train_00083,B004YKSCX4,B004YN2KW0,Is more whimsical and pink,has thick straps
dress,train,dress_train_00084,B0070P0ZLM,B00A1HXBNK,has shorter sleeves and no bust embroidery,is plain and shorter sleeves
dress,train,dress_train_00085,B00DZYKQK2,B00EDTG2PQ,is less revealing,has a V neck and a belt
dress,train,dress_train_00086,B0074PSMUY,B006WQXWE2,is a black and white dress with straps,is paisley
dress,train,dress_train_00087,B009ANVHJG,B006MOS4DS,is black and white tight short dress,is black and white
dress,train,dress_train_00089,B008M4QLLI,B008VIRAB0,is more high-waisted and has a bow,round neck
dress,train,dress_train_00090,B00CTT44KW,B00CTT50XC,is shorter with short sleeves and box design,is white and black and shorter
dress,train,dress_train_00092,B007Y3CO3C,B008RJZVHS,is shorter, longer and striped
dress,train,dress_train_00093,B0066CUYHK,B0067LQ6M2,is a patterned dress,is more flowy and flirty
dress,train,dress_train_00094,B006MOS5IM,B005V3N4E0,is black with long sleeves,has more lace and looser skirt
dress,train,dress_train_00095,B0091R7GBE,B00741MD2Q,is white and has no sleeves,is cream and has tank top sleeves
dress,train,dress_train_00096,B0030MI3AE,B0030MIDIQ,is white and blue,has a higher neckline and no pattern
dress,train,dress_train_00097,B005XIDI4E,B0044BBN52,half sleeves short black dress,black
dress,train,dress_train_00098,B00H3QRPPW,B005X0RK96,is shorter with white stripes,has black and white stripes
dress,train,dress_train_00099,B00A0S760O,B00CZBUOGC,Is more animated and colorful,is darker with short sleeves
dress,train,dress_train_00100,B003MQPIUQ,B003OPYYEG,purple dress with black belt,is shorter floral patterned and has a belt
dress,train,dress_train_00102,B00AVWKDTK,B005H1Z6CE,Is longer and more formal,is a little longer on the bottom.
dress,train,dress_train_00103,B007B8692M,B0078LJ5JQ,is more transparent,is solid royal blue
dress,train,dress_train_00104,B004J9CI6M,B00BY3FON0, and white and grey argyle pattern in the middle, looser sleeves
dress,train,dress_train_00105,B007WA13PC,B008IGU56C,is white, halter neck
dress,train,dress_train_00106,B00AX35G4O,B00BD03JWM,Has a solid fabric with silver studs,sexy and shapes to the body
dress,train,dress_train_00107,B004OHD7VY,B00FS7K0HI,has plain pattern,is red with no frills
dress,train,dress_train_00108,B00CZ589VA,B00D860T5O, grey,is long and white
dress,train,dress_train_00109,B00CPYIJH0,B006W6PZVK,is shorter with purple and black designs,is black with colorful pattern
dress,train,dress_train_00110,B00DGPG0SC,B006VVMRQW,is blue,is black and more professional
dress,train,dress_train_00111,B00CLZZYQM,B00BRBEBE2,is longer and has floral design,has colorful floral print with no straps
dress,train,dress_train_00112,B00B9R6GOC,B00ELNWU5K,sleeveless,has no sleeves and multiple stripes
dress,train,dress_train_00113,B0051SQLA4,B00DUFXFWW,is simpler cut with colorful embroidery,Browner with shorter sleeves
dress,train,dress_train_00114,B0096MXXC0,B005UEVJ06,Has a dark top and lighter bottom.,has more color patterns
dress,train,dress_train_00115,B008EMCCFC,B001ASBT0Q,is sleeveless with zipper in center.,has a zipper front
dress,train,dress_train_00116,B005BWQMHW,B008NC8A68,is pink and has longer sleeves,is pink with sleeves and belted
dress,train,dress_train_00117,B00BLZGHTQ,B0098BV4P2,Is black and sexy dress,is green colored and no sleeves
dress,train,dress_train_00118,B0084JU6JE,B00A9SQCQ4,sleeveless and has a flared skirt,is girly and sporty
dress,train,dress_train_00120,B00D3YFSRA,B00C59LZZS,is long sleeved,is more dark and less red
dress,train,dress_train_00121,B003JH7YAK,B00604Z1UY,is sexier and checked red and white,is red and white and more fitted
dress,train,dress_train_00122,B00C3ZAXR0,B00A0JHI5Q,is dark in color with short sleeves, tighter black
dress,train,dress_train_00123,B004ZIGJDU,B00BG8XYR6,is shorter with a fitted waist,Is shorter and more ruched
dress,train,dress_train_00125,B00E3GFPFW,B0094GAVJ6,is black and shorter,is black and tan
dress,train,dress_train_00126,B00CHS4EMS,B00CHS13P4,is darker,is darker in color
dress,train,dress_train_00127,B004X5B6J2,B00196XK4W, orange print with scoop neck,black and white stripes and strappy
dress,train,dress_train_00128,B006J3YAD0,B008OZTH1G,is lighter and longer,Has larger stripes
dress,train,dress_train_00129,B007ECF8U4,B002VLHM4S,has buttoned front and looser fit,is blue and more open
dress,train,dress_train_00130,B0073114DG,B00A3Q8G8Y,Is less revealing and more basic,is tighter
dress,train,dress_train_00131,B003HP6DLK,B00CEIULHS,Is longer and more dressy.,Longer and more blue
dress,train,dress_train_00132,B00E3U0VK2,B003AU5JNA,is white and have shorter sleeves,white ruffled v-neck sleeveless shirtwaisted dress
dress,train,dress_train_00133,B008BA7THS,B00DQ5R8S8,is white with red rose pattern,has a lot looser fitting dress in floral white print.
dress,train,dress_train_00134,B003TLODL4,B009ERVM1G,has shorter sleeves with light grey color,is one-tone and short sleeved
dress,train,dress_train_00135,B003XSWAKE,B003XT0FKA,is a lighter color with less pattern,A solid blue dress
dress,train,dress_train_00136,B0080EMFGU,B008J17TZQ,is sequined short dress with short sleeves,is shorter and metallic in color with sleeves
dress,train,dress_train_00137,B0084DKHUI,B008OC8LAC,is shorter and belted,is in solid red.
dress,train,dress_train_00138,B00EIK88G6,B006586QIG,has no sleeves and more shiner,Is sexier and shinier
dress,train,dress_train_00139,B00BR3OXYS,B005DC39J4,has cold shouldersand is animal print,has longer sleeves
dress,train,dress_train_00140,B00DDHBOYI,B00ED7W9GO,is a black maxi dress,is black and more elegant
dress,train,dress_train_00142,B00CW9N89M,B00CS1DE16,is blue mid length fitted dress with short laced sleeves,is plain blue
dress,train,dress_train_00143,B00BM7E6AU,B00D8DW8CY,is shorter with a brown belt,has a shorter skirt and sleeves
dress,train,dress_train_00145,B00AEB94S4,B00CXXU0BQ,is whiter and has a waist band, darker blue and has straps
dress,train,dress_train_00146,B007PKEC6Q,B007KSGUDQ,is shorter and darker,is more white
dress,train,dress_train_00147,B008CPTBIC,B003DKXLBO,is v necked with solid black print,is in solid black
dress,train,dress_train_00148,B00BWYRQOQ,B008ZAYKPS,its dark blue in color,is blue with thinner sleeves
dress,train,dress_train_00149,B004FLJJ8O,B008PAJYPY,is longer with floral pattern,Is shorter and tighter fit in purple
dress,train,dress_train_00150,B00C11OI1S,B00DWGK5UY,is black and white with a black belt,is darker in color and more flowy
dress,train,dress_train_00151,B00BUJEBB4,B00CG06R0Y,is less revealing and consistent with one color,Is more revealing
dress,train,dress_train_00152,B009LIK4XA,B0070QMTYW,royal blue collared short dress,is a blue shirt dress and is shorter and casual
dress,train,dress_train_00154,B00CX4237O,B00CXAPHHG,More vibrant and not ruffled,is red and green and has less frills
dress,train,dress_train_00155,B008IEF7NK,B0080E5N0K,is more of white than black and a round neck,has no sleeves and black and white color
dress,train,dress_train_00156,B002P6IOHI,B008IE0V9U,has shorter sleeves and solid color,has shorter with no sleeves and more burgundy
dress,train,dress_train_00157,B006LFT3RY,B00AYXA7TM,is a floral print dress,is lighter orange and longer sleeves with belt
dress,train,dress_train_00158,B009RVDEMO,B005M0ICIK,Is a bit shorter and more  fitted,has a slightly higher neckline
dress,train,dress_train_00159,B003RRWD62,B005EVNJ1C,is printed and short sleeved,Is more sexy and colorful
dress,train,dress_train_00160,B008XOBYGE,B006WRXVY2,has a stripy pattern,has yellow and purple stripes
dress,train,dress_train_00161,B00B0QC772,B00BXXLJTY,is pink with shorter sleeves,is pink with short sleeves
dress,train,dress_train_00163,B007TWJFNU,B0086SFRHO,has no collar and is solid grey,is one color
dress,train,dress_train_00166,B0058YS7FI,B008L1P582,is black with a u neck shape and short sleeves,is black with a higher neckline
dress,train,dress_train_00167,B00GO987SS,B008RBA9BO,is louder and shorter,has more graphics
dress,train,dress_train_00168,B00APFEPRY,B00C19J7GG,is solid red and slimmer,is less open and flowing
dress,train,dress_train_00169,B00EIQLXTE,B00EIQK9WQ,has horizontal stipes and more colours,is short sleeves and stripped with different colors
dress,train,dress_train_00170,B004MGVBPG,B004NGNG44,is longer with straps and bow belt, long sleeved
dress,train,dress_train_00171,B006W1TYE4,B00AXU14BQ,is shorter and is blue,is blue and is shorter
dress,train,dress_train_00172,B007GAFWB4,B007RB7C6A,is white and black,is lighter on the top
dress,train,dress_train_00173,B009DI5V2C,B007WATNFE, with an american flag in the middle frame, has a graphic
dress,train,dress_train_00175,B00ATLH0HQ,B008DCP99Y,Is black with long sleeves.,is more black and has less pattern
dress,train,dress_train_00176,B005UXSVVM,B005W3E2PE,is shorter and purple,magenta with thicker straps
dress,train,dress_train_00177,B007520NXU,B00ALTB0PY,is written Jones New York,na
dress,train,dress_train_00178,B00BSWF93W,B00A13BI2U,is shorter with flared sleeves,is darker and shorter
dress,train,dress_train_00179,B0097IWXM4,B0091QS2YU,is longer and solid white like gown,is longer
dress,train,dress_train_00180,B008D9AMUI,B006PHEWE2,has a belt and a lower neck line,is more darker
dress,train,dress_train_00181,B005915366,B007I6BXOG,is green with no sleeves,is sleeveless in blue.
dress,train,dress_train_00182,B004USQGFQ,B009PPPO4I,is a little longer with a high-low hem,is black and magenta
dress,train,dress_train_00183,B006QII0FC,B007CTM8S4,is black and longer, belt and short sleeves.
dress,train,dress_train_00184,B00BIPLLKE,B00CLF477O,is shorter and stripped,is striped in a different design with sleeves.
dress,train,dress_train_00185,B007XXL5RO,B00B7RRF1M,is tye dyed and shorter,is sleeveless with a different pattern
dress,train,dress_train_00187,B007IS2ALE,B005KLV20Q,is purple with short sleeves,is purple with short sleeves
dress,train,dress_train_00188,B002KHN8A0,B002PJ5EOQ,is tighter fitting with floral print,is red with floral pattern
dress,train,dress_train_00189,B006W1VGOU,B006WJC8K8,is shorter,is striped and a bit shorter
dress,train,dress_train_00190,B009LUJQ7S,B009MP8HVS,Is more elegant,has three quarter length sleeves and is fully patterned
dress,train,dress_train_00191,B007XD6H9A,B00858S4M0,Is more revealing and whimsical,is animal print with longer sleeves
dress,train,dress_train_00192,B007XDE70G,B009AO2FS2,is longer and less revealing,is longer and less revealing
dress,train,dress_train_00193,B0037Z7LOI,B00632P0MC,has a tighter fit and is sequence,is shorter and shinier
dress,train,dress_train_00194,B00CDZCIDC,B00E1QB62A,is bright green with a brown belt,is green
dress,train,dress_train_00195,B00ATYH2DA,B00AQTODZ8,has thicker sleeves and solid black,Is black and more flowing
dress,train,dress_train_00196,B00BOEM842,B00BOEMFMC,is more blue,too loud
dress,train,dress_train_00197,B007T0JD98,B0077V74J0,has lots of pink ruffles,is pink and more frilly
dress,train,dress_train_00199,B00DQ51R2G,B00B1OSUM4,Is a darker,is black and more revealing
dress,train,dress_train_00200,B007WAEN86,B00902B6BQ,is black and has a u shaped neck,is less red and more black
dress,train,dress_train_00201,B00BUZHBGA,B00BRUTG66,is no shoulder and has belt,is strapless with a belt and more red in colour
dress,train,dress_train_00202,B00EPLZNXY,B00DH06XU6,is floor long and printed black and white,is printed and looser
dress,train,dress_train_00203,B005SN1PVC,B007V1QDNO,has blue yellow abstract print and is shorter,is more colorful
dress,train,dress_train_00204,B007GB209U,B008SCGZVK,its longer and more colorful print,has colorful stripes
dress,train,dress_train_00205,B0052C9JUI,B0052C9J3U,Is a strapless geometric pattern dress.,has more blue and more designs
dress,train,dress_train_00206,B00AX35G4O,B00EDQ5962,has thinner straps and is lighter,Is lighter in color and more modest
dress,train,dress_train_00207,B00CGTC9DY,B00B8QNLA6,Is belted,is short sleeves and bold green printed
dress,train,dress_train_00208,B007RM3HMW,B003DZ0ZQ8, blue,is pink and white
dress,train,dress_train_00209,B0088MVHJ0,B007TFM2YQ,is more blue and revealing,is blue and more revealing
dress,train,dress_train_00210,B00DSDMNCE,B00CQ9EN10,if more flowing,more flowing and dark
dress,train,dress_train_00211,B007FP4YBO,B005UXBYNE,is a two color dress with less sleeves,is two-toned and tighter
dress,train,dress_train_00212,B00F9YP0U2,B0041FILI8,is off one shoulder,is red with one strap
dress,train,dress_train_00213,B008CQJ9D8,B0051931YC,has more sequence and is darker,is more pink and less revealing
dress,train,dress_train_00214,B00B0Q6VC4,B008595Q9I,is fuchsia pink colored,is a solid magenta color
dress,train,dress_train_00215,B003YDYR5E,B002ZG8RUW,has only one color with a furrier bottom,has no sleeves
dress,train,dress_train_00216,B0069TCQ3A,B004OBZ9PC,Is black solid color.,is black with shorter sleeves
dress,train,dress_train_00217,B008NG1LH4,B00E1UZ63Q,Longer and no stripes,has long sleeves
dress,train,dress_train_00218,B0054GX868,B00DBJZAFC,is blue in color tight skirt and slim fit,has side slits and is blue
dress,train,dress_train_00219,B00A36NLFW,B00A36MTLE,is longer,has shorter sleeves and no neck trim
dress,train,dress_train_00220,B005GYGK4A,B008PCHXYG,has short sleeves and is brown and black,has a tan short sleeved top
dress,train,dress_train_00221,B0094N8PX8,B0097JHMOW,is a pale purple with spaghetti straps,is a more clean white without arms.
dress,train,dress_train_00222,B00BM9KPSK,B00A16FGUW,is more casual with tank top,has stripes and is black and white
dress,train,dress_train_00223,B0042ET3NK,B001VEHYLW,is lighter,has straps instead of sleeves and is a brighter pattern
dress,train,dress_train_00224,B003WE9T8U,B006NV6CVG,Is a short white cold shoulder dress with a belt.,Light & Dark color
dress,train,dress_train_00225,B00D68E1Y4,B00CI42NVA,is off white with black sports and brown belt,is less revealing and yellow
dress,train,dress_train_00226,B006O3EH7Y,B008S4CQCU,is dark blue long with a long slit and a single left sleeve,has one sleeve and is blue
dress,train,dress_train_00228,B006ZJ76NE,B00C40YH8U, has no sleeves,doesn't have sleeves
dress,train,dress_train_00229,B00CIETF8O,B00CEIVAT6,is more casual with sleeves and lighter colored,deep v
dress,train,dress_train_00230,B00B7DOKTQ,B004RNZKGU,is shorter and has floral print,is more floral
dress,train,dress_train_00231,B008PHPA3C,B008GZTEMQ,is lighter with an animal print,has straps instead of sleeves and has a brighter pattern
dress,train,dress_train_00232,B0085J4K4U,B0094D087E,is shorter and shinier,has pockets and is above the knee
dress,train,dress_train_00233,B009P84EDM,B009ZRKV6W,short multi colored dress,hits above the knee and is striped.
dress,train,dress_train_00234,B006IN83FW,B0085JGW3C,patterned and has a higher neckline,has white
dress,train,dress_train_00235,B007R1PZVE,B0082ABFEA,has no sleeves and two strips at te bottom,has a pink strip along the bottom without sleeves.
dress,train,dress_train_00236,B00A3Q8G8Y,B0073AFLI6,is brighter in color,has more fabric
dress,train,dress_train_00237,B007VCCKPS,B0099NV9N6,Is darker and more patterned,Is more fitted and fun
dress,train,dress_train_00238,B00EC135HS,B00A3UTD5U,black dress with collars and buttons,is 3/4 sleeves and solid black
dress,train,dress_train_00239,B00BR6QL7W,B0089E64S6,the provided productut looks more expensive than the desired,has a higher
dress,train,dress_train_00240,B008HRM9WU,B00FFBEY88,peplum white dress with skirt and top,is solid white
dress,train,dress_train_00241,B00E99QK66,B00E1MCUY2,is lighter and has shorter sleeves,is lighter and has shorter sleeves
dress,train,dress_train_00242,B007K4XTKC,B005G0482K,has longer sleeves and darker colors,is sea through
dress,train,dress_train_00243,B006W4WKHE,B007WPHBGW,is a half strap,is more blue with an animal print
dress,train,dress_train_00244,B00DYB1Q28,B00DNKC944,is a bit more colorful,All pink and puple outlines of designs
dress,train,dress_train_00245,B0053ELL4W,B003NSXZ94,more simple in solid yellow,is more promy and is yellow
dress,train,dress_train_00246,B0098QGAWE,B008BMQ50S,has longer sleeves and orange colored,has longer sleeves
dress,train,dress_train_00247,B008S4CQCU,B00D7FL946,is sleeveless and has a pattern,Has 2 shoulders and has a pattern
dress,train,dress_train_00248,B00ADIDHBI,B00AUQFOTQ,is white with stripes,has more lace and has straps
dress,train,dress_train_00249,B002UWIYTU,B00AXDA3T2,Is maroon and has straps., strapless top
dress,train,dress_train_00250,B00CC24T24,B00ECG1RDC,is form fitted with no sleeves,has sleeves and lighter colors
dress,train,dress_train_00251,B00D7OS16G,B00A7B7BH2,is more flared and has higher neckline,has a darker top
dress,train,dress_train_00252,B0070QMTYW,B0058YS7FI,has longer sleeves and is looser,identical
dress,train,dress_train_00253,B009DMP114,B007C2AW1G,is black and white,is longer and white instead of black
dress,train,dress_train_00254,B0067M3LGA,B0087CI62W,is dark red,longer
dress,train,dress_train_00256,B009NCHCAM,B009WJ0MZI,is shorter and lighter,is more solid colored
dress,train,dress_train_00257,B008PCI13I,B007WAF0YW,is longer with solid stripes and pockets,has stripes
dress,train,dress_train_00258,B00CY942GS,B00F4MYSLG,has darker colors,has a red top and grey bottom with sleeves added to it.
dress,train,dress_train_00259,B0073VE2X0,B0044WVG1C,is darker in color with short sleeves,is shiny and shorter with short sleeves
dress,train,dress_train_00260,B00G0G376M,B00FKEHK6S,is blue and has a higher neckline,is blue and less revealing
dress,train,dress_train_00261,B00C931A8C,B00DJZLXFE,is a light blue fitted dress,is more professional
dress,train,dress_train_00262,B00CTT50XC,B00CDAL83I,has longer sleeves,has longer sleeves
dress,train,dress_train_00263,B005TNPR9M,B005LJDHVY,is gray and black with thicker straps,is black abd gret
dress,train,dress_train_00265,B004I6CSA2,B00A77JXQS,has longer sleeves,has sleeves
dress,train,dress_train_00266,B007H9KZKM,B004A7XK9M,is a grey skirt with white cross designs on it,shows less skin and is more monochromatic
dress,train,dress_train_00267,B000PIGECA,B003HE66SG,is less glamorous looking,has longer sleeves and is white colored
dress,train,dress_train_00268,B00CTKMK4S,B00D8WMJME,has shorter sleeves with prints,has a printed image of a building
dress,train,dress_train_00269,B009AAR4GE,B00CDCD4GK,is darker green and longer sleeves,More pleated and green
dress,train,dress_train_00270,B00CKXPMQ2,B00AFXXH8O,is looser,flowing and cute
dress,train,dress_train_00271,B00CP1DJFA,B00CHMVBNO,is black and flows,is black and formal.
dress,train,dress_train_00272,B0091QVUHQ,B00B2JHHBS,is name Jones New York,na
dress,train,dress_train_00273,B00937VQIQ,B00BJEP6OQ,is a striped jacket,is pants and a jacket
dress,train,dress_train_00274,B00GX9SPR2,B00A76ZL3S,more revealing and v shaped at the cleavage.,the dress has many colors and more revealing
dress,train,dress_train_00276,B00CJTAM30,B00GOITRZG,is short and classy,is hatched red and black and shorter with a jacket like top.
dress,train,dress_train_00277,B007IXDC7U,B008J7I8LY,Has more coverage and is more colorful,has a unique art pattern and is darker
dress,train,dress_train_00278,B0031M9YRO,B00378KQO2,has camo pattern,is blue with stripes
dress,train,dress_train_00280,B0054O6H4A,B00763VYJU, white in color,it is white and red and less revealing
dress,train,dress_train_00281,B0054R7P3Y,B008LVG8GU,is green and smaller in size,A vibrant green is a more textured fabric
dress,train,dress_train_00282,B00EIQD91E,B007NLX0ZQ,is strapless,is more red and less sleeved
dress,train,dress_train_00283,B0077LFHMG,B00CBUSHU2,is white with black accents,has long sleeves and is blue patterned
dress,train,dress_train_00284,B00833D6NO,B00CZ6G6GE,is purple and sleevless,a fuchsia ruffled plunge neckline with high low skirt
dress,train,dress_train_00285,B00857SK2K,B005W2G4HY,sleeveless and solid yellow,is yellow with a halter top
dress,train,dress_train_00286,B007N6ZN5G,B007N6ZJNM,is less revealing,has more color and sleeves
dress,train,dress_train_00287,B00D65PZPQ,B00845RYZW,is more revealing and stripped, and has shorter sleeves
dress,train,dress_train_00289,B00BAY3QCE,B009WU0Y4G,has more lace and is more provocative,is black
dress,train,dress_train_00290,B003XZWE3A,B00AW1R16I,is darker and has longer sleeves,is black and short
dress,train,dress_train_00291,B008R527JW,B008FEOHC0,Is solid and darker with long sleeves.,is darker and has longer sleeves
dress,train,dress_train_00292,B008OVOV8Y,B007WAD292,is brown shaded,is long sleeved and a lined
dress,train,dress_train_00294,B009UZSZBW,B005X0AUFM,is darker,is black
dress,train,dress_train_00295,B002CJFNEK,B005XEN2PS,has a one shoulder sleeve,Is lighter in color and has a different neckline
dress,train,dress_train_00296,B00DR7EKRW,B00DR7EKPY,is identical,is a bit more flowing
dress,train,dress_train_00297,B003U6XVXE,B007R9TF1M,Is longer in solid dark color,is black with longer sleeves
dress,train,dress_train_00298,B0072IKV9S,B004P2KWHA, and red pattern,is brown with short sleeves
dress,train,dress_train_00300,B0035WTC5E,B0033PRQ7E,Has a flared skirt and solid straps.,has more colors and longer
dress,train,dress_train_00301,B004JU2BAY,B004JXVVCK,is flowery and brightly colored,is longer with purple and white pattern
dress,train,dress_train_00303,B008ZSN7M2,B00BU4TLH8,has a tube top and has more ruffles,Is shorter and sexier
dress,train,dress_train_00305,B0083JA40Q,B006G2AJFM,dark long sleeve dress with cow neck collar,Is more casual  with  longer sleeves
dress,train,dress_train_00306,B000Y3M52Y,B00DYB1Q28,is less revealing with a floral pattern,has longer sleeves and pattern
dress,train,dress_train_00307,B0095FP38K,B00EEJU2TC,is white with closed neck,is almost all white with little black lace
dress,train,dress_train_00308,B008EMCCFC,B005M0RI6C,Is tighter with a cold shoulder., excluding the shoulders.
dress,train,dress_train_00309,B007UM53BM,B007UM4YM6,is longer with a v neck,has two straps and is shorter
dress,train,dress_train_00310,B004ZIGJDU,B0089FSQKE,is shorter and lighter,The desired product is shorter in length than the provided product.
dress,train,dress_train_00311,B000E6IEHQ,B006X53KX0,is more modest with a turtle neck,has long sleeves and pants
dress,train,dress_train_00312,B005UXSVVM,B004HEXH0U,is shorter and lighter,is shorter
dress,train,dress_train_00313,B009ANVFZW,B008LXSKBO,has transparent net sleeves,Has longer sleeves and sexier
dress,train,dress_train_00314,B00C4OMRUQ,B008BA7THS,is shinier  with spaghetti straps,is red with short straps
dress,train,dress_train_00315,B007V0B37G,B005X4PFE4,the blue color and less shiny and bold,is lighter and shinier
dress,train,dress_train_00316,B007FP788K,B0073NCTZ6,the black dress is more fashionable and mature,black and shorter
dress,train,dress_train_00318,B0035LDH7O,B0076FD3EC,Is shorter with lighter fabric.,the dress is silver and more revealing
dress,train,dress_train_00319,B001DOKB60,B00DCCA21A,is white with a blue print on bottom,has no sleeves and is white colored
dress,train,dress_train_00320,B00A88GD64,B008FXGEQS,Is all red with a fitted jacket,is in solid red with a tied jacket top.
dress,train,dress_train_00321,B00CMTD5GS,B008BHHY0I,is darker and has longer sleeves,is black and short
dress,train,dress_train_00322,B00C70IBXO,B008U8XM4K,is solid black,is solid black in color
dress,train,dress_train_00323,B0046QFKWW,B006V3F852,is v shaped neck and orange with no sleeves,A longer dress with white belt
dress,train,dress_train_00324,B0058TYWEI,B0057TE532,Sexier and not long-sleeve,More monochromatic and longer
dress,train,dress_train_00325,B0082GUBW6,B009B9U78Q,has a very cute image design,has a panda design
dress,train,dress_train_00326,B00E1CC7G8,B00BWRLUZY,is longer and more formal,is longer and black with white trim at neck
dress,train,dress_train_00327,B00CI42NVA,B00FAPOFYW,is more fitted and has a colorful pattern,is much longer and darker in color
dress,train,dress_train_00329,B004UOVT0W,B00DOS8566,is shorter and tighter,is lighter and has shorter sleeves
dress,train,dress_train_00330,B008FVESQS,B008VEPH1Y,has longer sleeves and polka dots,has sleeves and is a white and black color.
dress,train,dress_train_00331,B00D8RZKTS,B00D8RZKO8,is a green color,is kiwi green and shimmery
dress,train,dress_train_00332,B007G10BPA,B00B9B8CJU,is long and purple,is longer and more elegant
dress,train,dress_train_00333,B00APE0XGM,B00D61YDJO,is more gold and revealing,is gold with straps
dress,train,dress_train_00334,B0065RQ4LG,B007V7PMWG,sandal with flat heels,is a sandal and lighter in color
dress,train,dress_train_00335,B009JY640I,B005C8X764,is longer,is longer and black and white
dress,train,dress_train_00336,B00B1JXZ7O,B00C24N8ZQ,is long and black,is black and longer
dress,train,dress_train_00337,B005ZNFK5C,B0093ANHDU,Is black with feathers.,strapless
dress,train,dress_train_00338,B008VUZF92,B00AKO82FQ,is solid black,is a skirt
dress,train,dress_train_00339,B008CE9DWW,B0053X5B94,fitted and red print,has a belt and is shorter
dress,train,dress_train_00340,B00BP3I0E4,B00BMOURII,is blue and long with sleeves,is elegant and long sleeved and longer in length
dress,train,dress_train_00341,B00D178UAG,B00B30IRCY,less bold and too long, one strapped
dress,train,dress_train_00342,B003IHVHOK,B005OHAQNU,Is a short black stripe cold shoulder,has one shoulder design and is shorter
dress,train,dress_train_00343,B00EIK88G6,B00D4FTIUQ,is shorter with royal blue tone,is more flowing and blue
dress,train,dress_train_00344,B00FCEF00O,B00GNLSVVK,is black with a bohemian pattern. It has half sleeves, darker and has longer sleeves
dress,train,dress_train_00345,B0007WFGWS,B005SN7E8A,is beige very loos and one free shoulder,is darker and warmer
dress,train,dress_train_00346,B00925CXK4,B00E0NUBS4,is darker with long sleeves,is black and long sleeved
dress,train,dress_train_00347,B007WA48E0,B005WNIKJI,is black short dress,is much shorter
dress,train,dress_train_00348,B00CIBOMZ8,B008O4ZWWA,is a yellow shirt style dress with a brown belt,belted
dress,train,dress_train_00349,B006KD9N6S,B003IF6IDW,is shorter and light pink,It is more pink and sorter
dress,train,dress_train_00350,B00FIZYWDS,B00C0RKZQK,has a brighter shade of color,is lighter
dress,train,dress_train_00351,B00DDVV6HY,B00CI89BUW,a sleeveless v neck solid black,has thicker straps and is black
dress,train,dress_train_00352,B007FG0WI2,B003XRN2TI,has a more revealing neckline,is lighter blue and more revealing
dress,train,dress_train_00353,B008VEPHW8,B000LLOF6I,is red with rhinestones,is read and longer
dress,train,dress_train_00354,B00CIQNITY,B00CI34V1Q,is light colored and tiny floral prints,has lighter colored Floral.
dress,train,dress_train_00355,B008BHS3UI,B0094GCIG0,is short mini and sexy lady black,all black and tighter skirt
dress,train,dress_train_00356,B0072IKU30,B00F4N07O2,has long transparent sleeves,is more lacey and tighter
dress,train,dress_train_00357,B00FJDYWAC,B00E0CYF9G,has black and white stripes and is longer,striped pattern and longer
dress,train,dress_train_00358,B007WATBHO,B008P45VFC,is longer and coral,is darker and longer
dress,train,dress_train_00360,B007U1GIAS,B008OPLI4U,is less tight with sort sleeves,has longer sleeves and a higher neckline.
dress,train,dress_train_00361,B0028RYM7A,B006ON4KIK,is black and longer sleeves,has a Chinese art design
dress,train,dress_train_00362,B009BJ5V1Y,B004MGVBPG,is black and is longer,Is blalck and longer
dress,train,dress_train_00363,B0088B32OO,B00B7DZNG0,is shorter and have longer sleeves, brighter and has shorter sleeves
dress,train,dress_train_00364,B008ID8R60,B00EZJ6ZJW,has beige color at bottom, and has sleeves
dress,train,dress_train_00365,B00979QTHS,B0064VI2WW,has a white lace top and is less fitted,has white lining the top.
dress,train,dress_train_00367,B0062FMQ0O,B0060FHTM6,is white with black trim,sexy and white
dress,train,dress_train_00368,B007ZPXM6W,B0081XK6GG,has a oval neck with solid red toned,A solid red dress with higher neckline
dress,train,dress_train_00369,B0035LDH7O,B003QHXPSI,has a belted waist and an asymmetric neckline,shorter and darker colored.
dress,train,dress_train_00370,B006LFOX4M,B00BKU92T4,this is not a piece of clothing,product is text
dress,train,dress_train_00371,B007TZZKRC,B003FST6AO,is sleeveless and wine colored,is black with thin straps
dress,train,dress_train_00372,B00BU9NDY0,B00D535NN8,is longer with more black shade,is darker with no sleeves
dress,train,dress_train_00373,B00BNN3BA4,B00BGH1G68,is more transparent,is scooped neckline and straighter skirt.
dress,train,dress_train_00374,B0087YZLIW,B00ARFW3SU,is more wild and loud,Is a shorter shift dress with a pattern.
dress,train,dress_train_00376,B000YX9H5M,B009Y6PZ9M,sleevleess and printed,is leather
dress,train,dress_train_00377,B00FPHQVCY,B00686OEZW,is darker color and has shorter hem,has a black and with print
dress,train,dress_train_00378,B0074HOB0C,B006J9GJNS,is longer with multicolored stripes,is looser
dress,train,dress_train_00380,B00BGM35XK,B006DD4FOK,is brighter and is strapless with a gradient lighter at the top,Is shorter and less flowing
dress,train,dress_train_00381,B00D7OS16G,B00A3UTF58,is black with white polka dots,spotted and no arms
dress,train,dress_train_00382,B004DUM9QG,B009R3CYLO,is orange and longer,is orange and longer
dress,train,dress_train_00383,B007BZF7ZK,B009E2DVOC,has more see through,is shorter in length
dress,train,dress_train_00384,B00BV2VNJ8,B00BV1WHHQ,is red and does not have a slit,is strapless
dress,train,dress_train_00385,B00A1L7A56,B007NKX1DI,the red color looks too bold,Is more revealing and less classic
dress,train,dress_train_00386,B005ERT4OW,B00AA7DDYS,Is more casual with a scoop neck.,shirt and jeans
dress,train,dress_train_00387,B009VRTY8C,B00BXP18MK,short blue dress,is shorter more see through and revealing
dress,train,dress_train_00388,B006P55ZKE,B008FVQTK6,is sexier,thinner straps and shorter
dress,train,dress_train_00389,B009CH5AKC,B00B1JO4KG,has no sleeves and straps,is black with gold striping
dress,train,dress_train_00390,B00B89OLCK,B00B89JB0M,is longer and black toned,is longer and v necked
dress,train,dress_train_00391,B008Z91E3U,B008CFE9ES,sleeved stripped black and orange dress,has buttons and a striped
dress,train,dress_train_00392,B007RUZ7I6,B007V0B22M,is black and is more simple,is black and less vintage
dress,train,dress_train_00393,B008ZSNTES,B00EIQKV2Y,Is darker with longer sleeves,is grey
dress,train,dress_train_00394,B00G7H39YY,B00B1P92MK,Is darker,is more animal-like and darker
dress,train,dress_train_00395,B0035WTCA4,B00CHO0TQC,is more orange and flowing,is red and more flowy
dress,train,dress_train_00396,B006OI1PSI,B0088IMA2W,is green with a large flower,is in green print with flowers.
dress,train,dress_train_00397,B004USQGFQ,B00BYN092Q,a pink dress with a tied waist and collar,is tighter and has a bow
dress,train,dress_train_00398,B007WA2B7Q,B008P46ACU,is longer with green and yellow stripes,has longer sleevers and is lighted colored
dress,train,dress_train_00399,B00857SVFQ,B008596Q1K,is bright blue with a pink hem and longer,is looser
dress,train,dress_train_00400,B002AVZ57K,B00BLUQFM0,is white in color and has straps,is white and flowing
dress,train,dress_train_00401,B00EVPC3D2,B00FQQ0QXO,is solid at the top and has a patterened bottom,has longer sleeves
dress,train,dress_train_00402,B0077V74J0,B00B32ZGJE,is green,is strapless and green
dress,train,dress_train_00403,B00B513P1O,B00B513P1E,is flirtier and has a different pattern,has reds in the floral design.
dress,train,dress_train_00404,B008M0QZMW,B009EWH5DA,sleeved pink short dress,Is  pink and less plain
dress,train,dress_train_00405,B005IKQKAG,B005P78KEG,has stripes and is darker,is darker and has stripes
dress,train,dress_train_00406,B00480AS5K,B0007WFGWS,is pink and has pockets,is pink and has pockets
dress,train,dress_train_00407,B00B80TRKA,B0094KPB6K,is similar but plain green.,green with flowing bottom
dress,train,dress_train_00408,B00E94P2M4,B00D9JYTX8,is similar but has a police box picture on front,is blue and a tardis
dress,train,dress_train_00409,B00AFPZBUY,B008IGR9VG,has short sleeves,pink and white stripes and skinny
dress,train,dress_train_00410,B005DSAIHE,B004HSN6O8,Is more blue and less pink,the dress is blue with designs and longer
dress,train,dress_train_00411,B00EA3QWBY,B00CJQI5KA,longer sleeves and black,darker with sleeves
dress,train,dress_train_00412,B00684UXP4,B00CISJPLC,has a tighter skirt and wider sleeves,is fitted and yellow belt
dress,train,dress_train_00413,B004HEXH0U,B008PC5C5I,is high low dress and more purple in colour,is sleeveless
dress,train,dress_train_00414,B0066CUS6M,B00BNV78ZK,is less reavealing with mesh,is pink and black with a see through netting neckline.
dress,train,dress_train_00415,B005UXSVVM,B005VTN6GU,shorter length and scoop neck,is more short and sexier
dress,train,dress_train_00416,B00AM2HT78,B007ECBNEY,is sleeves,is black with spaghetti straps.
dress,train,dress_train_00417,B0039ITI44,B0083EC3VY,has no straps with tie dye print,is red and sleeveless
dress,train,dress_train_00418,B008VILBSI,B00AIBYOW6,is looser and a tube top,is brown
dress,train,dress_train_00419,B004X2HTFA,B007WFPSJE,has shoulder straps and is all blue,is turquoise and less revealing
dress,train,dress_train_00421,B003JQJM0G,B003BED1US,has a u shaped neck with no sleeves,is sleeveless and scouped neck
dress,train,dress_train_00422,B009S3FRHQ,B009S3IEO4,KIs more whimsical and floral,is more floral and longer
dress,train,dress_train_00423,B003ZYMRAY,B00BT8N1D0,is white and has lace trim,the dress is white with longer sleeves
dress,train,dress_train_00424,B00BS2076Q,B00ANR3EQM,is darker and has a tighter skirt,black with billowy sleeves
dress,train,dress_train_00425,B004LVNNLM,B006U1S1EA,is solid lavender,is more blue
dress,train,dress_train_00426,B0076PJ2T2,B002NN85O0,is longer and has shorter sleeves,Is purple with no sleeves
dress,train,dress_train_00427,B00E81C6PE,B0097LQP52,Is longer and has a striped pattern.,is black and white striped
dress,train,dress_train_00428,B00DJEQ77O,B00D0AEFL2,A blue and dark red tie dyed skirt,is a red and blue tie dye long skirt
dress,train,dress_train_00429,B006W1TYE4,B006UCQY4I,is more revealing,is above the knee with lighter colors
dress,train,dress_train_00430,B0098BUONK,B005FUMTS6,has no sleeves and is pink on color,is pink colored with no sleeves
dress,train,dress_train_00432,B001RNN92A,B002IY7GYO,is a brown sandal,is a flip flop
dress,train,dress_train_00433,B00DWPDDE0,B00CZ6YA3U,its red high neckline and tight fitting,has a side ruffle and no collar
dress,train,dress_train_00434,B00925CZH0,B00925D14Q,is floral long and less revealing,is floral in blue and pink with longer drapes and shoulder straps.
dress,train,dress_train_00435,B0080E6XEU,B00901GS0G,has polka dots on it,has more polka dots
dress,train,dress_train_00436,B0094D087E,B0085J4K4U,is longer,is a maxi dress in a light metallic color
dress,train,dress_train_00437,B008DS0H7C,B007Y2BSZI, shorter and wider skirt,has long sleeves
dress,train,dress_train_00438,B00BSNK4BS,B00C3CUPQW,no comparison,is not a clothing item
dress,train,dress_train_00439,B008UWBCXY,B008VIQW5U,they are the same,sheerer material and longer skirt
dress,train,dress_train_00440,B00CQ7LKS6,B004ATIQLW,is shorter and more floral,is shorter with a floral pattern
dress,train,dress_train_00441,B0062FN12G,B007Y38BHU,Is a cold shoulder asymmetrical white dress, has polka dots and is sleeveless
dress,train,dress_train_00442,B003FGW7MK,B007CDIFOQ,is sleeveless and brighter colored print,is colorful with straps
dress,train,dress_train_00443,B0035WTC7C,B00A1AJ9TW,is white and shiny,is all white.
dress,train,dress_train_00444,B009YMVV6W,B0089IA550,is shorter and has lace,shorter and black
dress,train,dress_train_00445,B00FE9T22Y,B00C18GUVC,is strapless and has a striped bottom,has more stripes
dress,train,dress_train_00446,B004DULO3K,B004SKFM8S,is floral print with spagetti halter,has bright colors and a floral pattern
dress,train,dress_train_00447,B008IGJD4W,B008IGINAC,is sheer square neck long white dress,is white with sleeves
dress,train,dress_train_00448,B005KOYR50,B008V5OKTI,has both straps,is a skirt and has solid black
dress,train,dress_train_00449,B005LJBWVG,B005TNPR9M, black with picture on front and sleeves.,little longer and more red
dress,train,dress_train_00450,B00CH38QMC,B00CH35T9U,is longer and purple and yellow,has a squared neckline and is longer
dress,train,dress_train_00451,B00B89PJ4E,B00BI73ELQ,is shorter with printed design,is more darker and more revealing
dress,train,dress_train_00452,B008ODSHA0,B007SVFA4K,is sleeveless and a briter print,is more colorful and printed
dress,train,dress_train_00453,B00C12LB8U,B00BNN3BA4,is shorter with a pattern,Is shorter and more shiny
dress,train,dress_train_00454,B00CTA0NEW,B005LC4IRI, yellow and has no straps,is black
dress,train,dress_train_00455,B00FGD88AA,B00DUH20M6,does not have cold shoulder sleeves,Has no shoulders and is more colorful
dress,train,dress_train_00456,B003ILZ4Q8,B003ILV2XC,Is shorter and doesn't have long-sleeves, without the fabric on bottom.
dress,train,dress_train_00457,B009QW41TE,B00BRBTSJK,is lighter,is shorter and lighter
dress,train,dress_train_00458,B00AA0CT7C,B00E9E8YAQ,is more shiner and blue shaded,shinier
dress,train,dress_train_00459,B00763VR88,B00BKWY3M8,is more floral and more colorful,has a floral print and is a maxi
dress,train,dress_train_00460,B008PIFRR0,B00BNN8QGI,has no sleeves and more of an A-line,is sleeveless and more patterned
dress,train,dress_train_00461,B003SGXT38,B008P321MO,is darker,is stripped and more off shoulder
dress,train,dress_train_00462,B007XCS9F6,B007M8PBEI,is longer and has strips,has straps and is different shades of blue and black
dress,train,dress_train_00463,B0088OX4H6,B003XT92YU,has more grey and less autumn colored,is lighter in color and more of a summer dress
dress,train,dress_train_00464,B003XCJQAM,B004I7F0YW,Is brighter and more floral,is more blue with more floral patterns
dress,train,dress_train_00469,B003IM3LXK,B003ILHHD6,is more pinker,is shinier and less sheer
dress,train,dress_train_00470,B00AVGH2PY,B002UWIYTU,Is more satin and sexier,is darker red
dress,train,dress_train_00471,B00DR7GMTG,B00EY9K7PQ,Has a lighter color,is white
dress,train,dress_train_00472,B00DDS2J32,B00BSWF93W,has longer sleeves with more blue tone.,is blue and long-sleeved
dress,train,dress_train_00473,B00DOLD2PC,B00DOLD2M0,none,white and black print
dress,train,dress_train_00474,B008P5OFHQ,B008596N18,is longer and is solid fuschia,is purple with straps
dress,train,dress_train_00475,B007CPTQ1A,B005VTUDF2, pink,is red and shorteer
dress,train,dress_train_00476,B007FKALOS,B002TJQSWO,Is more blue and belted,is dark blue only with the waist strap.
dress,train,dress_train_00477,B008VPXVTS,B00CWZSI1O,has a closed front and is belted,has a belt
dress,train,dress_train_00479,B008542KMO,B009QW41TE,hi-low length,is green and shorter
dress,train,dress_train_00480,B006BNPCQW,B00AOHEVDG,More blue, brown floral patterned
dress,train,dress_train_00481,B00BWW2NLE,B00E7YNRQ4,is coral longAND strapless,is red and longer
dress,train,dress_train_00482,B007HKH8NI,B00D3ECZBW,is striped with green skirt,is stripped and solid green black and white and casual
dress,train,dress_train_00483,B00BY04CTA,B007MLVOVY,is more revealing,Is more of a floral print with a strappy top.
dress,train,dress_train_00484,B007DGP78E,B0083TEEL6, black,is lighter and tighter
dress,train,dress_train_00486,B008YE25AC,B00FL9390S,is shorter sleeved and solid pink,is more sexy and strapless
dress,train,dress_train_00487,B0091QUF86,B008YQKQJC,is longer and has more fabric,is more cream and longer
dress,train,dress_train_00489,B007WHU8E2,B008NFLVRU,is longer and is sleeveless,has shorter sleees
dress,train,dress_train_00490,B008CFE9ES,B008L0LH7G,more sleeves and a scoop neckline,is silver and long sleeved.
dress,train,dress_train_00491,B00AXDA3T2,B00AQAAT46,has shorter sleeves,is looser and longer
dress,train,dress_train_00492,B008589FU0,B007WA25BI, and has ruffles,is less revealing at top
dress,train,dress_train_00494,B0068FQCXA,B0040JHGMC,has shorter sleeves and is black,has more solid black in pattern
dress,train,dress_train_00495,B00FFXYD6E,B002ADKONS,is long and black with white designs,is longer has thin straps and is black and white
dress,train,dress_train_00497,B004EPXWO8,B0035LDH7O, and a longer hemline,is darker and has straps
dress,train,dress_train_00499,B0097J0XFC,B00ASWYG28,long white dress, more gathered at waist and a solid color
dress,train,dress_train_00500,B008DGYVU8,B008OIKMFI,is a dark peach dress,is a lighter color
dress,train,dress_train_00501,B007P6MD2U,B004KHVL5C,has wide straps and is classier,is more purple
dress,train,dress_train_00502,B006NU5T0W,B006NU5Z60,pink in color with a neck strap,is hot pink sleeveless maxi with neck strap
dress,train,dress_train_00503,B008ZXX9ZM,B00FBR27B2,is longer and darker and slimmer,Is a pencil dress with three-quarter sleeves and round neck.
dress,train,dress_train_00504,B00E1MDLU4,B00CL7Z762,is blue and covers both shoulders,is blue and less revealing.
dress,train,dress_train_00505,B00CL0KUU2,B00DQG1V80,Is bright pink with long sleeves,is more red with longer sleeves
dress,train,dress_train_00506,B00A36M400,B00A36NZMG,is a solid color with lace,is purple and laced
dress,train,dress_train_00507,B006C9OEHI,B007Y368XY,is a lighter pattern,is more colorful and different neckline
dress,train,dress_train_00508,B007SDKHPK,B002L4JXE2,has a longer hem with larger floral print,more blue and strappy
dress,train,dress_train_00509,B0057Z09XQ,B00BF3FAMY,is more white and longer,is looser fitting
dress,train,dress_train_00510,B00BNXYJG4,B007IWZSWI,is pink colored and strapless,red and longer dress
dress,train,dress_train_00511,B007RKTRPA,B0065CWHLW,is black colored and sleeveless,is black and short
dress,train,dress_train_00512,B0091C65O8,B009LII1MQ,is dark blue with no sleeves, empire waist and longer sleeves
dress,train,dress_train_00513,B00BV1YH42,B008G0HR1Q,has sleeves and cut outs on the shoulder,is black with long peep shoulder sleeves
dress,train,dress_train_00514,B00DDLTDEM,B00CRBDDY0,is shorter with black and white strips,is black with striped bottoms
dress,train,dress_train_00515,B00CRKQDZC,B00D8MWDXE, floor length and strapless,is darker and has sleeves
dress,train,dress_train_00516,B00B2IY1KY,B009E2DLCO,is shiny,has shorter sleeves and is darker colored
dress,train,dress_train_00517,B00BW88S9E,B0090SF7WE,black dress with small opening,is black
dress,train,dress_train_00518,B00858G64S,B004ZWEGOA,is darker and more frumpy,has no sleeves and is more flowy
dress,train,dress_train_00519,B00DVPNURG,B005S01A2O,is longer with more white in it,has a longer length
dress,train,dress_train_00520,B004HHO3CI,B005JR1ISW,is black,Darker in color and a little more form fitting.
dress,train,dress_train_00521,B001ASBT0Q,B00CF346O6,is strapless and has an orange pattern,orange and strapless
dress,train,dress_train_00522,B00EA3QWBY,B00C6B66JK,is black and longer with white buttons on side,black with buttons
dress,train,dress_train_00523,B00BISLMPA,B008Z0ODKA,Has a floral pattern and sleeves.,is black with white floral print
dress,train,dress_train_00524,B005P7BR1O,B00AU1U4X2,has no sleeves with a rectangular shaped neck,the dress is lighter blue and more revealing
dress,train,dress_train_00525,B008CV6OQ8,B00AA6F9DW,is shorter and purple,is shorter and is purple
dress,train,dress_train_00526,B007520NXU,B005XW1D38,black and white short dress,has a black and white pattern
dress,train,dress_train_00528,B0091QV76U,B00967CKF6, more revealing short dress, blue and sleeveless
dress,train,dress_train_00529,B005VLXUBO,B0084YK4QY,is brown and shorter,Is shorter in length
dress,train,dress_train_00530,B00976M092,B008VPNPBW,Has a dot pattern and belted waist.,has green dots and is higher in the neck
dress,train,dress_train_00531,B000AN2C1C,B003XS50II,Is a brighter color and shorter in length.,is yellow and shorter
dress,train,dress_train_00532,B008N05AEU,B00BR3B5NU,is peach colored,the dress is pink with longer sleeves
dress,train,dress_train_00533,B008ZXX9ZM,B00AEMHLLA,is more fitted and pink.,has cream and black and shorter
dress,train,dress_train_00534,B005A3LTXO,B004BQS6EG,is light colored and plain pattern,is longer and lighter
dress,train,dress_train_00535,B00BBQCWY4,B004ZF6TYC,is solid white in color,is pure white
dress,train,dress_train_00536,B003ULNDT6,B004MKLZTO,strapless and white color,is white and has no sleeves
dress,train,dress_train_00537,B009S3GCHK,B009S3I3PE,is shiny and green but with spagetti straps,is green and shiny
dress,train,dress_train_00538,B0050SMCGM,B00BR1T9GW,has shorter sleeves and a defined waistline,is more revealing and more purple
dress,train,dress_train_00539,B00CSZKF1O,B00B52AZ3Y,is a darker color and more flighty,multi colored and better design
dress,train,dress_train_00540,B006LFT3RY,B00EU9E3ZK,More logo,na
dress,train,dress_train_00541,B00DOC57LS,B00BMUWRGM,is light blue with thick straps,is blue and patterned
dress,train,dress_train_00542,B00684UKK2,B009K5RLGM,has a lower neckline and a solid upper portion,is in blues and only has the floral print on the bottom.
dress,train,dress_train_00543,B005JR1ISW,B004ZWPAWW,is a blue belted dress,is lighter blue with longer sleeves
dress,train,dress_train_00544,B007CUIPAS,B00BTN3VY4,is shorter and royal blue colored, red and long sleeved
dress,train,dress_train_00545,B00BJA0H08,B00A7HU5LK,is shorter and sexier,is more patterned and shorter
dress,train,dress_train_00546,B00575HM72,B00CALT7BK,is a cotton sportswear,has two different outfits
dress,train,dress_train_00548,B00EZK65TQ,B008IE305W,is lighter and shorter,is less blue with a red print
dress,train,dress_train_00549,B00901GS0G,B008G3KWTW,has short sleeves,brightly patterned and flowy
dress,train,dress_train_00550,B006ZBSI8O,B00367P4Y6, with a black belt,Darker in color with a halter top straps.
dress,train,dress_train_00551,B0035JL5X4,B005QK4EJW,Has long-sleeves and is longer,is more darker and revealing
dress,train,dress_train_00552,B0091S553O,B00741MYMA,is lighter and has longer sleeves,is green with shorter sleeves.
dress,train,dress_train_00553,B008CVS50G,B005XDCPK2,is shorter and lighter,is lighter and shinier
dress,train,dress_train_00554,B00CAA4WU2,B00B4YZ1UK,is darker blue with long sleeves,shorter with long sleeves
dress,train,dress_train_00555,B00D8RZKP2,B00DEM3BN4,is a black top and is sleeveless,is shorter with a V neck
dress,train,dress_train_00557,B005GNVHVC,B00AFS3AFE,is darker and has shorter sleeves,Is black and has less sleeves
dress,train,dress_train_00559,B00EODXP2Y,B00E34SMMM,is black and longer,Black fitted long dress with buttoned top
dress,train,dress_train_00560,B00BNV78ZK,B00B7I3RRC,has purple stripes,Light & Dark color
dress,train,dress_train_00561,B00BAR35JK,B00D65QCT4,is above the knee and scoop neck line,the dress is red and more revealing
dress,train,dress_train_00563,B0076ZZIT0,B0076ZZGJ2,is orange with no sleeves,has a lighter color
dress,train,dress_train_00564,B006BBKVPG,B006WLBOB0,is red with three quarter sleeves,is red with black bottoms
dress,train,dress_train_00565,B00BMO2I8U,B00B7GJGOM,is much busier and patterned,has a floral pink and white design.
dress,train,dress_train_00566,B0075D4O48,B001PIG956,A long sleeveless black and grey dress,is black and silver with a choker neckline
dress,train,dress_train_00567,B009M56O4U,B007D7DXWA,has a more busy looking pattern,is a floral print in red and white.
dress,train,dress_train_00568,B00814KITU,B0085U1C54,is more white and pink,is more colorful
dress,train,dress_train_00569,B00CIBOMZ8,B00BJSE8K0,is shorter and lime green with no sleeves,green and a little shorter
dress,train,dress_train_00570,B007Y3CO3C,B0061JOMHG,has longer sleeves and a v neck,has longer sleeves
dress,train,dress_train_00571,B008FD6TB8,B004X5B6J2,short sleeved printed dress,is short sleeved with pattern
dress,train,dress_train_00572,B002EOM832,B002TK59CS,is a floral design with spaghetti straps,has spaghetti straps
dress,train,dress_train_00573,B002HRFARW,B008E6COYC,has no sleeves,is cheetah printed and has both shoulders
dress,train,dress_train_00574,B007ZQ5AI4,B008ERGCGW,has more sleeves and strips going up and down,is striped with multi colors
dress,train,dress_train_00575,B009KJADMC,B005WY5MUC,is flowy,is white and more elegant
dress,train,dress_train_00576,B001GUFWHE,B003N64A22,is darker,has short sleeves
dress,train,dress_train_00580,B00902B6BQ,B007WAEN86,is more fitted and redder,is red and is form-fitting
dress,train,dress_train_00582,B009S3EGJQ,B009S3FZVY,more classy black at top and bottom red,is black and red
dress,train,dress_train_00583,B008YF4PLS,B007VCY6YG,black and sea blue short dress,has blue stripes going horizontally.
dress,train,dress_train_00584,B0029LMYG6,B00BAZOGZY,is white and less revealing around the shoulders,is a white lacy short sleeved a line dress that comes to the knee
dress,train,dress_train_00585,B004I5A7SS,B003VWOXA2,is green,is lime green and looser
dress,train,dress_train_00586,B00606F0PI,B0062JO4G4,is black v-necked mini dress and sleeveless,is a v neck without a belt and thinner straps
dress,train,dress_train_00587,B009XEPWO8,B008BBCRIS,is light blue in color,is shorter and flowing
dress,train,dress_train_00588,B004KJEI2S,B007K7X0JE,is more and more revealing,The desired product is shorter and white.
dress,train,dress_train_00589,B00AA6FOXM,B00BF3BGJU,is longer and shiny purple,is longer and a darker pink
dress,train,dress_train_00590,B00A88FQBW,B00EWKABB2,has longer sleeves and is solid red,is red with longer sleeves
dress,train,dress_train_00591,B009N21RO4,B009CC8WSO,is longer and white and red strips,is red and white striped
dress,train,dress_train_00592,B0036MEHU8,B00A9Q73UK,is sleeveless and light colored,no zipper and lighter
dress,train,dress_train_00593,B004IK9BDA,B004IK9D24,is plaid,is lighter and floral
dress,train,dress_train_00594,B005Y8GEL2,B00DB3GCLE,is longer and has short sleeves,Is very blue and is long
dress,train,dress_train_00595,B00AU9XSJ6,B0073ESIMS,a short sleeved pencil dress,has a tan top with shorter sleeves.
dress,train,dress_train_00596,B00CV9QUBQ,B00EHJ5FT6,has a geometric print and sleeves,has long sleeves and pattern
dress,train,dress_train_00597,B00C3AWR7O,B00A36NLFW,has long sleeves and is tighter,is pure black
dress,train,dress_train_00598,B00BMAPLV0,B004QZBD88,has a cowl white neck,is more darker and revealing
dress,train,dress_train_00599,B00CG716WQ,B00C31JB9K,is sleeveless and pink stripped,has stripes and a pocket on the chest
dress,train,dress_train_00600,B00CH35T9U,B00CH37T34,is black with orange designs,Is more whimsical
dress,train,dress_train_00601,B006WM4WUY,B007HI6IZY,Is red and grey with spaghetti straps.,is more colorful and darker in color
dress,train,dress_train_00602,B00FFXY5US,B004QP20YE,this maxi is too long and looks old fashion,is longer and patterned
dress,train,dress_train_00603,B0060F8FC4,B009EVHHDE,is less revealing with floral patterns,is more colorful
dress,train,dress_train_00604,B005D9II2K,B009YMYMOU,is darker and more solid colored,is black and shorter
dress,train,dress_train_00605,B00C6OGJNK,B004CR62B8,is shorter and has more horizontal stripes,is shorter in length and lighter in color
dress,train,dress_train_00606,B00CL0KUU2,B0078PDXAE,is more colorful and patterned,is long and pink and black
dress,train,dress_train_00607,B00763VR88,B00BKWY64I,is colorful and longer,Is more whimsical and flowing
dress,train,dress_train_00608,B007WPHP2W,B00AA6F4XC,is blue colored and strapless,is blue with a lace underlay
dress,train,dress_train_00609,B00CGDEMHG,B007YBDPR8,is grey colored and sleeveless,has a v-neck and a blue and with print
dress,train,dress_train_00610,B007W2ZOBE,B008COE28W,has red,has more stripes and a looser neckline
dress,train,dress_train_00611,B007RAEQ24,B003D8C0UY,is lighter,is solid in color and not as bold
dress,train,dress_train_00612,B00CF5EI9C,B008AMFQWM,is v necked and black,It is more black and more pleated
dress,train,dress_train_00613,B007IWZSWI,B00D0Y6XM2,sleeveless and orange colored,is more orange looking
dress,train,dress_train_00614,B006Q97NY0,B003YKEZLI,is more official,has sleeves and is a business dress
dress,train,dress_train_00615,B00C5W165O,B004HN2X42,long spaghetti strap white dress,is white with straps and no thigh-slit
dress,train,dress_train_00616,B007WADT0O,B00CXO7AM2,is pin colored and one sided strap,is pink and has a bow
dress,train,dress_train_00617,B005LBWPJM,B008D0DY2A,is blue striped and belted,blue and white striped
dress,train,dress_train_00618,B001N450MU,B008E6IAJK,Is a darker dress with 3/4 sleeves.,is animal printed with elbow length sleeves
dress,train,dress_train_00619,B002UD64PK,B004YHIB1U,is yellow in color with no waist belt,is yellow with flower print
dress,train,dress_train_00621,B00367UW5W,B00E96PV5U,is black and shorter,Black see-through top with gold belt
dress,train,dress_train_00625,B003JQK7M8,B004M18AKU,is sexier and darker,has longer sleeves and stripes
dress,train,dress_train_00626,B008GRR7UA,B008A4RHC2,is purple with flared crop, dark maroon
dress,train,dress_train_00629,B00428MW20,B00CIUB0U4,has two straps and is white,white and no shoulder strap
dress,train,dress_train_00630,B000XPGMBS,B000W0PR38,has more design,is short sleeved and brown
dress,train,dress_train_00631,B0085U1C54,B00814KITU,This dress doesnt have a pattern,is green and knee v necked
dress,train,dress_train_00632,B0067M3LGA,B00A0NCIV6,has longer sleeves and a different pattern,is multicolored
dress,train,dress_train_00633,B002VLJQH4,B002VLCK3Q,more sleeves with floral design,has bright blue flowers
dress,train,dress_train_00634,B009FEC37U,B0066CUS6M,has more shine and strapless,is a tighter dress
dress,train,dress_train_00635,B00BJLK162,B0033WS3OC, with thin white and black horizontal stripes. It also has thin straps, and has straps
dress,train,dress_train_00636,B007HES2I4,B0054P9EWG,A lighter colored longer dress without sleeves,black and white pattern sleeveless
dress,train,dress_train_00637,B000PIGECA,B003CIPRNW,is shorter and black.,is black with white outline
dress,train,dress_train_00638,B006WM4BHS,B0067QCSYC,is longer,is more blue and less revealing
dress,train,dress_train_00639,B00B2IU5G8,B005LCS054,is shorter and striped,is above the knee with stripes
dress,train,dress_train_00640,B0054P9EWG,B008R8KNMM, with a belt and more dressy,Is more solid in color and has loner sleevees
dress,train,dress_train_00641,B002YX0KWE,B003F782DW, with a light green stripe on the side.,is above the knee and blue
dress,train,dress_train_00642,B00E3QXI9C,B007ZJSKMY, it's flows out more,has no sleeves and is cheetah patterend
dress,train,dress_train_00643,B0076IKDSI,B00AFS35IQ,cardigan dress with black dress,has a lime green jacket and black print
dress,train,dress_train_00644,B00EJYE6T4,B00CTHMC1M,has a smaller black and white print,has a less busy looking pattern
dress,train,dress_train_00645,B004I6PIPY,B004KIBJZI,has a floral pattern,is pattered and darker
dress,train,dress_train_00646,B0093UGJIU,B00BXG71UW,is white and red ruffles,it is lighter colored and no belt
dress,train,dress_train_00647,B00898B4JG,B00CY2EH0G,is red with longer sleeves,red and long sleeves
dress,train,dress_train_00648,B009B0MFJO,B0085M705S,is darker and has shorter sleeves,has no sleeves and is gray colored
dress,train,dress_train_00649,B009UZLR26,B00D5UIPGS,Is pink with cold shoulder sleeves.,is purple and more revealing
dress,train,dress_train_00650,B004OA08SG,B003AZ7WMQ, shorter and more colourful, yellow
dress,train,dress_train_00651,B00CXQFQK8,B00244L0PE,is black with a strap around the neck,is black with no sleeves and a thin neck strap
dress,train,dress_train_00652,B000WPZ65C,B00107DBXU,is pink in color,is pink with a plainer skirt hem
dress,train,dress_train_00653,B00BS2076Q,B0088RT7DI,is a dress with print at the top,is more revealing and has more color
dress,train,dress_train_00654,B008211MLU,B00CLCI29G,is not strapless and does not have a belt,doesn't have a belt
dress,train,dress_train_00656,B006CSUG12,B0035WTT7K,a short sleeved black dress,has more black up top and black design into the coloring of the skirt.
dress,train,dress_train_00657,B009BJ5V1Y,B0099SRL2Y,is longer and is darker red,is asymettrical and dark red.
dress,train,dress_train_00658,B0057Z0C88,B009BJ5V1Y,is short and brighter colored,Is more poofy and red
dress,train,dress_train_00659,B001WAM21W,B002A8LFLI,has no straps and is party like,is pink and less flowy
dress,train,dress_train_00660,B006Q97SKO,B005X4PJ9K,is an off shoulder black dress,is black and more revealing
dress,train,dress_train_00661,B006W5WOSI,B005DN8RVI,more aloha and has more coverage,open and patterned
dress,train,dress_train_00662,B007R1PZVE,B008D7EARG,has longer sleeves,has longer sleeves and is darker colored
dress,train,dress_train_00663,B00F4AJRIM,B004XY4OCE,is sleeveless and has a pattern,is less revealing and casual
dress,train,dress_train_00664,B009BJ5V1Y,B0032RJNOM,is a solid black color,is darker and longer
dress,train,dress_train_00665,B004P5P024,B007N6L5G2,is pink with ruffles,no sleeves and more ruffled
dress,train,dress_train_00666,B00CTY8V2O,B00CIAINUO,has contrasting trim and is shorter,is more gray and shorter
dress,train,dress_train_00667,B00BIPLML2,B009COPOII,is red with a black belt and has shorter sleeves,is red and more animated
dress,train,dress_train_00668,B007E9X6FG,B00BTHRGKK,is shorter and darker,is pattered and more muted
dress,train,dress_train_00669,B00CFXUOS8,B006LFOJ64,is red with no v neck,has shorter sleeves
dress,train,dress_train_00670,B0027FN6WK,B0058P6TES,is more gray,is gray and sleeve only on one shoulder
dress,train,dress_train_00672,B00845RYZW,B00DJG67AY,is yellow and black checked pattern,has more black and yellow
dress,train,dress_train_00673,B008ODSCVO,B007LAQR9U,has a pattern, longer
dress,train,dress_train_00674,B002G9UBB6,B001T4ZATW,is longer and is ombre,is longer
dress,train,dress_train_00675,B00BI8SCB2,B00CIQPK9K,is hark in color,is shorter with short sleeves
dress,train,dress_train_00676,B00DP4VWSM,B00DP4X3U2,is more shiny with no straps,is brighter in color
dress,train,dress_train_00677,B00C7CF89C,B00CTT4FFG,is blue colored and longer in length,has longer and is blue gown
dress,train,dress_train_00678,B009ATA480,B009LIBKUG,has more closed neck,has shorter shoulders and lighter colors
dress,train,dress_train_00679,B00D3G5DX2,B00BJEN7ZQ,shorter and more snug,is black and more revealing
dress,train,dress_train_00680,B00ATMSTZM,B008YQXJFU,is whiter with a longer skirt,is white and full length
dress,train,dress_train_00681,B00FOLJMBS,B00E9S8QXW,is white in color with birds prints,white with thinner black belt
dress,train,dress_train_00682,B0039UUI2I,B003AIKSE2,is brighter sexier and has no sleeves and no straps,is pink and strapless
dress,train,dress_train_00683,B00F2SGB94,B008RUHQ0W,is solid white,has more white
dress,train,dress_train_00684,B009N21RO4,B00FGCNF90,is brown with white designs,is black and halter.
dress,train,dress_train_00685,B00BCPK8YU,B008OPNMZ8,has longer sleeves with floral pattern,has patterns
dress,train,dress_train_00686,B004LWZMVA,B005J29T8S,is see through,is black and round necked
dress,train,dress_train_00688,B00GA94LE6,B00CIAIANE,is white and sleeveless,It is tight and less pleated
dress,train,dress_train_00689,B00CXN6LZU,B0058ZYM38,is black with 3/4 sleeves and shorter,is shorter and dark
dress,train,dress_train_00690,B00385WN2M,B004K8K1RU, green dress.,is shorter with a v neck
dress,train,dress_train_00691,B005F6MAJS,B0076R5PHS,is shorter and lighter and has shorter sleeves,has thin straps and expressive patterns
dress,train,dress_train_00692,B00CAA4WU2,B00BGD0WSA,is black,is black and longer
dress,train,dress_train_00693,B00B2TO536,B0038KMLAQ,is a halter dress,is red and haltered
dress,train,dress_train_00694,B00CJQGOHG,B008ZXTX84,is red colored skirt,is just a pink skirt
dress,train,dress_train_00695,B00ATDTC8O,B00DDVV47Q,Is darker and more fitted,has no sleeves and is red colored
dress,train,dress_train_00696,B00BXIPQ8Y,B00BQMZEA2,Is more fitted and not as  bright,Has shorter sleeves and is more slimming
dress,train,dress_train_00698,B004WC6AHO,B006GOAIOC,is black with longer sleeves,It is more black and has a long sleeve
dress,train,dress_train_00699,B00A52LPZM,B00A16F8JQ,has a black and white print and three-quarter length sleeves,has a print and long sleeves
dress,train,dress_train_00700,B00DY1LXZ8,B00EDMIIGE,has a shorter hem and is black and yellow,is yellow.
dress,train,dress_train_00701,B0099DC430,B006WXB062,Has a halter top and a red pattern.,It is longer and more satin
dress,train,dress_train_00702,B0030IN28G,B0087H3CQ2,is purple with no sleeves,is a darker patterns and strapless
dress,train,dress_train_00703,B00CQE6A8Y,B003KCLMV6, long sleeved and is much longer,is purple and black patterned
dress,train,dress_train_00704,B004QTQ8FW,B00BM7318S,is pink with a different design,is less black and paisley
dress,train,dress_train_00705,B005V5E2O4,B00841L7CM,is long and has a v shaped neck,is black with white pattern
dress,train,dress_train_00706,B004Q7DECY,B004HEXG24, and black,Is more whimsical and blue
dress,train,dress_train_00707,B00684UXP4,B00DQHXEKW,is red and longer in length,is dark red with a white belt
dress,train,dress_train_00708,B00A2WTIE0,B00BQTNA9M,is pink with floral designs,is pink and floral and more fancy
dress,train,dress_train_00709,B004KPL0W8,B003V5Y066,is lighter colored with a belt,Lighter in color with a belted waist.
dress,train,dress_train_00710,B0073LIQ3C,B00ARPXFIC,is red in color and no straps,is red and white
dress,train,dress_train_00711,B00B4Z1Z9K,B004T5EP1W,is longer and white,is floor length and white
dress,train,dress_train_00713,B009ZRKV6W,B009P8WQ50,Is grey,is a lighter color with broader shoulder straps
dress,train,dress_train_00714,B0052C9JUI,B00BUC1FU6,is more revealing with two straps and floral print,is shorter and has more colors
dress,train,dress_train_00716,B0087DQ5PQ,B0087DQTCK,is denim colored,has longer sleeves and less revealing
dress,train,dress_train_00717,B00DCCA21A,B00D4DPOL0,Is more colorful and whimsical,is short sleeved and tie dyed printed
dress,train,dress_train_00720,B00CJQHXBC,B00AYQEJ3O,is similar,is lighter colored with more designs
dress,train,dress_train_00721,B005M02SYO,B008VPNL70,is red with long sleeves,is red and collared
dress,train,dress_train_00722,B0080F02HS,B007Z1ADEK,is longer with longer sleeves,is longer and is black and red.
dress,train,dress_train_00723,B00DVN7D62,B0020MKZ3I,is more casual,is a zebra skirt with a black top
dress,train,dress_train_00724,B00FKKPEYC,B00A13GDL6,spaghetti strap black maxi dress,has spaghetti straps and does not have a bare midrift
dress,train,dress_train_00725,B00AU4N40O,B00AB15IJG,is solid black with half sleeves,Is a black and less revealing.
dress,train,dress_train_00726,B00COPMVW4,B00CLDPTOG,is lighter and shorter and has shorter sleeves,Is more  monochromatic
dress,train,dress_train_00727,B004SG6YYI,B007MBUJ6U,is lighter and has shorter sleeves,is white with shorter sleeves
dress,train,dress_train_00728,B00BQUDEZ6,B00C1UBWJ0,is sleeveless open neck with bow, tan and has a looser skirt
dress,train,dress_train_00729,B00A8GKVD2,B004HFQQKW,Is solid black.,is see through
dress,train,dress_train_00730,B004DUM9QG,B007FGTUR6,is pink with thin straps,is more flowy and pink
dress,train,dress_train_00731,B008P3Z1KS,B00GMSZ3BA,Has two colors and is shorter.,is shorter in length and more dressy
dress,train,dress_train_00732,B00BI1ZLMW,B00AIXP482,Is a short black sleeveless dress., sleeveless and has pockets
dress,train,dress_train_00733,B008DSN2WO,B008DSMW20,has shorter sleeves with asymetrical waist detail,is sleeveless and black
dress,train,dress_train_00734,B0052R8BM0,B000OVR5E4,Is a darker tea dress.,is a darker red with no print
dress,train,dress_train_00735,B005WNFLLI,B00G6BXHX4,looks more expensive,is a dark red colored dress
dress,train,dress_train_00737,B00A8VZM40,B007M4KYK8,is darker and has longer sleeves,is more floral
dress,train,dress_train_00738,B007Y2KQHO,B006W5T48Q,is teal and has three quarter sleeves,is turquoise and long sleeved.
dress,train,dress_train_00739,B007NLX16O,B004VT7EC8,is longer and white,is a lighter color
dress,train,dress_train_00741,B008VPXVTS,B00BQX4C3Q,has stripes,is striped and strappy
dress,train,dress_train_00742,B002F0HXCG,B004LE2GKI,is a strapless black dress with floral patterns,print contains more blue and gold hues
dress,train,dress_train_00743,B004EU7P9Q,B007ZSXCPK,has a large bow in center and less shiner,Is less colorful and fitted
dress,train,dress_train_00744,B008FZPQR4,B007WASNW8,is lighter,has longer sleeves and stripes
dress,train,dress_train_00745,B006WQXWE2,B007IUX6TM,is red with thick sleeves,long sleeved
dress,train,dress_train_00746,B005LT0ZIW,B005VLXV6I,is sleeveless,has shorter sleeves and black
dress,train,dress_train_00747,B009PYPGJW,B008QW079I,has no sleeves and is purple pink shade,is one color
dress,train,dress_train_00748,B002HRFARW,B001KZH9SU,is white and black with both straps,is black on the bottom and white on top
dress,train,dress_train_00749,B00BJSRCBW,B00BJ7HP42,Indian culture design satiny dress,is more colorful and casual
dress,train,dress_train_00750,B0081DI8TS,B00B6DHGAW,is black shades,Is black and patterened
dress,train,dress_train_00751,B00ECAZ658,B00AVVAW1K,is similar,is a solid red color
dress,train,dress_train_00752,B00EDTKF9A,B006KWOO2M,has wedge heels and exposed fur,has fur
dress,train,dress_train_00754,B007XCGVH4,B005M02SYO,more pastel colored with less slit,is sleeved and v necked.
dress,train,dress_train_00756,B00C6XKYKK,B009R7SBCG,less revealing and longer sleeves,black and more fitted
dress,train,dress_train_00757,B008UH8R0K,B00BTDS338,is a Rachel pally word,Is long and pink with a V neck
dress,train,dress_train_00758,B004GUTNJO,B004JF5OFS,is strapless and is patterned,strapless
dress,train,dress_train_00759,B006WQZGAK,B0074PSMUY,is longer with cheetah prints,is a black and white pattern
dress,train,dress_train_00760,B00B6PT982,B004V2ONX8,Is shorter with an asymmetric hemline.,is shorter and pink
dress,train,dress_train_00761,B00A3HMAI0,B00AJ4KFIO,is long with brown and thin straps,is geometric pattern and ankle length.
dress,train,dress_train_00762,B00AMQ9TTA,B00BW8J5JG,has prints on it,is printed and sleeveless
dress,train,dress_train_00763,B009BJ5V1Y,B007GZZ1O2,is blue in color,is blue with no straps
dress,train,dress_train_00764,B0042VII0C,B0032Z8JQ2,short sleeved dress with buttons,has buttons and a large belt
dress,train,dress_train_00765,B002ECOKNA,B004TNXJI4,is red and floral,is red and has more flowers
dress,train,dress_train_00766,B0091JHH1G,B00B1JO99W,is a tight dress with a zipper going down,tighter
dress,train,dress_train_00769,B00BTJX9LI,B005SN1PVC,has more color contrast,is less revealing
dress,train,dress_train_00770,B009RLGYGW,B009RLGYHQ,is black with blue patterns through it,Is more colorful
dress,train,dress_train_00771,B00BOEM842,B0077I0FFS,is darker and shorter,is darker
dress,train,dress_train_00772,B00EF0XQAW,B00ENF0KJO,black dress with white neck,the dress is more revealing and black
dress,train,dress_train_00773,B007M8PBEI,B0073PZS70,yellow dress,is yellow and longer
dress,train,dress_train_00774,B007XHPH7O,B00D73R5ZU,is more patterned, and is colored red.
dress,train,dress_train_00775,B003DZ0ZQ8,B004JU2BUY,is darker colored,is more colorful
dress,train,dress_train_00776,B0090KHIBK,B00CSB9352,is white short and form fitting with spaghetti straps,kehole neckline with spaghetti straps in white
dress,train,dress_train_00777,B00CFXUOS8,B006R3DW1I,is brighter,is brown and has mid length sleeves
dress,train,dress_train_00778,B00ATH08J2,B004IOQQV6,is sexier, with black and silver stripes
dress,train,dress_train_00779,B009D4H7R8,B00BM824XA,is sleeveless and brighter colors,is sleeveless and lighter colored pattern
dress,train,dress_train_00780,B008CXUJ44,B007RTG8DK,is teal,has longer sleeves and green colored
dress,train,dress_train_00781,B0007WFGWS,B004GTMPJ0,is a black long dress with no sleeves,is totally different and black
dress,train,dress_train_00782,B000JLDLMO,B00BG45SEM,is longer and thinner,is longer
dress,train,dress_train_00783,B00CY93TEY,B00EDS40GA,is white and flirtier,is in solid white.
dress,train,dress_train_00784,B00A6SH950,B00A6SHMHU,has sleeves,is darker and has sleeves
dress,train,dress_train_00786,B00EB5RRU6,B0082BCRHI,this white dress looks more wedding form,is light pink and pleated
dress,train,dress_train_00787,B00FTGZDXY,B00BTM7WJK,the black sleevless dress is too bold,is a short ballet outfit
dress,train,dress_train_00788,B00BJZAAG4,B00B9R5BXE,is solid black and has a belt,is solid black with a slightly scooped neck
dress,train,dress_train_00789,B0073VE2X0,B007RKTO6C, shorter and patterned,is dark with long sleeves
dress,train,dress_train_00790,B00CAA6XV8,B00D991JFO,is black and longer sleeves,has a printed top and solid skirt.
dress,train,dress_train_00791,B00H2URITC,B00ANW7S5K,has a gold top with no straps, in black.
dress,train,dress_train_00792,B003TJ8YBQ,B004P2II08,is blue and grey striped,has a gray and green stripe
dress,train,dress_train_00793,B0089K2SFS,B0089K2X58,longer sleeves and shorter skirt,shorter dress and darker striped
dress,train,dress_train_00794,B00A9JVC86,B008GXL2UU,is more black and white,has an off the shoulder neckline and is shorter
dress,train,dress_train_00795,B0095YCPG4,B00F2H1J1A,long sleeves,has a plaid pattern and is red
dress,train,dress_train_00796,B004JU2BAY,B008HQKL8K,has sleeves and a flirtier skirt,is brighter in color
dress,train,dress_train_00797,B00AIIVUP8,B00DV2R32M,is lighter and sleeveless,more white and flowing
dress,train,dress_train_00798,B007KS07GW,B005NYPJRW,is longer with no straps,is longer in length and a fall dress
dress,train,dress_train_00799,B0036Z6HNK,B0040V7GQQ,Is more black and ruched,is black
dress,train,dress_train_00800,B009PYPGJW,B00BPF7COG,A long sleeveless gold dress,is gold and long
dress,train,dress_train_00801,B008ROQ9NI,B00E564NPI,is ombre and has a deeper neck, two toned and has sleeves
dress,train,dress_train_00802,B0085FIDCE,B006VZXL36, striped, loose fitting and straps
dress,train,dress_train_00803,B007P1PPT8,B007RB7LP2,has long sleeves,Has longer sleeves
dress,train,dress_train_00804,B00DE3X52K,B00AOC71JC,Is a pink and beige floral print.,is peach and white lace with long sleeves
dress,train,dress_train_00805,B006OR79WK,B00BKU7CZA,has stripes and is structured,white striped and penciled
dress,train,dress_train_00806,B0036Z6HNK,B003LRXH68,The product contains a biw,is blue with a bow belt look
dress,train,dress_train_00807,B0084ZS942,B006U108DW,is blue with short sleeves,is darker in color
dress,train,dress_train_00808,B00E8CN8KA,B00B7YC2EA,is more graphic and covers the entire leg,has snowflake and striped design leggings.
dress,train,dress_train_00809,B006P7RZNC,B0052CHIF6,is white with a zipper on the side,Has long sleeves and is cream color.
dress,train,dress_train_00810,B0074HOB0C,B009TLS1U2,is lighter,Is more flowing and patterned
dress,train,dress_train_00811,B003RRWX30,B0063U1O1U,has red colors in it's patterns,is longer and more brightly colored
dress,train,dress_train_00812,B00AA6F9DW,B00C6PPT6W,Is a long dress with pattern., is black and white and is more patterned
dress,train,dress_train_00813,B00DTFTNMY,B008G0EG7O,more red and sleeveless,is more sexy
dress,train,dress_train_00814,B008IGRCNG,B0076R7R6A,Is  more colorful  and fun,is green and had green belt
dress,train,dress_train_00815,B008VIU2V0,B00C5TD1M8,is lighter and more patterned,is lighter and shorter with tribal print
dress,train,dress_train_00816,B00APO3V7A,B007I8SOXC,is a colorful printed sleeveless dress,Has more colors on it
dress,train,dress_train_00817,B009S3HW7Y,B007315A36,is black and longer,is longer and darker
dress,train,dress_train_00818,B007H1Y646,B00APFDP7A,is red with no straps,has wider bottom and white accents
dress,train,dress_train_00819,B006TAM724,B004MDLIR0,has shorter sleeves and a different pattern,has pattern
dress,train,dress_train_00820,B006GK20BK,B009LJ95N4,is longer with straps,is much longer
dress,train,dress_train_00821,B008KDNH54,B009I5VWHI,is check patterned with shorter sleeves,more plaid-like and no sleeves
dress,train,dress_train_00822,B008SCI8T2,B007N6LD64,is black and has a rhinestone belt,is black and strapless.
dress,train,dress_train_00823,B004K1EDPS,B005AGP1EO,is shorter with dark blue toned,is black with polka dots all over
dress,train,dress_train_00824,B006O4K9C0,B007RUZ2R2,is grey and blue patterned, is blue
dress,train,dress_train_00825,B004SG6YYI,B003AVMVTO,is sleeveless,A tan longer skirt with black halter top
dress,train,dress_train_00826,B00D2D4V52,B00B02V5BU,is yellow with spagetti straps and more summery,is orange and blue
dress,train,dress_train_00827,B005W2G6XG,B00857SK2K,is an off shoulder black dress,has one sleeves and is black
dress,train,dress_train_00828,B009EMNO2G,B0098NC5LC,is strapless and black,is more black and more sexy
dress,train,dress_train_00829,B005DTEAPY,B003U6HQ3K,Is long sleeved and casual.,is red with longer sleeves
dress,train,dress_train_00830,B008SOKP8M,B007WAU75O,is pink and black and less classy,is pink with a black bottom
dress,train,dress_train_00831,B0041D7YUQ,B004RDQD0M,Is more white and formal,all white and not as tight
dress,train,dress_train_00832,B00CWRU5BS,B00D7BZ4OG,has a blue and white pattern,is blue and navy and much more fitted
dress,train,dress_train_00833,B004A7XTKM,B001Q9E9VA,More sexy and edgy,has shorter sleeves
dress,train,dress_train_00834,B0088N12VC,B0065U2QTC,is longer and has floral print,is black
dress,train,dress_train_00836,B00ASWWFP8,B00ATLEFAQ,is exactly,is very similar.
dress,train,dress_train_00837,B0074HOB0C,B00880KBV2,Is more evening and stylish,is looser fitted
dress,train,dress_train_00838,B009XJO6BI,B008FRIFM0,has longer sleeves and less revealing,is shorter
dress,train,dress_train_00839,B007WAFLKU,B009IMP1ZU,is more colorful and revealing,has longer sleeves and is tighter
dress,train,dress_train_00840,B0076ZZP0W,B005Q6JZ40,black dress is more feminsit and party wear,is black and shiny.
dress,train,dress_train_00841,B0097B5XV4,B008G36RO6,is only one shouldered and pink skirt,Is shorter and more revealing
dress,train,dress_train_00842,B003TFDLR2,B00A9T9NOG, and sleeveless,is a plain yellow white dress
dress,train,dress_train_00843,B00F4MWWSM,B00F4MX61E,more flared and higher neck line,is looser and shorter
dress,train,dress_train_00844,B006GF762S,B0036TG1H8,Is a short paisley print dress.,has a pattern and is shorter
dress,train,dress_train_00845,B00C7WQ850,B00CMEMUZK,has cap sleeves and light blue and pink stripes,is blue and pink striped
dress,train,dress_train_00846,B0056F24M6,B003HB4PGO,Has brighter sunshine color,has orange bottom and white top and a floral deisgn in those colors.
dress,train,dress_train_00847,B00BT0N1BU,B00CH9MYQU,Is more yellow and shorter,is a short yellow dress
dress,train,dress_train_00848,B00C5TP5Y0,B00DDVV6HY,is tighter and more revealing,is shorter and darker
dress,train,dress_train_00849,B00D8RZKTS,B00D8RZKM0,is blue floor length skirt that is  loosed and layered,is blue
dress,train,dress_train_00850,B0076R8H0U,B007N6CG9C,has more brown designs and side straps, a darker color and is not one shoulder
dress,train,dress_train_00852,B00EZS2LE6,B003L2UIQU,body con short red dress,is red and more revealing
dress,train,dress_train_00853,B008MVX5TC,B00BUTNPYI,Is a black and foil print sleeveless dress.,shows more cleavage
dress,train,dress_train_00854,B00777ZF7W,B0053ABP3I,is darker and has rounder neckline,is black and longer
dress,train,dress_train_00855,B005H3EV14,B007P50UBC,is longer and lighter,is more peach colored and longer
dress,train,dress_train_00856,B006P127YU,B00434FIBA,is darker and has more contrast,is black and white
dress,train,dress_train_00857,B004FO8ZDG,B005JSXVLS,has sleeves and is blue in color with pattern,Is more patterned
dress,train,dress_train_00858,B008BHCSGI,B008B85EBI,has longer sleeves and dark black,is darker and more form fitting
dress,train,dress_train_00859,B007XD6PP6,B007WA34XG,Has a pink floral top and solid pink skirt.,should have a floral print on top
dress,train,dress_train_00860,B004XBC8FW,B007AAEUPO,is a printed material with spaghetti straps,has thiner straps and is more patterned and colourful
dress,train,dress_train_00862,B00APVPM20,B00AR5NIP2,does not have ruffles and has straps,The desired product is more slimming and less textured.
dress,train,dress_train_00863,B005XW1D38,B0058BPN0S,is red colored,has a purple
dress,train,dress_train_00864,B00BNEOT54,B00BPDCX60,has larger straps,has sleeves and a printed dress
dress,train,dress_train_00865,B005SN1FLM,B008M4QKXW,is more casual with tank top,Is more plain and sexy
dress,train,dress_train_00866,B00599DYKA,B002UHKNGM,has a frilled neckline and shiny,is shiny and longer
dress,train,dress_train_00867,B007FHOMVO,B007O2MG36,is a short leopard pattern skirt,has animal print and is shorter
dress,train,dress_train_00868,B001UL06P2,B009KA1CEE,Is a sleeveless green ruffled dress.,light color
dress,train,dress_train_00869,B009DM13SE,B006DYETUE,is black and white striped, sleeveless
dress,train,dress_train_00870,B006LFOX4M,B00DW5EXBM,this is not a piece of clothing,product is text
dress,train,dress_train_00872,B005UXSVVM,B00368BHVY,is more stylish and revealing,is shorter
dress,train,dress_train_00873,B00E98YVQ8,B004RDQ8W0,is less romantic,is two toned and shorter
dress,train,dress_train_00874,B008X8A5WE,B00BEMDD0C,is paler pink with more material at neck and shoulders,is yellow with sleeves
dress,train,dress_train_00875,B004SG6YYI,B0084JU6JE,is a darker color with a larger buckle,More black and shorter sleeves
dress,train,dress_train_00876,B008FVESQS,B008VEPHW8,black and blue chevron print dress,has blue and black stripes
dress,train,dress_train_00877,B00DW5XLT2,B007WR2YJO,is blue and shorter and form fitting,is blue and shorter
dress,train,dress_train_00878,B009K676BG,B00AY5ZUCO,is solid and pale pink. It has a white and brown belt,Is a blue dress with a tighter top.
dress,train,dress_train_00879,B005SN1HX8,B009LHGZKW,Is a short black dress with sheer sleeves.,is short sleeved and black
dress,train,dress_train_00880,B0075116J6,B00AX8DI5S,3/4 sleeved short black dress,has no red in it.
dress,train,dress_train_00881,B006MPVUO2,B008U8XKCO,has long sleeves and more fitting,is striped and lighter in color
dress,train,dress_train_00883,B006ZUO5PK,B00DGYIHLG,is darker,is darker in color
dress,train,dress_train_00884,B00901EA2E,B0079EHMVK,is cowl neck and printed,is red with floral pattern
dress,train,dress_train_00885,B005DVJGP6,B00B72E6ZU,is knee length and pink,has shorter sleeves
dress,train,dress_train_00886,B00FPO8OOK,B00CLPOZFI, more colorful and tie dyed,has a animal faced print  and looser
dress,train,dress_train_00887,B00CF2X3GE,B00DQCBY1S,is short sleeve and a melon color,is a red color
dress,train,dress_train_00888,B00A3UTD5U,B00EC135HS,black and white with more of a pattern,is longer and poofier
dress,train,dress_train_00889,B008V5OJAS,B00BYVBYCM,is longer length and yellow colored,It is more flowery and more yellow
dress,train,dress_train_00890,B00CSXFZ5C,B00AG697HA,is a highneck and shorter length,has a halter top and is shorter
dress,train,dress_train_00891,B009ZRKV6W,B005F1OFXM,this black dress is too simple and less femineme,It has longer sleeves and less colorful
dress,train,dress_train_00892,B006OL94CO,B0082AAG2C,is blue and white with half sleeves,is blue and white striped with three-quarter length sleeves
dress,train,dress_train_00893,B008S9JN08,B008596IFE,is blue and less revealing,blue with higher neckline
dress,train,dress_train_00894,B00C2VGL7G,B007XCSFYQ,is cold-shoulder and more printed,is printed and slightly darker
dress,train,dress_train_00895,B008DRWC30,B00FM5K2ZG,is sleeveless v-neck,Is more fitted with shojrter sleeves
dress,train,dress_train_00896,B00CP85PCS,B005XID8J4,Is sleveless and shorter.,Is shorter
dress,train,dress_train_00898,B00FL1M3K8,B009K67ATE,is longer and has longer sleeves,the desired product is less revealing than the provided product
dress,train,dress_train_00899,B004HFREXU,B0071GAPYC,is a sleeveless v-neck mini blue blouse dress,is blue and shorter
dress,train,dress_train_00900,B009CMSIV0,B00CMJCJF6,Is a mini dress with a pink and grey pattern.,is pink and faminine
dress,train,dress_train_00903,B008P5Q78Q,B008OXJK9W,is longer and plain white,is white and more conservative
dress,train,dress_train_00904,B00428BYUG,B00CC6ZKPA,is shorter with a solid red color,is more red.
dress,train,dress_train_00905,B00CHR4M76,B00DSRC0SW,Is more whimsical and less belted,has thin straps and is darker
dress,train,dress_train_00906,B008FXBB9I,B0087YZ4MA,has shorter length and detached jacket,is similar but the top is leopard print
dress,train,dress_train_00907,B008SMUFO8,B004QVSUKG,is more pink, bow at waist and more dressy
dress,train,dress_train_00908,B004YN2KW0,B0047MF2BY,is longer and more revealing,is a white and blue patterned
dress,train,dress_train_00910,B00EIQD91E,B00D4BPP6G,is longer and flowery,is yellow with floral patterns
dress,train,dress_train_00911,B002GP5XSG,B003IHVHOK, fitted and more stylish,is a oval neck with a ribbon below the bust
dress,train,dress_train_00912,B00DBD84JW,B00CX8ZDMC,is red and short,is more red and shorter
dress,train,dress_train_00913,B008UCTDR6,B009098A40,is a solid color with sheer,has polka dots and is a sheer fabric
dress,train,dress_train_00914,B00BI58E8G,B00CSZKF1O,has pattern,Is more elegant and white
dress,train,dress_train_00915,B008RUHQ0W,B0079VHXIU,is purple and has one sleeve,is lilac and has only one strap
dress,train,dress_train_00916,B00BL8OLSC,B008VIMALA,is a halter top with an orange print on one side,has sleeves and is darker
dress,train,dress_train_00917,B004Y6R5EA,B0088OZ1A4,has no straps and a different pattern,is more flowing and no straps
dress,train,dress_train_00919,B00G4D1N4O,B006VVN5HW,peplum skirt and top dress,is red with no cutouts
dress,train,dress_train_00920,B00FANWVLI,B005MSJ9UC,its red and more form fitting,more tight with short sleeves
dress,train,dress_train_00921,B007JLOBZS,B009R5CQ7E,has long sleeves and a pattern.,is pink and shorter
dress,train,dress_train_00923,B005OBN55W,B008AHWAAI,has shorter sleeves,is shorter with short sleeves
dress,train,dress_train_00924,B008N2IMN4,B00A8LSKUS,is of the same design but black,Is more black
dress,train,dress_train_00925,B00DP4WHK4,B00B4GJ4BK,is blue toned with tight sirt,it is blue shirt with black skirt and a belt
dress,train,dress_train_00926,B005NXMKLG,B008TS2EHC,is black and white with a longer back,is white with a black overcoat
dress,train,dress_train_00927,B002EANOY8,B002XW2SHG,is shorter,is more multi colored
dress,train,dress_train_00928,B00C5DY8KI,B00BI3E496,is blue and has sleeves,is brighter in color
dress,train,dress_train_00929,B00C1GN2HY,B00BK6VK8O,is long and flowy,is strapless and blue
dress,train,dress_train_00930,B005ACHE0C,B0088A1GCA,is less short and more fitting,is slimmer and more colorful
dress,train,dress_train_00931,B004HYG0DQ,B008409RPW,has no buttons on it,has shorter sleeves
dress,train,dress_train_00932,B00ANC7BPC,B00CV9QUBQ,is yellow and sleeveless,has more yellow
dress,train,dress_train_00933,B0088RT7DI,B00FWGU18S,has more flare and less print,is sleeveless and has a bat pattern
dress,train,dress_train_00934,B00CZ9EO24,B00833D1NY,sleeveless and flowy,is pink and orange and shorter
dress,train,dress_train_00935,B004LLIRX6,B004LLISF8,is longer and more formal,Is longer and more elegant
dress,train,dress_train_00936,B008FRIHGY,B009NOX5ZG,has longer sleeves with a v neck,has sleeves and is black with v-neck
dress,train,dress_train_00937,B0035WTC7C,B002X7A3D2,is a shiny blue,is shorter and darker
dress,train,dress_train_00938,B005CONM86,B00C0WT88G,has wider sleeves and is not as poofy,has no sleeves and is red colored
dress,train,dress_train_00941,B00CW9N89M,B00CMYXYF0,is black and dark green, and longer
dress,train,dress_train_00942,B0096NIADG,B0096NIFI6,is a black turtleneck,is darker and has short sleeves
dress,train,dress_train_00943,B00BRCJ7TU,B008S4CHV0,is very shiny,has short sleeves and blue patterns
dress,train,dress_train_00944,B00BJA0H08,B00B2Q9JZ8,has fewer stripes and more floral embellishments,is a solid pink mini with layers
dress,train,dress_train_00946,B008FPXPUY,B0083M217W,is darker and shorter,has an animal print and is short
dress,train,dress_train_00947,B00FNZN4BY,B00FNZOURQ,is a solid color with less sleeve,is gray colored and no sleeves
dress,train,dress_train_00948,B007Y3CO3C,B007TM3ZLI,is shorter and classy, solid color
dress,train,dress_train_00949,B005GYGK4A,B006ZWDW84,is cream and long,is much longer and lighter in color
dress,train,dress_train_00950,B008OW70KO,B00CMQ6BX0,is red with a v neck,is red
dress,train,dress_train_00951,B00BR3C8GS,B0051N7U7W,looks similar to the provided product but hasmodel wearing it,is shorter
dress,train,dress_train_00953,B0071BF0S8,B0078JKYLG,is beige and sleeveless,is much lighter in color
dress,train,dress_train_00954,B00DH2NLB8,B009V18W9U,has pink top,has a purple bottom that fits tight with a white top.
dress,train,dress_train_00955,B00BU4USMU,B00C2ZF1PA,More white and less revealing,has more over shoulder sleeves
dress,train,dress_train_00956,B00FNZNHFW,B00E60J80I,shinier darker colored and shorter,has a leopard pattern and is more revealing
dress,train,dress_train_00957,B00DJGCPD2,B0051BZ5VW,has thicker stra[s,is more neutral and less revealing
dress,train,dress_train_00958,B009R5CQ7E,B007NJXW0Q,is royal blue,is blue and less fitting
dress,train,dress_train_00959,B00FZAEC5Y,B00EYNV710,is strapless and pink-yellow pattern, sleeves
dress,train,dress_train_00960,B004T6S8X2,B002JM2UAA,Is more evening and sexy,is more colourfull
dress,train,dress_train_00961,B004X2HTFA,B001R90O5Y,has a floral design and goes over the shoulder,sectioned top thqt covers shoulders
dress,train,dress_train_00962,B009AAR4GE,B00E3KIFSM, lighter color,has more black and has buttons
dress,train,dress_train_00964,B009MB1VVK,B008DRWC30,is shorter with long sleeves,is shorter and has longer sleeves
dress,train,dress_train_00965,B005D9QQDI,B0047MDMHA,has a halter top and is purple,Is more sexy and revealaing
dress,train,dress_train_00966,B005CJC2BY,B00A7HZ35S,is of the same design with s,is darker and more ruffled
dress,train,dress_train_00967,B009MQBJ80,B008KCJE0C,has longer sleeves and a different pattern,has shorter sleeves and is darker colored
dress,train,dress_train_00968,B00368BHVY,B005WY6XB4,is longer with longer sleeves, and pleated
dress,train,dress_train_00970,B007NCGPV6,B00AFOMNI8,is longer,is longer and looser
dress,train,dress_train_00971,B00C11QU7I,B00A7ZAZXK,its more colorful and has defining stripes on the side,Tan dress with pink stripes on side and bottom
dress,train,dress_train_00972,B0089G1SEY,B00CJQHXBC,is white,is much lighter in color
dress,train,dress_train_00973,B007WA34XG,B007WAFQ82,has mini floral prints,is black
dress,train,dress_train_00974,B00F2D7OQS,B009FBB0G8,is shorter and has shorter sleeves,is in purple color
dress,train,dress_train_00975,B00CXVMD22,B008FRIHGY,is a brighter blue colour,is blue
dress,train,dress_train_00976,B007W19PR4,B008YQD32O,is shorter and has plain color,is shorter and not patterned
dress,train,dress_train_00977,B005V3FJ3E,B005VIA4S4,is sleeveless with a high-low skirt,is sleeveless and a gown
dress,train,dress_train_00978,B002W0WILK,B005GBWRWM,is hot pink and sleeveless,is much wider and has no sleeves
dress,train,dress_train_00979,B00A16VI2W,B009ITLLC0,is strapless,Sleeveless and shorter
dress,train,dress_train_00980,B008BHS3UI,B00ARBQ8SK,floral short dress with brown belt,is floral red and black.
dress,train,dress_train_00981,B009ATA480,B0099O258S,Is longer with a sheer fabric,is longer and has longer sleeves
dress,train,dress_train_00982,B00GZKN3V2,B00DDZ70BQ,is a blue with a lot of flowers,has big flowers and is more slim
dress,train,dress_train_00983,B0091DQOQG,B008DVXFPA,has longer sleeves and is more red,is more red and has longer sleeves
dress,train,dress_train_00984,B00DSL4QVW,B004U69P7E,has a darker color scheme,Is shorter and tighter fitting.
dress,train,dress_train_00985,B001UHE0LC,B005KMDMB2,has straps and print with sweetheart neckline,has shorter sleeves and has  floral pattern
dress,train,dress_train_00986,B00CIQNEJ8,B0062SP5EU,has sequins on it and is shorter,has more red and less flowers
dress,train,dress_train_00987,B008DGYVU8,B006TAM1UC,Has a lower cut neck line.,has a black print top and solid black bottom
dress,train,dress_train_00988,B0073VE2X0,B0077INB18,is shorter and with a different neck style,is solid blue and comes to a point around the neck.
dress,train,dress_train_00989,B00ADOTJ0U,B007VIJ1YU,is floral and has no sleeves,Is longer in length and is blue
dress,train,dress_train_00990,B00DSGN0NW,B00FO7C6QK,has red shimmering sequins.,is black on bottom and red sequinned on top
dress,train,dress_train_00991,B00CLDPSPG,B00CA7R8EC,has short sleeves. IT flows a bit more at the bottom,has more neutral colors
dress,train,dress_train_00992,B0073LIQ3C,B00BJGULYE,is dark brown colored and two strapped,is all in tan/brown
dress,train,dress_train_00993,B006H2F5Z0,B00AKMWBDM,is more one strapped,is darker and shorter
dress,train,dress_train_00994,B00EZK65TQ,B008BHSHWW, and has a longer hemline, longer and much more formal
dress,train,dress_train_00995,B00A0IEA3K,B008CQB4HC,is more gray,is grey with belt
dress,train,dress_train_00996,B00AOA764O,B00B8V38S6,is black wit two tiers,Is more elegant and less casual
dress,train,dress_train_00997,B00CSH8852,B00EQ0D2JQ, shoulder free and ruffels,Is more fitted and chic
dress,train,dress_train_00998,B005C83QW4,B0075NJW2M,has more flare in skirt and solid black,is more black
dress,train,dress_train_00999,B00DWPDDE0,B00904PXTA,is green and has a looser fit,is turqoise with black trim
dress,train,dress_train_01000,B00C4XCXJM,B00GO987SS,is black with a v shaped neck,is black and has long sleeve
dress,train,dress_train_01001,B002UD64PK,B003D7L44I,Is yellow and tight at the waist.,is vibrant yellow
dress,train,dress_train_01002,B00DMG6T4K,B00BCPK8YU,is solid black in color,is sleeveless and fitted waist
dress,train,dress_train_01004,B00AEMHMMS,B005Q7J3XM,longer sleeves and more black,Has capped sleeves and no belt.
dress,train,dress_train_01005,B0036Z32LA,B002M5F7TA, shorter skirt,brown with shorter sleeves and ruffled fabric
dress,train,dress_train_01006,B006ZUE8Z2,B006ZQVUQQ,is black and short sexy,is thinner fitting.
dress,train,dress_train_01008,B00E3WF2DQ,B00GCSRRV4,has 3/4 sleeves,is shiny
dress,train,dress_train_01009,B008P42O66,B006T7FEK4,one shoulder short purple dress,purple with single strap
dress,train,dress_train_01010,B00DFDO62M,B00D503ADG,Is lighter with a bright pattern.,is white with floral patterns
dress,train,dress_train_01011,B00DM0RNMI,B00EODXP2Y,has long sleeves and shiny grey,is in solid white with long sleeves.
dress,train,dress_train_01012,B0072NKNIC,B00CX8EZTY,has longer sleeves with more blue tone,is shortsleeve and rounded neck
dress,train,dress_train_01013,B009KQV00E,B009KQV928,has two colors and a scoop neckline,is red with a silver trim
dress,train,dress_train_01014,B000GLDM12,B00A17K81I,is brighter red and has less black,cap sleeves
dress,train,dress_train_01015,B00777ZGMQ,B007UNTRO0,is red and free at the waist,is red and less revealing
dress,train,dress_train_01016,B009S3HYQ8,B009S3HW7Y,is light blue colored and has two straps,is capeless and light blue
dress,train,dress_train_01017,B009N9YUP0,B008A5AI0O,has orange and white pattern, flared
dress,train,dress_train_01018,B004I7F0YW,B003QJR0N2,is darker,has diamond shapes and has no sleeves
dress,train,dress_train_01019,B00CBV4KQQ,B003AM7L0C,Is more satin and evening,Is more purple and exposes more skin
dress,train,dress_train_01020,B00B5MJSJQ,B00CI0D606,is more revealing and sleeveless,has a silver belt and low neckline
dress,train,dress_train_01021,B0036MEL5Y,B002SNALE2,is darker and has longer sleeves,has longer sleeves
dress,train,dress_train_01022,B006GJJ44M,B00EEFEEAE,has defined sections and wide straps,is sleeveless and striped top and black skirt
dress,train,dress_train_01024,B002ADKONS,B008N0L8IM,has a pink top and black bottom,the dress is more revealing and shorter
dress,train,dress_train_01025,B0080E699O,B007WAEKJI,is cream open and more revealing,is light pink
dress,train,dress_train_01027,B008FEOHC0,B008AK0IWW,is a tan cowl neck long sweater, is darker and has long sleeves
dress,train,dress_train_01029,B005J29V4K,B005C83QW4,is gray and has half sleeves,Is less colorful and tighter
dress,train,dress_train_01030,B007FP788K,B0091S4VUM,is more revealing,has longer sleeves and is darker colored
dress,train,dress_train_01031,B002AS57KI,B00115GWA0,is sea blue color with less flare,is more shiney
dress,train,dress_train_01032,B004YKDHVQ,B004YKSCX4,has smaller prints,Is more patterned and less floral.
dress,train,dress_train_01033,B009FTXD3I,B00833CMSY,is lighter,is lighter in color
dress,train,dress_train_01034,B004SG6YYI,B00BGQWP0K,is more patterned and has shorter sleeves, backless and more sexy
dress,train,dress_train_01035,B005FOCC7A,B00A2WT6T2,is darker and has longer sleeves,is olive green in color
dress,train,dress_train_01036,B00BI3WXJ4,B00BQML898,is sleeveless and less blue,is in yellows and peach colors.
dress,train,dress_train_01037,B00BMLAUNS,B00CLF45CQ,is lighter and shorter,is fitted and more revealing
dress,train,dress_train_01038,B007WAD292,B004XDJT48,no sleeved sheer orange and green dress,is a sheer fabric and has a scoop neckline
dress,train,dress_train_01039,B004ECJWVI,B006MW3CTG,Darker and not as shiny,.
dress,train,dress_train_01040,B005O7ET2Y,B004ZWGHGU,is two color with black,black and white with two straps
dress,train,dress_train_01042,B00DH06XU6,B00FA3ZGPQ,has a collar and is shorter,is beige and is shorter
dress,train,dress_train_01043,B004ZIGJDU,B004UO4NQ4,Is shorter with floral print.,is more green and shorter
dress,train,dress_train_01044,B00D8RZKI4,B00D8RZKTS,has a black skirt,is black
dress,train,dress_train_01045,B002ECOKNA,B002QUR3FW,is darker,Is black
dress,train,dress_train_01046,B00CL5XO82,B00GVX1P4A,has short sleeves and larger print,is red and black plaid with elbow length sleeves
dress,train,dress_train_01047,B00C6PPH8M,B0053W3ZCK,is less casual,has a black and white pattern
dress,train,dress_train_01048,B00CLDANDI,B009KM5EQO,has white buttons,has cap sleeves and white embellishments
dress,train,dress_train_01049,B00DZYKQK2,B00EZZOS5Y,has sleeves and a belt,More body hugging and casual
dress,train,dress_train_01050,B008OVNJVE,B008G3LC3M,is looser and has has shorter sleeves,Has more blouson top and solid black
dress,train,dress_train_01051,B005OOH0VE,B0042PQU6C,is shinier silver with a defined waist,all grey with buttons
dress,train,dress_train_01052,B0085IY406,B00BI4KLU6,is black with no straps, and isn't as long.
dress,train,dress_train_01053,B002UNLUM2,B002UNLLZI,is less revealing,Is longer and more  plain
dress,train,dress_train_01055,B006VA9GTE,B00D502PHI,has short sleeves and lighter color,is pink with short sleeves
dress,train,dress_train_01056,B002RL7ZF8,B008OC8IF0,is solid blue with short sleeves,is solid blue and short sleeves
dress,train,dress_train_01057,B0071ZY19I,B00606BKMK,is darker and doesn't have a collar, blue with a blue belt
dress,train,dress_train_01058,B00AZYXPDA,B008QZFMKO,is pale pink,It is more belted and pleated
dress,train,dress_train_01059,B003COZFCO,B00BI5NZ4E,ruffled white dress with belt on waist,is white and flowing
dress,train,dress_train_01060,B009S3GWTI,B006WXQQDO,is longer and sleeveless with a v-neck,has no sleeve and more art
dress,train,dress_train_01061,B007OZSTJS,B00B09IUFC,is strapless with stripe pattern on skirt,is lighter
dress,train,dress_train_01062,B00BWU7PK0,B0072NJYQE,is strapless,is longer in length and multicolored
dress,train,dress_train_01064,B007RTTXIW,B005LC6E2A,has a tie belt and is red,is red with a belt
dress,train,dress_train_01065,B00CFXUOS8,B005SVSPMQ,is more detailed and is black and white,has a floral print and shorter sleeves
dress,train,dress_train_01066,B005LC3UCC,B0087X7O9C,is longer in length and less revealing,is more flowing and ruffled
dress,train,dress_train_01067,B0032MZ4AE,B0029LMYG6,is blue and has half sleeves,peter pan collared
dress,train,dress_train_01068,B00ASWX7VO,B00CBVHV3U,is strapless and a ballgown,no strap and much fuller gown bottom
dress,train,dress_train_01069,B00A9JVC86,B00C5TNYRA, black dress with a u shaped neck,has a sea themed pattern
dress,train,dress_train_01070,B00DM2H6EQ,B008F4DYIS,is more black and has a redder belt,Has less color
dress,train,dress_train_01071,B00EVQVGSY,B007FG08G8,is pink and black and sleeveless,magenta top and shinier
dress,train,dress_train_01072,B005LVJWQ6,B002MFVGX6,is red and sleeveless,Is a red dress without arms and full length.
dress,train,dress_train_01073,B00ECL58UA,B00C5W165O,is a long black dress with short sleeves,is a black dress
dress,train,dress_train_01074,B00CV3O1HM,B00A9QYBJQ,is more elegant,longer and luxurious
dress,train,dress_train_01075,B00C943OCQ,B004RLHBNM, doesn't have sleeves,is a gray patterned maxi dress with spaghetti straps
dress,train,dress_train_01076,B0084DQV58,B008R8KQXS,is shinier and is shorter,is red and sparkly
dress,train,dress_train_01078,B004IP8QHW,B004I6PIPY,is lighter with no sleeves,is solid brown
dress,train,dress_train_01079,B005HS56DG,B00DCCM9OI,Is brighter with ombre colors.,is longer back and green tie dyed
dress,train,dress_train_01080,B001P2IS4M,B00ATFWT14,is cream colored and one shouldered,is in all white with one strap only.
dress,train,dress_train_01081,B006ATD8CM,B0029NY8EA,is sleeveless and a different pattern,is strapless
dress,train,dress_train_01082,B005X4PJ9K,B005X4PHMY,is pink with two straps,frilly and pink and sleeveless.
dress,train,dress_train_01083,B00DBZXSGO,B00D178UAG,is beige colored and shorter length,is short and tight in tan.
dress,train,dress_train_01084,B002TYZH6W,B0070SST2Q,has more colors,It is not plain and less satin
dress,train,dress_train_01085,B006W1UVSW,B00DNW5NRW, with half sleeves,is black and more revealing
dress,train,dress_train_01086,B007K4XTKC,B00D71546Y,This product has vibrant colors versus the other dress,colorfull and outgoing
dress,train,dress_train_01087,B00GBNC3IM,B004SYQ7YM,is shorter and brighter colored,is magenta and shorter
dress,train,dress_train_01088,B007R1PZVE,B0082ABDIS,Is shorter and has longer sleeves,has longer sleeves and is shorter
dress,train,dress_train_01089,B00D3CWI8O,B004SG6YYI,has shorter sleeves and is less colorful,is darker and belted with shorter sleeves
dress,train,dress_train_01090,B00BL4UPXQ,B001ELTWX0,is a short black dress,is black and below the kneww
dress,train,dress_train_01091,B004Q9T7YG,B00385WPRU,is more stripes and has more cleavage,is shorter and has shorter sleeves
dress,train,dress_train_01092,B0053WRGB6,B004FR47U8,is solid pink with ruffles on neck,is light in color and solid
dress,train,dress_train_01093,B009EO78KI,B00BJHWZHY,is darker and has shorter sleeves, sequined neckline with pleated
dress,train,dress_train_01094,B00AIWH88C,B00GIEE0XU,is darker,is in solid grey and drapes well.
dress,train,dress_train_01095,B005VLY6EE,B00DOX4HOA,is pink and shorter,shorter skirt and pink
dress,train,dress_train_01096,B003TW4N7M,B0038HFPIY,is less revealing,is black with straps
dress,train,dress_train_01097,B007PU6SDG,B008AV77V6,has cap sleeves and is solid black,is short sleeve and black
dress,train,dress_train_01098,B004IK9D4W,B004BDP0YI,is shorter and has both straps,has different straps and is blue
dress,train,dress_train_01099,B007IR1SFE,B006ZTCY54,is black with one sleeve,is black and cinched
dress,train,dress_train_01100,B007WPHUYU,B006WIMIIQ,is darker,is darker and more revealing
dress,train,dress_train_01101,B004JQOL7Y,B003AM8BVU,is more tight fitting,has more stripes
dress,train,dress_train_01102,B00ASR7A1M,B007R1YO6Q,is more white and sheer,is more formal
dress,train,dress_train_01103,B006N02VX0,B004T7XCOG,Is longer with a colorful pattern., wrap
dress,train,dress_train_01105,B004U9L29U,B0094S2XPY,is a brown dress with long sleeves and a v neck,is shorter
dress,train,dress_train_01106,B008OW31Y8,B00BWKXH5W,is green dotted and belted,Is green and belted
dress,train,dress_train_01107,B00CW9IVXU,B00C97FCYG, long sleeved dress. The left side is black,is a white dress wiht a blue jacket
dress,train,dress_train_01108,B007VOHB64,B004H3XMLA,black and white 3.4 sleeved dress,is shorter and has longer sleeves
dress,train,dress_train_01109,B008SCIKYA,B004SCC5JK,Is a light blue floral summer dress.,should have a V neck and be shorter
dress,train,dress_train_01110,B00925CZH0,B00925CXK4,is a green dress and less revealing,has halter strap and colorful
dress,train,dress_train_01111,B005X0RK96,B003YDV2PM,is more white and less black,more white
dress,train,dress_train_01112,B000UM0YCC,B000UM0YLI,is short and more rvealing,much longer
dress,train,dress_train_01113,B00A13ES0O,B006NOCNE8,has a floral pattern with short sleeves,has more colors in it
dress,train,dress_train_01114,B007WA25QS,B0056JJC7C,is more black and flowing,is more flowy and darker in color
dress,train,dress_train_01115,B005PSKTRQ,B008HQKNS8,is shiny beige,Has a latex look and lighter color
dress,train,dress_train_01116,B0088IMA2W,B008IBMTZW,is red with black rim and looser,is a sold red color with black piping at the top
dress,train,dress_train_01117,B008VPXVTS,B005R5216O,is floral brown,is orange and patterned
dress,train,dress_train_01119,B0074PVBXY,B00806417O,more sweater-like with turtle neck and longer sleeves,has a turtle neck
dress,train,dress_train_01120,B009VYW3Y2,B001ASH8OW,is more billowy,is gret with pockets
dress,train,dress_train_01121,B0098NURY4,B0073HKTJA,is black and less form fitting,Is longer and black.
dress,train,dress_train_01122,B005G16AIO,B002BUC36G, fitted and much shorter,is white and black patterned
dress,train,dress_train_01123,B00C5TP5Y0,B00DDVV67E,is more revealing and less casual,is all black with spaghetti straps
dress,train,dress_train_01124,B005KP5M26,B00BPHA8OU,has shorter sleeves,is a grey pattern with short sleeves and fitted
dress,train,dress_train_01126,B00C87GHPU,B006BBKH6E,has a knot design around the waist,is a lighter solid color and has a lower neckline
dress,train,dress_train_01127,B00ADUHCP8,B00AEU08D0,is shinier,has straps and tighter fitting
dress,train,dress_train_01128,B00E1Y17U8,B003ILMHN6,has long sleeves and a turtle neck,the dress is green with longer sleeves
dress,train,dress_train_01129,B00CIV276Y,B0080GMQZS,is brighter in color,has a black and white print with yellow belt
dress,train,dress_train_01130,B008L0LOP6,B009AOO2WO,Is more animated and chic,Is more monochromatic and shorter
dress,train,dress_train_01131,B0089NBBHQ,B005OOGPT2,is purple and has one sleeve,is one-sleeved and lighter colored
dress,train,dress_train_01132,B00FHOPC1Q,B007XD6BM8,is white and dark red with shorter sleeves,is shorter and maroon
dress,train,dress_train_01134,B008E6IBEY,B001N450MU,is tighter with one strap only,is striped and off one shoulder
dress,train,dress_train_01136,B00115GWA0,B00AF9W4VY,is blue floral in color with straps,blue swirl pattern with straps
dress,train,dress_train_01137,B006JYB8H0,B00ETITRJ4,has sleeves and is a darker color,has slightly smaller sleeves
dress,train,dress_train_01138,B008V5OKTI,B005FOE7F0,Has a blue color and is flowy,teal and strapless
dress,train,dress_train_01139,B00EYPSU4A,B00FY00XOO,has two straps and a hi lo hem,is more red
dress,train,dress_train_01140,B004QTQ8FW,B004QTQ8DE,is belted with a solid top and printed bottom half,has a black top and looser bottom
dress,train,dress_train_01142,B002TKJM76,B004A7XU5G,it is longer and not so puffy,Black with tang-top sleeves
dress,train,dress_train_01143,B007TM4AXK,B00BJ8IQRQ,is a u shaped darker dress, instead has a black stripe and cream colored bottom.
dress,train,dress_train_01144,B008ASQO4U,B005RXTG8W,is blue with black on top,is blue and shorter
dress,train,dress_train_01145,B00FY00XOO,B00EYPNZ9U,is black with a v shaped neck,is black and less open on bottom
dress,train,dress_train_01146,B007SDKHPK,B000FNMM1M,is black with flowers,has no sleeves and has a flower pattern
dress,train,dress_train_01147,B007V0B8IU,B009H4PZTQ,is shiny cream in color,is white and textured
dress,train,dress_train_01148,B009YMA3DY,B007ZUV2O6, no sleeves,has longer sleeves and a white pattern
dress,train,dress_train_01149,B009IO0B9E,B00CW68LA6,has more green tone,is lilac colored.
dress,train,dress_train_01150,B00CH38QMC,B008B6Q8EW,is longer and darker,is longer and black and white
dress,train,dress_train_01151,B004R9PFDW,B00C9ZYLJ0,is a pink skirt with a belt,is a lighter color
dress,train,dress_train_01152,B00BZD0T5W,B00B5221CM,More flowery and longer, brown pattern
dress,train,dress_train_01153,B008CTQHEE,B0098JSM4U,has a solid black top with printed bottom,has a black top and printed skirt
dress,train,dress_train_01154,B008SMUFO8,B005K93DBO, polka dot skirt,has more colors and is more revealing
dress,train,dress_train_01155,B0093GYDW8,B008YE25AC,is long sleeved,Has longer  sleeves and striped
dress,train,dress_train_01156,B006VNLCAW,B006LFF850,is black,is black and has narrower straps
dress,train,dress_train_01157,B008A4ONII,B00D24OKWU,is black,has more colors
dress,train,dress_train_01158,B00CX8GYR0,B00D2CX1CW,less fitted and white, knee-length
dress,train,dress_train_01159,B00EKX0MZQ,B00CRLQ9HI,has no straps and has a different pattern,is more colorful and strapless
dress,train,dress_train_01160,B004RUBBVG,B0042AKRVQ,has short sleeves,is a V-necked drop shoulder sleeved short dress
dress,train,dress_train_01161,B009NCHCAM,B004U9L2IQ, that flows out more in the back,Blue strapless dress.  White belt.
dress,train,dress_train_01162,B006FRREVU,B001GCVG8Q,is black and flowy,is black with a round neck
dress,train,dress_train_01163,B00BBC00EC,B00BWS293U,is more patterned and darker,has a floral black print with longer sleeves.
dress,train,dress_train_01164,B0006HJ8FU,B007Y7MJ4M,is shorter with short sleeves,is shorter and has short sleeves
dress,train,dress_train_01165,B007WATXBI,B008DS1M2Q,is plain blue, with a blue Floral Design.
dress,train,dress_train_01167,B00935M452,B00935NINY, with purples,is more blue and more patterned
dress,train,dress_train_01168,B008BBCSAK,B00A3HL086,Is more fitted and sexy,is black with straps
dress,train,dress_train_01169,B009CMSIV0,B005J6DBOW,is orange with feathers,is red with a feathery neckline
dress,train,dress_train_01170,B00DFYTEM8,B00DDH9WY2,its shorter and has a pink belt,has a pink belt
dress,train,dress_train_01171,B009F0YWVE,B00CLF50WK,shorter and sleeveless and fitted,is a lighter color and is shorter
dress,train,dress_train_01172,B007MERN3O,B00F39BGA6,Is longer and more evening,is floor length and more formal
dress,train,dress_train_01173,B00FF5VQ9Y,B002E9S2SC,is a casual blouse with jeans,is a white shirt with jeans
dress,train,dress_train_01174,B00BWW1HM0,B00C6DY14U,has more of a halter neck strap,is v strap and striped
dress,train,dress_train_01175,B00C1GN2HY,B00CA3INU4,lower oart of the dress is green,is black with straps
dress,train,dress_train_01176,B00BJMIKPK,B009DMMTPA,Lighter and shows cleavage,has a rounder neckine
dress,train,dress_train_01177,B00A36MTLE,B00A36O6ZQ,is two colors and has a jacket,is cream and black and more office like
dress,train,dress_train_01178,B00CGYK4Q8,B0074KCC0K,is a red animal print coat,is a red leopard coat
dress,train,dress_train_01179,B0036MEHQ2,B0062JNT4W,is fitted with a flair waistline,Dark Color
dress,train,dress_train_01180,B007P1PE8U,B0030MI1ME,Is more fitted and chic,more penciled and bigger shoulders
dress,train,dress_train_01181,B00FFXY5US,B004QP213Y,The purple dress is more delightful,is more animated and more colorful
dress,train,dress_train_01182,B0062FMSIY,B0099DBTYU,is more colorful and shorter,is strapless and a brighter patterned fabric
dress,train,dress_train_01183,B0091QUF86,B008YQMGOK,is longer,longer fit and flare skirt
dress,train,dress_train_01184,B009Q1ISH6,B00B9D2SZW,has shorter sleeves and a floral pattern,is lighter with a pattern
dress,train,dress_train_01185,B002ZG8RUW,B00303GM4M, designed fitted and has two colors,Has scoop neck and slight tiers from waist downward.
dress,train,dress_train_01187,B00BI1ZLMW,B00BU75AUW,is darker and has no straps nor sleeves,is strapless and is more fitted
dress,train,dress_train_01188,B005TD07GK,B007WATXBI,has a white top with black skirt,is sleeveless and has bows in the front
dress,train,dress_train_01190,B002M5KUZ6,B005BG586E,Is shorter and more fitted,is black
dress,train,dress_train_01191,B008ZSNJJI,B00BU4U3GG,has no straps and strips,Is striped and has more colors
dress,train,dress_train_01193,B008BWUW52,B002KMRR2U,is darker and sexier with no cap,is black and is more revealing
dress,train,dress_train_01195,B004U49NDW,B003AI4HZI,is green short sleeved dress with a brown belt,Is belted and green
dress,train,dress_train_01196,B00CY9F6OA,B00B3EHXH0,is black and purple,is longer and less revealing
dress,train,dress_train_01197,B00ARAXBAE,B002L16Q36,is solid greay and slightly longer,is black and v necked
dress,train,dress_train_01198,B005D9QQDI,B00CPLY10M,has longer sleeves without flamingos,has 3/4 length sleeves
dress,train,dress_train_01199,B0088MPGH4,B008BMWETY,has two thick straps and is printed with cut out waisr,has more patterns and black
dress,train,dress_train_01200,B009NI9SB2,B006ZJ76NE,is black above kneee lenght and long sleeves,has longer sleeves and black colored
dress,train,dress_train_01201,B00CTLHJFM,B009LIFH78,is more fitted,is red
dress,train,dress_train_01204,B004Q7DECY,B0027CTSMU,has shorter sleeves and is less formal,is more revealing
dress,train,dress_train_01205,B007FHOMVO,B007OH16YQ,is shorter with longer sleeves,is sexy and shorter
dress,train,dress_train_01207,B005OAZU5G,B004PEIAQI,has thinner straps with prints,has spaghetti straps and a pattern
dress,train,dress_train_01208,B005KILVOG,B008FWW6MU,is more green with slit sleeves,Is lighter in color and shorter sleeved
dress,train,dress_train_01209,B00EYNV710,B00G4D1N4O,it has halters and black,is solid black with a fishnet strap.
dress,train,dress_train_01210,B004JU2BUY,B007KZZGTI,is green in color and round shaped on the neck,is green and tonal
dress,train,dress_train_01211,B005EVNJ1C,B003RRWD62,long sleeved black dress,has longer sleeves and black colored
dress,train,dress_train_01212,B001GCVGI6,B008R787XA,is orange and red designs,is shorter and lighter
dress,train,dress_train_01213,B009S3HL98,B006W6EHDW,is shorter and purple,is purple and shorter
dress,train,dress_train_01214,B00EIX7WB0,B007WZJ8IG,is a solid color with spaghetti straps,is one color
dress,train,dress_train_01216,B0073VE2X0,B004ZIJB8A,is sleeveless and squared necked with tweed checkered pattern,is more brown and textured and high necked
dress,train,dress_train_01217,B00BMS4LVS,B00EARG9BS,Floral print dress,darker and has shoulders
dress,train,dress_train_01219,B005KJD1FW,B002GYW06K,is a checked blue dress,has longer sleeves
dress,train,dress_train_01220,B00EZ7GUZ8,B00F6ATNUM,has shoulder straps,is longer and is less revealing
dress,train,dress_train_01222,B007C4BTYS,B00CGJZJ22,is pink and black with shoulders covered,is less revealing
dress,train,dress_train_01223,B00DLADAKS,B00EFASLMU,is long and free,has blue stripes and is in black.
dress,train,dress_train_01224,B0088AZ6MQ,B0088AZ78E,has no straps,is sleeveless
dress,train,dress_train_01225,B003VWOX6Q,B004ZLBGAI,is shorter and a darker color with a pattern,is shorter and more revealing
dress,train,dress_train_01226,B00B3Y6U24,B004P8IQZ4,has a high-low hem and a tube top,isn't in blue and drapes in peach coloring.
dress,train,dress_train_01227,B00DQ11C2A,B00G7H3BQU,Is darker with long lace sleeves., fitted shorter
dress,train,dress_train_01229,B004OYUJYU,B000ESO3ME,has long sleeve,is a different shade with thin arms.
dress,train,dress_train_01230,B00E3KIFSM,B00C59LZ6W,is white with flowers and is more flowy.,is longer
dress,train,dress_train_01231,B00DVH1Z4Y,B00DFYTK3Q,A denim short dress.,is blue with denim fabric
dress,train,dress_train_01232,B00B8VH31E,B008KL8FXA,knee length 3/4 sleeved drss,Is longer sleeved and shorter in length
dress,train,dress_train_01233,B004IPQQ4W,B009V1RH0A,is black and short with v-neck collar,Has longer sleeves and is less vintage
dress,train,dress_train_01234,B009XEPSN8,B009XEPWO8,is darker with longer sleeves,is more revealing
dress,train,dress_train_01236,B00C2VGL7G,B003BIFO5O,is more drapy and is silver,is darker and has a lower neckline
dress,train,dress_train_01237,B0032MZ4AE,B00BMHIV9M,is shorter and solid black,belted
dress,train,dress_train_01238,B0062FN12G,B006WIDURY,has more ruffles and assymetric shoulder strap,is a mint green with a ruffled neckline
dress,train,dress_train_01239,B00ACD8MP0,B00GREXWJY,is shorter and more sporty,is shorter in length and more monochromatic
dress,train,dress_train_01240,B005LCEQXE,B008HRMKGU,Longer and darker,is striped and long
dress,train,dress_train_01241,B008O4ZT9Q,B00DHBTMFS,is pink and below knee lenght,has more pink and no buttons
dress,train,dress_train_01242,B003HP6DLK,B00EDZUYEU,is looser around the breast area,is less sexy
dress,train,dress_train_01243,B00E5O5UCA,B00DC6U9WS,is darker adn strapless,is strapless with a pullstring top
dress,train,dress_train_01244,B0081503Z8,B004QF0QXQ,is more patterned and colourful,has many different colors and closed up top
dress,train,dress_train_01245,B004RDQ9MY,B006GG0G6A,Colorful and no shoulders,has no sleeves
dress,train,dress_train_01246,B002AS57KI,B005OOJXNM,is more black and white, and purple with no wrap around style
dress,train,dress_train_01247,B00CTT4FFG,B00CYSNFDK,is solid black and fuller,Is less revealing
dress,train,dress_train_01248,B0091S553O,B00BSNJYGY,is brighter and with no sleeves,3/4 length sleeves
dress,train,dress_train_01249,B00BKRMX7A,B00BKRLSZS,is short,has sleeves
dress,train,dress_train_01250,B008DSN2WO,B007WA3HDI,the desired prdouct patten is diffrent and the colur is Golden & Black   comapre to privided product,has bolder graphic and is more stretchy
dress,train,dress_train_01251,B003XDTGWO,B008142A1O,is longer and slimmer,is longer
dress,train,dress_train_01252,B00EA8YB1W,B00CC3Z8Y6,is red with no straps,Strapless red dress with ruffle on top
dress,train,dress_train_01253,B006J43C9C,B003TW4N7M,has no straps,is strapless with some pattern
dress,train,dress_train_01254,B00DHDDBL2,B00BUKKAY0,has longer sleeves and more revealing,is long sleeve and v neck
dress,train,dress_train_01255,B00DBJZAFC,B0094QX6X4,is blue and sexy with stripes on sides.,is red colored and no sleeves
dress,train,dress_train_01256,B004JU2BAY,B007RM3HMW,Is more satin and vintage,is a halter top and red
dress,train,dress_train_01257,B007XD6DEE,B008P7XF34,is flirtier and has a tub top,is navy
dress,train,dress_train_01258,B007JLQFEI,B00AAUXG74,is purple with long sleeves,has longer sleeves and is bluer
dress,train,dress_train_01259,B00DG6SMMS,B00DEL6V6Y,is brighter colors and sleeveless,is orange colored with art
dress,train,dress_train_01260,B009XIR152,B007CJM0NW,Is blue with white dots.,has less red components
dress,train,dress_train_01261,B008VEPP9I,B00BPRK3AE,is miss sixty,name brand
dress,train,dress_train_01262,B008AHWAAI,B00B2MZ4WO,is white and tighter fitted,The desired product is shorter and has a deeper neck-line.
dress,train,dress_train_01263,B009R3CYLO,B0030MHYHW,is shorter and is a darker color,is shorter and darker
dress,train,dress_train_01264,B00CTQ8BGI,B008VXXT2Y,is shiny and straight hemline,is shorter and more gold
dress,train,dress_train_01265,B002PEH0UW,B002PEH0F2,is a purple color with same design,is more purple
dress,train,dress_train_01266,B008958XHA,B00B86CWN8,has a closed cleavage,is fuller and has a geometric pattern
dress,train,dress_train_01267,B0032GVRNS,B008L8GPLQ,is solid black,is one shouldered and has blue pattern
dress,train,dress_train_01268,B00CL0KUU2,B0091M4ZTU,is bright blue and loose fit, and red.
dress,train,dress_train_01269,B0051N2MCK,B007CLPTMY,is tan and is shorter in length,is a light tan and shorter
dress,train,dress_train_01271,B0013CKV5S,B000VRZY3A,is red and classy,is red and shorter
dress,train,dress_train_01272,B003A4HU10,B00AEJMNB6,is more revealing,is more punky and has pants
dress,train,dress_train_01273,B0091QF4N2,B007Y2CWLM,Is more casual,is royal blue with short sleeves
dress,train,dress_train_01274,B007JX9DO0,B007JX9DAO,is purple and longer sleeves,is more brightly colored
dress,train,dress_train_01275,B004P88NOI,B005EJGZLU,has longer sleeves,is black with long sleeves
dress,train,dress_train_01276,B000WNPYQU,B00AFVIY9I,is more fitting and snug,is black with straps
dress,train,dress_train_01277,B008BRFJDC,B00CP85PCS,A sleeveless striped dress.,is two toned and sleeveless
dress,train,dress_train_01278,B00COQ7RZY,B00C6TWSB2,is black and more free-flowing,is black and looser fitting
dress,train,dress_train_01279,B00CAUYBWQ,B00BPBCUBA,is solid black with sleeves,is plain
dress,train,dress_train_01280,B00BXDNK2I,B0082GUBW6,is silver and black,Frilly and black
dress,train,dress_train_01281,B008VPXVTS,B00ALSQNZC,has a closed front and is belted,has a belt
dress,train,dress_train_01282,B007N0BY8W,B00C6601YG,Is more fitted and more floral.,is floral and longer in length.
dress,train,dress_train_01283,B008CQ9GKY,B00ATLH0HQ,has a different pattern,is black with diagonal stripes
dress,train,dress_train_01284,B0087D760E,B00BEU0W9O,is a longer length and a lighter color,is lighter and has a see-through neck
dress,train,dress_train_01285,B007HLE4LG,B009P9DPLI,has darker detailing,more casual
dress,train,dress_train_01286,B00A1AJ9TW,B004TQJ32W,is blue green with longer sleeves,is more brightly colored
dress,train,dress_train_01287,B00AYWXTES,B008OW80JE,has flowing sleeves and a gathered top,is a cream color
dress,train,dress_train_01288,B00EZZOM28,B00A83SR7C,this dress looks too simple,is brown and longer
dress,train,dress_train_01289,B008CCY3RE,B00EZEV2S6,is more revealing,is darker and a tanktop
dress,train,dress_train_01291,B007W19PR4,B007XT43TA,3/4 white dress to the knee,is white and tigher
dress,train,dress_train_01292,B00C6PPT6W,B006ZUXXL2,has a lower necklines and is belted, a belt and a lower neckline
dress,train,dress_train_01293,B008VPXVTS,B008VPX4IQ,Is more whimsical and purple,more professional and patterned
dress,train,dress_train_01294,B007R1PZVE,B005DTEAPY,is sleeveless and lace around neck,is solid black and shorter and sleeveless
dress,train,dress_train_01295,B007ZP0DFA,B006J3HYSS,is orange and longer,It is longer and more elegant
dress,train,dress_train_01296,B0058T1N0Y,B0092TIQA6,is red and has longer sleeves,is conservative and red
dress,train,dress_train_01297,B00DPZ8F4U,B004CMF336,body con sheer black dress,Is a sheer negligee rather than a long solid dress.
dress,train,dress_train_01299,B003AM83K4,B0085F6PAG,is a deeper shade of red,has small straps and red
dress,train,dress_train_01300,B00BIPLHSA,B00C12KNES,is less tight and long,has a scoup neckline and is much longer
dress,train,dress_train_01301,B009RLGYHQ,B009RLGYGW,is solid black,is black with faint red piping
dress,train,dress_train_01302,B00CJTAM30,B00BUKL2QU,short floral printed dress,is shorter and has a brighter floral pattern
dress,train,dress_train_01303,B009IUL3Y0,B006K1IX34,Has a sheer fabric over the dress, v necked
dress,train,dress_train_01304,B009G0RHM4,B0091IZ11K,long sleeved black dress,long sleeves and no pattern
dress,train,dress_train_01305,B008OZSN8O,B006BFNT8S,is black with netted short sleeves,has fewer ruffles and lacy cap sleeves
dress,train,dress_train_01306,B008ROQ9NI,B0098BVGCS,is shorter,has white and orange color
dress,train,dress_train_01307,B00CIQO48S,B00D417HDK,is white in color and plain pattern,is purple and black
dress,train,dress_train_01308,B006U135LO,B0080IBNEQ,less fitted and shorter green color,is blue and tighter neck
dress,train,dress_train_01309,B0088MVHJ0,B0088MVC5E,is lighter colored with a print,Is light grey with white markings
dress,train,dress_train_01310,B00AVVAW1K,B00BUK5WZ2,is green with a belt,is green with a tie belt
dress,train,dress_train_01311,B002UD64PK,B007GP6ID0,has long sleeves,Is chevreon blue with long sleeves
dress,train,dress_train_01312,B00CVTLXH2,B00CVTLEEY,has more color variation and looks more caribbean,Is blue
dress,train,dress_train_01313,B00B7GHK68,B005JDAJD6,is yellow colored,is yellow with logo
dress,train,dress_train_01314,B007VE51IE,B007Y9T2LS,is lighter, shorter skirt
dress,train,dress_train_01315,B00DQNDOFQ,B00DQNCC5O,Is darker with a belted waist and long sleeves.,is longer and darker and has longer sleeves
dress,train,dress_train_01316,B00DDZ70BQ,B00BRC83ZO,has red short knee and white floral,is in a red floral print instead.
dress,train,dress_train_01317,B004W4YRD6,B007RLXB7O,has longer sleeves and a pattern,is printed and has longer sleeves
dress,train,dress_train_01318,B00A16F8JQ,B00A16F97C,a collared blue and white striped dress,has horizontal stripes
dress,train,dress_train_01319,B00CDZNKIY,B007NLX16O,is more red,is red and slim
dress,train,dress_train_01320,B00DJZP7LK,B00FNZN4BY,longer sleeves and red on top,has different sleeves and a red top
dress,train,dress_train_01321,B007I6QMHY,B00CH0E1DI,has longer sleeves and is darker,is darker with a higher neckline
dress,train,dress_train_01322,B005X7DLRO,B00DNKFAT0,Longer and purple,is longer and more monotone
dress,train,dress_train_01323,B00EJVWNWY,B00EJVXCHE,has longer sleeves and is beige and black,is longer sleeved and mostly black with some peach
dress,train,dress_train_01325,B005KQWIYK,B00EPFM46Y,is long sleeved,pants and is very dark with patterns
dress,train,dress_train_01326,B00DK3GL8E,B009LEFT84,is a dark red,is strapless and flary
dress,train,dress_train_01327,B00CRWKZFO,B00DQLJX4Y,is much shorter,is a solid color and has cape-effect sleeves
dress,train,dress_train_01328,B004LLIRX6,B007H3JKW2,Longer and more classy, white with mesh insert
dress,train,dress_train_01329,B00D2D3WHA,B0033EH90O,is less shiney than,is the same as provided
dress,train,dress_train_01330,B00DEPBLDI,B00C7WQ0BW,has spaghetti straps. It's solid green,Darker in color with no sleeves.
dress,train,dress_train_01331,B00CI9GA6Y,B008N0T4LK,looks like a blouse,is lighter and has short sleeves
dress,train,dress_train_01332,B007RLXE1C,B00967K04O,is maggy london,is a word maggy london
dress,train,dress_train_01333,B00CG60LQE,B00BS2076Q,is pink and solid color,is pink and solid in color
dress,train,dress_train_01334,B0031M9YRO,B009AF5EWK,is black with open neck,is darker colored with a different pattern
dress,train,dress_train_01335,B00BZD0T5W,B00BWBOIDG,This product is a lighter pink,is lace style material with baby doll look
dress,train,dress_train_01336,B008CPTBIC,B008VPXHFQ,has long sleeves and a belted waist line,has a deep red in addition to the black.
dress,train,dress_train_01337,B00AX354UU,B00AOHODH0,is solid black,The dress is more revealing and black
dress,train,dress_train_01338,B00F2IY0BK,B009FEALGA, have V-neck and light in color,is solid black without arms.
dress,train,dress_train_01339,B008UWBCXY,B00DFDO62M,is more sporty in a shorter length, with capped sleeves
dress,train,dress_train_01340,B008CPTBIC,B005SSN9V6,is longer and lighter,is a brighter color
dress,train,dress_train_01341,B00CW92VD6,B00D5BNU80,long floral print dress,more purple and patterned
dress,train,dress_train_01342,B0065WE3J6,B00BZ0CHUA,has shorter sleeves,is red
dress,train,dress_train_01343,B00AKIDAFY,B00A6WAFLG,has a black top and more colorful bottom pattern,is short with more pattern
dress,train,dress_train_01344,B007KZN4O2,B00BFAWNP4,Has a blue and black zebra print,is black with patterns
dress,train,dress_train_01345,B00CU7260I,B004I5BSTU,is more a dress in a lighter color,is lighter print and fuller
dress,train,dress_train_01346,B00BPF7COG,B006ON3QTO,its floral pring short above knee,has more patterns and is more revealing
dress,train,dress_train_01347,B008CFE9ES,B005OHAODC,has spaghetti straps,is more solid colored
dress,train,dress_train_01348,B008FWZP5K,B006ZTDQ42,has no sleeves and is darker with a print,is darker
dress,train,dress_train_01349,B00CWSL250,B00CWSLK0M,has a peacock pattern at the bottom,is more pink and less revealing
dress,train,dress_train_01350,B0073VE2X0,B00814ZWU0,is a white and red pleat dress,is white with a red bottom
dress,train,dress_train_01351,B004V2ONX8,B003YD6YUU,is longer and more bohemian.,is multi colored and longer
dress,train,dress_train_01352,B007WATZQG,B0080DKTU0,is solid black and shorter,is darker and more revealing
dress,train,dress_train_01353,B006VPAO6I,B00AHOYUH8,is royal blue more party like,is blue and more revealing.
dress,train,dress_train_01354,B0051T2VCA,B008HDBC9A,has longer sleeves and is a body con,is printed and 3/4 sleeves
dress,train,dress_train_01355,B00B1TNWSG,B00A8FALL0,is purple with black heels,has more color
dress,train,dress_train_01356,B00CPTEZJG,B00BHO1FSE,is less fitting,has a round neck and no sleeves
dress,train,dress_train_01357,B006U08CD6,B00ECL58UA,is outdoor wear,is a coat for winter and not a dress
dress,train,dress_train_01358,B004RDQD0M,B004U88XR0,has stripes and is less frilly,Is more patterned
dress,train,dress_train_01359,B00872FWF6,B00E5BQBBC,is black and longer,is solid black
dress,train,dress_train_01360,B0063AFFM4,B004LZ5KLO,is pink and white,is lighter in color
dress,train,dress_train_01361,B003HIWWL2,B008VIUEH2,is dark grey colored and longer in length,is grey with one less strap
dress,train,dress_train_01362,B008622LR4,B004PVTSHG,has longer neckline in a solid color,is more revealing and is more red
dress,train,dress_train_01363,B0011G40PI,B006OZCKNU,has longer sleeves,short and more tight
dress,train,dress_train_01364,B004P8IR2Q,B0083COA5S,has a tighter fit and less revealing neckline,is black and green.
dress,train,dress_train_01365,B00BMHIV9M,B004YUE61Q,has black mesh and is strapless,has a fancier bottom half
dress,train,dress_train_01366,B008VEPH1Y,B004RE7COC, blue and much longer,is black with straps
dress,train,dress_train_01367,B003VWLPH6,B003VWNDE4,is strapless and a darker color,magenta
dress,train,dress_train_01368,B006IN83FW,B005VG5K26,is silver with a different neckline,whiter and short
dress,train,dress_train_01369,B00D2CVCBY,B00D6U3EC2,is less tighter,is less conservative
dress,train,dress_train_01370,B0091JHH1G,B008N029MG,is lighter and has shorter sleeves,is pink and more sexy
dress,train,dress_train_01371,B00C7PFKXI,B00BDGR9NQ,high low dress with a red tone,It is less bright and shorter
dress,train,dress_train_01372,B0073VE2X0,B0045UBG0O,is darker and more revealing,black tie waste with one-sided ruffle shoulder
dress,train,dress_train_01373,B00FLTZ5IM,B00A0I86DA,is belted,is black and more thin
dress,train,dress_train_01374,B006MOS7DA,B008UDTM2Q,is a blue dress with blue and white straps,is less shiney
dress,train,dress_train_01375,B0062FMQ0O,B00C6PPC4G,is solid colored with no patterns on it,is blue with a blue belt
dress,train,dress_train_01376,B004HTS44E,B004HTS2R8,is blue mini dress with spaghetti straps,has thin straps in a different color.
dress,train,dress_train_01377,B002X79YW8,B006WM4SVM,is orange and yellow and shorter,shorter skirt and more orange
dress,train,dress_train_01378,B004MPQFHG,B00A9SQ0MA, and flowy,is shorter with more red
dress,train,dress_train_01379,B00BTHRGKK,B007E9X6FG,is red with a gold belt,is less revealing
dress,train,dress_train_01380,B008VEC6ZY,B00CJH3F7C,has a darker shade of color,is green  and has a less defined waist
dress,train,dress_train_01381,B005RYO4DS,B004I8VCUW,is not strapless and is more formal,has more shoulder straps
dress,train,dress_train_01382,B005RYO48S,B009NCH63U,has shorter sleeves and is red,is light print and belted
dress,train,dress_train_01383,B00CF1VSU8,B00CF1WSRK,its gray with tight fitting skirt look and looser top part,is lighter in color
dress,train,dress_train_01384,B004M18ETW,B00D3RBI2Q,has two straps and sleeveless and pink in color,is pink and white.
dress,train,dress_train_01385,B006WXZASQ,B000PE3710, the top has sleeves,is shorter and lilac
dress,train,dress_train_01386,B003RRWD4O,B00A76OX8W,is small hips and less pink color,is pink and black.
dress,train,dress_train_01387,B00FGSWUU4,B00DEJY1FY,has no sleeves and has red and white dots, strapless and a suede fabric on top.
dress,train,dress_train_01388,B005Y8GEL2,B0086EIXYC,Is longer, longer
dress,train,dress_train_01389,B00EQ849NG,B00FSFB4KM,is longer and peach colored,is solid salmon color
dress,train,dress_train_01390,B004RKVF80,B004NHJBRO,has straps and is more grey,has layers on the bottom and a different color
dress,train,dress_train_01391,B002UWP1WS,B00E0I8VHC,is a red dress,is red and more flowing
dress,train,dress_train_01392,B007H0SLOS,B00DQC9RVW,is longer and lighter and has longer sleeves,has 3/4 sleeves and is longer
dress,train,dress_train_01394,B0085F3RFC,B007ZXT1YG,has spaghetti straps in a darker color,is purple and patterned
dress,train,dress_train_01395,B006MAUUH0,B00E4B4RHS,is long and flowery,is more red
dress,train,dress_train_01396,B006PEN25K,B00AWP4ZU4,is darker sexier and lond,is darker and floral
dress,train,dress_train_01397,B00A2X78HI,B006PHEZ5S,has no sleeves and blue,Dark Color
dress,train,dress_train_01398,B00ATTIRDE,B00B7PDI06,is beige and long in length,is longer and sleeveless
dress,train,dress_train_01399,B00B7QPWUO,B0053YIQ54,shorter and lighter colors,has a v-neck and is more teal and red and is shorter
dress,train,dress_train_01400,B007JX9DAO,B007JN8GZM,has long sleeves,It has longer sleeves and more red
dress,train,dress_train_01401,B00B7PFLFG,B0071RV19Y,it is pink and one tighter,is pink and form fitted
dress,train,dress_train_01402,B0050SKS7W,B005QMJLLQ,Is shorter and black and white.,has more black and white
dress,train,dress_train_01403,B00B0BZM60,B006JFSEP8, with short sleeves,is darker and more conservative
dress,train,dress_train_01404,B00B5221CM,B00AU8D6GW,longer and strapless, lace top
dress,train,dress_train_01405,B004HIMKE0,B00APE0XIK,is tan,is shorter and v necked
dress,train,dress_train_01406,B00AEB94S4,B00AAHQ674,is darker,has an art pattern
dress,train,dress_train_01408,B0081TB6PU,B004I7IUG2,is mostly blue,is similar with more blue and black print
dress,train,dress_train_01409,B00B7GIG66,B008YQV7R2,is solid pink and strapless,is shorter in front and has no sleeves
dress,train,dress_train_01410,B006ZWDQDA,B003L5CHYI,has shorter sleeves,has no sleeves and is dark colored
dress,train,dress_train_01411,B005F6NA6U,B005C8WEB8,is shorter and floral printed,Shorter and less colorful
dress,train,dress_train_01412,B004PEB0QK,B004O5H7IK,is darker with a rounder neckline,is black and more conform fitting
dress,train,dress_train_01413,B00B89PJ4E,B00BI72XP4,is black with red designs,is long and bright.
dress,train,dress_train_01414,B004S64LH0,B005E0QSU2,is black and white,is more white with a pattern
dress,train,dress_train_01415,B003EQ5548,B002Y5X5F6,has longer sleeves and belt,has wider sleeves and is more revealing
dress,train,dress_train_01416,B0098BVTW0,B009NATUWM,more pleats and less tulle on the skirt,is darker
dress,train,dress_train_01417,B00AU9Z5VK,B00CDBP97S,Offers more coverage and is more chic,has sleeves
dress,train,dress_train_01418,B008DS1LTA,B008FY9G0I,has a white top and pink skirt, not fitted
dress,train,dress_train_01419,B003ZYMRAY,B00BI8SCB2,is blue with longer sleeves,is more brighter and fashionable
dress,train,dress_train_01420,B00BOHAOU4,B004GZ45K6,has no straps and shorter,is more revealing
dress,train,dress_train_01421,B00CSH8852,B00BJ4X8LO,is purple with yellow designs,is purple and longer
dress,train,dress_train_01422,B008UCNHIW,B00CHSERE8,is mostly black and has sleeves,dark color
dress,train,dress_train_01424,B00A1KZWN4,B00C0WWSJM,has v neck and a smaller print,has thicker straps and a more subtle pattern
dress,train,dress_train_01425,B008DSN2WO,B008A4N5KA,This desired product was very short,is red and has shorter sleeves
dress,train,dress_train_01426,B002HGDVCE,B002ECOKNA,Is lighter blue.,light blue
dress,train,dress_train_01427,B00AQMXCYS,B00D3PPGVW,has batwing sleeves and is much shorter,is shorter and has longer sleeves
dress,train,dress_train_01428,B00CEJW102,B00AV6J162,is yellow and longer, solid color
dress,train,dress_train_01429,B006O2ARJW,B007JSE4UI,is more patterned and revealing,is patterned and sleeveless
dress,train,dress_train_01430,B00APYBNVQ,B005XDGPC6,CANNOT COMPATE,is a dress and not words
dress,train,dress_train_01431,B000VHIPI6,B008BPV82K,A belted navy blue dress,has sleeves
dress,train,dress_train_01433,B004TJ2XC6,B005LC3UCC,is black and has shoulder straps,is solid black with straps
dress,train,dress_train_01434,B00G7H39YY,B00BJ7ONYC,buggy with shorter sleeves,has more animal print
dress,train,dress_train_01435,B00F2SGB94,B005GQPE5Y,More blue and lesser ornament,strapless
dress,train,dress_train_01436,B00DZ1BCYO,B00C6MKNPW,is longer with blue white and orange print,has orange
dress,train,dress_train_01437,B00EH8MQTO,B005J6UE6A,is solid black,has more black and is longer
dress,train,dress_train_01438,B008ZXZRRK,B008CXUJ44,is blue and purple with bow tie belt,is dark colored all over
dress,train,dress_train_01439,B00CRXPWLA,B0082D22T4,is less form fitted and monochromatic,is blue and more casual
dress,train,dress_train_01441,B007Y2KQHO,B004MKNINU,is strapless with a colorful pattern,is strapless
dress,train,dress_train_01442,B00336ESFQ,B00B3764UY,is off-shoulder and deeply red,is lighter
dress,train,dress_train_01443,B0050A70S0,B007R6RYEK,Two piece and top and bottom are different colors,has short sleeves and is more colorful
dress,train,dress_train_01445,B00AZLAHTI,B00756V5NS,The provided product is very similar to the desired just strappless, V neckline
dress,train,dress_train_01446,B008V5M72K,B008SMPI8G,is strapless and gold in color,is more gold in color
dress,train,dress_train_01447,B007FP4YBO,B00B8OYGIE,is black and has half sleeves,is bit black and has short sleeve
dress,train,dress_train_01448,B00CCGGV3A,B0081833NY,is black with red floral pattern,one sleeve and dark
dress,train,dress_train_01449,B008BBCRB0,B002DRSW8U,is longer loose pink and open wide neck,more pink and longer
dress,train,dress_train_01450,B00AJXPE8Q,B008HQKQB2,is dark in color with long sleeves with heels,has longer sleeves and dark colored
dress,train,dress_train_01451,B006NU5T0W,B006NU62NA,is white sleeveless and body fitting,is white and shorter
dress,train,dress_train_01452,B004AMOAVY,B004XYPNA6,is black and shorter and has a sexy look,white and longer
dress,train,dress_train_01453,B00BNEOT54,B00BOX0ISQ,is more colorful and longer,has more blue in it
dress,train,dress_train_01454,B0099DC430,B006ZR0HA0,strapless and brighter colored,Is greener
dress,train,dress_train_01455,B002TLRB6Y,B00FKKPEYC,is tighter and more revealing,Has a cutout midsection and is more revealing
dress,train,dress_train_01456,B004GBG1BG,B005OOGSJE,is darker maroon colored,straighter skirt
dress,train,dress_train_01457,B001VEHYLW,B0028AD76Y, with a beaded belt,has thicker straps and is belted around the waist.
dress,train,dress_train_01458,B004NRNTTK,B00C635MU2,Is shorter and white.,is bright white and flowing
dress,train,dress_train_01459,B006WJIK2I,B006WJEL08,is darker,is blue and has front bow
dress,train,dress_train_01460,B00C24N8ZQ,B00B27ZTN8,is shorter,Is a lighter peach coloring with a decorative top.
dress,train,dress_train_01461,B003RKNK16,B0088K9S2A, longer,is patterned and darker
dress,train,dress_train_01462,B00CHS4EMS,B00CHS8FAA,is solid black with longer sleeves,is solid in color and has longer sleeves
dress,train,dress_train_01463,B008YF57F6,B00D1KU27M,long sleeved black and white dress,is pinstriped horizonatally in black and white.
dress,train,dress_train_01464,B00CIAIANE,B00C6E04LI,has a black neckline design,has a darker neckline
dress,train,dress_train_01465,B0076PJ2RO,B00BGDHZSA,is paler pink, a lighter pink and has sleeves
dress,train,dress_train_01466,B004071WF6,B008QIV1W4,has Crochet black and open wide neck,is shorter and has shorter sleeves
dress,train,dress_train_01467,B0094G6TME,B00ANC7BPC,is purple and long,is lighter colored
dress,train,dress_train_01468,B008S9JQCI,B007WATABQ,is darker,is black and blue
dress,train,dress_train_01469,B00554ATB6,B004UJHLQI,has pink shades with shorter sleeves,has a looser fit with a pink and white pattern
dress,train,dress_train_01470,B00ANK75LO,B0065W77AS,Is black and sleeveless,Is a fashion product.
dress,train,dress_train_01471,B008596PRK,B008596OMQ,is black,is shorter and gold accents
dress,train,dress_train_01473,B00BYNEA12,B00BYNDVEO,has pink and white stripes at the top and a grey stripe at the bottom.,has a pink panel on top and white one on bottom
dress,train,dress_train_01474,B00857R3XW,B007WASUP8,is sexier and less flirty,is more revealing
dress,train,dress_train_01475,B00AI6V028,B00F2N46SM,has longer sleeves and a pattern,magenta with long black sleeves
dress,train,dress_train_01476,B004YHIHK0,B004TLEWBO,is off one shoulder,is shorter and has shorter sleeves
dress,train,dress_train_01477,B00EA8YB1W,B00DESKYGK,is yellow with a round neck,is yellow and less casual
dress,train,dress_train_01478,B00B91DLDW,B005KP5M26,has long sleeves and more print,has long sleeves and a V neck
dress,train,dress_train_01479,B00D3PLEJU,B00FS5Y9VI,is less tighter and solid black,Is black and less fitted
dress,train,dress_train_01480,B00109US84,B007GR6900,Is a short white dress.,is ligher and has longer sleeves
dress,train,dress_train_01481,B0060FHTM6,B006ZUE8Z2,is black and longer skirt length,is black and small straps
dress,train,dress_train_01482,B00DHDC1LS,B00DUR4WWC,is darker more revealing blouse,sleeveless cream with more black
dress,train,dress_train_01483,B00935MSN0,B007PNQ36A,has floral print with orange and blue design,is brighter and more colorful
dress,train,dress_train_01484,B008EQ06I8,B0087DQ5PQ,is a black dress with longer sleeves,is dark gray and longer sleeves
dress,train,dress_train_01487,B007FP6U84,B005TMKELO,is shorter,is solid blue and shorter
dress,train,dress_train_01488,B00AMYTGVS,B0090R8FAQ,is black in color,is more revealing
dress,train,dress_train_01489,B0073W7MEU,B005SGDH24,light pink no strap dress, and colorful
dress,train,dress_train_01490,B002PZ94KA,B00B1JY9B0,is lighter,Looser skirt with pink floral print
dress,train,dress_train_01491,B00D3PLEJU,B00BTCYE7S, white with thicker straps and less ruffles,has long sleeves and is two-toned
dress,train,dress_train_01492,B00833D6NO,B008GZTLRY,is yellow and strapless and sleeveless,is yellow with a white panel
dress,train,dress_train_01493,B00FDZPS2M,B008SMUFO8,is darker and has more buttons,is darker and tighter
dress,train,dress_train_01494,B00AVGH2PY,B004AMOAVY,more revealing and dark colored,is shorter
dress,train,dress_train_01495,B006OP693M,B0039UUHRY,is a lighter color,is strapless and shorter
dress,train,dress_train_01496,B007XNUNT0,B00CRXPWLA,is more revealing and has more black,Light & Dark color
dress,train,dress_train_01497,B00BYNDWIE,B00A8FAI86,has belt in a solid color,is navy blue
dress,train,dress_train_01498,B007520NXU,B00CEZQ0TY,has longer sleeves,has 3/4 sleeves and a straight skirt
dress,train,dress_train_01499,B00COQF6AW,B00DJGCPD2,is shorter and darker,is knee length and v neck shaped.
dress,train,dress_train_01501,B008CEXWP6,B00CPC3RNS,is black with sleeves,is black and has longer sleeve
dress,train,dress_train_01502,B00BFFAA1S,B00BJO2HMA,is lighter and shiner and has shorter sleeves, one shouldered and much shorter
dress,train,dress_train_01503,B006TAKSBQ,B00B65W1VO,sleeveless and solid white,is white with shorter sleeves
dress,train,dress_train_01504,B004QTQ8FW,B0039YOYNI,is shorter and has white designs,is shinier
dress,train,dress_train_01505,B0031RFWT8,B008TKM7IQ,is a darker color and less revealing,Is black
dress,train,dress_train_01506,B000HFM7MW,B000E2D72C,is red and is shorter,is shorter and shiny red
dress,train,dress_train_01507,B006H2GU0E,B00DO6QUZQ,is black with thicker straps,is more colorful and printed and has sleeves
dress,train,dress_train_01508,B0073VE2X0,B0077IM8EE,This dress has a darker color,is puple and belted
dress,train,dress_train_01509,B0095FP38K,B0088D23DS,its more figure flattering and black,has no blue backdrop.
dress,train,dress_train_01510,B006PA7U98,B005O23VL4,A short dress with a cream top and black skirt.,has only two colors
dress,train,dress_train_01511,B00CY07TP8,B00B03ATSY,has short sleeves and stripes,Less plain and with sleeves
dress,train,dress_train_01512,B003V8AKH6,B00715FVO2,has a multi-colored reddish pattern,is floral and belted
dress,train,dress_train_01513,B00DQMDEY8,B00C1E84JW,is white and tiered,is dark and doesn't have layered look.
dress,train,dress_train_01514,B0032MZ4AE,B004H3OZNY,is bright yellow with the same design,has more yellow
dress,train,dress_train_01516,B008EMCCFC,B0016CHSPQ,is a purple tunic,has a deeper neckline
dress,train,dress_train_01517,B00CN5KY10,B005916X60,has more fabric,is shorter and has longer sleeves
dress,train,dress_train_01518,B0085X4P78,B00BOR1UD4,is sleeveless and more casual,has a looser skirt and less shoulder straps.
dress,train,dress_train_01519,B00B7YC2EA,B008LSYY0A,is pink with tight ruffles,is a form fitting dress
dress,train,dress_train_01520,B009TIHLAQ,B0058TET8W,has lighter color and shinier,is shineir
dress,train,dress_train_01521,B00A2DDSM2,B00A2DDY3A,is red colored,is red and flowery
dress,train,dress_train_01522,B0097J2ZRG,B0073A8NRW,has shoulder straps,Is cream colored
dress,train,dress_train_01523,B0039ITI44,B007M484GY,Is a purple shirt with cats.,is pink with a cat pattern
dress,train,dress_train_01524,B00BJA0H08,B00A3HFA32,is sexier and shorter,is solid pink and tight fitting.
dress,train,dress_train_01526,B006K1IX34,B0075JO5FA,is more formal,is longer and lighter
dress,train,dress_train_01527,B00BG7OZCU,B007I6QMHY,is brown and black with shorter sleeves,is two-toned in brown and black
dress,train,dress_train_01528,B00CD630R4,B00A83SXJE,has longer sleeves and a scoop neck,has a scoop neckline
dress,train,dress_train_01529,B008Z0ODKA,B008N230YU,is strapless with sheer,is red and more revealing
dress,train,dress_train_01530,B003XSVBBI,B00B7GIG66,is less revealing in a darker color,is shorter and lighter
dress,train,dress_train_01532,B00AV4W3NM,B0081FQTBK,has longer sleeves and a darker color,is black with a round neck
dress,train,dress_train_01533,B009XECTUS,B00DHLUI2O,Has a white pattern on sleeveless dress.,has straps
dress,train,dress_train_01534,B00B2ZCB36,B00B1GMP46,is sequined with longer sleeves,is more orange and has two sleeves
dress,train,dress_train_01535,B00FNZNSJM,B00D502CM6,is longer and darker, a lighter color
dress,train,dress_train_01536,B006WSO41K,B006LUKLU2,is more edgy and frilly,is printed and belted
dress,train,dress_train_01537,B0070P0ZLM,B002V2MGMU,is dark red,is red colored
dress,train,dress_train_01538,B00AZXG448,B008GJV1N2,is longer and less revealing,is solid black
dress,train,dress_train_01539,B0067LQGYK,B005LBZ5QW,is darker with a shorter skirt,is dark and sparkly
dress,train,dress_train_01540,B00EYNVM8I,B00GG2BGMC,has two straps and is solid black,Is more fitted and black
dress,train,dress_train_01541,B003WE9T8U,B006U129L6,is lighter,is more beige and sleeveless and has a belt
dress,train,dress_train_01542,B0086URH7U,B00D68E1Y4,Is lighter and less revealing,Is shorter and lighter
dress,train,dress_train_01543,B0090U48HC,B005OEWSLG,s shorter with a fitted waist and s black,is black and striped
dress,train,dress_train_01544,B00DG973B6,B00D2D4V52,Is a black and white stripe maxi dress,black and white stripes
dress,train,dress_train_01545,B008M0QZMW,B007ZOGKD0,has pink and blue floral print,has a bright pattern
dress,train,dress_train_01546,B0092K9YZ6,B00CXAQDL0,has short sleeves and a green tone,Green with short sleeves
dress,train,dress_train_01547,B00898B392,B0076OE6QC,shiny red short dress,is above the knee
dress,train,dress_train_01548,B008OPLI4U,B008N91MKW,is white colored and has longer sleeves,is white and long-sleeved
dress,train,dress_train_01549,B008RD7IPC,B00E5Z68W0,is blue with red accents and no sleeves,is blue and red
dress,train,dress_train_01550,B007WA2B7Q,B00D17AJZU,is a white t-shirt with a cat face,is white with a cat motif
dress,train,dress_train_01551,B002W0WILK,B004XS7WLU,is yellow with shoulders more exposed,is ess frilly
dress,train,dress_train_01552,B008DSPNGC,B008DSN2WO,has black long sleeves,has longer
dress,train,dress_train_01553,B0036Z32LA,B0027FN6WK,has straps in solid pink,is red and less casual
dress,train,dress_train_01554,B00BJ7HP42,B00B9D4FSA,has smaller straps and a different pattern,is more blue and more form fitting
dress,train,dress_train_01555,B007Y9T2LS,B008Q08JOA,Is dark blue tank dress.,has a darker color
dress,train,dress_train_01556,B0085971YQ,B007R6S3WM,is more dark and revealing,Is shorter and monochromatic
dress,train,dress_train_01557,B00C2MER1C,B00CTEM4BS, greens and is much shorter,is more pink
dress,train,dress_train_01558,B0062JO4G4,B00AAX3KN6,has long sleeves and off the shoulder,has an off the shoulder neckline and long sleeves
dress,train,dress_train_01559,B007U3P7QC,B00BY04CTA,Is less revealing and more belted,has a higher neckline and geometric pattern
dress,train,dress_train_01560,B00DVFIJUO,B00DQNCOQ6,has half sleeves,is lighter in color with floral accent
dress,train,dress_train_01561,B0057Z09XQ,B009XJO6BI,Is more sexy and revealing,is one shouldered and pastel
dress,train,dress_train_01562,B005DSAIHE,B004HSN6FC,has no floral print,has straight color patterns
dress,train,dress_train_01563,B009S3IDUY,B007CVTCS6,has straps with few flowers,is white with purple floral pattern
dress,train,dress_train_01564,B0036MEHQ2,B0036ME4X8,is solid at the top and has a striped bottom,has a few different colors
dress,train,dress_train_01565,B009YMYMOU,B0062EAGMU,has two straps and is sparkly blue,is blue colored with dots
dress,train,dress_train_01566,B00A07VLYM,B00DGO6PYM,has straps and shows more cleavage.,has a plunging neckline
dress,train,dress_train_01567,B007WAF0YW,B000LXB5WI,is vintage style with shorter sleeves,is black with short sleeves
dress,train,dress_train_01568,B00DDLTDEM,B00D4182RU,is darker and more formal,is gray and fitted below bust
dress,train,dress_train_01569,B00CP1DJFA,B00DN3V5ZK,is black with short sleeves,is black and shorter
dress,train,dress_train_01570,B00C45JBVI,B00BWIJ0PK,is more elgant and royal,is much longer and darker in color
dress,train,dress_train_01571,B005XIDI4E,B007HIL14W,has longer sleeves and is a solid color,is turqoise with sleeves
dress,train,dress_train_01572,B009BJ5V1Y,B007H1Y646,is more formal,is longer and more fitted at the top
dress,train,dress_train_01573,B00CAMKI0I,B00CAMK81W,is shorter,is yellow with white belt
dress,train,dress_train_01574,B009LIK552,B009LIKD0E,is less sexy dress,has sleeves and a belt and has a floral print
dress,train,dress_train_01575,B009DM7BCQ,B005PF10TA,is pink and more form fitting,is more pink and is tighter
dress,train,dress_train_01578,B0037UZWUS,B00715FD3Q,is green and solid,is a teal color
dress,train,dress_train_01579,B00B1YKGG2,B00E3WF2DQ, rather than orange and white.,is solid colored with a thin strap
dress,train,dress_train_01580,B00CZBCJVA,B00AKGEJGU,is red patterned with longer sleeves,It is more red and with longer sleeves
dress,train,dress_train_01581,B001WAW30W,B000WEAER8,is blue with longer sleeves,Light Blue with short sleeves
dress,train,dress_train_01582,B007WATQV0,B008DS1T7O,Is sexier and less of a tunic,is cream colored and ha a loose skirt
dress,train,dress_train_01583,B00AQYN8TA,B007J2YA5I,is tiered and purple,is more purple
dress,train,dress_train_01584,B00CIQO974,B00DHDC1LS,is pink with a u shaped neck and short sleeves,is pink with sleeves
dress,train,dress_train_01586,B0073VE2X0,B0081500HE,is darker  and warm,is black cap sleeved belted sheath
dress,train,dress_train_01587,B003CIPRNW,B000PIGECA,is much paler in colour,is lighter in color
dress,train,dress_train_01588,B0081OYSVE,B007WAU03I,has one shoulder and is blacker,Is black with flowery sleeves
dress,train,dress_train_01589,B00EFLM9M2,B00BHP0P5W,has longer sleeves and solid black,Is Lacey and black
dress,train,dress_train_01590,B00BDGR9NQ,B00B9R70O2,has a coral bottom,is multicolored and lighter in color
dress,train,dress_train_01591,B008CTQHEE,B0091BX65K,is strapless,is two-toned and flowing
dress,train,dress_train_01592,B00GIEE0XU,B00AIWGMB6,has more detail in the skirt with ribbon belt,is black with a side slit
dress,train,dress_train_01593,B00AKGEJGU,B0094KGBXM,has thin straps and striped,has think straps and more revealing
dress,train,dress_train_01594,B0087H3CQ2,B004I41F8U,has a collar and belted waist,is blue with short sleeves
dress,train,dress_train_01595,B004H0MN5O,B005DEYS2E,Is long and black,is more darker
dress,train,dress_train_01596,B008V5OKTI,B002YQ3MAS,is purple floral and more revealing,has straps and a purple pattern
dress,train,dress_train_01597,B00CF3BT9Q,B00BWW1MYS,is more taupe and without a cut-out,more sexy
dress,train,dress_train_01598,B0087P1NK6,B00CAUYBWQ,has wider straps and a floral pattern,has no sleeves and a flower pattern
dress,train,dress_train_01599,B00AEYZ3WW,B00DSQQQ7Y,isbrighter,blue ruffle sleevless dress with colorful flowers.
dress,train,dress_train_01600,B006J42UHW,B00AA95QW8,longer in length and more sheer,is much longer in length
dress,train,dress_train_01601,B008S4CHV0,B008QZFJDY,is black and white in color,has a white skirt and black bodice
dress,train,dress_train_01602,B0069J5NXA,B006WHRBJI,is longer,is longer and has smaller straps
dress,train,dress_train_01603,B003YJGB48,B004TOUSX2,Is a dark green,has more patterns
dress,train,dress_train_01604,B0032AMWYW,B002HRF608,has straps and a v shaped neck,is more form fitting and sleeveless
dress,train,dress_train_01605,B003VIVITK,B0088AZ810,is pale yellow,is darker with a striped print and sleeves
dress,train,dress_train_01607,B005VF72DW,B00A07VLYM,is a longer length and is strapless, green printed
dress,train,dress_train_01608,B006ZUK7EI,B007WPHRIO,White and no belt/strap,is white with straps
dress,train,dress_train_01609,B00AZ82JS8,B003XT46FA,is shorter,Shorter and less colorful
dress,train,dress_train_01610,B0032RJNOM,B0088EKHBM,is pink and frilly,Is shorter and more shimmery
dress,train,dress_train_01611,B0094GBGAE,B0060I60U0,is black and white colored,is rounded neck and fitted
dress,train,dress_train_01612,B009UZLR26,B00C97FCN2,has a neck opening,Is more fitted and blue
dress,train,dress_train_01613,B00D0AEQPW,B00BJ8KDB8,Is a red paisley print maxi dress, shiny fabric and longer sleeved
dress,train,dress_train_01614,B0076ZYMBA,B008D6RD2Q,Is darker with long sleeves.,is longer and has sleeves
dress,train,dress_train_01615,B00361FLWM,B00CGDKAZE,is mostly black and more revealing,is black and large stripe on bottom
dress,train,dress_train_01616,B00CSFXUZC,B00BI72P16, and strapless,is waistless
dress,train,dress_train_01618,B004DMXG4S,B004MW3W7U,is longer with straps,is longer and more colorful
dress,train,dress_train_01619,B00DLABQR2,B00EW6I33Y,is short sleeve and solid black,is black
dress,train,dress_train_01621,B00EJE0Y7C,B00EUV96DW,Is a white wedding gown., the skirt should be solid color
dress,train,dress_train_01622,B0070SSQ06,B005PSKTRQ,a short black short sleeve dress,is black and shorter
dress,train,dress_train_01624,B00CPS1EJG,B008DS19Q0,is lighter with floral pattern,is white with floral patterns and more casual
dress,train,dress_train_01625,B002AQSPIG,B006WM4UHE,is grey with purple trim,is more lighter colored with a design that is colored more intricately.
dress,train,dress_train_01626,B009P9DPLI,B00811YRZ4,is flowery,is blue with floral patters
dress,train,dress_train_01627,B0039ITI44,B007QXS4QQ,Is darker with a skull on it,is a darker color and has a graphic on the front
dress,train,dress_train_01628,B00FF1J6Q8,B004UWWJPI,is a dark shiny dress,is purple and a mermaid shape
dress,train,dress_train_01630,B00CTA0NEW,B008HTC5FE,back and white striped long sleeve dress,Has long sleeves and is striped
dress,train,dress_train_01631,B0079VHXIU,B0099B3Z94, orange with collars,is much shorter
dress,train,dress_train_01632,B0058ZYM38,B008DV01U2,is blue in color,Is blue and has a boat neck instead of round
dress,train,dress_train_01633,B00C65Y800,B008CL1Z4Y,is grey colored and shorter sleeves,is great with a turtleneck ans short sleeves
dress,train,dress_train_01634,B00GNK2WS4,B00BSWHOBM,its grey and tight fitting no sleeves,is more form fitting and sleeveless
dress,train,dress_train_01635,B009BJ5V1Y,B007H0SLOS,This black one is too bold and attractive,is darker and has shorter sleeves
dress,train,dress_train_01636,B00D65U3Y4,B00CSXFZ5C,Longer and has a floral pattern,is a maxi dress
dress,train,dress_train_01638,B00AAX3KN6,B002G4Z55S,Is blue with straps,has a v neck and is a brighter color
dress,train,dress_train_01639,B005I1YCT6,B00BSNK4BS,is more flowery,is turquoise and pink
dress,train,dress_train_01640,B00CC6ZLZO,B00CC6ZJPQ,is longer and blue,is a solid blue color
dress,train,dress_train_01641,B00EW6I33Y,B00DLADAKS,is pink and sleeveless,is sleeveless and a lighter color
dress,train,dress_train_01643,B007ZZCHOK,B00A57J1NA,peplum short black oval neck dress,is more black and cinched
dress,train,dress_train_01644,B00BT8N1D0,B0085X4P78,has shorter sleeves and is redder,is red with a scoop neck
dress,train,dress_train_01645,B00DTFTNMY,B00H93RRL6,is strappier and white,has gold patches but is much paler white in colour
dress,train,dress_train_01646,B00BSU24UK,B009M28KOU,is all black and sleeveless,is black and sleeveless
dress,train,dress_train_01647,B00BUFHJMQ,B003DQ2HHW,the white dress looks more fashion and feminist,is longer and has longer sleeves
dress,train,dress_train_01648,B005SN1FLM,B008M4QLLI,is long,the dress is olive green and longer
dress,train,dress_train_01649,B00CQSTQCW,B00DJZM7AE,is completely black and white prints,is black and white instead of brightly colored
dress,train,dress_train_01650,B00715FD3Q,B00BJMMXTY, and a halterneck,its less revealing and is darker colorer
dress,train,dress_train_01651,B004HIMKCW,B004HIMKE0,darker black toned, more formal
dress,train,dress_train_01652,B007P00QTS,B004P5PTH0,is longer and bright purple,is much longer and purple. while the other is short and black.
dress,train,dress_train_01653,B005DVJGP6,B003UYT6L2,is v shaped at the neck,is white and has buttons
dress,train,dress_train_01655,B007CDYAAE,B009EOLHNW,is floral with straps and no sleeves,is whtie with floral pattern
dress,train,dress_train_01658,B006MRURIK,B002WVUC9Y,is sexier,is more shiny and strapless
dress,train,dress_train_01659,B00CTLHJFM,B007G687NS,has shorter sleeves and is solid black,is solid black only.
dress,train,dress_train_01660,B00DS1BWNC,B008QJ3H20,has a print and looser fit,is red and tight
dress,train,dress_train_01661,B004I5BSTU,B005UD8GAS,is darker,is more dressy with some sleeves
dress,train,dress_train_01662,B00AB2M9IS,B009817LQI, floral,More red and less glossy
dress,train,dress_train_01663,B007WACXG0,B008IDONFY,short pink,is more cutesy
dress,train,dress_train_01664,B004TLF1MI,B007WAU0BK,is solid pink with v neck,pinker with no print
dress,train,dress_train_01666,B00FHOPC1Q,B008ID8R60,Is more animated and bold,has more black in it
dress,train,dress_train_01667,B00AQUXJYI,B00APVPM20,is solid white ruffles on bottom,is all white with chiffon on the bottom
dress,train,dress_train_01668,B00DBD84JW,B00BBAQ1X8,Is more monochromatic and black,has more black
dress,train,dress_train_01669,B00D3ECZBW,B00BXDNK5K,is blue with white stripes and is much longer,is longer and is blue and white
dress,train,dress_train_01670,B00CXVMD22,B001STTPEE,is yellow with more rouching,is longer
dress,train,dress_train_01671,B008S4CWZG,B00E98YVQ8,has shot sleeve and yellow diamond in sides,is shorter and printed
dress,train,dress_train_01672,B00AKF4NVM,B0091R892Y,Has a striped pattern.,has a design
dress,train,dress_train_01673,B003Z9L5F2,B008FCATEM,is green patterned with long sleeves and longer,has longer sleeves and is green colored
dress,train,dress_train_01674,B00FKIACNW,B00BCPD2RA,is shorter with no straps,is short and grey
dress,train,dress_train_01675,B00B1GMP46,B00B40IE2Q,it has a princess neckline and black, ruffled bottom
dress,train,dress_train_01676,B003JQK7M8,B008YF4PLS,longer sleeved and less fitted,is black and has a v neck.
dress,train,dress_train_01677,B006MPVUO2,B0091QEZI2,is lighter and has longer sleeves,is cream with sleeves
dress,train,dress_train_01678,B007H3JKW2,B00C3ZAXR0,is a body con with white designs,is black and white with a pattern
dress,train,dress_train_01680,B00746F7C4,B004OVDN6E,is more solid and flowing,has much longer sleeves
dress,train,dress_train_01681,B000ENMR3Q,B00378LHXQ,has one shoulder,is less reavealing
dress,train,dress_train_01682,B008QIV1W4,B002EVPMLA,is lighter and has longer sleeves,has sleeves and more color
dress,train,dress_train_01683,B0024807AE,B00FHVHTF6,Is lighter and more stylish.,is white and longer
dress,train,dress_train_01684,B002QUSLZI,B00A2IDTN0,is brighter with slightly longer sleeves,has a more colorufl floral pattern
dress,train,dress_train_01685,B0085967R8,B008P35HBG,is patterned and a darker color,has more designs and is darker
dress,train,dress_train_01686,B00CC69XKS,B00BV0XFHS,is lighter with a less prominent belted waist,is lighter
dress,train,dress_train_01687,B00811YRZ4,B009EKMLZE,is red with a v shaped neck,is more solid colored
dress,train,dress_train_01688,B002W5V2JO,B00CQ09L3E,is more wordy and less like a dress,Is a logo
dress,train,dress_train_01690,B00BNBGJD2,B0057Z0846,This desired product was very long,is longer and has different colors and pattern
dress,train,dress_train_01691,B00F3PXWAC,B00CTUTXIY,has a deep v neck and sparkles more,Is more reveailing
dress,train,dress_train_01692,B0091S4VUM,B00814KLSS,has no sleeves and is green,is a lighter color.
dress,train,dress_train_01693,B00AG697HA,B00AM1U4R6,is only one color,floral print
dress,train,dress_train_01694,B00DZYKQK2,B00B62A9F2,body con short black dress,is shorter and fitted
dress,train,dress_train_01695,B00548Z35U,B005J92ZC8,has sleeves and is more peasant like,is darker and has sleeves
dress,train,dress_train_01696,B0072NLOU8,B00CQD6YCW,Is more lacy with longer sleeves,is shorter with long sleeves and sexier
dress,train,dress_train_01697,B00CY8XXSM,B008PHPMXU,is a light free with longer sleeves,It is less black and more flowery
dress,train,dress_train_01698,B0032GVRNS,B005ENJGTO,is a wrapper tied at the waistline with a knot,is purple and shorter
dress,train,dress_train_01699,B00BJ8IQRQ,B00591NHR8,has no sleeves,is more tightly belted and earth toned
dress,train,dress_train_01700,B008MVSU6K,B009PYPP3E,is purple with a black belt,purple with belt
dress,train,dress_train_01701,B008DSPOHA,B0091GQTNQ,Is blue with a belted waist.,shorter
dress,train,dress_train_01702,B0088N12VC,B005Q552XY,is lighter and has longer sleeves,is brighter in color
dress,train,dress_train_01703,B002DOO4XK,B00D9Y6TKO,is shorter,is looser
dress,train,dress_train_01704,B00AKTTX8G,B00BQZAX2I,is longer and has more buckles,is longer and less revealing
dress,train,dress_train_01705,B007A634IC,B008WYC388,is pale pink and has more straps,is pink and rounded opened front
dress,train,dress_train_01706,B004KJEI2S,B007C7IXA8,is blue with yellow stripes, brown floral with cap sleeves
dress,train,dress_train_01707,B00CI07544,B002DI4PDK,Very black and longer,is longer and all black
dress,train,dress_train_01708,B00AIXI3JY,B00AIXP626,this purple dress is too plain,is pink and flowing
dress,train,dress_train_01709,B001UL06P2,B00BB7OYIK,is more longer,is darker and longer
dress,train,dress_train_01710,B0051UT104,B004XDJM9K,has vneck and is longer,is red and longer
dress,train,dress_train_01711,B00CTRSDJC,B00DT5G99O,A longer colorful patterned dress.,casual
dress,train,dress_train_01712,B00485C9I4,B004T0DE1E,more revealing and brighter with the other dress,has a strapless top in all red.
dress,train,dress_train_01713,B00AFVIOVG,B008IE2H2O,is pink and black and is more flowy,is lighter and shorter length
dress,train,dress_train_01714,B00DMG6T4K,B00BOY1KAA,short beige short,is lighter colored with no straps
dress,train,dress_train_01715,B0062FN12G,B0062FMV1I,Longer and has blue,is white with a blue belt and long
dress,train,dress_train_01716,B00CCGGV3A,B00AAN73Z2,Darker and more flower graphics,is black with red floral pattern
dress,train,dress_train_01717,B007XR4KI6,B005N77UD0,is stripped and has longer sleeves,is white and black and shorter
dress,train,dress_train_01718,B005G0QUSK,B00B8GY1ZK,is shorter and more revealing,is more revealing and shorter in length
dress,train,dress_train_01719,B005TD07GK,B008FYW62I,has a knotted belt and cotton grey,has no collar sleeve and is gray colored
dress,train,dress_train_01720,B008GQ3M1E,B00B0E2BK2,Is a short sleeved,is pink with frills
dress,train,dress_train_01721,B00CII5X9K,B00CI06YAK,is solid green with cap sleeves,the dress is green and shorter
dress,train,dress_train_01722,B006ATC5OY,B00B0AKDJC,has cap sleeves,has a lighter red color
dress,train,dress_train_01723,B007Y1ALFC,B007AAEC4S,is a darker color and has a belt,is belted asymmetrically hemmed and brown
dress,train,dress_train_01724,B004KJEI2S,B004P5OZN4,is longer and shiny blue, pink
dress,train,dress_train_01725,B00ANR3BV0,B00EFI4KUY,is longer in length,is strapless
dress,train,dress_train_01726,B00BBQD8Y2,B00CAMKI0I,is pink with stones on bust,is more vibrant pink
dress,train,dress_train_01728,B00B7PFGZ6,B008XOBYGE,is similar,is red with ruffles on the neckline
dress,train,dress_train_01730,B00E499874,B00DNV1IJK, long sleeved with fur lined hood.,is black and longer sleeves and more classy
dress,train,dress_train_01731,B004UJIXV0,B006DKKCEK, and is solid black with white collar,is lighter and has wider straps
dress,train,dress_train_01732,B0094S2YDU,B006ATDHUU,has a pink pattern and tank top sleeves,sleeveless red dress. little bit of white in it.
dress,train,dress_train_01733,B0098ND9TO,B00FDZPS2M,has half sleeve lace around sleeves and bottom,is lighter and has longer sleeves
dress,train,dress_train_01735,B004EPXWO8,B0076FD1CQ,is short with no sleeves,is a shorter dress
dress,train,dress_train_01737,B005RYOALE,B004U90IKY,is shorter and peach in color,has red added to the floral aspect and extends the skirt to the floor.
dress,train,dress_train_01738,B00BT0PK3W,B00G07IIVK,has more sleeves with a v neck,Has longer sleeves
dress,train,dress_train_01739,B00AKEBVRC,B009ZYUSUE,is solid white with short sleeves,is solid black and has a narrower neckline
dress,train,dress_train_01740,B00BJA0H08,B00D602B9O,has a v neck and a floral design,is longer in the front
dress,train,dress_train_01741,B005T98SP6,B00AD11UB4,is blue with ties at the top of the straps,is solid blue
dress,train,dress_train_01742,B008OZSN8O,B008BJLH0Y,is longer brighter in color and has no straps,longer and more brightly colored
dress,train,dress_train_01743,B002EANOY8,B002H0NF9O,is white and is shoter,is shorter and white
dress,train,dress_train_01744,B00CYGVJT4,B00E94P2M4,is more blue with a geometric print,has more blue
dress,train,dress_train_01745,B00FFW0TRW,B00CWZACPE,has a print,is black
dress,train,dress_train_01746,B007IWZSWI,B0082CA9BI, straps and bright yellow,is white
dress,train,dress_train_01747,B009ATA480,B00BUIT9PI,Is lighter with a polka dot skirt.,has a grey top and patterned bottom.
dress,train,dress_train_01748,B00CY93TEY,B009UZLR26,Is more plain and cute,is solid black with sleeves
dress,train,dress_train_01749,B00BXIPQ8Y,B0074Z72M8,is darker in color and has floral,Is darker with polka dots
dress,train,dress_train_01750,B008CE9DWW,B00C1EN35C,Is shorter and sleeveless,is sleeveless and shorter
dress,train,dress_train_01751,B004W4YRD6,B00CO2O490,is a brighter color with more detail,is blue with frills
dress,train,dress_train_01752,B00EWDKINU,B00B7W7GN4,is smaller,is more recealing
dress,train,dress_train_01753,B0083690HW,B008ZAYNUU,is darker blue in color and slightly shorter,is darker
dress,train,dress_train_01754,B00AFPZBUY,B008AEE2AW,Is white and has a sheer overlay,is more solid colored
dress,train,dress_train_01755,B007G3LTVS,B005J29V4K,is velvet,is red and flowy
dress,train,dress_train_01756,B00APSSVWG,B004MC0QH4,is shorter and darker in color,is short and dark
dress,train,dress_train_01757,B00EZ7GUZ8,B00CKZJHHA,has less sleeves and longer neckline,Is more sexy and youthful
dress,train,dress_train_01758,B00841L7CM,B00450WQMG,is a plain long black dress,is more simple
dress,train,dress_train_01759,B007UM4Y4O,B007GSGOFO,has no straps and sleeves dark floral,more flowing and floral
dress,train,dress_train_01760,B008UAEXZK,B004J254Z6,is a romber dress,shorter and more summery
dress,train,dress_train_01761,B00305HS02,B003EQ5548,has thinner straps and is solid black,is more slim and more revealing
dress,train,dress_train_01762,B009ESAKHC,B007WA0TIY, white and yellow,has a more solid color
dress,train,dress_train_01763,B006VB27J4,B006MQT4BM,has a design and a v neck,has floral and is wide v neck
dress,train,dress_train_01764,B007PXPKO6,B00CA3JIBC,Is a tie dyed sheath dress.,is bold print and see through
dress,train,dress_train_01765,B00CXQFQK8,B00EFJIDLK,is an off shoulder dress,is longer and pinker
dress,train,dress_train_01766,B002NPCHM4,B0058V5DCQ,has a single strap on the right,It has one shoulder and less black
dress,train,dress_train_01767,B005Z4JT26,B007ECB57O,is longer and brighter with no sleeves,longer skirt in back and more yellow
dress,train,dress_train_01768,B005PSKTRQ,B0074H8JR8,is grey and white,is long sleeved and a grey print
dress,train,dress_train_01769,B00FSZ31BC,B00GJ4DJHW,has long sleeves and a v neck,is in all peach coloring with sleeves.
dress,train,dress_train_01771,B008ZXZRRK,B00BJZAAG4,is about the same design,has a lighter top and is less flowy at the bottom
dress,train,dress_train_01773,B008KKON1Y,B00BRBCKW2,more fitted and zebra print,has a blue
dress,train,dress_train_01774,B00AIXNAHY,B00AIXI3JY,is shorter and looser and darker,is green and sleeveless.
dress,train,dress_train_01775,B008LXSKBO,B0089G1SEY,is dark colored full lace dress with mid sleeves,has more lace
dress,train,dress_train_01776,B00CM7LS1Y,B00841L4Y8,is longer sleeves and plain pattern,has longer sleeves and not checkered
dress,train,dress_train_01778,B009NGCDYI,B004N8FED8,Is blue and shorter,is blue with straps
dress,train,dress_train_01779,B0028AD76Y,B00CIRLJHG,is fitted in solid black,is solid black and a lot tighter.
dress,train,dress_train_01780,B003VWOX3O,B003VWY0VO, less fitted,is navy with floral patterns and is shorter
dress,train,dress_train_01781,B00D65QCT4,B00FJJ2T9W,is peach with half sleeves,is orange with sleeves
dress,train,dress_train_01782,B008KFJTPY,B00FPRBNEA,is solid black and has longer sleeves,longer sleeves
dress,train,dress_train_01783,B0071N0U4U,B0055QP29I,has a blue top and a red and blue printed skirt,is more a two-piece and darker
dress,train,dress_train_01784,B008UGYRGE,B008QFSW8I,has no slevves and black,comes in only black with thin straps.
dress,train,dress_train_01785,B00AT9J7JC,B00AT9K65G,no straps ruffled long white wedding gown,is more frilly on the bottom
dress,train,dress_train_01787,B008OW80JE,B00E6P8EFS,is dark red,is more looser
dress,train,dress_train_01788,B004Y45XQO,B00BCQM94Q,is not cotton material,has shorter sleeves and bottom
dress,train,dress_train_01789,B00921LK34,B00B8GYG78,is solid white and thinner straps,is solid white and shorter
dress,train,dress_train_01790,B004RKVH4C,B00BIMTRBW,is green with long sleeves,has longer sleeves and is more green
dress,train,dress_train_01791,B003M8HWKI,B003BIF5R6,has no belt and wider straps and is pink,is brighter in color
dress,train,dress_train_01792,B003XZWE3A,B0055WQW4Q, long,is shorter and darker colored
dress,train,dress_train_01793,B00DBD6BF6,B00EYIN22C,has white strips,is black and white stripe and fitted
dress,train,dress_train_01794,B00AKTTYFI,B004MDL4HY,is blue and is tight around the midsection,is royal blue with cap cleeves
dress,train,dress_train_01795,B008OVPTBW,B008OTL242,3/4 sleeved brown blouse,has more colors in it
dress,train,dress_train_01796,B008AK0JAI,B0051BZ6VG,has longer sleeves,is light blue and shorter
dress,train,dress_train_01797,B0053X5B94,B008CE9CF0,is open necked,has shorter sleeves
dress,train,dress_train_01798,B002TYZH6W,B0062ZT7QK,It is a blouse and shirt blouse is pink,has more colors in it
dress,train,dress_train_01799,B004ZIGJDU,B009UWRVJC,Has long sleeves and sequins., with covered shoulders
dress,train,dress_train_01800,B0076OD2K8,B004NG9TX6,is grey much longer and doesn't have sleeves,is red in color
dress,train,dress_train_01801,B002ECOKNA,B002KCHHJS,Is darker with a floral pattern.,is a darker print
dress,train,dress_train_01802,B008MC4UE0,B00EPR1BNE,is sexier and darker,is darker and longer
dress,train,dress_train_01803,B004GZ7SDM,B002UMC4YQ,is white and black in color,is strapless and two tones
dress,train,dress_train_01804,B00FGU59X2,B00E1IG6IC,is shiny blue and open wide knee,is more frilly
dress,train,dress_train_01805,B006J42TDC,B006VA9B08,is the longer dress,is longer with black pattern
dress,train,dress_train_01806,B0042VII0C,B004ZWGH7E,is strapless and short,is not strapless and is solid black
dress,train,dress_train_01807,B00144I1HU,B00D73QYSY,is more patterned and lighter,is a printed more casual dress
dress,train,dress_train_01809,B00APK6WQ6,B00BJS2KQY,has red and black print,It is less monochromatic and has a wider strap
dress,train,dress_train_01810,B00GK63R6M,B00BXRIWQS,is shorter and floral,is in solid black with different fabric.
dress,train,dress_train_01812,B008O4Z86A,B008CPO1VY,is green,Is more fitted and blue
dress,train,dress_train_01813,B00ASIHRT6,B007Z6D9FA,is red colored and sleeveless, is black and cream and is less fitted
dress,train,dress_train_01814,B00E3U0VK2,B006J5VKOU,is shorter and solid white,is white with shorter sleeves
dress,train,dress_train_01815,B005BRFAES,B00194G2RQ,has longer sleeves,Is lighter with longer sleeves.
dress,train,dress_train_01816,B0073VE2X0,B0077INCIU,is less revealing and solid black,is solid black and shorter
dress,train,dress_train_01817,B00B719R6Y,B007TUE70S,is more revealing,is lighter
dress,train,dress_train_01818,B00AXUTUYE,B00AVU3H0O, slightly shorter and has large dots/flower prints,is longer and redder
dress,train,dress_train_01819,B00A8FA3RW,B00B1TNTJS,is black and short sleeved,is darker and short with sleeves
dress,train,dress_train_01820,B004TLEUR0,B00AFS3H52,is a sleeveless with small print and bow,is lighter yellow and has shorter sleeves
dress,train,dress_train_01821,B00CY9F6OA,B00BUZLP5S,is white and shorter,is white with a black belt
dress,train,dress_train_01822,B007TUPY2S,B003DZ0ZTK,is yellow,is sleeveless and yellow
dress,train,dress_train_01824,B005FOE9B2,B005FOE5XO,is dark colored and embellished,is solid black
dress,train,dress_train_01825,B00DW1MW4G,B00BTKDUB6,is pink and gray with words on it,is rounded neckline and shorter
dress,train,dress_train_01826,B00B02V5BU,B00A2YVMRY,is less colorful with long sleeves,is more striped with long sleeves
dress,train,dress_train_01827,B003TEFYDW,B0055COUCM,has very short sleeves and printed,is an a line dress with a floral pattern and wide straps
dress,train,dress_train_01828,B00E34SMMM,B00DSIXYBI,is denim colored,It is denim and belted
dress,train,dress_train_01829,B008CQKKE0,B002Z4LVMK,Is black and shorter.,is sexier
dress,train,dress_train_01830,B00ENXGSVA,B00C7RYSUM,is really classy,The desired product is dark colored and sleeveless
dress,train,dress_train_01831,B009CT0PGY,B008HZ5BK4,has no sleeves and is longer,has a long leg slit and long black bottom without sleeves on top.
dress,train,dress_train_01832,B00B719R6Y,B008AHKD1G,Is black and white,is printed and more form fitting
dress,train,dress_train_01833,B008QW0CPW,B00A2G9YW2,is sleeveless and shorter solid black,is sleeveless and black
dress,train,dress_train_01834,B00896JQUC,B008BWOZFU,is slimmer,is black and white patterned
dress,train,dress_train_01836,B008ODSHA0,B005LT0ZKA,has long sleeves,has long sleeves
dress,train,dress_train_01837,B005QN9Q4C,B002QAZQGK,is shorter in length and dark brown colored,has shorter
dress,train,dress_train_01838,B00FFBEY88,B00CTRSDJC,is this one,is the same exact picture
dress,train,dress_train_01839,B00925CZH0,B00925D2SQ,has one strap and tight ruffles,is lighter colored and less revealing
dress,train,dress_train_01840,B005TEO7V0,B00BQLD3UQ,is red and tight,is tighter and a darker color
dress,train,dress_train_01841,B00A3HHVV6,B007ECAY58,is more tie-dyed and shorter, capped sleeve dress
dress,train,dress_train_01842,B0071NU2IY,B005TCOUPA,is very short,is darker and shorter
dress,train,dress_train_01843,B00CH0E1DI,B0046QFKWW,is solid black and less fitting,is longer and a solid color
dress,train,dress_train_01844,B007CPT0K2,B004OLGO6A,is longer and darker,is silver and long
dress,train,dress_train_01845,B008KKNW20,B008KKNFCC,has longer sleeves,has 3/4 sleeves
dress,train,dress_train_01846,B00DQ3DS2A,B008RUOZEC,is royal blue and no straps,is darker and has shorter sleeves
dress,train,dress_train_01847,B00EEJTL8U,B00AA0CVGG,I want a darker dress with a line pattern.,It is black and white.
dress,train,dress_train_01848,B009S3FEEC,B00EH3BQNG,is redder with a longer skirt,is longer and open front
dress,train,dress_train_01849,B00CY8TRGO,B00E5WQ9YA,sleeveless and dark colored, no sleeves
dress,train,dress_train_01850,B005AWVFQG,B006ZIN4ZY,is sexier and shorter,is light pink
dress,train,dress_train_01851,B00CRKQDZC,B00E0KFP2O,has a longer hemline and thicker straps,has art and more colors
dress,train,dress_train_01852,B00CEM45JE,B0040NPFKI,is shorter and has longer sleeves,has longer sleeves and two colors
dress,train,dress_train_01854,B00B91DLDW,B00A7HGJI8,is less bright in color and printed,Light & Dark color
dress,train,dress_train_01855,B008IGR9VG,B009IMRCSY,is black strapless dress lined in white with white belt,has black stripes in place of pink.
dress,train,dress_train_01856,B007WA2QHQ,B008BHIVTG,is orange with two tier design,is darker and more casual
dress,train,dress_train_01858,B00EV2LJ0I,B00F8OU148,is shorter without a defined waist,Is shorter and more sexy
dress,train,dress_train_01859,B003XZWE3A,B00BPCY2UQ,is gold in color and shorter, shorter
dress,train,dress_train_01860,B00BUIT9PI,B009ATA480,the desired prdouct patten is diffrent and the colur is black  comapre to privided product,has pattern throughout and narrower neckline
dress,train,dress_train_01861,B00BJSRCBW,B00B78D542,has collar without yellow shade,has a higher
dress,train,dress_train_01862,B0043W9ZHU,B008PJHPHE,is shorter and patterned,has long sleeves and is black
dress,train,dress_train_01863,B00DRJGOGA,B00CFRSL6G,has red green pattern top and black bottom, lighter and has shorter sleeves
dress,train,dress_train_01864,B006PHEWE2,B0081XK7Y2,Has more coverage and less fitted,is longer
dress,train,dress_train_01865,B007CLFSWA,B00858AJO6,Is longer and darker,is black and knee length
dress,train,dress_train_01866,B0091J03XK,B0092U0SJ2,Is light blue and one strap over left shoulder,is darker and has longer sleeves
dress,train,dress_train_01867,B00CLF5NAY,B00880HK2K,Has thin spaghetti straps with a blue and green tie die pattern,is light blue with purple rows
dress,train,dress_train_01868,B00BAY3QCE,B00EZS2LE6,is darker,is black in colour and is much plainer
dress,train,dress_train_01869,B004UWWJPI,B005NKB6YQ, solid black dress,is white colored and shorter dress
dress,train,dress_train_01870,B00G3EKIN6,B00ELV4GZ4,is longer and lighter colored,is longer in length and lighter in color
dress,train,dress_train_01873,B006NU77ES,B00D7IRJ0G,Is more fitted and chic,is solid tan top and solid gray bottom half
dress,train,dress_train_01874,B009R3CYLO,B004PVTUKG,is white and v shaped at the neck,It is a while color dress in wrap sleeveless style
dress,train,dress_train_01875,B00EIX9G32,B00AR560CU,Is less sporty with design,is pale orange with black piping round neck
dress,train,dress_train_01876,B00BIPLLKE,B00AQMT396,is a solid color with short sleeves and has flair,Dark Color
dress,train,dress_train_01877,B002M5KUZ6,B0036Z32LA,has a cheetah print pattern,has more of a cheetah print
dress,train,dress_train_01878,B00EIX7WB0,B0093UGICW,is a black sleeveless dress with a slim belt.,is solid black
dress,train,dress_train_01879,B0035WTC7C,B009FEC70S,is white with stripes and higher neck line,White with black stripes sideways
dress,train,dress_train_01880,B00FFXYIRI,B00BMTKTI6, with halter straps,is purple and shorter
dress,train,dress_train_01881,B0081TB6PU,B00428H55Y,is darker and less revealing,longer with shoulder straps
dress,train,dress_train_01882,B008BPVAHI,B009LEFPAQ,is strapless and white and red,is strapless with stripes and longer hemline
dress,train,dress_train_01883,B003LL20VM,B005KJD0BC,is black sleeveless black short dress and in lace,is more see through
dress,train,dress_train_01884,B002PEH0F2,B00918V13M,is a mask with gold glitter,Is a face mask
dress,train,dress_train_01885,B005189A20,B0051895K2,is lighter colored with a geometric print,has longer sleeves
dress,train,dress_train_01886,B0082GUBW6,B007VE51IE,is sexy,has a lower neckline and less patterns
dress,train,dress_train_01887,B00AZYXWA6,B008D59WU8,Is darker and shorter in length.,is darker in color and shorter length
dress,train,dress_train_01888,B00DLACRJ8,B006MAUUH0,is more casual with short front long back,is white with yellow bottom
dress,train,dress_train_01889,B00CHURMFC,B00DWJL61I,is tighter,is shorter in length and is darker in color
dress,train,dress_train_01890,B0072LC8IW,B00BXWJIA2,is longer and less tight,is free flowing
dress,train,dress_train_01891,B00EETM826,B00DMUG7QQ, and less flowy,is floral and shorter sleeves
dress,train,dress_train_01892,B007U3P7S0,B0094PFF7K,sequined navy blue dress,is blue with stripes
dress,train,dress_train_01893,B008MB1YNG,B00CSYHSAQ,is black and white pattern,belted and shoulders
dress,train,dress_train_01894,B0062FN12G,B00D3XUG9G,lighter colored and sleeveless,is all white with a belt
dress,train,dress_train_01895,B008GXL2UU,B004X2JYLC,has red flowers and is sleeveless,has red and is less revealing
dress,train,dress_train_01896,B008BBCSAK,B00CX5Y36C,is darker and has shorter sleeves,is sleeveless and belted
dress,train,dress_train_01897,B005GYGK4A,B004H0O1Y0,Is longer and has straps,is a lot longer without the black stripe.
dress,train,dress_train_01899,B005EVNJ1C,B008LRMY3A,green black and yellow sleeved short dress,green striped and belted
dress,train,dress_train_01900,B00EMUQ7C4,B00E7TUQ2C,is longer with straps, has a lower neckline and is a darker color
dress,train,dress_train_01901,B0030CSPR0,B006YZLUF4,light gold short dress with no straps,Is cream colored and less fitted
dress,train,dress_train_01903,B00CE4H29C,B00E00INWI,is bink with a wider waistline,is a little more pink colored.
dress,train,dress_train_01904,B001VEHYLW,B0032AMWYW,Is darker with a sheer overlay.,is black with frills
dress,train,dress_train_01905,B00APE0XGM,B0048KUKEE,has zig zag pink print,Is more sexy and revealing
dress,train,dress_train_01906,B00CIUJ5A6,B005SWLQ1M, and is black and white,is more sold colored
dress,train,dress_train_01907,B0050A70S0,B005XC6NPG,Is black and sleeveless.,is black with two straps
dress,train,dress_train_01908,B00144G78A,B00109US84,is a darker  longer with tie waist,is ruffled and dark
dress,train,dress_train_01909,B003ILQMUA,B006C45B8Y,is blue and longer, has a collar
dress,train,dress_train_01910,B00CJ5O9K6,B007RBHK08,Is less charcoal and more chic,is tan
dress,train,dress_train_01911,B003V1YEW0,B00FAUXPIY,is a darker grey,is just a scarf
dress,train,dress_train_01912,B008X9NIPO,B0091Q6HNI,has longer sleeves and is red with a fox graphic,is red with a fox
dress,train,dress_train_01913,B00CYGVJT4,B002NPCHM4,has distant print work, blue
dress,train,dress_train_01914,B008U7Y6JG,B007L3WHKK,Is a deep red color,is darker and more formal
dress,train,dress_train_01915,B001UL06P2,B004G6YFHS, red and gold dress,is red with two straps
dress,train,dress_train_01916,B00CXVGFGC,B00CXVMPUM,is white otherwise the same,is white
dress,train,dress_train_01917,B00B89MVUO,B00B89L7LI,is beige and has no sleeves,has shorter sleeves and lighter color
dress,train,dress_train_01918,B008BMQ78I,B008BM16OS,is black with a single double strap,black with split strap
dress,train,dress_train_01919,B00ASZ9HVA,B009CESZF2,is short and plain black,has no sleeves and a shorter bottom.
dress,train,dress_train_01920,B00715FUGQ,B007RG5RJ4, light blue and black,is solid black and longer
dress,train,dress_train_01921,B0085971YQ,B007WACY5K,is solid blue with exposed shoulder slits,blue with a rope belt
dress,train,dress_train_01922,B008CPOFK6,B008F48M6M,is lighter,is darker
dress,train,dress_train_01923,B00B1QDMMU,B007CJM3XY,is slimmer and yellower,is yellow and V necked
dress,train,dress_train_01924,B006KD9N6S,B003IF9YKQ,has long sleeves ,black with longer sleeves
dress,train,dress_train_01925,B00CJDHFDG,B002OE8DAO,The dress in lace and black in color.,is shorter in length in black lace
dress,train,dress_train_01926,B008YQV4KC,B00GJ826S6,is red and fitted,is red and longer
dress,train,dress_train_01927,B00APFF1JA,B00C20YQW4,looks very similar,is more grey
dress,train,dress_train_01928,B00EARUGF8,B001BKLD9K,is black and shorter,It is more plain and more casual
dress,train,dress_train_01929,B00CGJZJ22,B007C4BTYS,has no straps and has red diagonal stripes,is sleeveless with a shinier red and black pattern
dress,train,dress_train_01930,B00FI0LUCY,B00FI0LUII,is the same,is the same product
dress,train,dress_train_01931,B008SMIBZ8,B00DDY3MNM,is lighter and transparent,has a blue and red floral print
dress,train,dress_train_01932,B005FOQ6RC,B004KPL0W8,is shorter with a u shaped neck,is shorter and solid colored
dress,train,dress_train_01933,B005WQ7UF0,B00BYFEYRA,has thinner straps and an empire waist,the dress is silver and more revealing
dress,train,dress_train_01934,B007WPMA54,B0050PRQPC,is sleeveless with a pattern,patterned
dress,train,dress_train_01935,B00740VZKS,B005A3LTXO,is black and solid in color,is more lacy and darker
dress,train,dress_train_01936,B0067M3LGA,B00767OHFY,is more flowy and yellow,Is moroe flowing and colorful
dress,train,dress_train_01937,B00A3Q8A1M,B009S3HPTE,is black and has straps,is black with straps
dress,train,dress_train_01938,B007G69200,B004TLEX0E,Yellow and no sleeves,is yellow with straps
dress,train,dress_train_01939,B008542KMO,B005TMK7CA,is more red,is more pink and more sophisticated
dress,train,dress_train_01940,B00COQ7RZY,B00BFF9KRI,is short sleeves with a flair top in solid black,is a darker solid color and has sleeves
dress,train,dress_train_01941,B00115EWHK,B0012ZHRIK,is pink with a low neck,is pink and blue in color
dress,train,dress_train_01942,B008OVRMMG,B00B0QDRZ8, fitted and has stripes on bottom half,Is red and moe revealing
dress,train,dress_train_01943,B00BL063PO,B0087YZLIW,is dark blue and longer,is blue and longer
dress,train,dress_train_01945,B003OUWDL2,B0093GYGHA,is black with sleeves and one high side cut,is longer and more elegant
dress,train,dress_train_01946,B00CPSCEQI,B00E2DR8SI,has thicker straps and black colored,is darker and has bigger straps
dress,train,dress_train_01947,B009FEALGA,B007U3P4LU,is a lighter color and has sleeves, lighter
dress,train,dress_train_01948,B00BHKZ1U6,B00AX35BHG,has more lace,is more colourfull and more shiny
dress,train,dress_train_01950,B00ECLMIJY,B00CIAJ6Q4,is more stylish,has a sweetheart neckline and is longer
dress,train,dress_train_01951,B001VY1WEW,B00AOHOJN8,is longer and has an orange pink pattern,has no sleeves and is multicolored
dress,train,dress_train_01952,B0096IXCNO,B00BCW752Q,is shorter and gold in color,Light & Dark color
dress,train,dress_train_01953,B00BOEM4SM,B00E52NXRQ,is longer with tank top,is striped black and white
dress,train,dress_train_01954,B0062FMQOU,B009S3EGJQ,is a lighter color with flowers,is more white
dress,train,dress_train_01955,B0058P6TES,B005XBSG98,is more brown,is less dressy and a muddy brown color.
dress,train,dress_train_01957,B0094GD29M,B008BHANBA,has short sleeves and flait hem line,is floral printed with short sleeves
dress,train,dress_train_01958,B009ANVFZW,B0076S6486,is red colored and more shiny,has long lacy sleeves and a lace overlay
dress,train,dress_train_01959,B005PSKTRQ,B003LJXBUI,has no sleeves and is lighter colored,has a larger pattern and shorter sleeves
dress,train,dress_train_01960,B009017BRA,B009IMOQC4,is a short laced,is dark colored and longer sleeves
dress,train,dress_train_01961,B00E34SMMM,B00DDJN54S, with spaghetti straps. The top flows out more,has higher neckline and no sleeves
dress,train,dress_train_01962,B00GS445NA,B00CKG63DK,Is more white and more structured,is longer and white in color with shorter sleeves
dress,train,dress_train_01963,B008N05AEU,B00BMD7TIA,is plain white and long,is white and is ankle length
dress,train,dress_train_01964,B0035WTC7C,B006MOS6IQ,has more sleeve and lighter color,is in grey color.
dress,train,dress_train_01965,B00C1WM3WI,B00CB92J48,is silver in color,the dress is silver with shorter sleeves
dress,train,dress_train_01966,B004LLIRZE,B008G41K6U,is white and more revealing and no straps,It is more plain and has not strap
dress,train,dress_train_01967,B008CPOB0K,B00870V2LG,is more geometric and has short sleeves,is black and white and more trendy
dress,train,dress_train_01968,B00CGDKACC,B00876BSHI,is brightly colored with lines,has more angle designs on it
dress,train,dress_train_01970,B00CFXU7TY,B008RMN2R6,is darker and has longer sleeves,there is no other product to compare
dress,train,dress_train_01971,B0067LR44G,B004ISL0IQ,is strapless and has a longer hem,Is it longer and strapless
dress,train,dress_train_01973,B002X79YW8,B002X79Z0Y,is sexier,White dress with pink lining.
dress,train,dress_train_01974,B00CDAL83I,B00FTGZDXY,is longer with open neck,leapord print with black in the middle.  Strapless dress
dress,train,dress_train_01976,B0074H8JR8,B0095D4JZU,is less printed,has a bow and is blue
dress,train,dress_train_01977,B00B89QGEG,B00B89PJ4E,has more flow, empire waisted
dress,train,dress_train_01978,B00A2YVMRY,B008OIQEQ4,has no straps,does not cover the shoulders
dress,train,dress_train_01979,B008VEPH1Y,B008FVESQS,is more colorful and revealing,is red and sleeveless
dress,train,dress_train_01980,B00ATH08J2,B0062R1L8A,More blue and plain,is blue with a V neck
dress,train,dress_train_01981,B00CH0E1DI,B003DOGHAC,is shorter and has a wider belt,is shorter and printes
dress,train,dress_train_01982,B00ASWWFP8,B00C61NS64,is a of a high low design,is more revealing
dress,train,dress_train_01983,B0091QVSQO,B00AYXA47W,has cap sleeves and is royal blue,is blue with fuller skirt
dress,train,dress_train_01984,B007XHPH7O,B0072326XC,is white with oval neck and black string on waist,is white and more casual
dress,train,dress_train_01985,B007FP788K,B007ZDHLDY,has longer sleeves and shorter length,has long sleeves and is shorter
dress,train,dress_train_01986,B002CIIQUO,B002CJFNEK, less revealing,is blue with straps
dress,train,dress_train_01987,B006V9VYN6,B006UCPN4A,is black with purple accents,is black and has a wider and more open skirt
dress,train,dress_train_01988,B00553TNSM,B004YGQKYQ,is darker color and less flowing,has a purple print and v-neck
dress,train,dress_train_01989,B007IRN97Y,B003JQK7M8,has a u shaped neck and is darker,black and skinnier straps
dress,train,dress_train_01990,B001A835AS,B004ZSQUX4,has less flowers,is black with vertical flowers
dress,train,dress_train_01991,B005DTLG74,B005WKBXHW,its white and has seethrough sleeves,is white with quarter length sleeves
dress,train,dress_train_01992,B003UV9M5U,B0084XXGS8,is more patterned and has higher neckline, sleeveless
dress,train,dress_train_01993,B00BBQCWY4,B004ZF6T60,is solid white in color,is pure white
dress,train,dress_train_01994,B00BTR1FNE,B007YBDOSI,is longer,is much longer and lighter in color
dress,train,dress_train_01995,B008YQKQJC,B00BNOAKSY,is more flowing with sheer neck,is more white with a wider skirt
dress,train,dress_train_01996,B008ZXTX84,B00D04330W,is darker and maxi,is floor length and flowing
dress,train,dress_train_01997,B00927391Y,B008Q03G9S,is white with thin straps,is more white and strappy.
dress,train,dress_train_01998,B00DQ4AHIC,B004BCZ51W,is beige with stripes,is striped and is much paler in colour
dress,train,dress_train_01999,B009S33RDM,B00BKRMJLK,has a pinkish lighter tint and is less revealing,It is pink and more pleated
dress,train,dress_train_02000,B007G4MFZG,B004U88WKI,has less sleeves and more arched striped print,is sleeveless with a striped pattern
dress,train,dress_train_02001,B00ARRFKGA,B003UU1MMC,Is more pink and whimsical,it is pink and black and shorter and is chic
dress,train,dress_train_02002,B004AH2URU,B003JJSXJO,is red and yellow,has more colorful patterns
dress,train,dress_train_02003,B006X53UZI,B00B4IBVQY,is longer and less revealing, ruffled and is a jacket only
dress,train,dress_train_02004,B00CQLMODW,B00GIAF9GQ,is lighter,has a floral pattern and a v neck
dress,train,dress_train_02005,B004P88NOI,B00591GEMI,has shorter sleeves,has shorter knee and is no sleeve
dress,train,dress_train_02006,B008QFSW8I,B00B2TKVES,is a lighter color,is white and more fitted
dress,train,dress_train_02007,B009IPJ7SY,B00BBLD1LC,Is brighter with more colors,has more design and less animal print
dress,train,dress_train_02008,B0080RDI6I,B008PA95HG,Is blue in color.,is sleeveless and metallic fabric
dress,train,dress_train_02010,B00CY8XCAG,B00BC0Q9HU,Long sleeved black and white dress,Longer sleeve and more monochromatic
dress,train,dress_train_02011,B006H2F5Z0,B007PCR54A,is lighter and shorter,Is peach in color and belted
dress,train,dress_train_02013,B008SLVJVW,B00BSWX77C,has longer sleeves and is patterned,is embroidered and sleeves
dress,train,dress_train_02014,B008ZXX9ZM,B00A1C4INC,has straps with black and red strips,is more fitting and sexy
dress,train,dress_train_02015,B007G4MFZG,B004RDQ974,Is a dark striped a line dress.,is sleeveless and animal printed
dress,train,dress_train_02016,B003UV9XTA,B00361FMPS,Is more white and ruched,is white and short sleeved
dress,train,dress_train_02018,B007U3P7QC,B00A67G1OG, longer and white,is black and tan with a black belt
dress,train,dress_train_02020,B002PEZMSY,B002PEZMUW,2,has a more closed neckline
dress,train,dress_train_02021,B00GOMAM9W,B009990O5Y,is purple with short sleeves,is more purple and has shorter sleeves
dress,train,dress_train_02022,B007HI6SX6,B0087JI3TG,Is more chic and sexier,is black and off one shoulder
dress,train,dress_train_02023,B007RB7C6A,B007E8M69Y,its only white with one side shoulder strap,is off one shoulder and flowing above the knee
dress,train,dress_train_02024,B00CY07TP8,B00A3HF8FW,is less sexy,has wider straps
dress,train,dress_train_02025,B00CGJZJ22,B008MVNLPU,is purple with a different design,more purple
dress,train,dress_train_02026,B00FI0LTXE,B00FI0LUCY,is white and orange with a black belt,is orange
dress,train,dress_train_02027,B00EYPSU4A,B008BKY3BS,has a high-low hem and two wide straps,is red with two straps
dress,train,dress_train_02028,B00CFSX110,B00BM0S36U,has a blue skirt,is two-toned
dress,train,dress_train_02029,B00943OWKS,B007NA02HG,has a design,it is not plain and less black
dress,train,dress_train_02030,B00BR1T9GW,B00ESJ00O0,is longer and louder,is more floral
dress,train,dress_train_02031,B00CLF4RT2,B00CDZBN74,is pink in color,is pink
dress,train,dress_train_02032,B005Q6K9CM,B005PWXSWU,is a grey dress,is solid dark deep blue.
dress,train,dress_train_02034,B009DM13SE,B007794WXI,its a slim fit with short sleeves,is solid white with one shoulder
dress,train,dress_train_02035,B0039RH3VA,B005AWVFQG, that has black and white stripes along the collar,has no buttons
dress,train,dress_train_02036,B00AIXFL58,B00AIXPFR2,is a blue dress with a belt,is more blue with shoulder straps
dress,train,dress_train_02037,B00AG3ZHUO,B00AHRMVMG, with half sleeves,It is less black more stripped
dress,train,dress_train_02038,B002LSI86M,B0041D7ZPU,is black with short sleeves,is black and silver with sleeves
dress,train,dress_train_02039,B00904Q1JG,B0065L1UU2,is a long maxi dress,is longer and penciled
dress,train,dress_train_02041,B00D8RZKPC,B00D8RZKNY,is exactly,is identical
dress,train,dress_train_02042,B007CFE2P0,B008PASLO4,has short sleeves,is short and has sleeves.
dress,train,dress_train_02044,B00GT2KXEG,B008CFECDG,short gold shiny dress,is lighter and bright with shorter sleeves
dress,train,dress_train_02045,B007RUZ3X0,B003COZ89O,is light blue and sleeveless,is light blue and sleeveless
dress,train,dress_train_02046,B00D8WMJME,B00BTYZ35I,has more colors and is slimmer,is lighter and more form fitting
dress,train,dress_train_02047,B00A8GKVD2,B006WXZASQ,is a long maxi dress,is purple
dress,train,dress_train_02049,B00CLD64LS,B00B5JQIPQ,has more color and a different hemline,has more blues and greens in the design.
dress,train,dress_train_02050,B0086TJ5VC,B0086TIZ4K,has more black and purple,is darker with a lighter purple coloring
dress,train,dress_train_02051,B008IGJD4W,B008E2PMC2,Is less patterned and less revealing,is tighter
dress,train,dress_train_02052,B00AB2M9IS,B00CY8XCAG,has sleeves and is patterned,is longer sleeves and blue colored
dress,train,dress_train_02053,B009KOX4L4,B00B8REO6A, fitted with black and white stripes,is blue and white
dress,train,dress_train_02054,B00A3HF79Y,B00AKMLQRO,more complex top with belt and sleeveless,is more floral with a belt
dress,train,dress_train_02055,B0088VIUMS,B006WJ7JK2,is more zebra print with a longer skirt,is longer and less revealing
dress,train,dress_train_02056,B00EIQK9WQ,B00DGYJACG,is flitier and has shorter sleeves,is sleeveless and tie waisted
dress,train,dress_train_02057,B009NPBOR6,B00BY8MY4C,Is more colorful and patterned,is more colorful and long sleeves
dress,train,dress_train_02058,B002TYZH6W,B0052R8BM0,is form fitted with floral pattern,is patterned and cap sleeved
dress,train,dress_train_02061,B00904Q89E,B005K94B7E,has no sleeves,has a tree design
dress,train,dress_train_02062,B00AK9KZSI,B00AQCICS4,is identical,is exactly the same
dress,train,dress_train_02063,B003YYNDS0,B0074W1EHK,Is longer with brighter colors.,a little longer and more summery
dress,train,dress_train_02064,B00CW68LA6,B009IO0L1W,Is a short white dress with a ruffle hem.,is white with imprints
dress,train,dress_train_02066,B008M0QZMW,B0060FB1QG,is more colorful and smaller,lighter and floral pattern
dress,train,dress_train_02067,B006LQDKPY,B007Y3CO3C,is longer and lighter,has a pattern and no belt
dress,train,dress_train_02068,B004XYPOR8,B008MMLRNC,is a darker blue,is longer
dress,train,dress_train_02069,B00BX8SUZU,B0053O796Q,is solid black and longer with a v neck,is black and longer
dress,train,dress_train_02070,B0089AHKSI,B00DN1N4B0,purple maxi dress with design on top part.,Is more flowing and purple
dress,train,dress_train_02071,B00CA0K9Y0,B00C2MFMTI,is white in color,is white and more thin
dress,train,dress_train_02072,B005VFQU62,B0085F3RB6,is more casual,is more animal-like and flowy
dress,train,dress_train_02073,B00CMOSAIG,B00AJXPE8Q,is patterned with sleeves,is more colorful and has short sleeves
dress,train,dress_train_02075,B00AV1YPZY,B007WA21XA,more casual,is lighter and has shorter sleeves
dress,train,dress_train_02076,B003ULNDUU,B00BU9NDY0,is white and is longer,is white and belted with sleeves
dress,train,dress_train_02077,B007Z3V4GO,B00CU7260I,shorter and more white,is a patterned skirt
dress,train,dress_train_02078,B00BFXM9S2,B00BNFFTOS,has a belt to tie,has shorter sleeves and is not umpire
dress,train,dress_train_02079,B007RTTXIW,B009ANVHJG,is red in color,It is more red and satin
dress,train,dress_train_02080,B00AOC7ZXY,B009XNNFXE,is black and white striped,is black and white striped
dress,train,dress_train_02082,B00AIIOHL2,B0064VZ91Y,beige collared short black dress with pockets,Is more elegant and less revealing
dress,train,dress_train_02083,B007KZNLS6,B009NBPFJ8,is turquoise multi colored. It has half sleeves,is striped blue
dress,train,dress_train_02084,B00773ZFOY,B00C5TK2S4,is more dark and plain,Is more ruched and blue
dress,train,dress_train_02085,B00E3WF2DQ,B00CY07TP8,more loosely fitting,is black with a zipper
dress,train,dress_train_02086,B00A6WAFLG,B007T9HN1Y,is darker,is open and darker
dress,train,dress_train_02087,B00BRCG24I,B004RDQ9MY,is a u shaped neck with ling sleeves black dress,more conservative and darker
dress,train,dress_train_02088,B00EHACNZY,B0082BB5LC,has one shoulder strap with blue sequence,is blue with one sleeve and draping
dress,train,dress_train_02089,B007WPHSZQ,B006W6COGE,Is more fitted and charcoal,Is a fitted black dress with less revealing neckline.
dress,train,dress_train_02090,B002M5F7TA,B002HUA7TU,has more of a cheetah print,is less shint
dress,train,dress_train_02091,B00747N2Z2,B009ZRK3G0,the yellow color is too bright and short length,is solid yellow
dress,train,dress_train_02092,B009UZLR26,B00B71DFJO,is more black and tighter,is a trouser suit
dress,train,dress_train_02093,B00557VVMO,B008EXP7MQ,darker colored print,has a different pattern and is blue
dress,train,dress_train_02094,B008KL8FXA,B00AOA764O,is longer and solid in color,is longer and loose
dress,train,dress_train_02095,B00816HLAC,B00ANKY5O4,is black in color,is solid black and more form fitting
dress,train,dress_train_02096,B0097J0XHU,B002UNB13A,tight fitting black dress with spaghetti straps,is in solid black without sleeves.
dress,train,dress_train_02097,B0071NU2IY,B0073J1NSY,is shorter and lighter,is white and black and strapless
dress,train,dress_train_02098,B002PEZMSY,B002PETCY4,2,has a more closed neckline
dress,train,dress_train_02099,B0091IZZIE,B0094IL65W,its black in color,is shorter and black
dress,train,dress_train_02100,B0030MI1ME,B00AU9XSJ6,is black and white and has longer sleeves,is a two-piece
dress,train,dress_train_02101,B005M0RJJS,B006D266TS,Has a short skirt and striped top.,is shorter with a bateau neckline and striped
dress,train,dress_train_02102,B004GBCQPQ,B0091DLGD2,is less revealing and has white details,is longer and white
dress,train,dress_train_02103,B007NKX1DI,B009FTWOA6,has longer sleeves and more shiny and is yellow,has longer sleeves and yellow
dress,train,dress_train_02104,B0036MEKVE,B00CY8KEBQ,is more colorful and has bell sleeves,is shorter and more patterned
dress,train,dress_train_02105,B002Z7FWLI,B007IS2ALE,is shorter and more revealing,floral pattern and shorter skirt
dress,train,dress_train_02106,B006T73FG4,B008X9EESY, and white multi pattern dress. With short sleeves,is blue with no straps
dress,train,dress_train_02107,B005PK0OB0,B008622LR4,is floral patterned with no sleeves,has floral red and black backdrop with shorter sleeves.
dress,train,dress_train_02108,B00FHUHVG4,B00DWVNGDC,is more revealing with ruffles,is darker purple with a scoop neckline
dress,train,dress_train_02109,B0069J2YAU,B007EMWDDO,is above the knee and more sleeves,is shorter
dress,train,dress_train_02110,B00FMB2R62,B00CHURMFC,is tighter,is not solid colors and has sleeves
dress,train,dress_train_02111,B00CSLGPMQ,B00G33Q9BC,is lighter,is longer and lighter
dress,train,dress_train_02112,B0062EE8Q0,B00452TGRC,is darker and has longer sleeves and is shorter,is short and long-sleeved
dress,train,dress_train_02113,B00AZ824SI,B008545YKY,has a different pattern and is lighter,is grey and red and longer
dress,train,dress_train_02114,B00EZ7GUZ8,B00EEJTL8U,has more lace on the top and not so tight,has short sleeves and is less sleek
dress,train,dress_train_02115,B00CL0KUU2,B00A4FQO92,longer and brighter colored,is longer and is a brighter color
dress,train,dress_train_02116,B00BUKDMUY,B009ZRC0QQ,is lighter with a more prominent print,has a blue and white pattern
dress,train,dress_train_02117,B00ABBZVDY,B00C7PAFS8,is longer with no sleeves,the dress is black with flowers and longer
dress,train,dress_train_02120,B00CE5DGUA,B00CMM9SWU,Red and no cleavage,is darker with shorter neckline
dress,train,dress_train_02121,B007WPHBGW,B007WPHKP4,Is longer and more elegant,is longer and a darker color
dress,train,dress_train_02122,B00683THKM,B003ILIKQO,is a darker color with an open back,Is in nude color
dress,train,dress_train_02123,B006J5VKOU,B006J5WW5G,is longer and more fashionable,is longer and has a chevron pattern
dress,train,dress_train_02125,B004JQOL1K,B002QB1726,is longer and less fitting,has sleeves and is black and white
dress,train,dress_train_02127,B008FRIFM0,B00CXVGFGC,is darker and has a looser fit, is grey
dress,train,dress_train_02128,B00CA7RAZO,B00C1RKJ2E,is more solid color and more revealing,is more solid olive green in color
dress,train,dress_train_02129,B00BRPLMKE,B00A0QEHLW,has longer sleeves and is black,Is black and more elegant
dress,train,dress_train_02130,B00C9ZYLJ0,B001E5EB14,monochrome and more formal,is black skirt with white ruffled top
dress,train,dress_train_02131,B0040NPFKI,B00CEM45JE, and a darker color,is longer and more elegant
dress,train,dress_train_02132,B00A1L7A56,B00AS15I26,is black in color,is black an dlong
dress,train,dress_train_02133,B003RRWX30,B0061LZL5Q,is lighter and more revealing,is more bright and has longer sleeves
dress,train,dress_train_02134,B004IK9D24,B00BV49WYY,is a brand,just words
dress,train,dress_train_02135,B00F4MXHW2,B008RJZTU2,is black with long sleeves,has longer sleeves in gray
dress,train,dress_train_02137,B0099DCR8W,B00E95DR6G,is teal in color,more emerald and flowing
dress,train,dress_train_02138,B005G16AIO,B0042VIH8K, with thicker sleeves,has sleeves
dress,train,dress_train_02139,B00B89MVUO,B00B89Q76I,is a solid white color,is more colourfull
dress,train,dress_train_02141,B009365SEK,B0092QK530,Has a belt,is orange and belted
dress,train,dress_train_02142,B0087Y21F8,B008MTHLHQ,Is fully black and has a v-neck collar,is black and v neck
dress,train,dress_train_02143,B005XIDFRY,B00B2AROCE,black and gold,is back and yellow
dress,train,dress_train_02144,B002EANOY8,B0019KO8EE,is short and is white,is shorter and white
dress,train,dress_train_02145,B00BAPZEQ4,B00C61X3KU,Is a plume purple color,Covers both shoulders and flows more from the waist.
dress,train,dress_train_02146,B007POXT66,B007FKACLA,is more revealing,shorter
dress,train,dress_train_02147,B007IS29LU,B009LIFA9I,has no sleeves and is darker colored,has shorter sleeves and is darker in color
dress,train,dress_train_02150,B002ZPH5NI,B008DS0P7Y, and long sleeves,is more sexy
dress,train,dress_train_02151,B00ADUHCP8,B00GK63R6M, with lace trim,is fitted and printed
dress,train,dress_train_02153,B0070J3K42,B004OET1US,is black and longer,is black with longer sleeves
dress,train,dress_train_02154,B008EXP7MQ,B005GLSE5G,is more red and white in pattern,has a lot less blue.
dress,train,dress_train_02156,B00CMEN80Q,B00C5T5TXM,is floor length with more colours,is in multple colors and longer.
dress,train,dress_train_02157,B0098XU334,B00BB0WOA2,more romantic and sluttier,is lighter and shorrter
dress,train,dress_train_02158,B0053WG4KA,B001BFYY0K,black with v neck and flattering fit,has more shoulder straps and a v top.
dress,train,dress_train_02159,B00CPER7UU,B00E5Y5TMG,is more flowing,Is purple
dress,train,dress_train_02160,B00BTJX9LI,B0042VIHKI,is a lighter color and satin material,is cream with a black bow
dress,train,dress_train_02161,B006WM4WUY,B005PHZROM,is red colored and one shouldered dress,red with single strap
dress,train,dress_train_02162,B007C61GVM,B007C61HRA,is dark blue with a v-neck and long sleeves,is darker in color with longer sleeves
dress,train,dress_train_02163,B00A1CI0HC,B007R1VB4Y,is red and black with straps,is red with thinner straps
dress,train,dress_train_02164,B006LFOX4M,B00BFPGCYM,this is not a piece of clothing,product is text
dress,train,dress_train_02166,B00CXVMD22,B006T73FG4,has a longer hemline and straps,covers the shoulders
dress,train,dress_train_02168,B0088IMA2W,B006OI1PSI,is black in color,is darker in color
dress,train,dress_train_02169,B00B903K3E,B0098ND9TO,is more patterned,is plaid and more youthful.
dress,train,dress_train_02170,B00E3WF2DQ,B00F3I19QI,is more fitted with spaghetti straps,is shiny
dress,train,dress_train_02171,B004JU2BAY,B008B7RLBA,is blue,is black and green
dress,train,dress_train_02172,B0050A6ZHM,B006UK6UQW,is shorter and white with a drop waist,is white with green piping
dress,train,dress_train_02173,B007EECFR6,B0093UNBXQ,Is more fitted and chic,is shorter
dress,train,dress_train_02175,B008GK1JWE,B00B44YPNO,is black in color and strapless,is black with no straps
dress,train,dress_train_02176,B007SV9DBQ,B006ILRQDO,is larger with longer sleeves,is looser
dress,train,dress_train_02177,B0070YIF60,B008DBP7S8,white,is lighter in color
dress,train,dress_train_02178,B007HI744S,B00AOBFHZ8,is white with blue and black stripes, black
dress,train,dress_train_02180,B00COH9AUS,B00B89H438,is solid blue with no sleeves,is more fitting
dress,train,dress_train_02182,B003COZ7UE,B005FVRAUC,short black dress,has no white top.
dress,train,dress_train_02183,B004Q7DECY,B0020HRPH2,is looser fitting,has spagetti straps and is much more bright and colourful
dress,train,dress_train_02185,B00606LEEE,B006GHAYS4,Is shorter and sleeveless.,has a shorter skirt and no sleeves
dress,train,dress_train_02186,B0070DXXJU,B0098WDK6W,has a brighter color,is bright pink with a black belt
dress,train,dress_train_02187,B00792IPOA,B00792JNQO,is the exact product,is the same
dress,train,dress_train_02188,B004I6PIPY,B004I6M7HQ,is bright and chic.,is more light red
dress,train,dress_train_02189,B00B2A3DFQ,B007IRN97Y,is red with a more traditional collar,is red and has a waistline
dress,train,dress_train_02190,B0055WR2WC,B00AHTQ814,is longer and looser,is orange
dress,train,dress_train_02191,B0032XUKTI,B007FHD4FO,is less colorful with longer sleeves,has sleeves and a looser fit
dress,train,dress_train_02192,B004WZQPN0,B00BQS4X3U,has two straps,has two shoulder straps
dress,train,dress_train_02193,B005F1OFXM,B0058ZFF7A,is a longer dress and more casual,is longer and has black and white stripts
dress,train,dress_train_02194,B00740VYFE,B00740W9Q2,is pale with a v shaped neck,is more frilly and has more of a beige color
dress,train,dress_train_02196,B005LC3GEY,B0040QE97K,is more fashionable,has a strap
dress,train,dress_train_02197,B007R62M42,B007R64DLW,is a solid black dress,is a solid black color
dress,train,dress_train_02198,B003VWOXAC,B00F9371NW,no strap short black dress,is a black pencil shape
dress,train,dress_train_02199,B0030IN28G,B004LWZMVA,Is strapless and one color.,is a little longer and strapless
dress,train,dress_train_02200,B008O7JPA2,B00CMXJZSQ,is a floral print strapless asymmetrical dress,more revealing and flowy
dress,train,dress_train_02201,B00AKQBDKU,B0051MR9D8,is more of a clothing item,is more of a dress
dress,train,dress_train_02202,B005FOE7F0,B006J43760,Has a belted waist and ruffled bottom.,is belted and more elegant
dress,train,dress_train_02203,B00BOZF4JW,B00BUAA24S,is yellow and has one sleeve,has one shoulder and is much paler in colour
dress,train,dress_train_02204,B00FCEF00O,B00GM0LFHE,is more fitting,is red and solid colored
dress,train,dress_train_02205,B007CJM668,B007CJM00A,has long white lace sleeves,is whiter with a symmetric neckline
dress,train,dress_train_02206,B005KMDMB2,B00C4NV5ZA,is longer with stars on bottom,longer skirt and magenta
dress,train,dress_train_02207,B004W4YRD6,B003BT5RQE,looks like a blouse,is lighter
dress,train,dress_train_02208,B00CTRLLV4,B00DVUUJ70,is floral with pink,is long and floral
dress,train,dress_train_02209,B006UCQY4I,B00CIOJR5K,is darker and longer,is darker with a higher neckline
dress,train,dress_train_02210,B009TIHLAQ,B00EYNW1CO,is purple and whire,has a black top and v pattern skirt
dress,train,dress_train_02211,B00GIAF9GQ,B005HENS58,is longer and solid red with black belt on wasit,lighter with no lace inset
dress,train,dress_train_02212,B004T7XCOG,B00ALMYQ8E,Has a light purple design. It's also shorter,is purple with thick sleeves
dress,train,dress_train_02213,B006WX7OG2,B008LRMWMI,is shorter and less formal,is shorter in length and not as formal
dress,train,dress_train_02215,B007M8P4UY,B00BR3OXYS,is orange with longer sleeves,is shorter with a print
dress,train,dress_train_02217,B008AEEF72,B008BHSCJA,is brighter,is grey with orange piping and belt
dress,train,dress_train_02220,B007WZ08F8,B0085TXE92,is strapless with stripes and long hemline,has stripe colour
dress,train,dress_train_02221,B009UZLGKY,B00684URUU,is more girly and frilly,has an A line skirt and larger
dress,train,dress_train_02222,B00CHURMFC,B00B90OD30,has a looser fit with sleeves and solid green,has longer sleeves
dress,train,dress_train_02223,B009WJ0LYA,B005RYO48S,is more floral patterned,is shorter with longer sleeves
dress,train,dress_train_02224,B009FEC70S,B0035WTC7C,is pink with a silk look to it,has more pink
dress,train,dress_train_02226,B009TIHLAQ,B00781VBNO,is more longer and multicolored,is longer and flowing
dress,train,dress_train_02227,B007WPHUYU,B00FDRIFHK,Is darker with longer sleeves,Its is longer with a longer sleeves
dress,train,dress_train_02228,B00DFWSHFK,B0091CFOB8,is two colors and lond sleeved,Dark Color
dress,train,dress_train_02229,B00B93TTHM,B00DFY1X7C,has a deeper neckline and is less formal,is more revealing
dress,train,dress_train_02230,B0065588LW,B0065589JI,is black and has yellow stripes,has more stripes
dress,train,dress_train_02232,B00CMEN80Q,B00DP4WHK4,does not have sleeves and is solid black,is black and sleeveless
dress,train,dress_train_02233,B00CLF477O,B00C0ZMWP4,is pink,is full length with shorter sleeves
dress,train,dress_train_02234,B0070QMPKA,B009LIK552,has longer sleeves and is tighter,is more fitting
dress,train,dress_train_02235,B0090KH8XI,B008AHK4C4,is more green,Blue and green print all over with short-sleeves
dress,train,dress_train_02236,B0055QA66M,B00A7HGPOQ,is sexier with a single sleeve on the left,has a one shoulder sleeve
dress,train,dress_train_02237,B00EW0YKW8,B00GCJJQ94,shorter with a u shaped neck,lighter material and shorter skirt
dress,train,dress_train_02238,B008EQ06I8,B0098B7XZC,is a long grey canvas dress,Is longer and has more pockets
dress,train,dress_train_02239,B005M0RJJS,B001E5EAVU,is sleeveless and purple in color,is a purple shirt
dress,train,dress_train_02240,B009PPPO4I,B0068FQCXA,has stripes in shorter length,colored line patter with sash
dress,train,dress_train_02242,B00CRNKQG6,B009AO2HKI,is more formal with longer sleeves and a longer hemline,is more elegant and form fitting
dress,train,dress_train_02243,B00ARFW3SU,B00BG46436,is solid and shorter,is more purple and flowing
dress,train,dress_train_02244,B007WPHRVG,B006ZQQ606,has a looser,has frills
dress,train,dress_train_02245,B00EDS40GA,B00A9SQBVU,is darker,fitting
dress,train,dress_train_02248,B004GBCQPQ,B004L0YLGE,is a lighter color,is more sexual
dress,train,dress_train_02249,B00E0I8VHC,B00D8YOJHA,is a top with no sleeves and white,is a shirt that is white
dress,train,dress_train_02250,B0074H8JR8,B005PMRILC,is an off shoulder dress with velvet material,has a lighter blue top with purple bottom and no arms.
dress,train,dress_train_02251,B00BUUFHAW,B002QUSLZI,is dark blue in color,darker and a little shorter
dress,train,dress_train_02252,B00C5W165O,B009DI5TCO,Is more colorful,is black with colorful patterns
dress,train,dress_train_02253,B007XCGWS2,B008AHK6MM,has thicker straps,is darker and has longer sleeves
dress,train,dress_train_02254,B004YDR944,B0051USZFQ,is less casual with open front,is more revealing
dress,train,dress_train_02255,B0099NV9N6,B0064X71L8,is red in color,is longer and has longer sleeves
dress,train,dress_train_02256,B00B2FSFPE,B005R13MW0,is shorter and more formal,is darker
dress,train,dress_train_02257,B00A3UTL20,B008MZHGMA,has a simillar  design with no collars,has a red belt and trim
dress,train,dress_train_02258,B007SVC1BK,B007KHW2OS,is a shorter length with more sleeve,is shorter
dress,train,dress_train_02259,B007Q3PTPK,B00CEHQNGM,has no straps with cheetah prints, and knee length
dress,train,dress_train_02260,B008A4N6NQ,B008DSN1JS,is white and pulls in more at the waist,is white with a sheer top
dress,train,dress_train_02261,B009KQUIDY,B00AERGJ7C,Is more flowing and elegant,is brown and is more flowing
dress,train,dress_train_02262,B002W0WILK,B003VCLSFA,is red without straps,is solid red
dress,train,dress_train_02263,B00DR7GMTG,B008AAIXDI,striped black and white dress with red belt,has more stripes
dress,train,dress_train_02264,B005EWM566,B002YX0KL0,Bright and colorful,has long sleeves and colorful patterns
dress,train,dress_train_02265,B0032XUKTI,B0030MHY5E,is longer with white tone,Is longer and less sexy
dress,train,dress_train_02266,B003IF4HLC,B00297C9Y2,is form fitted and sleeveless,has straps and is more casual
dress,train,dress_train_02267,B008YQMGOK,B008YQLQ82,is short with no straps,is shorter and more revealing
dress,train,dress_train_02269,B00CC5YAKM,B00CC65OX8,is tighter and has shorter sleeves,is teal with sleeves off the shoulder
dress,train,dress_train_02270,B0081P9SEA,B0096NI7YS,is dark colored and not a dress,is polka dot and belted
dress,train,dress_train_02271,B007RG5RJ4,B008PJYITW,has straps and opening in the shoulder area,is black with a low cut v-neck
dress,train,dress_train_02272,B007RCJ01Y,B007VCCKPS,is solid blue,is a solid blue coloring.
dress,train,dress_train_02273,B004W1G728,B00BZ8JJC6,Is mint green with a lacy top,Is more colorful and less sexy
dress,train,dress_train_02274,B008OWQS1Q,B00CWAEZT8,has a longer skirt and no belt,is dark blue
dress,train,dress_train_02275,B005TCOUPA,B007ZZ3Q0O,is blue with sheer sleeves,is solid blue and fuller bottom
dress,train,dress_train_02277,B007Z3QGBW,B0076ZHU2I,has colorful print and floor lenght, is black and empire waisted
dress,train,dress_train_02278,B00901MNSC,B00902B29C,is grey with a more asymetrical waist,is lighter and has shorter sleeves
dress,train,dress_train_02279,B007Z0NT3S,B00C9JJ0TM,is longer and more for summer,is blue and longer
dress,train,dress_train_02280,B008KKNW20,B008UZITVY,has longer sleeves and lighter toned,Has longer sleeves and is colorful
dress,train,dress_train_02281,B00ARNR9A4,B004KE10K6,black with straps and is more fitted,Black and white top dress
dress,train,dress_train_02282,B00BNN3BA4,B00BIPLML2,Has long sleeves with a short skirt,is in solid black with thin skirt and long fitting sleeves.
dress,train,dress_train_02283,B00FI0LV64,B00GROXPFU,has long sleeves and is black and white,is black with a white top
dress,train,dress_train_02284,B004P88NOI,B0016CL5UA,has a floral pattern, solid orange
dress,train,dress_train_02285,B006ZEQJLO,B0098QGAWE,is black in color,is darker in color
dress,train,dress_train_02286,B006P34CTG,B00BFWT922,has more buttons,is a lighter tan color
dress,train,dress_train_02287,B0054N0TF4,B0073YIIUU,is shorter,More flowery and shorter
dress,train,dress_train_02288,B0073VE2X0,B0044WVG1M,has higher neckline with shorter skirt,is red and black and has long sleeves
dress,train,dress_train_02289,B00CZGIWMU,B006BTJA1O,is longer,is pink and strapless
dress,train,dress_train_02290,B007XT43TA,B007W19OTI,black and gold short dress,is darker and has shorter sleeves
dress,train,dress_train_02291,B00AYKTQ9C,B00AKMM6HI,has a u shaped neck with no stripes,is silver with straps
dress,train,dress_train_02292,B0053AJZJO,B0067VFMZO,hassle patterns on it,has more blue in it
dress,train,dress_train_02293,B00GMRNQ1U,B00F8OHE48,is a dark blue color,is more fitted
dress,train,dress_train_02294,B008UAEUYE,B008UAEP0I,has pink flowers,has floral pattern
dress,train,dress_train_02295,B00480AS5K,B004150Y7E,is red with colorful designs, dropped to one side with longer skirt
dress,train,dress_train_02296,B009M0AE5K,B00CY8SCF6,is lighter,is white and long sleeved
dress,train,dress_train_02297,B0054N0TV8,B004K6LO50,is a short dress,is shorter in length with embellishment on the sleeves
dress,train,dress_train_02298,B005Z9559C,B008FLVUIW,is multi colored with both straps,has both off shoulder and is green color
dress,train,dress_train_02300,B004PEIAMM,B00D72BLT2,paisley with a teardrop neckline,is printed and lighter in color
dress,train,dress_train_02301,B0080E5N0K,B008IEF7NK,is darker in color and more fitted,is black and cream
dress,train,dress_train_02303,B00DVFIJUO,B00AZFZ3QG,is a body con tube dress,is red and checkered
dress,train,dress_train_02304,B009M1V0AM,B0094FZXWW,is solid black,is black and more revealing
dress,train,dress_train_02305,B006OR79WK,B0099R6B6W,Bright and longer,is in white with green print.
dress,train,dress_train_02306,B00AXU14BQ,B006ZR68NK,Red and looser,is red with no embellishments
dress,train,dress_train_02307,B00ASZ9HVA,B00CQ7VW0C,is sleeveless and striped,No sleeved and less plus size
dress,train,dress_train_02308,B005A26DK4,B00BAW2QZO,is more casual,is black and white stripped with a bow
dress,train,dress_train_02309,B0072C6ZJE,B0084ZS942,is more slimming,is brighter and more revealing
dress,train,dress_train_02310,B008M7J2T8,B0070YIUL0,is green colored and shorter in length,is green with sleeves and shorter
dress,train,dress_train_02311,B008ZB3904,B004E9SKO6,has square neckline and longer length,has a square neckline and no sleeves
dress,train,dress_train_02314,B009Z1NVLK,B00A7D81JM,Is red,has a ruffle around the waste
dress,train,dress_train_02315,B003U2T08S,B00AEMHS86,Is more fitted and more revealing,has no sleeves and no shoulder sleeves
dress,train,dress_train_02316,B006U135LO,B003JQL4U2,printed brown dress with thin straps,has floral print
dress,train,dress_train_02317,B00CW76AD0,B00C9AIO8Y,is more casual and summery,is longer
dress,train,dress_train_02318,B007GZZ1O2,B007H2JOSS,is shorter,is yellow with frills
dress,train,dress_train_02319,B00DEPURG0,B006YLW0XE,has more colors and is longer in length but sleeveless,is cooler colored and sleeveless
dress,train,dress_train_02320,B0039ITI44,B006VZBA3E,is less sporty and more frilly,is less striped
dress,train,dress_train_02321,B004W4YRD6,B002TUS8P8,has ruffled sleeves,is shorter and ruffles
dress,train,dress_train_02322,B00CE2HQZO,B006ZVAQSO,has a more floral pattern and less buttons,is printed and flowy
dress,train,dress_train_02323,B003M8HWKI,B007B94LEO,is more free and shorter,has sleeves and is black with pink and purple
dress,train,dress_train_02324,B004B587S2,B005LCEQXE,Has long sleeves,has longer sleeves and more colors
dress,train,dress_train_02325,B0055N7WLM,B007P00RA6, and has three-quarter length sleeves,has less yellow and an open top.
dress,train,dress_train_02326,B005GA9DAC,B00CBM6VSA,has no sleeves and is white,is white and sleeveless
dress,train,dress_train_02327,B000CMQRM6,B008GQ2KZI,has a deeper neckline and is more tropical,has a design
dress,train,dress_train_02328,B00CGVOB10,B00CPOCARK,is black in color, and is lither with a fabric.
dress,train,dress_train_02329,B00AOHEVDG,B00740WGTC,grey and red in colour with more patterns,is fir and flare and longer
dress,train,dress_train_02330,B005CO5UZO,B006TD8KPO,has prints and is longer,is blue with gold designs
dress,train,dress_train_02331,B00CPER7UU,B00BMH6GXA,is lighter,blue with a gown
dress,train,dress_train_02332,B009JOGQPG,B00A46BYIC, with long sleeves.,is shorter and slightly darker
dress,train,dress_train_02334,B00BNN3BA4,B00DP4VWSM,has more fitted skirt with a higher neckline,is solid black
dress,train,dress_train_02335,B00BM0U29Q,B008G3L32W,high low blue dress with no sleeves,is longer and has no sleeves
dress,train,dress_train_02336,B00DZYKQK2,B00AU4N2BK,Is shorter and more edgy,has one sleeve and is more fitted
dress,train,dress_train_02337,B00CXJ4E1W,B006QSQ8LK,has no sleeves,is much brighter in color
dress,train,dress_train_02338,B0088OZ1A4,B003XSSB20,is giraffe brown and yellow pattern,is leopard print and flowy
dress,train,dress_train_02339,B00263Z072,B005GHIP7M,is red with black stripes,is more red and has buttons and vertical stripes
dress,train,dress_train_02340,B003VI94U0,B003ZRG64O,is more floral,is a darker print
dress,train,dress_train_02341,B003A84ZFK,B004JQOLCE,is plainly black with thicker sleeves,is more black with wider straps
dress,train,dress_train_02342,B00DFY1X7C,B00B5MJBPC,Beige and more revealing, and is strapless
dress,train,dress_train_02343,B00AKIDAFY,B007GC3IUE,has straps and shorter, more fitted and all blue
dress,train,dress_train_02344,B00CIPLGAS,B00ATZG0GO,is less revealing and no shiny white,mermaid lace skirt with bolero
dress,train,dress_train_02345,B00BOU8PYS,B007JX9DO0,is green with tank top upper part,is green with symmetric patterns on it
dress,train,dress_train_02346,B0051T2VCA,B008UBROL4,is blue in colour with longer sleeves,is blue with long sleeves
dress,train,dress_train_02347,B007RFJT5I,B00EDS5Q0O,is a long maxi dress,is longer and two toned
dress,train,dress_train_02348,B0067VFMZO,B0067UTV1Q,is looser with stripes,is warmer and more flowy
dress,train,dress_train_02349,B0075JO5FA,B00B3VX9YO,is darker and is less glittery,is darker and has two straps
dress,train,dress_train_02350,B009S3H7OW,B009S3I7FU,is strapless and light green, yellow and blue
dress,train,dress_train_02351,B00BDGPSZ2,B00EP1NTEE,has blue and red stripes,has blue and red stripes
dress,train,dress_train_02352,B00ADUHCP8,B00BTJX9LI,is darker,is black with solid panels
dress,train,dress_train_02353,B00BAY3QCE,B009YMVV6W,has a flared scarf skirt in solid turquiose,is brighter in color
dress,train,dress_train_02356,B0093GYGHA,B005VG51SO,Shorter and no lace at the neck,is a lot shorter and above the knees only.
dress,train,dress_train_02357,B007Q39H7G,B007Q2IOF8,sleeveless and non shiny,has shorter sleeves and less shiny
dress,train,dress_train_02358,B008V5M72K,B007TYML98,is strapless and a tulip skirt,more slim fitting with slit down the side halter top
dress,train,dress_train_02360,B00857SVFQ,B008OVQ3TE,has long sleeves and is more fitted,is long sleeved and more form fitted
dress,train,dress_train_02361,B00CO36J8S,B008UCTDR6,is shorter and flowery,has a longer sleeve and dark colored
dress,train,dress_train_02362,B002W0WILK,B007H5D05S,is more revealing and has no straps,is less dressy and more sexy
dress,train,dress_train_02363,B0047Y0D2K,B008A5ZZJ8,is purple and white and has more horizontal sripes,more striped and bright
dress,train,dress_train_02364,B009L7B46C,B008P94RY8,has a fine print, floor length with sleeves and more glamorous
dress,train,dress_train_02365,B002R1DAW0,B009PKHZ7M,shorter length and flowered,is blue and shorter
dress,train,dress_train_02366,B008UH8R0K,B0091D0X9A,is white and black mixed pattern,is printed and has white
dress,train,dress_train_02367,B0080E699O,B00ACDC788,Black and tighter,is black with long sleeves
dress,train,dress_train_02368,B007YBDL8G,B004UO0624,Is more flowy and layered,is shorter
dress,train,dress_train_02369,B00805VJGG,B004VRLS36,is a long tie dye maxi,is strapless
dress,train,dress_train_02370,B00A3Q8G8Y,B00AFRBRZ0,is pink and more of a ballgown,is pink
dress,train,dress_train_02372,B00DVFHHWK,B00CJG5ATE,is red black and white and shorter,the dress is red and black and shorter
dress,train,dress_train_02373,B007FP4YBO,B00B5T8JKI,is longer and has black and white polkas,is patterned and blacker with white
dress,train,dress_train_02374,B007MLLX2E,B005189A20,is dark blues with no sleeves,is blue and sleeveless
dress,train,dress_train_02375,B006U108DW,B00A760T6C,has slits and no sleeves,has a round neck
dress,train,dress_train_02376,B00D357MPA,B00FQW15ZG,is beige,has long sleeves
dress,train,dress_train_02377,B007WATZQG,B00A7H7YO6,is more fitting,is solid red
dress,train,dress_train_02378,B00E1ZS3E0,B00CRS800A,is less fitted and revealing, shorter and white with black accents
dress,train,dress_train_02379,B006JFSEP8,B001OA998O,blue and sleeveless,is more blue and sleeves with a higher waistline
dress,train,dress_train_02380,B0058T1N0Y,B0058T1CXC,has a cowl neck and tie waistline,is beige and knitted
dress,train,dress_train_02381,B009237TKK,B008SORXIW,is more revealing,is darker
dress,train,dress_train_02382,B009W2RJRY,B00BJFWTIG,2,is white and has one strap
dress,train,dress_train_02383,B00B89PJ4E,B00BI716KC,Is shorter than the previous product,is solid pink with spaghetti straps
dress,train,dress_train_02384,B00A67G1OG,B007Z0NSWK,Is more playful,is darker and has more sleeves
dress,train,dress_train_02385,B00982TSFE,B003AXVUI0,is darker and shorter,is black with white patterns
dress,train,dress_train_02386,B008QZFJDY,B0050JBY92,Has a geometric pattern,is white with black belt
dress,train,dress_train_02388,B002CJFNEK,B0057673MU,has blue stripes at the bottom,is flared
dress,train,dress_train_02390,B00CFU6UU2,B00GXLVZOU,is black with a high neck and lace,is black and not floral patern
dress,train,dress_train_02391,B0075N3YAI,B004L2L9KS,is shorter and brown toned,is rounded neck
dress,train,dress_train_02392,B00EEQOF2A,B00EEQOEXU,in a size extra small,is identical
dress,train,dress_train_02393,B009OCO9XO,B008I2VUWO,is lighter and has longer sleeves,Is more striped and lighter
dress,train,dress_train_02395,B003ILFZTY,B00B036WF8,is strapless in a solid color,is white and no sleeves
dress,train,dress_train_02396,B004VJS954,B006NUXRCO,is shorter and light pink shade,is solid red
dress,train,dress_train_02397,B00CI42PYU,B00E3QXI9C,is more professional looking,is longer and has coolor colors
dress,train,dress_train_02398,B005Y8GEL2,B007JX9CI2,is black,is longer
dress,train,dress_train_02399,B007JLOBZS,B00DIARI7W,is less tighter,is orange and more playful
dress,train,dress_train_02400,B005XHJRDQ,B005W2G6XG, has a cooler color and straps,is darker in color and not off the shoulder
dress,train,dress_train_02401,B006ZQQ606,B006WX2NPO,is green and blue in color and longer,more green with longer skirt
dress,train,dress_train_02402,B008SFQD6Y,B007U3P7S0,is green and has no straps,Is strapless and green sequence
dress,train,dress_train_02403,B001UKAK9K,B009ASCDLC,has shorter black mini and less shiny,is more formal
dress,train,dress_train_02404,B008BHJ9ME,B00EKFQAVE,has an open neck and  shoulder with belt,more modern and less classy
dress,train,dress_train_02406,B005J29V4K,B006GF762S,is longer with a more flowy fabric,is longer and more flowy
dress,train,dress_train_02407,B007C61HRA,B0081ZQYEM,is sleeveless and has pink floral design,is more graphic and a tank top
dress,train,dress_train_02408,B00BWU7NMU,B008XOE0AG,is blu with one shoulder strap,is off one shoulder and blue
dress,train,dress_train_02409,B0061K4F7M,B008YT2PP2,is a yellow color,is lighter and longer
dress,train,dress_train_02410,B005M0RJJS,B0082995UM,is shorter and sleeveless,is sleeveless
dress,train,dress_train_02411,B00AWM6PBY,B0097JK6S6,Lighter and has cleavage,has shoulder straps.
dress,train,dress_train_02412,B006W6COGE,B007CVUSCU,is white in color and is longer,is longer and brighter
dress,train,dress_train_02413,B005M0RJJS,B0069WF7E2,has no sleeves and is a lighter blue,has striped white and light blue without arms.
dress,train,dress_train_02414,B00D3PPGVW,B00APPBO78,has no pattern with a tighter neckline,is silver and textured
dress,train,dress_train_02415,B00EZJ6ZJW,B008IGTVGM,is black and white striped with no sleeves,Striped black and White
dress,train,dress_train_02416,B008UH8R0K,B007MLM4OU,has an animal print,has a more floral design in whites and blacks.
dress,train,dress_train_02417,B006WM44AM,B006D3FDRS,is a short shiny black skirt, and shorter sleeved
dress,train,dress_train_02419,B008OTJTH4,B007WATJ4E,is a white body con,Sleeveless white dress
dress,train,dress_train_02420,B00936XQXA,B007T46TB4,has capped sleeves and is much lighter in colour,is more frilly and and gray
dress,train,dress_train_02422,B00B89QGEG,B00B89PFDY,is black with a white belt,is more motherly and sleeves
dress,train,dress_train_02423,B007OWTBB6,B008S4BU04,is dark in color,is multi-colored and sleeved
dress,train,dress_train_02424,B008UWI3BI,B00H3N4VR0,has longer sleeves and is shorter,has shorter hemline and long sleeves
dress,train,dress_train_02425,B00CIUJBO6,B0091GQSAK,has sleeves,has more of a busy pattern
dress,train,dress_train_02426,B005RYOEOM,B00C12KF0A,is long sleeveless floral print dress.,is longer and more colorful
dress,train,dress_train_02427,B00CHS9G26,B00CHS4EMS, and has sleeves,pink and white mix of colors with shorter sleeves
dress,train,dress_train_02428,B00AA0CVGG,B00BCP94PO,its floral brightly colored,much tighter and has orange striped
dress,train,dress_train_02429,B008TBSUOU,B006P04CSA,has shorter sleeves and more yellow colored,is more light colored and short sleeved
dress,train,dress_train_02430,B008545U4Y,B008546GG0,is red and yellow colored,is darker brown red and orange
dress,train,dress_train_02431,B008FEOZD6,B008R527JW,bright pattern and shorter,lighter and shorter
dress,train,dress_train_02432,B00BR1T9GW,B00EZZOM28,Is a white sleeveless short dress with lace,much more white and less revealing
dress,train,dress_train_02433,B00CQAVR2W,B008AIKLCG,Has sleeves and a floral pattern,Is a green color and doesn't match a dutch design.
dress,train,dress_train_02434,B008FZPQG0,B00CMBCEI6,is pink with a black belt,is peach with a black belt
dress,train,dress_train_02435,B00FTV13II,B008U4K4Y0,is blue,is in all blue with longer sleeves.
dress,train,dress_train_02436,B00AQAAT46,B0096MI8NO,is longer with halter top,is shorter and black
dress,train,dress_train_02438,B00428MWGQ,B009B8RNB6,has straps,has straps and is less shiny
dress,train,dress_train_02439,B00DBDFTZY,B00DBDS4FG,has no strips and pink shade,A solid red dress
dress,train,dress_train_02440,B00BRPLMKE,B00EJPDENC,is beige colored,is paler color and has gold sequins
dress,train,dress_train_02441,B00DZYKQK2,B00ADW19YG,is tighter around the waist and lighter in color,is grey and off the shoulder
dress,train,dress_train_02442,B008KKNFCC,B008KKOVI4,is white and no sleeves,is white with patterned bottom
dress,train,dress_train_02443,B006M9EO3C,B004VUBHI4,is more plain,is shorter and off the shoulder
dress,train,dress_train_02444,B00BFAKKSQ,B002QA2LF4,is cream with no sleeves,has more frills and more pink
dress,train,dress_train_02445,B007GJ44JQ,B008BF7XOW,is strapless and macro print.,is flowery and has no sleeves or straps
dress,train,dress_train_02446,B009RVDEMO,B00EKD9K9A,has no sleeves,is sleeveless with lace
dress,train,dress_train_02447,B00AOA764O,B005DA21UY, halter dress.,is solid black and longer
dress,train,dress_train_02448,B003QCKB4O,B006OP4GUK,is pink in color and cover the shoulders and arms,has longer flowing sleeves
dress,train,dress_train_02449,B004NROCK0,B003VQQZU4,has longer sleeves with collar,Has longer sleeves  and is more patterned
dress,train,dress_train_02450,B000W41Q2K,B001PQF1PC,has halter top and lighter color,is solid white
dress,train,dress_train_02451,B0079WYTKE,B00AKTD6I4,is white and short with print,is much shorter
dress,train,dress_train_02452,B00DFXGDSC,B00DVH1Z4Y,has white and black stripes,has two stripe pattern colors
dress,train,dress_train_02453,B0072NKJBI,B0071RV0KO,uneven black design,is darker in color and knee length
dress,train,dress_train_02455,B00E9LKZ42,B00CCL0AVE,has shorter sleeves,is striped
dress,train,dress_train_02456,B00DZYKQK2,B00AQMU1XI,is strapless and more fitted brighter color,should be shorter and tighter fitting
dress,train,dress_train_02457,B0098B824S,B0087DQDG2,is white and blue and longer,is longer and has longer sleeves
dress,train,dress_train_02458,B004U9YUG2,B004I8VCTI,is shorter and tighter,has two sleeves
dress,train,dress_train_02459,B005ZO8KX0,B008ZAYLKM,has thicker straps and stretchy material,is black and fitted
dress,train,dress_train_02460,B002U0LMVE,B000ENMR3Q,Longer and strapless,is much longer
dress,train,dress_train_02461,B008G5VVDQ,B00AG912DE, with a light yellow top,more plain and looks like overalls
dress,train,dress_train_02462,B002HSX758,B00822SQCC,The pink dress is too short,is long with long sleeves
dress,train,dress_train_02463,B00B2FSFPE,B0083CII6K,is very red,more fitted
dress,train,dress_train_02465,B005KP5M26,B00A17VUUG,has shorter sleeves and is belted,is darker and has shorter sleeves
dress,train,dress_train_02466,B00BUKKAY0,B00GDLPCB2,is looser with a pattern,is less sexy
dress,train,dress_train_02467,B004FO76YK,B002HEQGO6,is solid black,is black
dress,train,dress_train_02468,B009NI9SB2,B008F4PN9Q,has a different pattern and is less green,has patterns
dress,train,dress_train_02469,B008S4CEU4,B00BV4A0QI,is less shiner,is brighter in color
dress,train,dress_train_02470,B00CWAEZT8,B009PJDOTQ,is shorter and more sexy,has longer sleeves
dress,train,dress_train_02471,B008ZAYOQI,B006J42UHW,I want a dress that is darker.,has more black
dress,train,dress_train_02472,B006FRREVU,B006FRRC12,Is solid in color and has a sleeve., above the knee and belted
dress,train,dress_train_02473,B0090JSKRW,B00CIQDS08,is more blue and more purple,is solid colored and V-necked
dress,train,dress_train_02474,B008PHPYK6,B007UM4ZCK,Is a cold shoulder striped short dress,is darker
dress,train,dress_train_02475,B00DU7WE5E,B00DU7WDMS, more revealing,Long and yellow
dress,train,dress_train_02476,B00DNLCKRE,B005IQ1ADM,is less revealing,is without the waist belt and shawl
dress,train,dress_train_02477,B008F1HO3W,B008RK6XLA,is red in color and has longer sleeves,has more polygons
dress,train,dress_train_02478,B00AES91JE,B00ED4K68U,is black long sleeve and large neck,is solid black
dress,train,dress_train_02479,B00G0G376M,B00G4Q005O,is a short sleeved,is purple and strapless and not as long
dress,train,dress_train_02480,B008DSPOHA,B008DSPKII,Is more charcoal and less loud,is black and less casual
dress,train,dress_train_02481,B008O4YWWQ,B008PHQ1YY,is a skater dress,is shorter
dress,train,dress_train_02482,B00ANOMW2W,B007E9X8MM,has an empire waist and a longer skirt,Is more whimsical and longer
dress,train,dress_train_02483,B0094S31L4,B0094S2YDU,is solid black with a gold belt,is a different fabric
dress,train,dress_train_02484,B004GCJ61C,B004NRNTPY,is solid blue with long sleeves.,is black with silver bottom
dress,train,dress_train_02485,B00A9JVC86,B00C4JV716,is black with red flowers,is black with red floral pattern
dress,train,dress_train_02486,B00AJJAQ3S,B0091J14CE,is navy blue,is darker blue and has longer sleeves
dress,train,dress_train_02487,B00B3Y6S9Y,B006FRREVU,Is more colorful and more floral,is a darker floral print.
dress,train,dress_train_02488,B00E4RKU6E,B007WA30IK,black and shorter,black and shorter
dress,train,dress_train_02489,B00BANN8YG,B008NG1LH4,Is black with 3 white lines,is strapless and darker in color
dress,train,dress_train_02490,B007OVUPSA,B002SLH5W0, is patterned,Is a floral design without a waist band.
dress,train,dress_train_02491,B0076R81WE,B007G102ZO, sleeveless,is blue with sleeves
dress,train,dress_train_02492,B00DD5Z4OQ,B0089XS16K,is shorter,is shorter and more revealing
dress,train,dress_train_02493,B009DI5V2C,B00DGNQDIQ,is dark purple colored and longer sleeves, gray
dress,train,dress_train_02494,B00D6COQJ0,B003HP6DLK,is less striped without a prominent belt,is solid and has one sleeve
dress,train,dress_train_02495,B00896JQUC,B004LULH7U,has shorter sleeves,is a shiny white dress
dress,train,dress_train_02497,B006W6AGZK,B006VN91I2,has  a knot tied around the cleavage,It is more blue and less flowery
dress,train,dress_train_02498,B008596L92,B008BHIYUC,I am wanting the dress to be a little shorter,has black lining.
dress,train,dress_train_02499,B00CFRFVPA,B005QSQZDC,has shorter sleeves and is more royal blue,is more of a night-out with short sleeves
dress,train,dress_train_02500,B0035WTC5E,B00525WDN0,is white and strapless,Is white and more revealing.
dress,train,dress_train_02501,B006WQZGAK,B007Q3PMTI,is blue muti print,has more graphics
dress,train,dress_train_02502,B007CJM0NW,B008BWOCXK,is longer and more fitting,is pink
dress,train,dress_train_02503,B004EBUSSK,B00CFUDZZA,has longer sleeves and whimsical floral,has white daisies all over
dress,train,dress_train_02504,B006W1TYE4,B006W55MFU,is sleeveless pleated dress with vibrant multicolored print,is knee length and brighter colored print
dress,train,dress_train_02506,B00FS7K0HI,B002YS6KXC,is shorter with short sleeves and a zipper in middle,is red with longer sleeves
dress,train,dress_train_02507,B0095FP38K,B00BUFT3RA,is longer and has a hi lo skirt,solid color
dress,train,dress_train_02508,B0086EIXYC,B00BD4MBKE,is white with longer sleeves,is shorter with short sleeves
dress,train,dress_train_02509,B007GSEYGA,B00833DTIQ,Is a short ruffled black dress,is shiny and think straps
dress,train,dress_train_02510,B00DU5DJ96,B00C57ENG8, beaded collar strap.,is black with lace on the bottom
dress,train,dress_train_02511,B00AVGH2PY,B004X75YH0,is blue in color,It is less pink
dress,train,dress_train_02512,B005LJBWVG,B002L16TY2,has a solid patter and less prominent buttons,is in reds instead of black and grey with long sleeves.
dress,train,dress_train_02513,B00D4182RU,B00CA0K9Y0,is cheetah print,has a leopard design
dress,train,dress_train_02514,B003U6IBZC,B007225K54,has a single left strap and is dark blue, sleeveless
dress,train,dress_train_02515,B006LFTALI,B007ZEOPX2,is black and white tiger striped,is black and white with no sleeves
dress,train,dress_train_02516,B007GB9480,B000OUHTBO,is black with white stripes,is blue and white stripes
dress,train,dress_train_02517,B00BRUTG66,B0053O76AA,is zebra print and has sleeves,is lighter and has longer sleeves
dress,train,dress_train_02518,B009ERVM1G,B00C3WP1ES,has straps and asymetrical hem,is red with a brown belt
dress,train,dress_train_02519,B0071RV19Y,B00D38HSS8,is sleeveless and belted,is sexy and casual
dress,train,dress_train_02520,B003ULNDK0,B005X6OV0G,is darker and has shorter sleeves,is black and sleeveless
dress,train,dress_train_02521,B00C5Y2MB4,B00F8Z5KGG,is solid black and shorter,is more solid colored
dress,train,dress_train_02522,B009ERVM1G,B003TJ8YBQ,is yellow black and gray with short sleeves,has more color
dress,train,dress_train_02523,B00EDTN7FE,B002ZPH5NI,is longer,is white and longer
dress,train,dress_train_02524,B007SMO3U6,B005O7ET2Y,has one shoulder strap with slit and looser,is blue with a satin effect
dress,train,dress_train_02525,B00DU7WE5E,B00DU7WDUK, more revealing,Long and yellow
dress,train,dress_train_02526,B008BWOC76,B008IGJD4W,is white colored and strapless,is sleeveless and floral printed
dress,train,dress_train_02528,B00CLF5NAY,B0093JYLZY,is black and has one sleeve,is black with one sleeve
dress,train,dress_train_02529,B004GCJ61C,B003KGAAVK,A shorter geometric pattern dress.,is shorter with no waistline
dress,train,dress_train_02530,B00DJGCPD2,B00AYLAHV2,Is a short red tee shirt dress.,is short sleeves and red
dress,train,dress_train_02531,B006NUEP70,B004T6S94K,is darker in color and has sleeves,Is more vintage and colorful
dress,train,dress_train_02532,B00FANWVLI,B00EKQHVTI,black,black with sheer sleeves
dress,train,dress_train_02533,B008KFJTPY,B00GZKN3V2,is blue with white polka dots,is longer and less pink
dress,train,dress_train_02536,B009OCO42K,B008I2VXU8, sleeveless,is more colorful and patterned
dress,train,dress_train_02537,B00AQMT1IE,B00BOZF4JW,has a black top and yellow short skirt dress,has wider straps and is a white floral print.
dress,train,dress_train_02538,B007XAUG9U,B00CYR6WFO,is shorter and tighter,has much shorter bottom
dress,train,dress_train_02539,B008CFE9ES,B0085FIDCE,more solid and shinier,is shinier and solid red
dress,train,dress_train_02540,B00CRWO2Y4,B00CRWKZFO, no sleeves and blue in color,light color
dress,train,dress_train_02542,B00BC0684O,B006WQZBOG,has a halter strap and is shorter,is animal-like and more revealing
dress,train,dress_train_02543,B0092MJJQ8,B0076OEANQ,has a u shaped neckline and more free,is black and a lined
dress,train,dress_train_02544,B00CA7RAZO,B002SSUKU2,is short with long sleeves,is shorter and longer sleeves
dress,train,dress_train_02545,B003Z99POK,B004M6J946,is more modest with long sleeves and scarf,is darker and has longer sleeves
dress,train,dress_train_02547,B005Y8GCS2,B0077D7PRE,Is less revealing with a blazer, and longer
dress,train,dress_train_02548,B004O76KAE,B008DS2W0C, more pattern,has flowers on fabric and is longer
dress,train,dress_train_02549,B00BN7FRGQ,B008F1HO3W,A belted chevron mid length dress,has stripes and short sleeves
dress,train,dress_train_02550,B007XS5ZUC,B00C61OQ10,has shorter skirt and more cream colored,is form fitting
dress,train,dress_train_02551,B00EPLZNXY,B00D9SL5PY,is grey in color.,has no print and a ruffled hem and no straps
dress,train,dress_train_02552,B006W1TYE4,B00CXM8VEA,is shorter,is brighter white in colour with shorter sleeves.
dress,train,dress_train_02553,B007WATY3K,B00FJIXNB6,is red with cut-out sleeves,is red with sleeves
dress,train,dress_train_02554,B00858IL9G,B006PDWNB0,is shorter and sleeveless,is a solid white dressm fits firmly around the breasts
dress,train,dress_train_02555,B008BMQ50S,B004SC6INY,this blue dress look too mature,has off shoulder and is black color
dress,train,dress_train_02556,B0063R8BIW,B00AGC268Q,has straps and a black white and yellow pattern,is black with straps and multiple patterns
dress,train,dress_train_02558,B008FRIFM0,B00BI3CQ8C,is turqiouse,is in an off blue color.
dress,train,dress_train_02559,B008DBP0C6,B0070YIF60,is a black,This dress is looking good
dress,train,dress_train_02560,B004O5HAUU,B007TYY9HA,is orange with no sleeves,is orange and sleeveless
dress,train,dress_train_02561,B0097J2ZRG,B00C2N9MH0,is pink and larger on the bottom,is pink with a train
dress,train,dress_train_02562,B009UZLGKY,B007Z0NT3S,is belted and open at the chest,has a tighter waist and shorter sleeves
dress,train,dress_train_02563,B00AU1U46O,B009FENAMC,is more pink and is shorter,is pink
dress,train,dress_train_02564,B009EO78KI,B0094GD29M,is shorter and has less lace,is grey with black bow
dress,train,dress_train_02565,B008DSLANW,B00B3IDVFE,is a short sleeve with only white collar,LONDON TIMES
dress,train,dress_train_02566,B00EXFP9N6,B008DF2EOO,has a high-low hem and stripes,is striped with an asymmetrical hem
dress,train,dress_train_02567,B008AEDVQS,B00901EA2E,has sleeves and a teal color,It is more blue with sleeves
dress,train,dress_train_02568,B009WU0Y4G,B00BAY3QCE,Is a lighter cream color,tan with no sheer material
dress,train,dress_train_02569,B006NU5T0W,B006NU77ES, black with white sports,is solid colored and shorter
dress,train,dress_train_02570,B00EY9KBUM,B00DR7GMTG,is solid purple with one strap on shoulder,is purple colored
dress,train,dress_train_02571,B00D5ODKOQ,B008MMTNMY,is solid black with a v neck and red belt,tighter and tricolored
dress,train,dress_train_02572,B003ZYMRAY,B009HIVA2I,Is gold with pointy shoulders.,is black with accent white and is tighter.
dress,train,dress_train_02573,B007Z3V8WO,B007G3NEN4,is blue with short sleeves,has straps and is shorter
dress,train,dress_train_02574,B008ZXTX84,B00BHSAXQU,is a dress with short sleeves and a v neck,is a skirt not a dress
dress,train,dress_train_02575,B00CJOFHXK,B00CBG4872,is more pink,is a brighter color
dress,train,dress_train_02577,B0099PRZ82,B008RD7IPC,belted and printed,has more buttons
dress,train,dress_train_02579,B00COAD77C,B00CDZNKIY,is more colorful and slimmer,is green and more casual.
dress,train,dress_train_02580,B00CMEN80Q,B00BFF9U1Y,Is a solid cream color,is cream in color
dress,train,dress_train_02581,B007IWZSWI,B00C5TLSXC,is a floral tank dress, above the knee and fitted
dress,train,dress_train_02582,B006LFT3RY,B00DIEV78E,has a collar and more zippers,has sleeves and a higher neckline
dress,train,dress_train_02583,B004K8K1RU,B00AX2SUU2,is long bright and has a u shaped neck,is longer and white with spaghetti straps.
dress,train,dress_train_02584,B0099B3Z94,B00B914NFC,is teal and long,Longer and less pleated
dress,train,dress_train_02585,B0098NURY4,B00EFJ5OJ4,is brown and floral,is in black and peach.
dress,train,dress_train_02587,B00EZK65TQ,B0080E699O,is identical,is the same
dress,train,dress_train_02588,B00ADRIN72,B00849NUJM,is black and long without straps, long sleeved and much shorter
dress,train,dress_train_02589,B00D84XGAG,B00FF99QMO,is lighter and has longer sleeves,is long sleeve printed short dress
dress,train,dress_train_02590,B00EO74Z0G,B009CMY9UY,Is darker with long sleeves., more fitted and red
dress,train,dress_train_02591,B004JU2BOK,B007FPE0C2,brightly colored and shorter,is white with colored pattern
dress,train,dress_train_02592,B007RTTXIW,B006MOS4M4,has more print work,is floral pattern and more casual
dress,train,dress_train_02593,B003GSLCHI,B005SOD10E,is shiny,is shiny gold and strapless
dress,train,dress_train_02594,B004XICMGA,B008J261E0,is sexy and is black and lacy,is black with open back
dress,train,dress_train_02595,B00686OEZW,B0090LIABG,has a high neck and three-quarter length sleeves,is darker with long sleeves
dress,train,dress_train_02596,B005EVNHD2,B003RRWD4O,has a simpler pattern and short sleeves,is shorter
dress,train,dress_train_02597,B00ATLEFAQ,B0091QU8J2,has a much bigger and flowing bottom,Is strapless and sleeveless
dress,train,dress_train_02598,B00AKEBVRC,B004PU28KQ,is blue colored and more revealing,is strapless and a brighter color
dress,train,dress_train_02599,B00BGSRVOI,B006NU73RO,is a v shaped neck dress,has no blue
dress,train,dress_train_02600,B00A7HGPOQ,B009VRTOG4,is blue and black in color,is longer and bluer
dress,train,dress_train_02601,B0087P1NK6,B00AYZEIJ0,Is a strapless black dress with brown belt,black with thicker belt
dress,train,dress_train_02603,B000XU4QBG,B000X1N2KQ,is silver,is white satin with a halter neck
dress,train,dress_train_02604,B008ZB37EM,B0078LJMUS,has a v shaped neck with sleeves and a purple toped dress,has more purple
dress,train,dress_train_02605,B006MQT4BM,B006VB28N4,is darker and shorter,is a solid black color
dress,train,dress_train_02606,B00AWM6F8C,B00AT9JBDE,is white and is short,has no shoulder straps and a shorter skirt
dress,train,dress_train_02607,B0084ENJZC,B00BJMPM1A, with a solid orange jacket,Is solid faded pink in color.
dress,train,dress_train_02608,B008CQB4HC,B0090JS8MO,is black and blue with short sleeves,is striped with blue and black
dress,train,dress_train_02609,B00A2DDSM2,B00A2DDP66,is blue with the same floral design,is blue
dress,train,dress_train_02610,B008L8GPLQ,B007EXQQK4,is a short pink dress,is light pink in color
dress,train,dress_train_02611,B004OET1US,B009FID8JI,is red and strapless,is red and skimpier with feathers around the waist.
dress,train,dress_train_02612,B00B9143NY,B007GSEYGA,is sexier and foxier,is black and long sleeved
dress,train,dress_train_02613,B00D2CX1CW,B00CX8GYR0,is pink in color,has tassles at bottom and is more pink
dress,train,dress_train_02614,B00C1G849A,B00DBMI43O,I want shorter dress length and no stripes,is in peach and a little shorter.
dress,train,dress_train_02615,B00318COMU,B004AM5JCS,is darker and longer,is darker in color
dress,train,dress_train_02616,B006P127YU,B005H7CLOO,Has a lace pattern and 3/4 sleeves.,is brown with sleeves
dress,train,dress_train_02617,B00AE337U8,B003ILMRTU,long sleeved short red dress,is longer sleeved and solid red color
dress,train,dress_train_02620,B0087DQTCK,B0087DQ63C,is longer and has shorter sleeves, shinier
dress,train,dress_train_02621,B009P8UO90,B0058ZGB28,one shoulder short black dress,has no floral print.
dress,train,dress_train_02623,B0058V5FNS,B004HTS44E,is purple with short sleves,is less sexual
dress,train,dress_train_02624,B007FP788K,B007ZQI8QA,is shorter in length and longer sleeves, sleeveless
dress,train,dress_train_02625,B005N7HDAU,B006PBDPF0,Lighter and not see through, shinier
dress,train,dress_train_02626,B009PYPGJW,B004Q9T7YG,black and white sleeveless animal print,is not as brightly colored
dress,train,dress_train_02627,B008N0L2DI,B0099A1I12,Is a short red a line dress.,is pink and purple striped and is much longer
dress,train,dress_train_02628,B008BWOC76,B009XIR152,is sleeveless and has a black/red pattern,Is red and black
dress,train,dress_train_02629,B007H9KZKM,B004V2S8I4,Is a white lacy short dress,is more fitted and lighter
dress,train,dress_train_02630,B001UL06P2,B0097B745M,one shoulder short black dress,is darker
dress,train,dress_train_02631,B005TD07GK,B00GN6YR86,has white polka dots and sea green colored,has a white top and green bottom
dress,train,dress_train_02632,B0051T2VCA,B00A16KY8Q,is less revealing,has print and a higher neckline
dress,train,dress_train_02633,B009P84EDM,B006ATD8CM,is shorter with a different pattern,has blue white and other colors mixed together
dress,train,dress_train_02634,B00GREXWJY,B00ACD8MP0,is longer and more attractive,the dress has many colors and is longer
dress,train,dress_train_02635,B00CAA6XV8,B00FFXY5US,is pink on top with a black skirt and is more flowing,is darker and has no stripes
dress,train,dress_train_02636,B007NDC4FG,B0076EL9TE,is two toned and clean,is shorter
dress,train,dress_train_02637,B008KFJTPY,B00CLWV7VQ,is more flowing with white polka dots and red toned,is red with white polka dots
dress,train,dress_train_02638,B008OW2YQ4,B008E4O8AM, with a red belt,is shorter
dress,train,dress_train_02639,B004RUBBVG,B0043W9ZHU,Is less feminine, more form fitting and blue
dress,train,dress_train_02640,B00A13GNUM,B004EHU0U0,is solid black,is black
dress,train,dress_train_02641,B006J5WW5G,B009DMC98M,is blue with long sleeves,is a solid blue form fitting mini dress with sleeves
dress,train,dress_train_02643,B00DDJN54S,B00E9LDV5M,is more shiny and fashionable,is cream with a black belt and short sleeves
dress,train,dress_train_02644,B001GCVG8Q,B00GSAF9GG,has longer sleeves and is more fitted,is more fitting
dress,train,dress_train_02646,B008GSECES,B008CO87H4, and has one sleeve,More christian and more purple
dress,train,dress_train_02647,B00EPRPRH0,B00DOYNYZC,has more fur and is a dress,is furry and plain
dress,train,dress_train_02648,B00DPENKUA,B00E3NXBYW,with a square neckline,is shorter and has a red and gold pattern
dress,train,dress_train_02649,B008BHHWLE,B008G41MAO,Is shorter with longer sleeves,is short sleeved and shorter
dress,train,dress_train_02650,B00DILGBI8,B00A1AJE1U,is darker,is shorter and darker
dress,train,dress_train_02651,B00CZBCJVA,B007I8SNFQ,has short sleeves and is very colorful,It is more colorful and less monochromatic
dress,train,dress_train_02652,B005VF72DW,B0057Z0C88,This White color look more cool,is lighter colored
dress,train,dress_train_02653,B0079WSJFK,B005T8GR4G,is solid red,is looser fit and orange
dress,train,dress_train_02654,B008BBCSAK,B00A3HL0O0,Is more fitted and sexy,is black with straps
dress,train,dress_train_02655,B004OLGO6A,B007HET3FU,is black and shorter,is shorter and black
dress,train,dress_train_02656,B00GX690AQ,B0043T2OLM,is black,has longer sleeves and is black colored
dress,train,dress_train_02657,B002WGF3DY,B00CII5CT6,is shorter with open sleeves on shoulder,is greyer and shorter in the front
dress,train,dress_train_02658,B00GOITRZG,B006KNGZNW,is longer and brighter,is sleevleess and longer
dress,train,dress_train_02659,B00C97HZWI,B00AFVIZV0,is darker and has shorter sleeves,Is more whimsical
dress,train,dress_train_02660,B00D4AQ7CI,B00C5TOGQS,is more striped and less floral patterned,is less form fitting and has straps
dress,train,dress_train_02661,B00B7XBFA8,B00AVPXOT8, blue and white stripes,is dark blue and not as ballerina-like
dress,train,dress_train_02662,B00CEM45JE,B00CEM45RQ,is red with black strips going down from waist,It is more red and showy
dress,train,dress_train_02663,B006J3YAD0,B0068RZU4K,is blue and white horizontal stripe,has a shorter dress
dress,train,dress_train_02664,B008XC960M,B002VLNON6,has longer sleeves and is darker,is looser
dress,train,dress_train_02665,B00AIIQGBQ,B008AEEF6I,is black in color,is solid black in color
dress,train,dress_train_02666,B00B7DOKTQ,B00499DHQW,is shorter with cap sleeves,is shorter and has sleeves
dress,train,dress_train_02667,B0052WOHLO,B00DO9MMOQ,is white with no sleeves,is much brighter and sleeveless
dress,train,dress_train_02668,B0077KMPT0,B00720DI00,long floral dress,is more flowery and longer
dress,train,dress_train_02669,B0039ITI44,B0032MYAYU,has a longer skirt and more floral pattern,is longer
dress,train,dress_train_02671,B00CJQGOHG,B00BUJEBB4,is longer has a v-neck,is much longer
dress,train,dress_train_02672,B0078AFGFY,B00921LK34,Is more simple and  elegant,is more basic and more white.
dress,train,dress_train_02673,B007Q1H0U4,B009R74S6O,is black with long sleeves,black with no belt
dress,train,dress_train_02674,B009MQBDZO,B008KDR4L2,the firs black dress looks more short and quite bold,has longer sleeves and is shorter
dress,train,dress_train_02675,B005OORAT6,B00CEHDYXM, has sleeves and is form fitting,is a black dress with red accents
dress,train,dress_train_02676,B00AB2M9IS,B00BDQCO2C,is blue and has half sleeves,is classier looking
dress,train,dress_train_02677,B004JF56QU,B0070TPSLU,Is longer and less fitted,is longer and gray
dress,train,dress_train_02678,B005W2G6XG,B005W2G92E,is more pink and floor lengh with side split,is long and light red
dress,train,dress_train_02679,B005GQPE18,B004KJN5AY,Is more colorful,Is a brighter pattern and not solid colored.
dress,train,dress_train_02680,B003ILGM7S,B00CSBCQBA,is white with a purple flower,is more flowery and sexy
dress,train,dress_train_02681,B00936XQXA,B009LVACFC,is a-symetrical,shorter and long-sleeved
dress,train,dress_train_02682,B008Q03I2I,B006WF8A1S,is lighter colored and less fitted,is a light pink color
dress,train,dress_train_02683,B0086TJ5VC,B00BXT7TO2,darker blue,has a brighter blue stripe
dress,train,dress_train_02684,B009S3I4M6,B006ZR2BV8,is shorter and has black and white polka dots.,has white and black and shorter
dress,train,dress_train_02686,B004GBG1BG,B006VA9CSE,is formal,is more formal and shiny
dress,train,dress_train_02687,B006WM44AM,B006WM4BHS,is orange and has less design,is orange
dress,train,dress_train_02688,B004NKA3KU,B00D8PP2AW,is v shaped and more revealing, with wider bottom
dress,train,dress_train_02689,B006ZU1K0S,B006ZU1K1M,is longer in length and darker colored,sweetheart neckline
dress,train,dress_train_02690,B007PTFWXE,B00C6P7TOM,is purple without any straps,is longer and purple and strapless
dress,train,dress_train_02691,B00D4AQ7CI,B00C5TO56Y,is shorty and more flowy,is black and gray and shorter
dress,train,dress_train_02692,B00CLF4RT2,B00B7QA74K,Is tighter fitting,has blue coloring added to it.
dress,train,dress_train_02693,B005AWVFQG,B00DOTWL4M,Longer and has pockets,is tan with a black belt
dress,train,dress_train_02694,B00F3JZ40E,B00AA0CT7C,Is more revealing and less chic,has stripes
dress,train,dress_train_02695,B008IO6A6S,B004QPGA18,Has a floral pattern and an asymmetrical hem line,is more casual and colorful
dress,train,dress_train_02696,B00CTWX4Z0,B00D4C87YC, solid black with sleeves,has thinner sleeves and is patterned
dress,train,dress_train_02697,B007CDYAAE,B009LA14OG, with grey and black stripes.,is less revealing
dress,train,dress_train_02698,B00AJXPE8Q,B0088IFDH6,has more sheer and strapless,IS STRAPLESS AND LONGER
dress,train,dress_train_02699,B007G1027W,B0076R7UGM,Is pink and more casual,is strapless and pink
dress,train,dress_train_02700,B007GSGOFO,B0072IKV9S,is solid brown and black,Is less floral and more fitted.
dress,train,dress_train_02701,B004LX0F0W,B008B411W8,has a purple floral color,has more purple
dress,train,dress_train_02702,B008IGSOY2,B007WA0IYO,long sleeved and yellow colored,light color
dress,train,dress_train_02703,B008FXGEQS,B00A88G0MQ,is a more casual look,has longer skirt and more colorful
dress,train,dress_train_02704,B0035WTCK4,B008CTQHEE,is a darker grey,is darker
dress,train,dress_train_02705,B005NI05TA,B00C2X1EGC,has short sleeves,is patterned and sleeved
dress,train,dress_train_02706,B003TFDLR2,B00B76NKFI,is blue,has no sleeves and is dark colored
dress,train,dress_train_02707,B00AYCLRCO,B00858VQM0,Is longer length with v-neck.,is green and longer
dress,train,dress_train_02708,B003XDTGWO,B004R96VBC,is longer is thin straps,is much longer
dress,train,dress_train_02709,B007ZXM9E0,B00BDGE222,is blue in color and more sleeve, longer and solid mat finish
dress,train,dress_train_02710,B00G7H39YY,B00GW8KOFU,has shorter sleeves and is less fitted,is blue with circular patterns
dress,train,dress_train_02712,B00CFIEAY2,B0063R8BIW,Is more bright and striped, flowery and satin effect
dress,train,dress_train_02713,B00AZOZNVC,B00AEY449K, with pearls along the collar and shoulders,the dress is blue and more revealing
dress,train,dress_train_02714,B00B19GNCS,B00BGVUAXY,is longer with a different pattern,is floor length
dress,train,dress_train_02715,B007EECFR6,B009NI98ZS,is business casual,is more formal
dress,train,dress_train_02716,B00CA915S0,B00C12L888,is blue with long sleeves, solid black dressier
dress,train,dress_train_02717,B00BY3FON0,B00BY3GQBE,has more at top and more fitted around thighs,is silver with straps
dress,train,dress_train_02718,B0055WR2WC,B006WS4KMS,is shorter and printed,is more patterned.
dress,train,dress_train_02719,B00E1Y17U8,B003ILQO5I,has a lighter color and a more revealing chest,is a light tan wrap dress
dress,train,dress_train_02720,B007H0SLOS,B0081JIUGS,bottom needs to be frilly with gray and black trim,is black and white with high waist line
dress,train,dress_train_02721,B006TCKJWC,B007P6MD2U,is assymetrical and shorter,Is black and shorter
dress,train,dress_train_02722,B00FVTN84U,B008RV66AW,has longer sleeves and brown outline,has sleeves and brown trim
dress,train,dress_train_02723,B00B914NFC,B00AXUTUYE,Is a strapless black dress with rhinestones,is short and black
dress,train,dress_train_02724,B00AB2M9IS,B00FNZNHFW,is purple ish in color,has longer sleeves
dress,train,dress_train_02725,B008VPXHFQ,B00CIQEV5Y,is lighter and pinker,is more red and sleeveless
dress,train,dress_train_02726,B007520NXU,B007JLD7HQ,the red wine color looks too bold,is lighter and more form fitting
dress,train,dress_train_02727,B007BZF7ZK,B0088AZ9AK,shiny grey short dress with open sleeves,is shorter and grey.
dress,train,dress_train_02728,B00870UX8Y,B008CPODQM,is shorter in length,is printed
dress,train,dress_train_02729,B0076THGSC,B008RSS0T0,has no sleeves and is red,is solid red
dress,train,dress_train_02730,B005NKB6YQ,B0091QUGPS,has a higher neck and a bow belt,is short sleeved and has bow
dress,train,dress_train_02731,B00AITNIAW,B00EVPC3D2,is blue and has one shouldered strap,has one strap and is blue
dress,train,dress_train_02732,B00D61YDJO,B00CNFG1MQ,has long sleeves and print,has longer sleeves
dress,train,dress_train_02733,B009NVZUK2,B009K677EM,has sleeves and is more fitted,is more solid red
dress,train,dress_train_02734,B000W71GMC,B001PQF17K,darker with short sleeves,has shorter sleeves and is beige colored
dress,train,dress_train_02735,B005FOE9B2,B004GEAEO8,is less poofy and more patterned,has a red belt and look satiny
dress,train,dress_train_02736,B004EPXWO8,B005XGKPXI,is shorter with no sleeves,is shorter
dress,train,dress_train_02737,B00DBDWX6W,B00DBDWNVM,is pink and has a design at the bottom,is purple
dress,train,dress_train_02738,B008AK0IWW,B00BWW2NLE,is tighter and more revealing,is more revealing and multi-colored
dress,train,dress_train_02739,B003AGM892,B004VT7U1S,is short and yellow,is shorter and yellow
dress,train,dress_train_02740,B00APE0XGM,B004DHU5WO,is black with v neck and sleeves,all black
dress,train,dress_train_02741,B008DS0OHA,B008X0Z70M,is blue colored,striped
dress,train,dress_train_02742,B00CDZCIDC,B006SJIFZY,has shorter sleeves and is grayer,is in grey with no sleeves.
dress,train,dress_train_02743,B0080RDI6I,B00763VN4G,is looser with a dotted pattern and a lighter color, short
dress,train,dress_train_02744,B0087DQ5PQ,B008EQ06I8,is a light blue color,has more color
dress,train,dress_train_02745,B008CPTBIC,B007HHEDF2,is teal in color,has a collar and is more blue
dress,train,dress_train_02746,B00BXDSFMS,B00BFFRDBI,Is less revealing and more white,has more white and isn't as tight
dress,train,dress_train_02748,B007XR4MR0,B0045I7Q64,is v shaped at the neck,Is darker color
dress,train,dress_train_02749,B00FN3NVIM,B00DGE417K,is floral with longer sleeves,is patterned and short
dress,train,dress_train_02750,B0093LHRWG,B00GB2XQ66,is off the shoulder shorter fitted and brighter,is much shorter
dress,train,dress_train_02752,B005M0RJJS,B007WRDGD2,I sleeveless,Has stripes on it and is shorter
dress,train,dress_train_02753,B004JU2BAY,B007KZZGN4,Is less revealing and less fitted.,is red and has sleeves.
dress,train,dress_train_02754,B00D2CYA9A,B005XDHBQ0,Is more colorful and more patterned,is less revealing
dress,train,dress_train_02755,B00EXK96OE,B00A3UT82I,is shorter with shorter sleeves,shorter and more white
dress,train,dress_train_02756,B00EBAB4M8,B00F9YP0U2,has longer sleeves and a collar,has long sleeves and is grey
dress,train,dress_train_02757,B00B1IG3HY,B00CRNKQG6,its black and both shoulder are free,is black and entirely off shoulder
dress,train,dress_train_02758,B00B513P1E,B00C51DN60,is blue and has one shoudler,is a solid colored dress
dress,train,dress_train_02759,B003U9VL4W,B00684V3IA,is white and sleeveless with straps,has no sleeves and is flower patterned
dress,train,dress_train_02760,B00CC1EL46,B00AR0OCZC,is black with a v shapes neck,is dark black and shorter
dress,train,dress_train_02761,B003AM8BVU,B003A84Z9Q, sleeveless,Is less fitted and purple
dress,train,dress_train_02762,B00B3IDVFE,B00GA94LE6,is white with small bow at neck line,is white
dress,train,dress_train_02763,B007CUIPAS,B0056RJSJ6,has a thick strap and is purple,is in purple and draping.
dress,train,dress_train_02764,B00CAPJZEU,B007TYLIL0,Shorter and more vibrant,is a lighter floral print and shorter up past the knees.
dress,train,dress_train_02765,B007RB7C6A,B00BZPBWRE,long sleeved blue and black dress,has a design with blue and grey and longer sleeves.
dress,train,dress_train_02766,B00DTJRTAS,B00D49JEAQ,is longer,is longer and has pink
dress,train,dress_train_02767,B008ZADT6O,B00858G64S,is solid blue with shorter sleeves,is black and shorter sleeved
dress,train,dress_train_02768,B002M3SL7W,B009F10M7G, shorter and strapless,has cap sleeves
dress,train,dress_train_02769,B00AX3WXQS,B0091QUF86,is shorter with short sleeves,is short and has longer sleeves
dress,train,dress_train_02770,B0076IKO5K,B009LIFJTE,has shorter sleeves with white grey black strips on it,has more stripes
dress,train,dress_train_02771,B002XW2SHG,B002EANOY8,is light blue and longer, more elegant
dress,train,dress_train_02772,B003IHVHOK,B00D3F7I5Y,is shorter ans has longer sleeves,is more red and has sleeves
dress,train,dress_train_02773,B009S3HPTE,B00BKRNCUC,is a dark green with a black belt,is green and longer with one strap
dress,train,dress_train_02774,B0071RV0KO,B00BZFYTII,is shorter and tighter,is shorter less revealing
dress,train,dress_train_02775,B007W9MM58,B003UD9HUS,is a solid black color with lace trim at the ends,is solid blue in color.
dress,train,dress_train_02776,B00E4GQPMI,B00DFYTEM8,Is more vintage and plain,is white with patterns
dress,train,dress_train_02777,B00E3UZQ0W,B00CIZVX2O,is black with sleeves, sleeveless and more dressy
dress,train,dress_train_02778,B008IZG5FS,B000WNWPYO,is dark red with longer hemline,is solid dark red
dress,train,dress_train_02779,B00AEYZ3WW,B00AIBYQQ0,is a deep turquoise color,is light green colored and no sleeves
dress,train,dress_train_02780,B008PRHLJS,B009NDJTJ8,is black and shiny,is similar in black sequence
dress,train,dress_train_02781,B008DGYVU8,B0058XWABQ,is a blue dress with short sleeves,is blue spotted and has shorter sleeves
dress,train,dress_train_02782,B009IMOQC4,B007WATVRO,has less lace,has no sleeves and is black colored
dress,train,dress_train_02783,B004Z2VIBY,B00EW79Q1G,has sleeves,has no decorative belt
dress,train,dress_train_02784,B00777ZF7W,B00BSY2JQ0,longer in length and metallic printed,is more shiny and longer
dress,train,dress_train_02787,B003IM3LXK,B0065IXCZ6,is longer,is longer and less revealing
dress,train,dress_train_02788,B00BCPD2RA,B00A6X3R6A,has straps and a u shaped neck,is pink and black
dress,train,dress_train_02789,B00CE4H29C,B00E00ISEG,is shorter and not belted,is more yellow
dress,train,dress_train_02790,B00E0DY130,B00AEMHRA0,is strapless with no print and empire belt,is darker grey with longer sleeves
dress,train,dress_train_02791,B009LIFLJM,B0061QSN92,has a three qaurter sleeve and cowl neck line,is 3/4 sleeves and draker print
dress,train,dress_train_02792,B009ZRKV6W,B009P84EDM,has thicker straps and is longer,longer with a nicer pattern
dress,train,dress_train_02793,B009LIK4XA,B0070QMPKA,is pink and shorter sleeves,is darker
dress,train,dress_train_02794,B00BCPK8YU,B0054ILSFY,Is strapless and tighter,is shorter and deep red
dress,train,dress_train_02796,B008BPUV1E,B004W5SWZY,has more frills,is more frilly
dress,train,dress_train_02797,B00GXLVZOU,B00CFU6UU2,its colorful and loose fitting,is light blue
dress,train,dress_train_02798,B004GCJ61C,B004HIMKCW,is a dark printed sheer maxi dress and is sleeveless,has no solid black top.
dress,train,dress_train_02799,B004YKSCX4,B005U582BY,is darker,is longer and has longer sleeves
dress,train,dress_train_02800,B009DMF5S8,B009TIHLAQ,is shinier and smaller,is short and fitted
dress,train,dress_train_02801,B004Y6R5EA,B003XT8WIC,has different floral pattern that is red blue and yellow,is black and has a flower design of red
dress,train,dress_train_02802,B00D3F7I5Y,B002SSUL0Q,long sleeved and fitted,is blue-green and has longer sleeves
dress,train,dress_train_02803,B00BLZGHTQ,B00CB7TG96, sleeveless with a belt,has no straps
dress,train,dress_train_02804,B00AWM65VE,B0091QSJF2,has a very ruffled skirt and is fitted,is white and ruffled
dress,train,dress_train_02805,B005BWQMHW,B002NZNL6K,is black in colour and has longer sleeves,is darker colored with longer sleeves
dress,train,dress_train_02806,B00BUKAT7I,B00781AHWK,is longer,Is full length and strapless
dress,train,dress_train_02807,B004JQOL1K,B003A84ZFK, with a white belt.,is looser and blue and white
dress,train,dress_train_02809,B009PN7IYY,B009THYKIS,is light and short sleevedd,is white with sleeves
dress,train,dress_train_02810,B003FJ12IM,B00B7NPODW,is longer and black that flows,is longer and darker
dress,train,dress_train_02811,B0093PD0T6,B00ADUHCP8,is more revealing,has no straps and is all orange
dress,train,dress_train_02812,B00B1JTYME,B00DTWDKEE,is more casual with a print design,is black with white design
dress,train,dress_train_02814,B00FE9T22Y,B00BTUZB4U,is long and stripped black and white, grey and shiny
dress,train,dress_train_02815,B002UNLUM2,B004JF56QU,is a navy colored casual short dress,is darker in color
dress,train,dress_train_02816,B00A2D4KAQ,B00AYS1MCS,is more black and has shoulder straps.,is black with a V neck
dress,train,dress_train_02817,B00EPZOAHU,B0024807AY,Covered the head more,longer
dress,train,dress_train_02818,B002XUL9IC,B003A4HU10,is shorter and less solid,has stripes and is short
dress,train,dress_train_02820,B008OZSN8O,B008OZTMBG, grey and white,is darker and more of a shirt
dress,train,dress_train_02821,B006W8T1N6,B004H4WHS8,is pink,Pink and no fluffly bottom
dress,train,dress_train_02822,B00AX35G4O,B00AONUM1U,is a body con dress and had thin straps,is sleeveless and form fitting
dress,train,dress_train_02823,B00B903K3E,B00C0I4IFS,is not belted and no collar,is much lighter in color
dress,train,dress_train_02824,B006ZUE8Z2,B0073149OC,Longer and has split in front,has white trim and is longer
dress,train,dress_train_02825,B005KBRHRS,B009E2DPR0,is a shiny gold dress,is solid gold and belted
dress,train,dress_train_02826,B00BEMAGIY,B00724Q88K,Is more skimpy and multi-colored,Is more revealing and sexy
dress,train,dress_train_02827,B009LIFFX4,B004XDPHUS,short sleeved pink dress,has no waist strap.
dress,train,dress_train_02828,B00A3HHVV6,B005LC23ES,is short and has straps,has v stripes of lighter blue colorings.
dress,train,dress_train_02829,B002FZZ1JS,B009TYGEYO,is shinier and lighter,is yellow and missing a metal ring
dress,train,dress_train_02830,B0072NLTFI,B00A3EZCEW,is shorter and has no sleeves,is tighter fitting and strapless
dress,train,dress_train_02831,B00428MWGQ,B005FOE7JG,has a darker skirt,is lighter in color on bottom half
dress,train,dress_train_02832,B00A64TJPM,B00CWTXSQA,Has a cheetah pattern skirt and a black top,the dress is black with cheetah and shorter
dress,train,dress_train_02833,B007RLXE1C,B00AO1VXOW,is maggy london,is a word maggy london
dress,train,dress_train_02834,B004H4WHS8,B0049MOIRG,is black and has a halter,is strappy and darker
dress,train,dress_train_02835,B00BLMORFU,B00BGORAHA,is patterned and more casual,is lighter in color
dress,train,dress_train_02836,B009DI5L6I,B00D9KRTWU,is sleeveless, has a pattern
dress,train,dress_train_02837,B0089K7U7Y,B00889XQJM,is black and white,Is less colorful
dress,train,dress_train_02838,B003F7899Y,B007908FUG,is more country with buttons,is denim and form-fitting
dress,train,dress_train_02839,B007HI6U8E,B00D4C6D52,is light pink and shorter,is light pink in color
dress,train,dress_train_02840,B00CI42PYU,B008O4YWWQ,is fitted black with some design,is darker and fitting
dress,train,dress_train_02841,B00G9XM36G,B008FQ7VSA,is more open and not tight,lighter color and more flowing on the bottom.
dress,train,dress_train_02842,B004O6M4D2,B003MU97Y0,Has a blue top and black bottom,is two toned
dress,train,dress_train_02845,B004FPIBS4,B005FOPOFW,is white and has sleeves,is white with short sleeves.
dress,train,dress_train_02846,B0073ESG70,B008PXVAA8,is turquoise and has a longer hemline,is blue and long
dress,train,dress_train_02847,B00CHV7NNM,B00CHV7X9G,is black with white dots and below knee,is black and white and classy
dress,train,dress_train_02848,B000JIQY0S,B00BOD7G22,lighterer colored,is lighter colored with pink florals
dress,train,dress_train_02849,B00DJG67AY,B00AA0Y5QK,had longer sleeves and is less revealing,More monochromatic and skimpy
dress,train,dress_train_02850,B00861T05G,B00B0E2VE8,is darker with a u shaped neck,is shorter an less lacy
dress,train,dress_train_02851,B008BH9ZIC,B007WA2T6Y,is more colorful and longer,has thinner stripes in new colors.
dress,train,dress_train_02852,B008FEOZD6,B008FEME70,Is more bold and stylish,is shorter
dress,train,dress_train_02853,B009WJ0PUA,B0095FP7ZE, tight and sexy,is striped with black top
dress,train,dress_train_02854,B00DOX8KE8,B00794F28K,short black dress,is a black dress
dress,train,dress_train_02855,B005D9II2K,B00D8TC45E,is bluer and more solid colored,is blue and sleeveless
dress,train,dress_train_02856,B00AA6FALI,B00AA6FOXM,is a pink free dress,is pink
dress,train,dress_train_02857,B00B91DLDW,B00763VT6S,is brighter in color,is yellow and less body conforming
dress,train,dress_train_02858,B00E8CMS88,B00EHACNZY,is a light pink gown,longer skirt and more pink
dress,train,dress_train_02859,B004S08YY2,B0077QBXJW,is pink and has spaghetti straps,is in pink coloring that is less revealing.
dress,train,dress_train_02860,B009P8WQ50,B003AM7LAW,is strapless,strapless
dress,train,dress_train_02861,B00BU9TA1A,B00BUVL4IA,A vintage patterned yellow dress.,has a yellow coloring
dress,train,dress_train_02862,B00A0QEHLW,B008IVP30A,Has a black and white top and a black skirt,has a white checked top.
dress,train,dress_train_02863,B00385WM5A,B00CNB9GB8,has a brighter color,is blue with floral patterns
dress,train,dress_train_02864,B00FI0LUCY,B00FI0LTXO,is the same,is the same product
dress,train,dress_train_02865,B00926L00C,B0055OH64Y,is less formal and green in color,light color
dress,train,dress_train_02866,B007O2MG36,B007AZON06,is black with longer sleeves,has long sleeves
dress,train,dress_train_02867,B008CQJ9D8,B005U94BGK,has long sleeves and is green,is grey patterned
dress,train,dress_train_02868,B00DN48P3Y,B0056WK3F4,is longer and floral,is longer and blue with a peacock pattern
dress,train,dress_train_02870,B007Y2KQHO,B00AKB4EJC,is pink and black,Is more colorful
dress,train,dress_train_02871,B00684URUU,B00BS1SX4K,has a smiley emoji and is blue shaded,is tighter fitting a a lighter color
dress,train,dress_train_02872,B00B2AROCE,B006ZJ6PZO,is longer and is solid black,has a higher neckline and is a solid color
dress,train,dress_train_02873,B008500CPA,B004BR3RBW,has a single strap on the right,has only one strap and is shorter
dress,train,dress_train_02874,B00DSDMNCE,B00DBA52G8,is striped with long sleeves,has stripes and is blue and white
dress,train,dress_train_02875,B0035WTC7C,B0092MJJQ8,is less shiny and more geometric,is grey and black
dress,train,dress_train_02876,B00EO5BKNI,B00C5W1668,has a long slit,is darker and more sexy
dress,train,dress_train_02877,B00D017VBM,B00CE2HQZO,is black and has longer sleeves,grey with buttons
dress,train,dress_train_02879,B00CR6OEPM,B00DE8LFX6,is darker in color and longer,is black and yellow and longer
dress,train,dress_train_02880,B006WLBOB0,B00AQ9G9LO,Is a mid length coral colored dress,is all red and longer
dress,train,dress_train_02881,B0071RV0KO,B00EA3QWBY,is more revealing,is form fitting and short
dress,train,dress_train_02882,B00AKMLQRO,B00997YTFW,has a opening on waist,has an open back
dress,train,dress_train_02883,B00DHX3LJE,B00EJUAPU2,longer sleeves and lighter blue,is lighter colored and more cool
dress,train,dress_train_02884,B00A0IEA3K,B007ZYN87Q,has no sleeves and a different pattern,is aqua blue floral print
dress,train,dress_train_02885,B00DSQQQ7Y,B00AHH8RN8,Is more fitted and sexier,is shorter in length and is tighter fitted
dress,train,dress_train_02886,B00E1IG6IC,B00E3U3HPS,has buttons running down in middle and is red,is pink and had no sleeves
dress,train,dress_train_02887,B00E499874,B00DHB6VYS,less colorful,is much lighter in color
dress,train,dress_train_02888,B002XW1FWK,B0054U0NT4,Sexier and no vibrant colors,less revealing chest and more evening wear
dress,train,dress_train_02889,B008OZSN8O,B008OZTS06,is more casual,white and not a dress.
dress,train,dress_train_02891,B00CUZ73LM,B00DR3TVWU,is black,is solid black
dress,train,dress_train_02892,B004R9PFDW,B008AEE1AS,is slimmer and darker,is less sexual
dress,train,dress_train_02893,B00BUIT7IW,B00F4WM6PG,has a red and pink pattern,is longer
dress,train,dress_train_02894,B00BZ8JJC6,B00CLDMGIS,is gaps at waist and is paler in colour,Is not as colorful
dress,train,dress_train_02895,B00B7ETN6K,B00D6COQJ0,Is strapless and has stripes.,is striped black and white
dress,train,dress_train_02896,B003V8AKH6,B008DBP6IE,Is shorter with a floral pattern.,is more sexy less sleep atire
dress,train,dress_train_02897,B00D04330W,B008V2IGBE,is shorter and darker in color also less loose,is shorter and darker
dress,train,dress_train_02898,B005EVNEV2,B004OYUJY0,has a more floral pattern,Is more flowy
dress,train,dress_train_02899,B007RAEQ24,B005MKBNX6,is darker and less casual,is darker
dress,train,dress_train_02900,B009S3FRHQ,B009S3HEOU,is a lighter color and is longer,is whiter and longer
dress,train,dress_train_02901,B007CJM668,B0080N7Y1C, hugs the body and is striped,it darker colored and more vibrant
dress,train,dress_train_02902,B008N05AEU,B00BEMAGIY,is blue with floral designs,light blue with yellow
dress,train,dress_train_02903,B00773ZFOY,B007HET10M,is pink with black lace,is more see through with lace
dress,train,dress_train_02905,B009HPKZGI,B005F37ODS,is looser,is small straps and plain
dress,train,dress_train_02906,B005XDB9WC,B0085HXVBK,is blue colored and has longer sleeves,is shorter and blue
dress,train,dress_train_02908,B006VPSX0W,B0077DL0BQ,much longer in length,has sweetheart neckline with lace bolero and is white
dress,train,dress_train_02909,B004ISL0IG,B0093GYC2E,is black with a high neck,Is shorter and more fitted
dress,train,dress_train_02910,B007N1LUP8,B00BNRH29Q,is red colored and shorter length,is darker in color
dress,train,dress_train_02911,B00904PXTA,B00904Q89E,is pink in color,is pink and slimmed
dress,train,dress_train_02912,B00DSGN0NW,B00E9LKZ42,has longer sleeve on one shoulder,is darker and has longer sleeves
dress,train,dress_train_02913,B00D65PZPQ,B004S08YY2,is very revealing,is black and more revealing
dress,train,dress_train_02914,B004ZWEGOA,B00A7QI6SK,is green with a low neck,is brighter in color
dress,train,dress_train_02915,B00B3Y6S9Y,B005K7ISH0,is a red short sleeved shirt,is red and longer
dress,train,dress_train_02916,B00A2D4KAQ,B007FXG4XM,has short sleeves and is more colorful, shorter
dress,train,dress_train_02917,B00E3G3BDA,B00FBP6490,has longer sleeves and bolder pattern with red,is more red and patterned
dress,train,dress_train_02919,B00B914NFC,B0094D7FBG,is shiny,is shorter and more gold
dress,train,dress_train_02920,B00A3UTGMK,B00A3USRAW,is a solid color and is sleeveless,is solid black
dress,train,dress_train_02921,B005JR0WXE,B008FPXPUY,is more blue and longer,much longer skirt and more blue
dress,train,dress_train_02922,B00935MSN0,B00935MFZ6,is lighter and has longer sleeves,is a long sleeved printed dress
dress,train,dress_train_02923,B00AKCLF5W,B008RCLPSY,has prints on it,is printed and slightly darker
dress,train,dress_train_02925,B006MOS4M4,B0030MI3AE,is lighter, a lighter color and has a geometric pattern
dress,train,dress_train_02926,B00AEYZ3WW,B00CQ7Z6AY,has a looser fit,is in a lighter blue with looser design.
dress,train,dress_train_02930,B003ILQMUA,B003ILZ4Q8, and has shorter sleeves,is lighter in color
dress,train,dress_train_02932,B007XNUNT0,B0071BF0S8,is solid colored with long sleeves,has longer sleeves and no pattern
dress,train,dress_train_02933,B00CF2WL1C,B009ZO33JM,is longer with long sleeves,the dress is grey and is longer
dress,train,dress_train_02934,B00BCQM94Q,B0073XZJOO,is red and is shorter,shorter skirt and more orange
dress,train,dress_train_02935,B007KRZ4KC,B00EJVWNWY,has colorful zigzags.,is longer with chevron design
dress,train,dress_train_02936,B00A8FA1LU,B00EDS4ALU,is beige colored and longer length,has a collar and no waist.
dress,train,dress_train_02937,B008XODZWA,B00AAZVK0E,is longer with open back,is a little longer in peach.
dress,train,dress_train_02939,B008DS1KOG,B007WASS5K,has shorter sleeves with black belt,is black and flowery
dress,train,dress_train_02940,B008UWBCXY,B0039YOVQI,is short length and sporty,has a rhino graphic and is shorter
dress,train,dress_train_02942,B007AAEC4S,B00FKIACNW,has leg slits and a more metallic belt,is more revealing and black
dress,train,dress_train_02944,B00A9YNDTM,B008VILCDW,has longer sleeves and less revealing,is longer sleeved and lighter orange
dress,train,dress_train_02945,B0067LQGYK,B0066CUYHK,Shorter dress in black,black with shorter skirt
dress,train,dress_train_02947,B0067L853A,B009QTU7HM,is long-sleeve,laid-back and clean
dress,train,dress_train_02948,B008RUHQ0W,B00B7PLTCK,is darker in color and more fitting,is black with patterns
dress,train,dress_train_02949,B00794W1OS,B00B2A5BP6,is short sleeves and long solid white,is all white and ruffled
dress,train,dress_train_02950,B00EPZOAHU,B0073LIQ3C,is white with a silver belt,is more bright
dress,train,dress_train_02951,B008FVERDW,B001DOKB60,has shorter sleeves,is sleeveless and flared
dress,train,dress_train_02952,B0091J03XK,B00B8QNPH0,Has a multi colored geometric pattern.,blue print
dress,train,dress_train_02953,B00696GOKE,B003X1CAEC,is white and patterned,is lighter in color
dress,train,dress_train_02954,B006TAKSBQ,B006TAMC2O,has floral design,is red and sleeveless
dress,train,dress_train_02955,B0058V5DCQ,B0058V5FNS,has no straps with ruffles,is solid black and strapless
dress,train,dress_train_02956,B00BSNJT7S,B00BYOWGSK,is a JONES NEW YORK word\,is just words
dress,train,dress_train_02957,B00CYI5THA,B008LU2IKG,has a less plunging neckline and narrower belting,is designed with thicker white lines in blue.
dress,train,dress_train_02958,B002TUT5BO,B00A8E8Z0U,is solid white,is white and has a few more ruffles.
dress,train,dress_train_02960,B008GQ3M1E,B00B0E2Y8G,Is a short sleeved,is pink with frills
dress,train,dress_train_02961,B004IZOZBI,B00D5Z17UE,has no sleeves. It has a lose fitting belt. And is pale green,has shorter sleeves
dress,train,dress_train_02962,B005PHZXPA,B006WM4HPE,Has a solid purple color,is in pink only.
dress,train,dress_train_02963,B009K676BG,B00E9045S0,has longer sleeves and solid green,has longer sleeves and is green in color
dress,train,dress_train_02964,B007WAF0YW,B006ATCK6C,sleeveless and gray colored,is one piece and sleeveless
dress,train,dress_train_02965,B00CFXUOS8,B0091S4O0O,is hot pink,is black and white with longer sleeves
dress,train,dress_train_02966,B006BBKVPG,B008D7H442, and lighter in color,is shiny and tighter
dress,train,dress_train_02967,B003ZYDAB4,B004HFQRJ2,I want the same color but tighter.,It is a lighter black
dress,train,dress_train_02968,B004SG6YYI,B00CDIHU2S,Is a vintage style long polka dot dress,is longer
dress,train,dress_train_02969,B0087DQTCK,B0098B7RD0,Is more girly and whimsical,tighter
dress,train,dress_train_02970,B00EDMIIGE,B00DY1LXZ8,has an animal print and is brighter,has a zebra stripe pattern
dress,train,dress_train_02971,B00144I1HU,B005FUMK9O,Is shorter spaghetti strap dress.,has straps and is blue
dress,train,dress_train_02972,B00EVQVGSY,B00D2OL0LY,is solid black and has cap sleeves,Is more fitted and plain
dress,train,dress_train_02973,B006P04CSA,B007P1M4BK,is more neutral colored,has less blue in it and is solid tan.
dress,train,dress_train_02974,B00FF1J6Q8,B00CAGM3JI,is a darker shade of blue, patterned and is more sexy
dress,train,dress_train_02975,B0042ET3NK,B00BM82WNM,is cheetah printed,Has shorter neck and sleeves
dress,train,dress_train_02976,B005NXMKLG,B008GQ3M1E,Is a gold a line dress.,is yellow and has a flare bottom
dress,train,dress_train_02977,B004SG6YYI,B0086U1R6W,is beige with short sleeves and is longer,tan and much longer
dress,train,dress_train_02978,B005068APG,B006UDKAH4,is longer and dark red,is a red maxi dress
dress,train,dress_train_02979,B00A88GD64,B008FXBCKQ,is black colored with checkered pattern in white,is cross-hatched black and white.
dress,train,dress_train_02980,B006MQ4PQ6,B004WHUMBO,is looser and darker,is black and shorter
dress,train,dress_train_02981,B0032RJNOM,B006ALO9AK,longer and printed,longer and white
dress,train,dress_train_02982,B008OVNJVE,B002VONRU8,has a bow,has more bows
dress,train,dress_train_02983,B004FPYVJC,B004VQBV1Q,is a darker rectangular shaped neck dress,is shorter
dress,train,dress_train_02984,B00CIAINUO,B00DEPUXXW,is dotted and tan and black,It is white and is one piece.
dress,train,dress_train_02986,B005OAZU5G,B004VCFSFK,has no v neck and more shiner,A black longer skirt with black tank top
dress,train,dress_train_02987,B00C5DY8KI,B008K4NP2I,seems to be plain,has sleeves
dress,train,dress_train_02988,B007ECF8U4,B0080QPYHU,has longer sleeves and different floral pattern,the dress is purple and black with sleeves
dress,train,dress_train_02989,B008VEPHW8,B008FIDK1K,is darker and has shorter sleeves,is black and gold
dress,train,dress_train_02990,B008UWJHFO,B00EFAT7UA,has sleeves and a high low design,covers shoulders and less revealing
dress,train,dress_train_02991,B009L7B46C,B007PU6SDG,is much shorter,is shiney
dress,train,dress_train_02992,B007RB7C88,B005JW5IL0,is solid black,is less shiny black and has no hips tie
dress,train,dress_train_02993,B00BXT8V58,B003M2YDZQ, with a half sleeved white jacket.,has a turquoise skirt and no sleeves
dress,train,dress_train_02994,B00F3DEJG0,B001UKAK9K,is sleeveless and lighter in color,is lighter in color and deeper neck line
dress,train,dress_train_02995,B001PIG956,B00E9R4BQ4,is red and has a bow belt,is solid red with a shiny band at waist
dress,train,dress_train_02996,B006VA9B08,B006VA9DYC, and is a solid color,is more frilly and has a light color
dress,train,dress_train_02997,B006VA9CSE,B004GBG1BG,has straps and is shorter,is shorter and darker
dress,train,dress_train_02998,B00BKRLV3W,B0065DSY9U,a bright fun color,is pink with long sleeves
dress,train,dress_train_02999,B005SN1N9G,B004OYUJEU,floral short dress with red cardigan,Is more colorful and floral
dress,train,dress_train_03000,B009E2E0RE,B005ETRFSM,is a shiny red color, buttons and lace
dress,train,dress_train_03002,B00AY5ZUCO,B00A3UT1MA,is more stylish,is red
dress,train,dress_train_03006,B005DSAIHE,B0081TB6PU,has no straps,it is more colorful
dress,train,dress_train_03007,B004KJEI2S,B005LC796K,has shorter sleeves,has red floral and grey off shoulder shirt
dress,train,dress_train_03008,B00BBF96XA,B00935NFCS,is grey and longer sleeved,is looser and grey
dress,train,dress_train_03009,B007RBHQGG,B00BJFEH90,is more conservative and pink.,pink and sleeveless
dress,train,dress_train_03010,B00ETIZ5D6,B006BQ9IMS,is looser and has longer sleeves,More free and longer sleeves
dress,train,dress_train_03011,B00740VZKS,B007R1V8VU,is more flowing and less casual,is longer and orange and white
dress,train,dress_train_03012,B007N0BY8W,B007K4XMIG,Is more cream and woven,is lighter and sleeveless
dress,train,dress_train_03013,B00CNXU246,B00BCNVHI8,its a long white dress with black stripes,has a two striped pattern
dress,train,dress_train_03014,B008YR0AX8,B008YR07D6, more ruffles and shorter, ruffled asymmetrical hem
dress,train,dress_train_03015,B00B1AV0QG,B00BX9ACOG,is navy with longer sleeves,is blue and covers arms
dress,train,dress_train_03016,B00C7JEVB6,B00D8UK7Z2,has no sleeves a blue shade bottom,is two-toned and shorter
dress,train,dress_train_03017,B00CBTTMRU,B00847TD8Q,Is more evening and long-sleeves,Shiny black and teal blue stripes
dress,train,dress_train_03018,B0091SH5FK,B00ECAZ658,is yellow with buttons,Shows less chest and is lighter in color
dress,train,dress_train_03019,B00DB9LXFI,B007G10BPA,is shorter black,is red
dress,train,dress_train_03020,B00CG60MOK,B009KOX4L4,has less sleeves and is a lighter color,Is purple and has no sleeves
dress,train,dress_train_03021,B0058FQLVO,B00BU219IY,is blue with short sleeves,is more shorter and has sleeves
dress,train,dress_train_03022,B00BGZRUTC,B00BGZSBMM,is pink and is shorter,is shorter and light pink
dress,train,dress_train_03023,B007SDGT2K,B00EY6MQ7Q,Is short black mini dress with mid-sleeves,has no holes
dress,train,dress_train_03024,B004P5PSTY,B009ZG2CKG,is white at top and black on bottom with less straps, short sleeve purple dress
dress,train,dress_train_03025,B009THYKIS,B00BJMIKPK,is blue and and sleeveless,is solid blue
dress,train,dress_train_03026,B008ZADT6O,B005EY2FVO,is shorter and less fitting,is darker and is sleeveless
dress,train,dress_train_03027,B0065DSY9U,B00A64TJPM,is long and red,is much longer
dress,train,dress_train_03028,B00AWM6PBY,B0097J2ZRG,is white with no straps,is white and more thin
dress,train,dress_train_03029,B00CJADW5E,B00CL9GCXW,is patterned and has a halter neckline, and has stripes
dress,train,dress_train_03031,B00CRXPWLA,B00AHOYY56,is a solid color blue,blue and short
dress,train,dress_train_03032,B00EVH0GXE,B007Q1H0U4,has shorter sleeves and is a solid color,is a green blue color
dress,train,dress_train_03033,B008CPTBIC,B008VPXTRM,is more seperated,has a solid top and black bottom
dress,train,dress_train_03034,B00E6H1ECG,B002P6IOHI,longer and fitted,is longer and has a floral pattern
dress,train,dress_train_03035,B004BUA7HG,B007M0J0PC,Is more casual and cotton,is more revealing and striped
dress,train,dress_train_03036,B008G3LFEI,B00CL4306O,isblack with belt around waist,is black on black floral
dress,train,dress_train_03037,B007W2ZOBE,B005AQCSWW,v neck brown dress,is brown with a v neckline
dress,train,dress_train_03038,B00BQS4X3U,B0046EDDPA,is more flowy,More ruffled loose bottom
dress,train,dress_train_03040,B009UJ3D5Q,B008SMI7OI,has only one strap and shorter,is one shoulder and sparkly
dress,train,dress_train_03041,B00D9KRTWU,B009DI5L6I,Has a bright geometric pattern.,is blue and green with longer sleeves
dress,train,dress_train_03042,B005VTUDF2,B008L1P95Q,has longer sleeves and is darker,is darker
dress,train,dress_train_03043,B0080GMQZS,B0087P1NK6,is strapless, purple and has a side slit
dress,train,dress_train_03044,B00D7OS16G,B00EYN6CQA,is lighter and has shorter sleeves,is more colorful and shorter
dress,train,dress_train_03045,B008OW2YQ4,B006PA8A9W,is patterned and blue in color,is blue with horizontal stripes
dress,train,dress_train_03046,B00CBUSXEC,B00CG60NQ2,is leopard pattern with sleeves,is tighter and has an animal pattern
dress,train,dress_train_03047,B008GXL2UU,B008JHQNLQ, floor length and blue,is lighter and more revealing
dress,train,dress_train_03048,B00AEUEJ7G,B005OJ922E,is the same,is the same product
dress,train,dress_train_03049,B00599DYKA,B0083692NE,is more lighter,is a bit black and has open wide neck
dress,train,dress_train_03050,B003YJGB48,B005X4QX9K,is solid white with no sleeves,is white and shorter
dress,train,dress_train_03051,B00FZXHVUE,B00EVQVGSY,Is black knee length and no sleeves,is black and more revealing
dress,train,dress_train_03052,B00D4AQ7CI,B00C5TOCOY,is brighter colored and less sleeves,is darker and shorter
dress,train,dress_train_03053,B00CBUSHU2,B00GI1SEQM,more revealing neckline in black with green stripes,Is more revealing and chic
dress,train,dress_train_03054,B004RUBBVG,B003Z99POK,has a v shaped neckline with short sleeves,has more black and a wider top.
dress,train,dress_train_03055,B00741MS5I,B008E65ZSE,is longer and solid nude color,is more beige and flowy
dress,train,dress_train_03056,B0088MPMGO,B0043XYNXU,is shiny black with no sleeves,is sleeveless and black
dress,train,dress_train_03057,B007VIJ2Q2,B00AZOZNVC,Is longer with green and blue stripes.,is green
dress,train,dress_train_03058,B00CIQE186,B00DM2H6EQ,perfect,is identical
dress,train,dress_train_03059,B004U9L2IQ,B005GYGK4A,is black and has a black belt,is darker with a black belted waist
dress,train,dress_train_03060,B005G1ZEH2,B006QUEIYW,more printed and shorter,has floral patterns
dress,train,dress_train_03061,B00FNZNG9O,B00DJZLVT2,princess dress with large white belt,is shorter and grey
dress,train,dress_train_03062,B00BUFSYQ6,B00C6TWPI8,is less sparkly and more sheer,has a belt
dress,train,dress_train_03063,B00BMU41O8,B00DR4YV4W,does not have any designs or patterns on it,is a maxi dress
dress,train,dress_train_03064,B007U4S7O0,B006JSWI9I,Black dress looks more casual,is more blue and shows more upper arm
dress,train,dress_train_03065,B004YD1ZF8,B002WGF3DY,is a dress with halter neck,is blue with a higher neckline
dress,train,dress_train_03066,B008EXP7MQ,B00FTKA0HY,lighter color pallette,has teal and white patterns
dress,train,dress_train_03067,B00FATNA8U,B00716MXRY,more fitted skirt and less revealing, has straps and is a brighter color
dress,train,dress_train_03068,B003RRWD4O,B003TLO3GO,Colorful and has less shoulder fabric,is more colorful and patterned
dress,train,dress_train_03069,B008FWZP5K,B0092KGVMU,is pink colored and strap less and shorter length,is shorter
dress,train,dress_train_03070,B00741MS5I,B0091S4WYC, black and has a floral print,is darker and has longer sleeves
dress,train,dress_train_03071,B00BGZSBMM,B009YSOD3E,is white with blue flowers,More white and more embroidery
dress,train,dress_train_03072,B00A9JVC86,B001A835AS,is a darker blue with a shorter skirt,is shorter and darker
dress,train,dress_train_03073,B0061JOMHG,B00D63X0IM,has shorter sleeves and is longer,is light blue and more baggy
dress,train,dress_train_03074,B00DTJRTAS,B00DGGFPZK,is longer with black and blue chevron print, has straps and more white
dress,train,dress_train_03075,B009VE5V3W,B00DVGGDOW,is darker with a lower neckline,is darker colored with lower neckline
dress,train,dress_train_03076,B006T7FEK4,B006D8W3EO,is more revealing,Is black and less ruched
dress,train,dress_train_03077,B00DCCA21A,B00CC1B8EM,has more green designs,is more colorful
dress,train,dress_train_03078,B0090JSD88,B008COE30O,is darker and tighter,is more darker
dress,train,dress_train_03079,B006GOAIOC,B0080ENUNW,not designed well,has chevron stripe pattern and a scoop neck and shorter sleeves
dress,train,dress_train_03080,B005G16BBK,B005O7EVRC,is white and black and no straps,is classier looking
dress,train,dress_train_03081,B00C5TP5Y0,B00F9GC4N6,is longer and see-through,is longer
dress,train,dress_train_03082,B004J20TI8,B005TK95DO,Has a cream colored top and a blue skirt,is more premium and girly
dress,train,dress_train_03083,B007ZIPZPU,B008Q03I2I,is white,Is fitted with no fringe and not red
dress,train,dress_train_03084,B00FNZN4BY,B00DJZP7LK,has a partial print up top with V-neck,white and black
dress,train,dress_train_03085,B00FQZQ486,B00FWDHKU8,has no sleeves,is sleeveless and more shiny
dress,train,dress_train_03086,B007722HH8,B008AKHNMU,is long and and blue,is blue and longer
dress,train,dress_train_03087,B006L1U340,B008L0GSAW,Colorful and playful looking,is a little darker in design.
dress,train,dress_train_03088,B0091QSRD6,B00AWM6F8C,is one shouldered and flowing more,covers a shoulder
dress,train,dress_train_03090,B003G6RRME,B007722HH8,is more revealing with a v neck,is lighter in color
dress,train,dress_train_03091,B004ISL0IG,B00CBV4KQQ,has more sleeve with pockets and large print,red and black pattern
dress,train,dress_train_03092,B000CMQRM6,B00DSIWMY8,has wider straps and a more fitted bust,is light green with flare
dress,train,dress_train_03094,B0058J5KNK,B007ETZG3G,is multicolored with shorter sleeves,has no sleeves and is multicolored
dress,train,dress_train_03095,B005KLV20Q,B004LLISBW,is gold with no sleeves,is yellow
dress,train,dress_train_03096,B0032GVRNS,B00107AFRK,looks frnech and elegant,is beige and has a jacket top
dress,train,dress_train_03098,B00FZAEC5Y,B00G5N3A3A,Is more revealing and less simple,is strapless and sexier
dress,train,dress_train_03099,B008ASQO4U,B003NC2ZBE,is longer,Is longer
dress,train,dress_train_03100,B007KSGUDQ,B0073IZMV4,jersey dress with peace sign,is more casual
dress,train,dress_train_03101,B00CW65VWC,B00CW67BW0,has no straps and is rainbow colored,is more colorful and strapless
dress,train,dress_train_03102,B00428MW20,B005KOYVLK,has more contrast,is strapless and two colored.
dress,train,dress_train_03103,B004YR18TC,B00CCW50OA,is white with straps around the neck,It is more white and loose
dress,train,dress_train_03104,B00C5TO0MI,B00CF1YWN8,is black with v neck and stripes,It has strap and it is more tight
dress,train,dress_train_03105,B00A13GQ7M,B00A8VZM40,is white with off the shoulder long sleeves,is solid white in color
dress,train,dress_train_03106,B00CL0KUU2,B00A4F519G,is darker,The dress is longer and lighter colored.
dress,train,dress_train_03108,B008U4K4Y0,B00E3QWDIE,natural two one one shoulder short sleeve dress,is tan and brown and no sleeves
dress,train,dress_train_03109,B003SGVQQU,B00CA5JXFQ,light pink dress is too short,is more animated and more colorful
dress,train,dress_train_03110,B004SKFM8S,B004SKFLLG,is black and white,is all black and white.
dress,train,dress_train_03111,B003BT4KKS,B00CRHEISY,is more purple with white,is blue and patterned
dress,train,dress_train_03112,B00AD11UB4,B00BJGVY6I,black slim dress with v shaped neck,is darker in color
dress,train,dress_train_03113,B005WLGR40,B008EYASHE,is beige colored and plain pattern,is a solid color a line dress
dress,train,dress_train_03114,B0072QSQH4,B009S3H7OW,is multicolored dress,has more green to it
dress,train,dress_train_03116,B00AKMM6HI,B00AYKTQ9C,is more stylish, black with white stripes and a white belt
dress,train,dress_train_03117,B00BUKKAY0,B00CJTB16C,is looser,has more polka dots
dress,train,dress_train_03118,B0080F02HS,B00622AK7I,is more revealing,is longer and more sheer
dress,train,dress_train_03119,B00A67G1OG,B00AXX84QQ,is light green floral dress,is sleeveless and lighter green
dress,train,dress_train_03120,B007Q35KUO,B005HS56DG,has a wide belt and is more grey,has some extra fabric and isn't a V
dress,train,dress_train_03121,B00DU7WDMS,B008YR066O,is solid dark purple,is purple
dress,train,dress_train_03122,B007WZ08F8,B00858E4QU,is black and white with horizontal stripes and longer sleeves,is black and white with stripes
dress,train,dress_train_03123,B009B0MFJO,B00D4AEIAQ,is strappier and darker,has straps and is black
dress,train,dress_train_03124,B007HI744S,B005KJD1FW,is a metallic party dress,is darker purple with no sleeves
dress,train,dress_train_03126,B004JQOL1K,B002ZG8MIE,Has tank straps,is darker in color
dress,train,dress_train_03127,B003ILC4I4,B006P7RZNC,Is a grey sweatshirt dress.,is more grey
dress,train,dress_train_03128,B00AVGH2PY,B006P7GW3G,is lacy on top with a straight bottom half,is lighter in color and has lace to the waist
dress,train,dress_train_03129,B007FG0WI2,B002HSX758,is a halter neck in brown and pink,has ruffly skirt and halter top
dress,train,dress_train_03130,B00EVQVGSY,B00BI3CC3G,has a shorter mini skirt hem,is shorter and is not off the shoulder
dress,train,dress_train_03131,B0080RDI6I,B00499DGSQ,is shorter and has a bow,Is red and belted
dress,train,dress_train_03132,B00DY1LXZ8,B00G9YJYDA,strapless and shorter,has shorter sleeves and is darker colored
dress,train,dress_train_03133,B004EBUT7A,B003OUWDL2,Is a darker dress.,is darker in color and more slimming
dress,train,dress_train_03134,B00CHS4EMS,B00CHS3OL0,is blue colored,is blue with capped sleeves
dress,train,dress_train_03135,B00A8E8Z1E,B006O4KA8S,is a black dress,n/a
dress,train,dress_train_03136,B00A491P7Y,B00CECNLC6, tighter,is more flowy and shorter in length
dress,train,dress_train_03137,B004VQVXLE,B00CGZ8YQE,  and has straps,darker and cuter
dress,train,dress_train_03139,B008DGYVU8,B008DGEYM8,is slimmer and sexier,has shorter sleeves
dress,train,dress_train_03141,B008542KMO,B00ARNR9A4,is a white short sleeveless dress,Is more white and shorter
dress,train,dress_train_03142,B008ZADT6O,B00858OHTO,has a v neck and is a solid color, and more colorful patterned
dress,train,dress_train_03143,B002R1DAW0,B005HP3IFM,is red and black in color,is more red and patterned
dress,train,dress_train_03144,B00FN7PCBC,B005C8WCEM,has straps and a tighter fitting top,is tighter and shorter
dress,train,dress_train_03145,B002UHKNGM,B0057DRJQ8,has shorter sleeves,halter
dress,train,dress_train_03146,B00CEIUZ60,B008CPOZ60,is a transparent top,is more shear and shorter
dress,train,dress_train_03147,B00B89H438,B00B89NYQO, and it solid pink,is black
dress,train,dress_train_03148,B004M5ITH0,B004QF0LO0,has fewer colors and is more formal,is sleeveless and is more black and white in colour
dress,train,dress_train_03149,B00EUGE6BO,B00AFJVSSO,Is more  fitted and  sexy,is blue and see-through
dress,train,dress_train_03150,B00AIXJFQO,B00AIXI5LA,has straps,is below the knee and less fitted
dress,train,dress_train_03151,B0071RV6QW,B007RH4FUK,Is a pink striped long tank dress.,black and patterned and is much longer
dress,train,dress_train_03152,B008BM16OS,B007FG0QAG,is purple and is belted,is lighter
dress,train,dress_train_03153,B00BXIPQ8Y,B00CXN6LZU,is a blue halter top dress.,is red and longer
dress,train,dress_train_03155,B0057Z0C88,B00CJL7YKW,is longer length and see though at legs,is longer and darker
dress,train,dress_train_03156,B003RRWX30,B00B2HV4KU,is blue with thin straps,is blue and has more polka dots
dress,train,dress_train_03157,B00ADUHCP8,B00FTZGJJC,is blue and longer,is a long blue evening gown
dress,train,dress_train_03159,B00CSB9352,B007NFH2BK,is sleeveless t-shirt dress with wide red and black stripes,has black and red stripes
dress,train,dress_train_03160,B00A13BI2U,B005F6MAJS,is longer with shorter sleeves,is longer and has no sleeves
dress,train,dress_train_03161,B00A3HKXSY,B004GCIF0A,has a higher neck with thicker straps,is black and less casual
dress,train,dress_train_03162,B007WAU1FU,B008P7ZH1M,is red and really long,is exactly the same
dress,train,dress_train_03163,B004RKVH4C,B0098BVZ6A,is beige and has ruffles,is a lighter color and has a teired skirt
dress,train,dress_train_03165,B00BSW48ZM,B00E1CC7G8,is a yellow dress belted and with a round neck,is yellow and without bow
dress,train,dress_train_03166,B0054ILSFY,B00CXVL7PG,is tan with ruffles,is light pink
dress,train,dress_train_03167,B006H2GU0E,B007WC0S2O,has symmetric shoulder straps and multiple colors,has a black skirt and pink bodice
dress,train,dress_train_03168,B000E2F2VG,B005OOH0VE,is more revealing,is strapless and above the knee
dress,train,dress_train_03169,B00EP1NTEE,B00BPYCWBU,is shorter and darker colors,is shorter with a black skirt and a darker blue and red
dress,train,dress_train_03170,B00A9JVC86,B00CCGGV3A,is strapless and lighter,is white and more open
dress,train,dress_train_03171,B005RYOALE,B0095FP1AK,is black and more revealing,is shoulder-less and shorter
dress,train,dress_train_03172,B007FP4YBO,B00BIZ6PS2, and solid purple,is blue and striped
dress,train,dress_train_03173,B002NPCHM4,B0051N2M3O,has a higher neck with beige designs,Is shorter and less fitted.
dress,train,dress_train_03174,B007WWRFXY,B00EFBPN8O,is looser on top and more shoulder coverup,is a darker color
dress,train,dress_train_03175,B005P7BMR8,B0090JSD88,has shorter sleeves and a patterened top,has blue and black top
dress,train,dress_train_03176,B0084DKHUI,B009WJ0LYA,has shorter sleeves and is darker,is a sleeveless dress of a shorter length
dress,train,dress_train_03177,B00AU4N2BK,B00FZ4KDPI, with half sleeves,is less form fitting and is sleeveless
dress,train,dress_train_03178,B008OVOKQM,B0080E5NBY, more professional,Is cream colored and ruched
dress,train,dress_train_03179,B004071WF6,B008M9W7IY,is blue,is a brighter color
dress,train,dress_train_03180,B007WAT804,B00B36PNFW,is less casual,is printed and belted
dress,train,dress_train_03181,B0091S4VUM,B008UBRMB6,has shorter sleeved and solid color,is belted and brown
dress,train,dress_train_03182,B00C2MER1C,B00DHDAP02,Is a short tan dress with a floral print,has sleeves and a floral pattern
dress,train,dress_train_03183,B0089I9LWI,B00COYHOGS,is longer and less sexy,Much longer and more coverage on the shoulders.
dress,train,dress_train_03185,B00D1VGBLC,B00CTN9JDU,is pink with black polka dots,has pink polkadots
dress,train,dress_train_03186,B00591NHR8,B0065588LW,has long sleeves and is floral red,Has longer sleeves
dress,train,dress_train_03187,B0096NI7YS,B004X9MAWA,has a plain skirt and no belt,is sleeveless and more casual
dress,train,dress_train_03188,B00DEYQHGA,B006TVWJ4O,is white with longer sleeves,is white
dress,train,dress_train_03189,B006WJ0YPY,B007WPHRVG,is longer and patterned,is very long with a floral design.
dress,train,dress_train_03190,B008ODSHA0,B005VLXUBO,is longer and has a V neck,is longer and darker
dress,train,dress_train_03191,B004LVNNWQ,B009YM5P78,is light green,longer and red
dress,train,dress_train_03192,B00BIPLLKE,B009KO0IJU,is long and has long sleeves,is maroon and blue and black and long
dress,train,dress_train_03193,B0042RU7EQ,B006J3VWK4,has blur,is more colourfull
dress,train,dress_train_03195,B005X95SKU,B004LVNNWQ,has a looser fit, cap sleeved
dress,train,dress_train_03197,B0073AFLI6,B00CO6KO0E,is more form fitting,has two sides and fits tighter.
dress,train,dress_train_03198,B003DS966K,B00898B4JG,is a solid forest green top with a emerald green skirt that is above the knee, and sleeveless
dress,train,dress_train_03199,B004WZQPN0,B00606LEEE,is longer and not a solid color,has elbow length sleeves and is a wrap dress
dress,train,dress_train_03200,B006BQ9IMS,B004UOVT0W,Is more whimsical and girly,is longer and black with red flowers
dress,train,dress_train_03202,B009GGWYO4,B008R76LQA,is all white with black shoulders,is white and shorter
dress,train,dress_train_03203,B00CF1YWN8,B00DQDO4G4,is more free,is brighter in color
dress,train,dress_train_03204,B001GS7OEU,B003WOKTIY,a long sleeved blue dress,is blue with a black belt
dress,train,dress_train_03205,B0057Z09XQ,B00EPQMIS2,has short sleeves and bright colored,is shorter and has longer sleeves
dress,train,dress_train_03206,B00CG60LMS,B007WAT8MC,This desired product was looking fit to body.,is white and less revealing
dress,train,dress_train_03207,B00CTA0NEW,B003OBZCBY,is a cold shoulder black dress,is black with sleeves
dress,train,dress_train_03208,B00A560X38,B00AJNFC3I,is cuter and smaller,is more white
dress,train,dress_train_03209,B007Q0YI5K,B0065YVALI,is darker with a lower neckline,is black with a round neck
dress,train,dress_train_03210,B004KPL0W8,B004ZI4T50,Is a longer,is lighter and patterned
dress,train,dress_train_03211,B0074R3NS8,B007WPMAKO,has a v neck with solid black,Is v neck
dress,train,dress_train_03212,B00CF3UGVI,B00F2D7OQS,is more billowy and floral,is largely blue with red flowers
dress,train,dress_train_03213,B006NU5T0W,B006NU73TW,has no straps,is more strapless and more black
dress,train,dress_train_03215,B0071AKP8E,B004XICMGA,is longer and less revealing,is more colorful with floral pattern and more casual
dress,train,dress_train_03216,B00CIQO48S,B008OVPXWM,is more floral,is much longer
dress,train,dress_train_03217,B008M63APQ,B00D76N4TS,long v neck black dress,is silver and black
dress,train,dress_train_03218,B004VQPRCU,B009AFBH1M,is a pink dress with no sleeves,Is purple and same color throughout.
dress,train,dress_train_03219,B006GOAIOC,B006OL94CO,is sleeveless and white,Brighter and less sleeves
dress,train,dress_train_03220,B008G5VVDQ,B00926L1CE,is grey and longer with longer sleeves,Is tighter and solid colored
dress,train,dress_train_03221,B008Q08JOA,B004R9PETC,has a  black and white floral design,is less revealing
dress,train,dress_train_03222,B007SV9DBQ,B003MU94SE,has longer sleeves and a scoopneck,has long sleeves and fits to the body
dress,train,dress_train_03223,B00901EA2E,B0079EHQGG,is gray and white with short sleeves,has less color and shows cleavage
dress,train,dress_train_03224,B00BM7HXHS,B00CJVBN7W,no straps long maxi dress,is strapless
dress,train,dress_train_03225,B007XD5R4Q,B00BR6VPCI,has a pattern and nor sleeves,Is red with a side slit
dress,train,dress_train_03226,B009WPTE06,B00EVH0GXE,is brighter in color and has shorter sleeves,is two tone solid and short sleeved
dress,train,dress_train_03227,B00ALWPNGI,B009311IJY,is a darker blue with lacy sleeves,is blue and more revealing
dress,train,dress_train_03228,B009S3IEO4,B006WX7OG2,is black and more formal,is solid dark purple
dress,train,dress_train_03229,B007JLQFEI,B007JLOBZS,is muted color and not printed,purple round neck dress
dress,train,dress_train_03230,B007SDKHPK,B002F0HXCG,is black and pink flowers,is black with pink and green pattern
dress,train,dress_train_03231,B004U9YUG2,B004FEE206,is lighter and has longer sleeves,is open and belted
dress,train,dress_train_03232,B00A0K0KLY,B008500EXU,is orange and shiny,has a slightly deeper neckline
dress,train,dress_train_03233,B00FPRBNEA,B00BEJ44EO,is pink and has a floral pattern,is pink
dress,train,dress_train_03234,B00B53H8R4,B00EIX7WB0,is more colorful,is shorter and more casual
dress,train,dress_train_03235,B00E7X6TYC,B00B1GTJQI,is darker and shorter,Shorter and less colorful
dress,train,dress_train_03237,B009PFKUU6,B0085966OW,Shorter and blue,is less revealing
dress,train,dress_train_03238,B008VPXVTS,B008VTFNOA,long sleeved purple and black dress, more flowing
dress,train,dress_train_03239,B00A89070Q,B006O4K9C0,is longer with only one strap,is longer and off the shoulder
dress,train,dress_train_03240,B008006EU2,B007FOHK7U,its a little longer below knee and flower print,is lighter colored with a v-neck
dress,train,dress_train_03241,B007GAE8LO,B00ARAZOHM,has a colorful pattern,Has a bright pattern and shorter skirt
dress,train,dress_train_03242,B008DSN2WO,B0091GQRGA,has no sleeves, sheer
dress,train,dress_train_03244,B00CY8XXSM,B00CQSRVLK,is longer and more brightly colored,is lighter and doesn't have sleeves
dress,train,dress_train_03245,B000OHM9FI,B00BL6WQRW,has one shoulder and dark blue,blue and only exposes one shoulder.
dress,train,dress_train_03246,B00BR9KQX4,B008G3KN7S,Is shorter with sequins.,is solid with longer sleeves and shorter hem line
dress,train,dress_train_03247,B0093JB508,B0062JNT42,is solid cream colored with pleaded skirt,is white and more dull
dress,train,dress_train_03248,B008545YKY,B008545U4Y,has brighter colors,wider strap with more colors
dress,train,dress_train_03249,B008PAL0TC,B007RJP41C,has longer sleeves and is redder,Has longer sleeves
dress,train,dress_train_03250,B001VY1WEW,B0097M4FHQ,is strapless with a black floral pattern,Much longer and darker in color.
dress,train,dress_train_03251,B007R1PZVE,B0078ZG7LQ,Is shorter and more chic,Is shorter and has a yellow top
dress,train,dress_train_03252,B00DCCA21A,B00B1ZOPY0,is more western,is darker and more earthy
dress,train,dress_train_03253,B0061K4F7M,B006NUEP70,has slim straps and and is red,as small straps and red
dress,train,dress_train_03254,B002TYZH6W,B007FPDKDC,is longer and less shiney,has longer bottom
dress,train,dress_train_03255,B00A4H2UF2,B00BC53PJA,is a sleeveless,is short sleeved and casual
dress,train,dress_train_03256,B005G16BBK,B00AYR2MEG,has a belt and is lighter,white without v neck
dress,train,dress_train_03257,B008KKNW20,B008R2VF16,Has long sleeves and cut out neckline.,is more revealing
dress,train,dress_train_03258,B00CORDX7E,B00F0WU8PA,is more slim black dress,is more lighter with black color
dress,train,dress_train_03259,B00901MLNO,B008G51GSG,is more revealing and patterned,has shorter sleeves and is blue
dress,train,dress_train_03260,B00BNN3BA4,B00BFF9YOM,Is more lacy with longer sleeves,has longer sleeves
dress,train,dress_train_03261,B006JJ5G5K,B007ADFRNA,is lighter,is shorter and has sleeves
dress,train,dress_train_03262,B00AI6V028,B00938V022,is lighter,Is a solid white color
dress,train,dress_train_03263,B0076S6486,B004C049TM,Is pink and less shiny,is much lighter in color
dress,train,dress_train_03264,B008OC8LAC,B0076THGSC,Is sexier and more whimsical,has a pattern
dress,train,dress_train_03266,B00A82GC98,B0067LR3LA,is darker,is shorter and lighter
dress,train,dress_train_03267,B00428MWGQ,B0054O6EKW,The top is a darker color,has a smal extension on the top with gray bottom.
dress,train,dress_train_03268,B002UUTR4S,B002QQ7S6U,is black and white with shoulder straps,the dress is white and black with straps
dress,train,dress_train_03269,B008PQIE8G,B008R9F2UO,a 3/4 sleeve pink purple dress,is pink and longer-sleeved
dress,train,dress_train_03270,B00EVQVGSY,B00E82V0F0,is lighter and has longer sleeves,has long sleeves and is lighter
dress,train,dress_train_03271,B00BEMEFU4,B0091MBBPQ,is floor lengths with more thin black stripes,is black and white and has stripes
dress,train,dress_train_03272,B00CHSEGYE,B007JXGAN2,is purple,is longer and has more purple
dress,train,dress_train_03273,B008XOBYGE,B00AFOMGB2,is animal printed and longer,is green
dress,train,dress_train_03274,B004EWG70C,B003EQ4BFC,has tinier straps,It is more plain and more purple
dress,train,dress_train_03275,B00BBQD8Y2,B00BJGNAIS,Is a red dress with satin bow.,is shorter and orange
dress,train,dress_train_03277,B00243FOQQ,B007TMXT96,is solid red,is a solid color
dress,train,dress_train_03278,B00D2D4V52,B00DHPIVG0,is orange with colored stripes,has more color and is strapless
dress,train,dress_train_03279,B006LAMLQ4,B005CN9A2Y,has more open neck,is open necked and fuller
dress,train,dress_train_03281,B008SOC2U6,B00A74GV9I,is polka dotted and blue,is see through
dress,train,dress_train_03282,B008PQIE8G,B00AW4BUTY,has shorter sleeves and blue siding,Is a dress with solid color
dress,train,dress_train_03284,B00F2N5KW8,B004XANMXU, longer,is darker and less frilly
dress,train,dress_train_03286,B0070YILD2,B004MUCZIY,is pink and white and sleeveless,doesn't have sleeves and is lighter
dress,train,dress_train_03287,B006H2F5Z0,B006DSC22M,is shorter with longer sleeves,has a shorter skirt and the top blends seemlessly with the bottom.
dress,train,dress_train_03288,B00AA6FAOU,B006WWUMDK,is longer and lighter,has longer dress and is white shiny
dress,train,dress_train_03289,B00FP6ARGG,B00FCEF00O,longer sleeves and a brighter pattern,is long-sleeve and vintage
dress,train,dress_train_03290,B005541VZY,B00CMBC04E,Is more complex and longer,more tangerine and long
dress,train,dress_train_03291,B004K6LO50,B005SN1OHM,Is a darker dress with a short skirt.,is navy blue with ruffles
dress,train,dress_train_03292,B00BQ7XLPM,B00BELXGSM,has longer sleeves and has a different pattern,is more colorful and bright
dress,train,dress_train_03293,B007WACR0W,B008P4ZH10,Is darker and longer,is white and less shiny
dress,train,dress_train_03294,B009OV5FKG,B00DLU0W0E,is lighter pink,is shorter and in pink.
dress,train,dress_train_03295,B007XR4MR0,B00485C9G6,is black,is a solid black and strapless
dress,train,dress_train_03296,B007Q3PKGS,B006WQZGAK,is yellow with tiers,is more fitting
dress,train,dress_train_03297,B00EO5BKNI,B00C5W163G,has a long slit,is darker and more sexy
dress,train,dress_train_03298,B000RQ2Z14,B000XPGMBS,is black with long sleeves,Is black and has long sleeves.
dress,train,dress_train_03299,B00BC06CH2,B008VEC6ZY,is black and purple,It is less red and more purple
dress,train,dress_train_03300,B00BNJXODW,B00686HMMY,has thinner straps and is less shiny,sleeveless with silver around bust
dress,train,dress_train_03302,B00CEHQNGM,B007Q3PTPK,has wide straps and is a solid brown,has sleeves and more solid in color
dress,train,dress_train_03304,B004JQONUY,B00ANR3RUA,is white,is white and more sexy
dress,train,dress_train_03305,B00CM7LS1Y,B00CCI0PAS,has a different pattern and longer sleeves,is more revealing and colorful
dress,train,dress_train_03306,B005MKC6QE,B00A1AJBGS,is satin shiny blue material with shorter sleeves,is a shiner lighter blue skirt
dress,train,dress_train_03307,B00C8Q2098,B008AEEK2C,is a red sleevless dress.,longer and purple
dress,train,dress_train_03308,B008IGTVGM,B00902ACPM,high low brown dress,is two-tone brown
dress,train,dress_train_03309,B00BTHS1EK,B00935M452,has longer sleeves,is long sleeves and rounded neckline
dress,train,dress_train_03310,B005JR0WXE,B004MPQFC6, shorter and tighter,is black with no straps and formal
dress,train,dress_train_03311,B00BBGMM1M,B007PUFJ8G,is pink with shoulder free sleeves,is salmon pink
dress,train,dress_train_03312,B00FKV0FW2,B00FKV0F8Q,Is the same dress,the same item
dress,train,dress_train_03313,B00E8CLZ0U,B00CB7TMUO,is white and has sleeves,is white with sleeves and no pleats
dress,train,dress_train_03314,B00CG154NE,B00GD92A2I,has longer sleeves,has longer sleeves
dress,train,dress_train_03315,B00F2SGB94,B007TO2WJC,has straps on both arms,It is more red and more plain
dress,train,dress_train_03316,B00ALGU9JK,B008H78ABY,is darker,is darker
dress,train,dress_train_03317,B004PED414,B005DNNDP8,has flutter sleeves and is more fitted,it is darker graphics with short sleeve and slim fitting
dress,train,dress_train_03318,B005ERT4OW,B003JQKWB4,Is a striped tank top,is more striped with no sleeves
dress,train,dress_train_03319,B00CQD6YCW,B00AW1AQTW,Is more revealing and more  summer,is white with grey and sleeveless
dress,train,dress_train_03320,B007H12CWY,B00CHLEXJO,is all blue with long sleeves,has long sleeves and dark blue
dress,train,dress_train_03321,B00DBMI3OY,B00FOLJMBS,is ditsy,white and green polka dots with a brown belt
dress,train,dress_train_03322,B003AU5JNA,B004USQGFQ,Is more chic and wearable,is black with sleeves
dress,train,dress_train_03323,B00CS7FMQU,B0090OIYAU, more casual,is less form fitting and shorter sleeves
dress,train,dress_train_03324,B00CH9MYQU,B00BZFYRN0,is shorter and more revealing,has less sleeves
dress,train,dress_train_03325,B00857SK2K,B008PAL0TC,has straps on both sides,has a more sheer sleeve
dress,train,dress_train_03326,B0070SST2Q,B006PDVZ14,is red with white bottom pattern,is red and more revealing
dress,train,dress_train_03327,B0099PRZ82,B007RCJ01Y,is light blue with white polka dots,is blue with white polka-dots and belted
dress,train,dress_train_03328,B008OGPRPK,B00BIXZXJQ,is longer with thin straps,is black and white and longer
dress,train,dress_train_03329,B008UWI3BI,B005KOZ4UW,has long sleeves,is shorter length
dress,train,dress_train_03330,B00BTHS1EK,B00935MMSG,is short sleeved flounce grey top with florals and dots,is more like tunic and has cap sleeves
dress,train,dress_train_03331,B007WA48E0,B008IE6EZU,3/4 polka dot black and white dress,has longer sleeves
dress,train,dress_train_03332,B0033WS6EE,B007FPXIKW,Is less whimsical and more casual,is longer with different straps and colors
dress,train,dress_train_03333,B005GYGK2W,B0095FP38K,is black and green with vneck,has blue blackdrop behind the print.
dress,train,dress_train_03334,B005Y8GEL2,B0080F00HU,is more blue and concealing, floral and has a scoop neck and ribbon
dress,train,dress_train_03335,B004HIMKCW,B004SLTB70,is blue in color,is light blue and has thing straps
dress,train,dress_train_03336,B007HI744S,B005OAYTHG,has more dimension and less sleeving,More pleated and shorter
dress,train,dress_train_03337,B00AW8XAA2,B00D1G5HVW,is light purple and shorter,is lighter in color and more of clubbing dress
dress,train,dress_train_03338,B00ASR7A1M,B00591JNZI,Is darker with a floral pattern., sleeveless
dress,train,dress_train_03339,B008AEDVS6,B008DS1MQW,Is a brighter color.,is very bright and colorful with sleeves
dress,train,dress_train_03340,B005PSKTRQ,B002TYZH44,has no straps and sleeves,is strapless and has tie bow
dress,train,dress_train_03342,B0077LFR0S,B00BGM2XOC,has a high-low hem and thinner straps,has a gradient pattern
dress,train,dress_train_03343,B009S3H7OW,B00EYPQO2K,is more pink and a solid color,is purple with thin straps
dress,train,dress_train_03346,B00DBD84JW,B00BAR35JK,is plain blue,has black and white stripes
dress,train,dress_train_03347,B001GS7OEU,B00AKEBVRC,has more white with a lower neckline,Is tigher and is monochrome
dress,train,dress_train_03348,B00F8OHE48,B00FZAEC5Y,is more revealing and black, lace insert
dress,train,dress_train_03349,B0095FP1AK,B0094S31L4,has longer sleeves and not strapless,has sleeves and a round neck
dress,train,dress_train_03350,B00C3TOOV2,B00F2BITHI,short sleeved and dark colored,is darker in color
dress,train,dress_train_03351,B005JD4RRA,B007OZSTJS,is small straps and two solid colors,Is spaghetti strapped and more colorful
dress,train,dress_train_03352,B00A0S760O,B00CXXDDRE,is multi colored,is black white and red
dress,train,dress_train_03353,B00740VYFE,B00A1CI0HC,is blue in colour and more simple,is solid turquoise and has a belt
dress,train,dress_train_03354,B00GX9SPR2,B00BL716RC,has short sleeves and is shorter,has shorter sleeves and brighter colors
dress,train,dress_train_03355,B002Y2PGDS,B004LZ5UVE,has multiple color include green,is sleeveless ans bold printed
dress,train,dress_train_03356,B0091J03XK,B0091IZ8H2,is a solid color with a v neck,has long sleeves and is a solid color
dress,train,dress_train_03357,B004KJEI2S,B005LC3GEY,has no straps,is strapless and black
dress,train,dress_train_03358,B00A2X78HI,B00385WN2M,has shorter sleeves and is a solid color,red and a one-piece dress
dress,train,dress_train_03359,B002XUL9IC,B0039ITI44,Is a lighter striped tank top.,has white and red stripes
dress,train,dress_train_03360,B00CII3TWS,B00C3WS3N4,is a peachy color and looser fit,has a lower cut neckline and is orange
dress,train,dress_train_03361,B007A634IC,B005OOGULA,has both straps,has straps over both shoulders
dress,train,dress_train_03362,B002QUSLZI,B00A2HYKWU,has longer sleeves,is more colorful
dress,train,dress_train_03363,B008E6CMZI,B004SLT8MI,is blue and red with no sleeves,It is less red and more loose
dress,train,dress_train_03364,B00622AK7I,B0080F02HS,has longer sleeves,is a solid color red.
dress,train,dress_train_03365,B00GYL56PS,B00BXDNK2I,is longer but more revealing on the top with a brighter color,is more of a dress
dress,train,dress_train_03366,B00C20YQW4,B00BH8C4B2,its a white wedding dress,is sleeveless
dress,train,dress_train_03367,B00B0QC772,B00904Q1JG,is light with black collar and belt,the dress is white and black and less revealing
dress,train,dress_train_03368,B007PKEDPG,B007PKED24,is sleeveless and has a lower neck,is sleeveless and darker
dress,train,dress_train_03369,B0030KGSKS,B008FXOLSG, cream and grey and more patterned,longer and darker.
dress,train,dress_train_03370,B008FY9G0I,B008X0LJ36,is more beige and collared,is orange with longer sleeves
dress,train,dress_train_03371,B00CKVGNNU,B00A8E8K1Y,n/a,is a set of letters which make up the words 'London Times'
dress,train,dress_train_03372,B008D9AMUI,B008D9AOMY,is solid red,is a solid red
dress,train,dress_train_03374,B00720LU8W,B00815SMCO,has an open cleavage and longer,is longer and more brown
dress,train,dress_train_03375,B009GGWYO4,B009GGWZHA,is same color and same style,is exactly the same!
dress,train,dress_train_03376,B00BLQ67YU,B0099R6GUI,is long, with no sleeves
dress,train,dress_train_03377,B006MOS4DS,B004GUU3CA,has square neckline and solid color,is shorter and black
dress,train,dress_train_03378,B008J261E0,B0085VXWDS,Is longer and more casual,has no sleeves and is bright colored
dress,train,dress_train_03379,B00CLF477O,B00BIPLLKE,less striped more spotted, shiny and sleeveless
dress,train,dress_train_03380,B008HQKJZ0,B00935MP0Q,has long sleeves and has a v shaped neck,has a purple print and sleeves
dress,train,dress_train_03381,B005LC23ES,B009AMMRIM,is long,has no sleeves and multiple dots
dress,train,dress_train_03382,B00A88ZTNW,B006Q8D4RG,is a pink and peach dress,is a dress and not a company
dress,train,dress_train_03384,B0089G1SEY,B00CL0URZU,Is more western and longer,is strapless and longer
dress,train,dress_train_03385,B008VQBWL6,B005X5RPA0,is black,is sexier
dress,train,dress_train_03386,B00A0IEA3K,B00CIQE186,has shorter cap sleeves and is solid blue,is royal blue
dress,train,dress_train_03387,B0051931YC,B008R76AX4,is shorter and sexier,has a lower neckline and more layers of fabric at the waist.
dress,train,dress_train_03388,B008CWPPT4,B003ZFQOPW,is lighter and has shorter sleeves,is solid white and shorter
dress,train,dress_train_03389,B00AOC9QEA,B00AFVGZNU,orange dress with long sleeves,is brown and knee high
dress,train,dress_train_03390,B00CTA0NEW,B003G4HA7S,is black and solid in color,is black
dress,train,dress_train_03393,B00936XQXA,B00AJITXWY,is more revealing,is shorter and has longer sleeves
dress,train,dress_train_03396,B00BRCDE8K,B00BNLCYCW,is white with flowers,has no sleeves and is flower patterned
dress,train,dress_train_03397,B0073149OC,B006W6AGZK,is shorter and pink,is pink with thin straps
dress,train,dress_train_03398,B00DQ5R8S8,B008AKSKRW,is longer with blue and red print,is blue with a colorful hem
dress,train,dress_train_03399,B00DP3BMWO,B00CF0AMN8,has spaghetti straps,has no sleeves and more art
dress,train,dress_train_03400,B00AFPZBUY,B008P43JOC,is lighter colored and less cute,is red and white striped on top with a tiered white skirt
dress,train,dress_train_03401,B009NER9V2,B009XBLTXE,is strapless and dark purple,is purple and long
dress,train,dress_train_03402,B00ARAXG9K,B00FFXYIRI,has longer sleeves and black colored,is black and longer sleeves
dress,train,dress_train_03403,B00816HLAC,B007FP4VH6,less fitting,is more red and belted
dress,train,dress_train_03404,B00CRHEISY,B007R62M42,has a blue bohemian design,more blue and higher neck
dress,train,dress_train_03405,B00AYWXNRG,B002TUT5BO,is green,is more shiny and green
dress,train,dress_train_03406,B009ANVFZW,B0032FPMX0, is purple and is shorter,has a polka dot pattern
dress,train,dress_train_03407,B008P0TQGG,B0074W1XF8,is darker and shorter,is maroon and shorter
dress,train,dress_train_03408,B0049U3T32,B008S4CWZG,has a longer skirt and no sleeves,is longer
dress,train,dress_train_03409,B004IK9BLC,B004IK9D4W,is darker with more details and less sleeve,is black and pink floral design over one shoulder strap.
dress,train,dress_train_03410,B004MMF052,B005DVJGP6,has longer sleeves and is black,is more revealing
dress,train,dress_train_03411,B0089AHJ34,B006MPVUO2,is not shiny and has a different neckline,has a halter top and flared bottom
dress,train,dress_train_03412,B007PVA6LK,B007Q39H7G,has a shiny skirt,is two pieces not one
dress,train,dress_train_03413,B0056JJC7C,B0072MO1MM,is dark blue with a low neck,is a short blue dress
dress,train,dress_train_03415,B0099NV9N6,B00AJNGW4G,is black with a small slit,is much longer
dress,train,dress_train_03416,B005UXSUD6,B006VA9GTE, longer and printless,is lighter and has shorter sleeves
dress,train,dress_train_03417,B00AJ36Y5I,B0093ZOPEK,is gray with a uneven end,is dark gray and slit side
dress,train,dress_train_03418,B00BGZRDSK,B00BGZRUTC,is more straight and less decorated,is less revealing and more red
dress,train,dress_train_03419,B009P8UO90,B004YJ9BNA,v neck short black dress,has a more plunging neckline and is a solid color
dress,train,dress_train_03420,B008UWBCXY,B004GJWBBC,Is a longer grey jersey dress.,is lighter in color
dress,train,dress_train_03421,B005R5216O,B0096NMBY0,is belted with a small belt,has a solid black top and printed skirt
dress,train,dress_train_03422,B00FATNA8U,B00E3GFPFW,Is a ruffled grey dress with an asymmetrical hemline.,is layered and straps
dress,train,dress_train_03423,B007WPHBGW,B006VNLCAW,A green sleeveless short empire dress,is blue with two straps
dress,train,dress_train_03424,B003VCLSFA,B002W0WILK,is shiny and blue.,has more blue color
dress,train,dress_train_03426,B0053W3ZCK,B0062FMSIY,is shorter and more revealing,is more white and shorter
dress,train,dress_train_03427,B007WA4CQ4,B00EZHWUZM,has no straps and pink shade,shows more cleavage
dress,train,dress_train_03428,B00CH38QMC,B00CH3BMTQ,has an even hem and a different pattern,is orange with yellow and black aptterns
dress,train,dress_train_03429,B00FLMQ7EK,B00B1IG3HY,Is a cold shoulder striped short dress,is blue black and pink strips with a shorter skirt.
dress,train,dress_train_03430,B007D7DXWA,B007G6BPNC,has less floral print and more solid stripes,has a striped bottom
dress,train,dress_train_03431,B00DR7EKRW,B00DR7EKMW, long at back, white and shorter in the front
dress,train,dress_train_03432,B00AONUM1U,B00D2CVCBY,has sleeves,is red in coloring without straps.
dress,train,dress_train_03433,B0080E7E9S,B007WACXG0,is a lighter color,is sleeveless with stripes on the top and skirt
dress,train,dress_train_03434,B008OKGD86,B009XKHZA6,has two straps and is red,is red
dress,train,dress_train_03435,B006JXMTP6,B007ZQNFV8,is more business and longer sleeves,The dress is black with longer sleeves
dress,train,dress_train_03436,B005J92ZC8,B003L5CUCM,Has ruffles and is a short pink dress.,is lighter pink in color without sleeves.
dress,train,dress_train_03437,B0091CFOB8,B007JOBV6C,is darker in color and longer,is longer and darker in color
dress,train,dress_train_03438,B004IK9D24,B008RMYIVK,is red and shorter,has no sleeves and red colored
dress,train,dress_train_03439,B00CEHNYV4,B004QL7SL8,is black in color,is black with two straps
dress,train,dress_train_03440,B0039RHAHM,B00BJFXVKG,is dark blue with straps,is blue with buttons
dress,train,dress_train_03441,B004OHD7VY,B004UX378K,more pink with ruffles,is more fancy
dress,train,dress_train_03442,B00FTKA0HY,B00BXG7UQC,is blue colored and strapless,is blue and wispy.
dress,train,dress_train_03443,B00D8YNRIC,B00AGC2IHK,is beltless and sleeveless,Dark Color
dress,train,dress_train_03444,B007IUXZZW,B007IUX29G,has a black and white print with thicker straps,Belted with zebra print and wider straps
dress,train,dress_train_03445,B00B7Q8JSQ,B00ENO7OP8,Is a short high neck dress.,is lighter
dress,train,dress_train_03446,B005NYPJRW,B007KS07GW,is shorter with a collar,is shorter and has a belt
dress,train,dress_train_03447,B007RM3HMW,B007FPDOJW,Is exier and more fit,blue and more tight
dress,train,dress_train_03448,B00DYXGVW6,B00BX0VBRW,is blue green in color,is blue
dress,train,dress_train_03449,B00DP3BMWO,B00BGBLO48,is solid black and sleeveless,is darker and sleeveless
dress,train,dress_train_03450,B00D6PENK4,B00CIAHMJW,is shorter,is more patterned and short
dress,train,dress_train_03451,B008V5M72K,B008FWZP5K,Is darker with an asymmetrical hem,Has a darker top portion
dress,train,dress_train_03453,B009S3E9KW,B00CN0UT4C,is shorter,has all pink and red in a similar design.
dress,train,dress_train_03454,B0042NOJEY,B003RI6ZMY,has more shiner,is a brighter color and has a v neck
dress,train,dress_train_03455,B009P9IKZ4,B00A7CB4WE,is gray and has longer sleeves,is a sweater and pants
dress,train,dress_train_03457,B006ZUK7EI,B007Y38EJU,is pale yellow,is more lighter colored
dress,train,dress_train_03458,B004KJEI2S,B0075BQY5M,Has longer sleeves and stripes.,has black and white stripes
dress,train,dress_train_03459,B00D4AQ7CI,B00C5TOFSW,has black and white stripes,has black and white stripes
dress,train,dress_train_03460,B0084YK4QY,B008BRY6RM,short black dress with designs,Is more patterned and colorful
dress,train,dress_train_03461,B005PSKTRQ,B007TUPY2S,has longer sleeves and is a solid color,is a lighter coloring in blue with sleeves.
dress,train,dress_train_03462,B00CAA4WU2,B00D2PASNY,is white and strapless,is white and long
dress,train,dress_train_03463,B00B0QC20E,B007WA2Y8M,has sheer sleeves and belted,has longer sleeves
dress,train,dress_train_03464,B0076R81WE,B007G1027W,green and very detailed,has see through parts
dress,train,dress_train_03465,B002PEZMUW,B002PEZMSY,is a purple color with same design,is more purple
dress,train,dress_train_03466,B000GLDM0I,B00DNLCKRE,is blue in color,strapless with shawl
dress,train,dress_train_03467,B00ED7W9GO,B00DDHBRLS,has cheetah prints,has more of a cheetah print
dress,train,dress_train_03468,B002UNLUM2,B0040QDNUE,is long sleeves and orange plaid,Long sleeve plaid shirt with tie waist
dress,train,dress_train_03469,B00936I7NE,B002W5V2JO,is less shiny and more casual,is shorter in length and more flowy
dress,train,dress_train_03470,B0061K4F7M,B00BU01DQO,is white,is lighter and has shorter sleeves
dress,train,dress_train_03471,B005OBD7BO,B00DHZOT02,has a graphic design,is shorter and tighter
dress,train,dress_train_03472,B00CRNKQG6,B00EVODFO4,has sleeves and is brighter,is lighter and has longer sleeves
dress,train,dress_train_03473,B004RKVF80,B004PEB0QK,has sleeves and is gray,is gray with cap sleeves
dress,train,dress_train_03474,B00B513P1O,B00A3ZAALG,is gray with gold designs,is darker and more shiny
dress,train,dress_train_03475,B008A6AU2Y,B0087IYKJO,is white in color,is much lighter in color
dress,train,dress_train_03476,B007RBJJ0W,B007OWG2TK,is longer and striped,the dress has stripes and longer
dress,train,dress_train_03477,B00B1JO99W,B008PZX6GW,is v neck and belted,is belted and elegant
dress,train,dress_train_03478,B003ULNDT6,B006N0L0U0,is strapless and longer, longer and purple
dress,train,dress_train_03479,B008UWI3BI,B00CL15GN2,long printed dress,does not reveal the back
dress,train,dress_train_03480,B00C2VGL7G,B0085U8YWS,is fitted and a shiny black,Light & Dark color
dress,train,dress_train_03481,B00AYCLRCO,B007FAEMLQ,is darker in color  with a v neck and longer,more flowing and longer
dress,train,dress_train_03482,B00372605W,B007LGI490,is shorter with thin straps,is short and strappy
dress,train,dress_train_03483,B00BFF9YOM,B00DQD6YNK,is more casual with short front long back,is whiter with shorter sleeves
dress,train,dress_train_03484,B00CFXUOS8,B00B191I4G,is Jones New York,cannot see the desired product.
dress,train,dress_train_03485,B00B2FSFPE,B00BB0Z6WU,is whiter with narrower shoulder straps,is all white with spaghetti straps
dress,train,dress_train_03486,B008RSS0T0,B007618H9M,is longer and less sexy,is below the knee with pockets
dress,train,dress_train_03487,B009PYPGJW,B0046EC748,is one color and shiny,no sleeves and wine-red
dress,train,dress_train_03488,B001P2IS4M,B0098QUWBY,more colorful and fits tight,is more aqua with more prominent pleats
dress,train,dress_train_03489,B004ISL0IG,B007RTGYA2,has small sleevges ]],is black with short sleeves and form fitting
dress,train,dress_train_03490,B005VTUDF2,B00CBV45FW,is longer and lighter,Is longer and more colorful
dress,train,dress_train_03491,B008R07I64,B00CUEGC7E,is longer,is pink and longer
dress,train,dress_train_03492,B004U9L29U,B009NCH8RE,a coral flapper style dress,has sequin embroidery
dress,train,dress_train_03493,B005LC23ES,B007ECBSUS,has a darker blue pattern,no sleeves and more flowing
dress,train,dress_train_03494,B00EKX0MZQ,B00B2VAOZC,has a shorter hem with lace,shorter ruffled hem
dress,train,dress_train_03495,B00BHG5NS0,B00BLZ94ZK,yellow looks more attractive and mature,It has longer sleeves and less animal print
dress,train,dress_train_03496,B007N6ZJNM,B0084ZC44I,Is royal blue and sleeveless,cap sleeved
dress,train,dress_train_03497,B00D6COQJ0,B008BPVAHI,has longer sleeves with black belt,is solid black and has sleeves
dress,train,dress_train_03498,B00CLF477O,B00C6E0E3Q,short yellow dress with no sleeves,is sleeveless and yellow
dress,train,dress_train_03499,B008FVERDW,B000UK561I,is orange colored and longer sleeves,tighter design
dress,train,dress_train_03500,B008M0QZMW,B006TACH9C,Is longer and more blue,more patterned
dress,train,dress_train_03501,B0068NR7RC,B00935MKJM,is looser fitting,Is more patterned and has shorter sleeves.
dress,train,dress_train_03502,B008DGYVU8,B005W3E2NQ,has red and short sexy,has a solid red band in it.
dress,train,dress_train_03503,B007FOF35G,B003U2SZXY,is strapless and multicolored,Light & Dark color
dress,train,dress_train_03504,B005LT10NQ,B006L3EE7U,is white with no sleeves,has white and a floral pattern
dress,train,dress_train_03505,B00ANR3EQM,B00CG60LQE,has a bold pattern,has more graphics
dress,train,dress_train_03506,B009OCO9XO,B009OCO5O2,is brighter and silky,is lighter colored
dress,train,dress_train_03507,B007Y7MJ4M,B00BXDSFMS,is more glittery and is shorter,is longer sleeved
dress,train,dress_train_03508,B00ATFX10W,B0086ROMPI,Has a vintage cut and is lighter.,elagant and covers more
dress,train,dress_train_03509,B0076ZZP0W,B00EQ849NG,is shinier and lighter,is more shiny and sleeveless
dress,train,dress_train_03510,B007IWZSWI,B007WFFGZU,is a floral tank dress, above the knee and fitted
dress,train,dress_train_03511,B009S3I6AQ,B0072QSQH4,Is white with dramatic print and a halter-type top,Is a halter dress with plunging V-neckline.
dress,train,dress_train_03512,B00A3HF79Y,B00CY0C2XC,is navy colored and less poofy,shows more cleavage and is see through
dress,train,dress_train_03513,B00684V5LK,B00AZGH8FY,is much longer and darker in color,Is red and more  flowing
dress,train,dress_train_03514,B00A8FA3RW,B00BYNEA12,is a black dress with short sleeves,is black with short sleeves
dress,train,dress_train_03517,B007RBJJ0W,B007RB7C88,is little more shiner,has a belted waist
dress,train,dress_train_03518,B002HRF608,B003Q6CGZM,has thin straps with a belt,is shorter and looser
dress,train,dress_train_03519,B0088D23DS,B008OC8KI0,black and white half sleeved dress with a thin red belt,has red added with a blet
dress,train,dress_train_03520,B00APLSV2I,B00APLVNNC,has fewer pleats and is not strapless,has sleeves and is more white
dress,train,dress_train_03521,B005FOE7F0,B003TW4LVU,less revealing and has straps,darker with straps
dress,train,dress_train_03522,B003LL20VM,B005OAZU5G,has both straps and v neck,is darker but thinner
dress,train,dress_train_03523,B008I2VXU8,B005TF1ZRI,has a drop waist skirt and shorter sleeves and is darker,is darker and sleeveless
dress,train,dress_train_03524,B002KCHHJS,B00BP9CIQE,is strapless with more color,Is strapless and more colorful.
dress,train,dress_train_03525,B003F7899Y,B002G9UBB6,is maroon with a pattern,has a pattern
dress,train,dress_train_03526,B007FHOMVO,B007VIMUAW,has a white top and see thru bottom,is black and white and more revealing
dress,train,dress_train_03527,B00DZ19W1O,B00BBC00EC,is one shouldered dress,is solid teal blue and chic
dress,train,dress_train_03528,B0064X71L8,B00A6TWCCE,has no buttons at the front and no belt,is a darker color
dress,train,dress_train_03529,B00DGEIEWS,B003B1Z3BQ,is black and shorter,is a solid darker color and is not shorts
dress,train,dress_train_03530,B006IN83FW,B006WSO41K,is more elegant,is a darker color and has sleeves
dress,train,dress_train_03532,B00E68EQ5C,B00686LADG,Is a short yellow sleeveless dress,is lighter
dress,train,dress_train_03533,B0090KHE5A,B007XCGVH4,is checked on the lower part,is longer and more plaid
dress,train,dress_train_03534,B006W5WOSI,B007Y2KQHO,has straps and is shiny black,is black
dress,train,dress_train_03535,B003FGW928,B005CNVI6K,Is black and more sparkly,is solid black
dress,train,dress_train_03536,B0098MOTAI,B00ECF1I28,has no straps with no cleavage,longer and more flowing
dress,train,dress_train_03537,B003XDTGWO,B0058XQS6O,is a darker dress not a skirt,is black
dress,train,dress_train_03538,B00EARUGF8,B005BRFAES,Has a golden pattern on the left side. It's also a lot shorter.,is a solid color and has shorter sleeves
dress,train,dress_train_03539,B007ZDIXU4,B009FTWZBY,is less colorful,is shiny
dress,train,dress_train_03540,B000ALGQSY,B0057R8J7C,is longer and shinier,is longer and more shiny
dress,train,dress_train_03541,B009FEC37U,B0060OT3E4,is a jax label,is a logo
dress,train,dress_train_03542,B0049MOIRG,B002YD95KW,Red and white dress looks more simple,is more animated and less elegant
dress,train,dress_train_03544,B0094GBGAE,B008IO6A6S,has smaller cheetah pattern,is more revealing and thin
dress,train,dress_train_03545,B009OCO9XO,B00976M092,is dark blue,shorter sleeves and blue in the pattern.
dress,train,dress_train_03546,B00CLF5NAY,B00DP6RDRY,is lighter and has longer sleeves,is casual and has longer sleeves
dress,train,dress_train_03547,B007VXJW8A,B00ASRNQYW,more fitted with less print,is white and more professional
dress,train,dress_train_03548,B002YX01MS,B008B5AUJW,is a blue and black dress with two straps,has a black bottom and two shoulder straps.
dress,train,dress_train_03550,B00APYBNR0,B003YKG53E,Is a sleeveless dress,na
dress,train,dress_train_03551,B00DBD84JW,B00DBDWX6W,is solid black, and extends down to the feet.
dress,train,dress_train_03552,B005JSF0QW,B00CD7BWGY,is hot pink in color,is a vibrant pink color
dress,train,dress_train_03553,B009DI5TCO,B00A4A9OMG,is sleeveless and gold color,is much lighter in color
dress,train,dress_train_03554,B0067M3LGA,B0066CUWUO, cupcake dress,is more red with no print
dress,train,dress_train_03555,B007XTKXPS,B007Q0Y71A,Is a short green floral patterned dress.,has a yellow red and white and black hatching top.
dress,train,dress_train_03557,B004ZWEGOA,B007R2GZ5I,is more formal,Has V-neck and more A-line fit.
dress,train,dress_train_03558,B004ECI7WI,B004GBCQPQ,a black ruffled short dress,has more ruffles
dress,train,dress_train_03559,B0090KHJIW,B008AHKEHE,is more formal with longer sleeves,has longer sleeves and is all black
dress,train,dress_train_03560,B00AKIDAFY,B00BF72YSI,is longer and black with u neck and straps,is less revealing and longer in length
dress,train,dress_train_03561,B00A8E8Z1E,B003COZ7UE,is black and white with ruffles on neck,is a dress
dress,train,dress_train_03562,B0036MEGL8,B002SNALOM,is red in color,is shiny and more dressy
dress,train,dress_train_03564,B004KJEI2S,B0090U6352,is longer and brighter in color,is red and a little longer
dress,train,dress_train_03565,B00A9VAPYQ,B008UDFHZ2,is longer and has shorter sleeves,is more flowing
dress,train,dress_train_03566,B004ZWGGDY,B004ZWCHBE,has thinner straps with gold belt,is more shiny and tan belt
dress,train,dress_train_03567,B003TLODL4,B0030KGSKS,Is solid grey with a ruffle bottom,is shorter and light blue
dress,train,dress_train_03568,B004IPQQ4W,B006JXMSP2,Is brighter with shorter sleeves,is solid red
dress,train,dress_train_03569,B00FL1M3K8,B00D017VBM,is blue and has red polka dots on it,has more blue and more designs
dress,train,dress_train_03570,B004I5A7SS,B005JSF0QW,has straps and is shorter,has straps and is shorter
dress,train,dress_train_03571,B00BXB7S5A,B00CGYK4Q8,is the same,is a solid pink
dress,train,dress_train_03572,B008V5OKTI,B00428MW20,is an off shoulder dress,is more solid colored
dress,train,dress_train_03573,B008ICJ03A,B008AEDW1M,has shorter sexy lady and shiny yellow,is shiny yellow
dress,train,dress_train_03574,B0098172YE,B003GXFNHI,is shorter and solid black,is darker and has bigger sleeves
dress,train,dress_train_03575,B0087YZ4MA,B00DPKU2YQ,is solid purple and is longer,is purple colored
dress,train,dress_train_03577,B00APSRI0M,B00CO36J8S, long sleeved,is in a nice pink color.
dress,train,dress_train_03578,B0094KGBXM,B008UG845O,has no high low pattern,is short and red with green
dress,train,dress_train_03579,B007WAEN86,B007WA3OPO,is more feminine and lacy,is a lighter color and is sleeveless
dress,train,dress_train_03580,B00E34SMMM,B009KDPKZ8,is less formal and more feminine,is short
dress,train,dress_train_03581,B00C1GN2HY,B005FUEWF4,is shorter with longer sleeves,has longer sleeves and is shorter
dress,train,dress_train_03582,B007Y0MC14,B006H2F5Z0,is a floor length day dress,is longer and lighter colored
dress,train,dress_train_03583,B004N2G8F2,B0052B65XS,has short sleeves and less pattern,has more black in color
dress,train,dress_train_03584,B007SRJ6HQ,B008CPOB0K,is less transparent,is not see through
dress,train,dress_train_03585,B00BG0TSY2,B00BJFE0GK,is lighter and has longer sleeves,is more patterned and open
dress,train,dress_train_03587,B005PK0OB0,B00858CCFA,is black in colour with more scooped neckline,is black and has shorter sleeves.
dress,train,dress_train_03588,B00CF5EI9C,B00DBDFTZY,is shorter with stripes,is striped and black and white
dress,train,dress_train_03590,B006LFT3RY,B00BKU8KUQ,is teal colored and less shiny,is blue
dress,train,dress_train_03591,B00FPRL2AU,B007G52O3S,has more buttons,No sleeves and a little shorter.
dress,train,dress_train_03592,B00BGM2XOC,B003AIKBM6,is greener,is longer and more animal-like
dress,train,dress_train_03594,B007TO2WJC,B008GK1JWE,has long sleeves and is cream in color,is grey with a fitted jacket
dress,train,dress_train_03595,B00EYNW1CO,B00COV8KL4,Is solid blue and sleeveless.,is solid blue and blends seamlessly.
dress,train,dress_train_03596,B00BQML898,B00AQ75DG8,is solid orange and less print,is red and more revealing.
dress,train,dress_train_03598,B009COQ4SM,B005IZSBK8,has no straps with no sleeves,is strapless and has more blue
dress,train,dress_train_03599,B00DQD5MPG,B00CMENIFQ,is blue and yellow with straps,is light blue with floral patterns
dress,train,dress_train_03600,B007JX9CI2,B00D7O9C96,This one is more casual,is purple with short sleeves
dress,train,dress_train_03601,B00901MLNO,B00A8YXHKS,is solid gray and off the shoulder,is gray and doesn't have a collar
dress,train,dress_train_03603,B007WZ08F8,B007WZ05LA,is about the same design but with a flowery v shaped neck,is more dressy and fitted
dress,train,dress_train_03604,B00D6RYKZA,B00E7X89OA, and more casual,is pink and has a bow
dress,train,dress_train_03605,B007XATVZU,B004RDQB6I,is white with straps,is longer
dress,train,dress_train_03607,B00861KKZU,B0072BCSY6,is yellow with floral prints,has a floral pattern
dress,train,dress_train_03608,B006PHCC8U,B0058YSWG2,is more earth-toned with a less round neckline,has a v neck and is grey
dress,train,dress_train_03609,B00DMVFCZM,B003UOMU1A,has spaghetti straps with pattern,Is more colorful
dress,train,dress_train_03610,B00CW68LA6,B00CVTLAM0,is white in color,is solid white and floor length
dress,train,dress_train_03611,B00D5ODKOQ,B008ND6KZU,is a long sleeve turtle neck,is red and black with a thin fitting bottom and long sleeves.
dress,train,dress_train_03612,B004071W38,B007GNI506,is darker pink,is hot pink and less shiny
dress,train,dress_train_03613,B008ZSN7M2,B00EIQLXTE,has longer sleeves and is darker,is more red and revealing
dress,train,dress_train_03614,B002Y5X5F6,B003EQ545S,has no belt and is gauzier, shorter with longer sleeves
dress,train,dress_train_03617,B004ISKSLG,B00C2TOOYA,is longer and longer sleeved and black,darker with no print and sleeves
dress,train,dress_train_03618,B005UEVP6E,B008F48KKA,has one shoulder and is turquoise and navy,is bluer
dress,train,dress_train_03619,B00COQ7RZY,B00F3JZ620,is white and slightly longer,is white with a black design and asymmetrical hem
dress,train,dress_train_03620,B00EIVHW9E,B00CD8PT44,unable to compare,is shorter
dress,train,dress_train_03622,B00BWIJ0PK,B00BKMPHPA,is one shouldered and bright light blue,is turquoise and more fitted
dress,train,dress_train_03623,B007P1M4BK,B008TBSUOU,has long-sleeves and stripes,is more casual and long sleeved
dress,train,dress_train_03624,B00DWJL61I,B00D4CCONC,is green with long sleeves,is dark green with a belt
dress,train,dress_train_03625,B0069J5NXA,B005V9YHHM,has longer sleeves,has longer sleeves and brown color
dress,train,dress_train_03626,B0087P1NK6,B006P127YU,floral short dress with straps,lighter pattern with straps
dress,train,dress_train_03628,B008M9W7IY,B007GNI7RM,is black and white in color,is black and white
dress,train,dress_train_03629,B0088HSTHS,B00BY5T8OO,brown,is brown and patterned
dress,train,dress_train_03630,B00B0QDSXY,B008OW70KO,is longer with pink flowers on it,Is a tigher fitting dress in a dark color.
dress,train,dress_train_03631,B0053O796Q,B007R1YSKI,This dress is shorter,tan and shorter skirt
dress,train,dress_train_03632,B00E3U0VK2,B008F9RCAY, with sparkle print in the middle,is more blue with elbow length sleeves
dress,train,dress_train_03633,B00AYA3LAM,B00BN41QTQ,is darker,is collared and has a floral print
dress,train,dress_train_03634,B0083CO8ZA,B003H4PWRW,This is a dress versus a shirt,red and no jeans
dress,train,dress_train_03635,B00CF1ZH28,B00CF207L8, light pink and floral pints,has silky fabric
dress,train,dress_train_03636,B004USQGFQ,B00936522I,v neck short black dress,is shorter and more loose fitting
dress,train,dress_train_03637,B00B7QRJ8W,B00B7PFLFG,is lighter and has shorter sleeves,is lighter and more loose
dress,train,dress_train_03638,B0074H8JR8,B007TUQ0LC,has no sleeves and lighter grey,Is grey and has no sleeves
dress,train,dress_train_03639,B009PYPGJW,B00A2X78HI,short sleeve straight with drawstring,black and white top with long drawstring
dress,train,dress_train_03640,B008XODZWA,B00AETZZKC,is black with wider shoulder straps,grey with shallower neck
dress,train,dress_train_03641,B00AAZVAA4,B001UL06P2,Is an animal print short dress.,is an animal print and is tighter.
dress,train,dress_train_03642,B002EOM832,B002EU79N0,Is longer and more girly,Is a maxi dress with squared neckline and spaghetti straps.
dress,train,dress_train_03643,B0069J5NXA,B005FUMN6O,is a sheer black with thin straps,has a floral pattern and different straps
dress,train,dress_train_03645,B0081FQTBK,B00AV4WMS8,is shorter and more sexy, strapless and much longer
dress,train,dress_train_03646,B0091QRF48,B00CV3O1HM,Has tank straps,is much brighter in color and shorter
dress,train,dress_train_03647,B00DIGEDL0,B00CQA7GP4,is white and has short sleeves and a collar,is white and short sleeved.
dress,train,dress_train_03648,B00720LU8W,B00865D2Q0,Is longer and more classy,is longer
dress,train,dress_train_03649,B0093LHRWG,B00A5R4AY0,is sleeveless and shorter with flare bottom,is much shorter
dress,train,dress_train_03650,B007XAUG9U,B006SEUACA,is shorter with yellow and blue design,shorter and lighter
dress,train,dress_train_03651,B00BJA0H08,B00D3POCP8,has a halter neck and diamond pattern,is the same
dress,train,dress_train_03653,B005PSKTRQ,B002TYYRF4,is more formal with no sleeves,has no sleeves
dress,train,dress_train_03654,B006XM5Z72,B003DYVGE4,is blue and more aline,is blue and more fitted
dress,train,dress_train_03656,B008XEEWHC,B0047N14K6,longer sleeved and purple,is purple and traditional
dress,train,dress_train_03657,B00B0BZM60,B00CS7FMQU,is more pink and fitted,is shorter and lighter
dress,train,dress_train_03658,B00DLADAKS,B009RERTHM,Is dark purple.,has more purple
dress,train,dress_train_03659,B00CZDT4BG,B00CJADW5E,is a solid color, shiny and sleeveless
dress,train,dress_train_03660,B007RGMHA6,B008NFAE1O,is more casual with wider straps,has thicker straps
dress,train,dress_train_03661,B00CII5X9K,B004PSOMJ8,more orange and shorter,is shorter and has a more orange pattern
dress,train,dress_train_03662,B007G52O3S,B00AEUEJ7G,is vintage styled,is white and less shiny
dress,train,dress_train_03663,B00B7RRF1M,B00B2EAOA4,is longer and a darker blue,Spaghetti strap long blue with white stripe
dress,train,dress_train_03664,B007G6BXNE,B00AFDIQEE,less revealing and has sleeves,is a bit more classic and summery
dress,train,dress_train_03665,B00CB7TO1Q,B00B67EKMA,has one sleeve and is more formal and black,is darker in color
dress,train,dress_train_03666,B004L2KKHQ,B008E6I8U6,is a sleevless beige dress.,Looking very nice
dress,train,dress_train_03667,B00BWUHLEU,B00DZGVTOM,is long and has black string tying,has longer hem and is a solid color
dress,train,dress_train_03668,B00754LYCM,B000Q58JHA,denim dress with 3 buttons,has straps and darker colored denim
dress,train,dress_train_03669,B00CIBOZL4,B004RKVH4C,has balloon sleeves and dark toned,Is more flowing and sexy
dress,train,dress_train_03670,B004L92VKI,B006WAQ2YK,has long sleeves with no straps,is black and has long sleeve
dress,train,dress_train_03671,B005VLY6EE,B005LT10NQ,is shorter,is gray and shorter
dress,train,dress_train_03672,B008GQ3M1E,B005NXMKLG,is a much darker color,Black shiny short-sleeved
dress,train,dress_train_03673,B004PE9EOK,B004PED414,is more revealing with more visual,is a hibiscus tube dress
dress,train,dress_train_03674,B00BSEUODK,B00CEHQW7M,has a single strap with zigzag stripes,has a z striped pattern
dress,train,dress_train_03675,B008B6Q9QO,B00756WEU6,is knee length and is blue and black,is shorter
dress,train,dress_train_03676,B000VHIPI6,B007Y6GPSO,Has blue stripes and empire waist,is more colorful and longer
dress,train,dress_train_03678,B00B3VX9YO,B00CJFJLF4,is shorter with stripes,has longer sleeves
dress,train,dress_train_03679,B005OHAQNU,B007U2A4Y8,is light colored dress with light floral pattern,is lighter and has straps
dress,train,dress_train_03680,B009YMYMOU,B009XEF5E0,its more shiny and has two halters,is pink and has stripes
dress,train,dress_train_03681,B0091IZZIE,B007D4Y6GA,is red with red lace around the neck,is a brighter red with short sleeves
dress,train,dress_train_03682,B008BWOC76,B009XIR1K2,is shinr,is shiny and red
dress,train,dress_train_03683,B00AK20KEE,B00D3PLEJU,is orange,Pink long sleeves fitted
dress,train,dress_train_03684,B0030DG6X4,B004XBC8FW,is shorter and has a pattern,has different straps and no belt
dress,train,dress_train_03685,B006Q9Q30U,B009NW927S,is blue with a lower neck,is printed and vnecked
dress,train,dress_train_03686,B007RGMHA6,B007U92552,is white toned,Is more flowing and plain
dress,train,dress_train_03687,B00C3UAXYI,B00CMSRMSQ,is less striped with a more teal color,is more colorful
dress,train,dress_train_03688,B008MZHGMA,B002NV8L8W,is more elegant and has no halter top,strapless and all black
dress,train,dress_train_03689,B00B67AO2A,B008MMWI1M,is white with no sleeves and no collars,is white and sleeveless
dress,train,dress_train_03690,B006JYB5JG,B0038KXMI6,is shorter sleeved more revealing,Dark Color
dress,train,dress_train_03691,B008DSPOHA,B0091GQV3E,Is blue with a belted waist.,shorter
dress,train,dress_train_03692,B008BHSY8E,B00BOU8PYS,is blue with no sleeves and longer,is blue with straps
dress,train,dress_train_03693,B00CI08RSW,B00CJ7WAVE,is floral and white and light pink,is more brighter
dress,train,dress_train_03694,B00CBUSHU2,B005P4NFDA,is longer with straps,Is longer and more colorful
dress,train,dress_train_03695,B00EUV96DW,B00EJE0Y7C,It is short and  pink at bottome,is more pink and more revealing
dress,train,dress_train_03696,B00CBTTOX2,B006C9OEHI,has shorter sleeves and less print,is a more solid color
dress,train,dress_train_03697,B00A8LSKUS,B00CLF4KJY,color blue look very sexy and fit very neat,is light blue
dress,train,dress_train_03698,B007Z0NSWK,B009ERVM16,is beige and sleeveless,is pink and tighter
dress,train,dress_train_03699,B00CG716WQ,B00C2G3YKS,is a lighter pink with a floral pattern,is shorter and v necked
dress,train,dress_train_03700,B007WASFI0,B007WATZQG,is pink with no pattern,More pink and plain
dress,train,dress_train_03701,B003HE66SG,B00B71ESYK,has a white color and is black,Is darker in color and less revealing
dress,train,dress_train_03702,B008VPPGQ4,B008TS2HP6,is darker,Is black and most revealing
dress,train,dress_train_03703,B00978X13Y,B008S9JQCI,is military green colored,is green and sinched
dress,train,dress_train_03704,B002W0WILK,B007N9WLD0,is green and does not have straps,is green and strapless
dress,train,dress_train_03705,B00AJJAMCI,B00AJJAVGU,is more red and has sleeves,red geometric pattern
dress,train,dress_train_03706,B003B1Z3M0,B007G50EGM,is longer and darker,is longer and darker
dress,train,dress_train_03707,B0090KHN7E,B00622EIZS,is blue and longer,is more flowing and brighter
dress,train,dress_train_03708,B00CII3TWS,B00CB7TO1G,is dark short and sexier,is darker and more revealing
dress,train,dress_train_03709,B008DSPOHA,B00BLHYQ9M,is red with strips,has stripes
dress,train,dress_train_03710,B0092KEKA0,B0091F3D2W,is darker and has longer sleeves,has longer sleeves and is black
dress,train,dress_train_03711,B00D8YNRIC,B00B0XUG00,is off the shoulders and pink,is all white and is more casual
dress,train,dress_train_03712,B005LC23ES,B005LC2DZW,has a different pattern and is shorter,is more flowy and dark
dress,train,dress_train_03714,B006J43C9C,B008ZAYOQI,is a grey,is gray
dress,train,dress_train_03715,B004JZWJF6,B005UI5JC6,is longer and solid red and one shouldered,It is longer and body hugging
dress,train,dress_train_03716,B004071WF6,B003U6XV2A,Is a sheer floral patterned dress,is black and white and sleevless
dress,train,dress_train_03718,B008BTS9VY,B007PVJ968,is solid cream,a lighter color with similar fit.
dress,train,dress_train_03719,B005RYO4DS,B004H0NP9C,has sleeves with a v neck,has capped sleeves and solid black color
dress,train,dress_train_03720,B002F0HXCG,B004WEPY1A,this dress look more formal,longer with same pattern
dress,train,dress_train_03721,B00B2EAOA4,B00937VQIQ,is shorter with no sleeves,Blue
dress,train,dress_train_03722,B00C5W165O,B00CC6ZGYK,has no slit and has star shaped print,is red with halter straps
dress,train,dress_train_03723,B00EKIOG8A,B00CI9VFIC,has no sleeves and single color,is more green and is strapless
dress,train,dress_train_03724,B005H7CLOO,B00ADG3QZM,has straps and is black with fringe,has a more blue color and has fishnet.
dress,train,dress_train_03725,B007TUPY2S,B0036DDYXS,is sleeveless and black and white in color,is black on the bottom with silver panel on top
dress,train,dress_train_03726,B00AIBYOW6,B0093PD0T6,has a tank top and is more fitted,is a tank top and fitted red skirt
dress,train,dress_train_03727,B0070QMTYW,B00DH8YLFC,is solid taupe, and a belt
dress,train,dress_train_03728,B0070SSQ06,B009MJQSYC,has lighter colors and is shorter,Is shorter
dress,train,dress_train_03729,B004ISL0IG,B008KSA964,has longer sleeves,Is more shiny and less revealing
dress,train,dress_train_03730,B00DBDS4FG,B00DBD6BF6,Is less pink and more whimsical,the pink color is more floral and black and whites.
dress,train,dress_train_03731,B0099DBTYU,B006W1Y9YO,a colorful strapless long dress,is longer and brighter color
dress,train,dress_train_03732,B00FW6GN62,B008H6Q4EA,has floral prints and thin straps,should be a floral print
dress,train,dress_train_03733,B005F1YLUY,B003XSVBBI,whote strapless wedding dress,is lighter and less frilly
dress,train,dress_train_03734,B004GBG1BG,B004DE5TU0,has a v shaped neck,has wider straps and a v neck
dress,train,dress_train_03735,B00DBMI3PS,B00EXEU65S,is longer and darker,Is  more fitted and darker
dress,train,dress_train_03736,B008QW7UFC,B0084YEHGC, and black top.,has shorter sleeves and a narrower neckline and is black
dress,train,dress_train_03737,B007HCQ6RU,B0074HOB0C,Has no pattern and is much darker,is darker and more sleek
dress,train,dress_train_03738,B0036MEHQ2,B0083F7ZFW,is lighter colored,is less shiny
dress,train,dress_train_03739,B005F1OFXM,B00747JLRU,is longer and has blue and pink and green,is longer and no sleeves
dress,train,dress_train_03741,B007RUZ7I6,B00APYBNVQ,is more wordy and less like a dress,is just text
dress,train,dress_train_03742,B008PQIE8G,B008OW2YQ4,short white dress with neck design,brighter and less restrictive
dress,train,dress_train_03744,B003QJP7G4,B00CPR13XY,is blue and has straps,is darker and has a higher neckline
dress,train,dress_train_03745,B0091QV846,B009679KJK,is a white wedding gown,is a lighter color and has a ruffled skirt
dress,train,dress_train_03746,B008X0Z70M,B00ADG3MIS,is back with short sleeves,the dress is black with longer sleeves
dress,train,dress_train_03747,B007MF6EBU,B006X7BDBO,is darker and longer and has longer sleeves,is longer and black short sleeve
dress,train,dress_train_03748,B00FQAN0R4,B00FZXHVUE,is shorter with long sleeves,is more sexy
dress,train,dress_train_03749,B008VPX4IQ,B008VTIUV8,is darker with more pattern,is not as brightly colored
dress,train,dress_train_03750,B00BFPGCYM,B005FOPSLW,is more of a dress,Is a dress
dress,train,dress_train_03751,B005KMDMB2,B00DFN5TLO,Is longer and has a floral pattern on black,Is longer and has more coverage
dress,train,dress_train_03752,B00COQ7RZY,B008OKGD86,is blue with only one strap,is blue and only one shoulder strap
dress,train,dress_train_03753,B00BIXZXJQ,B008OGPRPK,is shorter,has more color
dress,train,dress_train_03754,B00APSSVWG,B003YHQPGY, and turquoise pattern,is darker and more revealing
dress,train,dress_train_03755,B007POXT66,B003BH2QVK,is black and strapless,is strapless and black
dress,train,dress_train_03756,B008PASLO4,B00C64NW9Y,has striped bottom,has off shoulder and is black and white
dress,train,dress_train_03757,B0078ENB8E,B0072BC95E,less yellow with a tighter,is two-toned black and white
dress,train,dress_train_03758,B009E2DPR0,B009LIFLJM,has longer sleeves and beltless, and more patterns and no sleeves.
dress,train,dress_train_03759,B005FSOEJK,B0060ORCME,is white and sleeveless,a spaghetti strapped fringed short dress
dress,train,dress_train_03760,B003725CWY,B002UUTQQC,is more of a skater dress,has straps on shoulder and is more black
dress,train,dress_train_03761,B00E1CC7G8,B007WADT0O,is less formal and gray,is shorter and  grey
dress,train,dress_train_03762,B009KB1VGC,B008AU6S0I,has shorter sleeves and is a solid color,is solid tan with short sleeves
dress,train,dress_train_03763,B009S3EUM4,B009S3GO6O,is longer,Has front slit and more flare in the skirt part.
dress,train,dress_train_03764,B007WAU0BK,B00COR6WXQ,is strapless and less fitted,is more rushed and is strapless
dress,train,dress_train_03765,B007T46TB4,B00936XQXA,has a tube top and is darker,shows more shoulder and is darker
dress,train,dress_train_03766,B00EH8MQTO,B00BJSFGFG,is looser and red,is in only red and black
dress,train,dress_train_03767,B00DV962KO,B00F3PXWAC,is a solid black,is shorter and black
dress,train,dress_train_03768,B003A84ZFK,B004JQOL1K,has thicker sleeves,has bigger sleeves/shoulder and is tigher
dress,train,dress_train_03769,B00BG45FOA,B00EFD0CII,is longer and dark blue,longer and large stripes
dress,train,dress_train_03770,B00CIAJ4KC,B00CDAKGRW,is white with thicker straps,is white and shorter with black picture
dress,train,dress_train_03771,B006TP29CC,B0071GIPQM,has a darker floral pattern and straps,Is darker and more floral.
dress,train,dress_train_03772,B00CTA0NEW,B002RT56BA,has buttons at the front,longer sleeves and darker
dress,train,dress_train_03773,B001E8XULI,B003DS966K,has more white flowers with blue background,is blue with white flowers
dress,train,dress_train_03774,B008546GG0,B008771YU8,has no sleeves with collars,is colorful with floral pattern
dress,train,dress_train_03775,B009B0MFJO,B009RUK9VO,is navy blue with a lower cut top,is more flowing and strappy
dress,train,dress_train_03776,B0081DI8TS,B00A7P6IXQ,is silky black  and shinny,is black with longer sleeves
dress,train,dress_train_03777,B0067M3LGA,B008GS7C2M,Is more purple and has long-sleeves,has sleeves and is purple and gray
dress,train,dress_train_03778,B0046V534C,B007WATYK8,is black and short,is darker in color
dress,train,dress_train_03779,B00AJ9FWUA,B00DCCMHEA, with half sleeves,has longer sleeves and is more fitted
dress,train,dress_train_03780,B00BTGIZ38,B008KVHYWI,is white and shorter with long sleeves.,is above the knee with lace
dress,train,dress_train_03781,B006KWOO2M,B00EDTKF9A,is lighter in color with a shorter heel,has no fur up top
dress,train,dress_train_03782,B00BXB7S5A,B00CGYK75Q,is a strapless blue dress,is strapless with a print
dress,train,dress_train_03783,B001GS7OEU,B002HRFARW,is green with one strap,is brighter colored and more revealing
dress,train,dress_train_03784,B004TLF1RI,B006WM42TU,is white in colour with orange belt and larger pattern,is shorter with a floral pattern
dress,train,dress_train_03786,B00COPMVW4,B00CYSMUZE,has straps and is longer with less print,is less revealing and more red
dress,train,dress_train_03787,B009S3HPTE,B007WPHG2G,is more yellow,is yellow with frills
dress,train,dress_train_03788,B006WJKGFW,B0088VIUMS,is shorter and flirty and pink,is pink and shorter
dress,train,dress_train_03789,B006GOAIOC,B004WC6AHO,is blue and has shorter sleeves,is more blue and shorter sleeves
dress,train,dress_train_03790,B00A16EZAO,B00387EZGW,is shorter,is shorter and a two-piece
dress,train,dress_train_03791,B008MJBEHY,B0088Y0JOW,is solid black,It is more black
dress,train,dress_train_03793,B00AEY1AFG,B008N05IBA,has a bare back,has a racer back top
dress,train,dress_train_03794,B00CFXUOS8,B00814KLGK,has an animal print and a looser skirt, sleeveless and embellished
dress,train,dress_train_03795,B00A1L7A56,B009C36JR4,is a white and blue dress,is more a blue color on the bottom half
dress,train,dress_train_03796,B002EANOT8,B002XVZRQ6,Is shorter and more whimsical,is much shorter and has a buterfly design
dress,train,dress_train_03797,B004NRNTR2,B0056JRGRK,has short sleeves,is longer and purple
dress,train,dress_train_03798,B00816HLAC,B00C6743D0,is fitted,is rd with a squared neckline
dress,train,dress_train_03799,B0076PJ2RO,B00BWTJDMO,is multi colored,is sleeveless with with belt
dress,train,dress_train_03800,B00G7H3BQU,B00D50351S,i more pink with no sleeves,magenta and tighter skirt
dress,train,dress_train_03801,B00A0IEA3K,B00CIQEHTY,is open toed heel,Is a shoe
dress,train,dress_train_03802,B00B89QGEG,B00B89OLCK,is a silver grey short dress,is silver and short
dress,train,dress_train_03803,B00EH3BQNG,B006VPA5TO,longer and darker in color,is more skimpy
dress,train,dress_train_03804,B005XIDI0S,B009OJ3WAS,is darker and shorter,has a lot shorter fit in purple.
dress,train,dress_train_03805,B009LIFCA0,B00B2IYEWE,has short knee and black color,is black and white patterned
dress,train,dress_train_03806,B006FRRC12,B004M18EQA,is creamy in color,has more of a red color.
dress,train,dress_train_03807,B00935NINY,B004BUA7HG,has flair sleeves,has a grey only design and loose fitting sleeves.
dress,train,dress_train_03808,B0060HXQAS,B008XEEWHC,has three-quarter length lace sleeves,is 3/4 sleeves and to the knees
dress,train,dress_train_03809,B002676BKS,B002Y2T6K2,is black colored and has longer sleeves,longer and darker
dress,train,dress_train_03810,B00A2X78HI,B007RBJAHY,a sleeveless black and white aline,is black and white
dress,train,dress_train_03811,B00DZ1BADW,B00D8TTRDQ,has a pink skirt with chevron black and white,has more colors
dress,train,dress_train_03813,B008YQV7R2,B00ATMSTZM,is purple and has straps,is more purple and has straps
dress,train,dress_train_03814,B007MLM256,B004TW7Q4S,is longer and light blue,is teal and longer with no sleeves
dress,train,dress_train_03815,B00CIPLGAS,B004S08UY6,does not have spaghetti straps and has a darker pattern,is darker and shows more cleavage
dress,train,dress_train_03816,B00AM2HT78,B0020UYG9O, v necked and printed,has a green and tan floral pattern
dress,train,dress_train_03817,B00CY9F6OA,B00CY90GDG,is lighter colored with a pattern,is much paler with a floral pattern
dress,train,dress_train_03818,B008UWJHFO,B00D6PENK4,is a bright color with pattern,is lighter in color and is longer in length
dress,train,dress_train_03819,B00CSXFZ5C,B00AQMXCYS,is red white and blue striped,has multi colored stripes and no flowers
dress,train,dress_train_03820,B009P3WCOA,B008PCI0Z2,Shorter and darker,is less busy looking
dress,train,dress_train_03821,B002RZ3DRI,B00E5WN2Z4,is a green shirt dress with yellow belt,Is more green and longer
dress,train,dress_train_03822,B000CMQRM6,B00CTNXRII,This desired product was very comfortable,is black and white horizontal striped
dress,train,dress_train_03823,B00CAA4WU2,B007B848XE,is white,is more purple and less blue
dress,train,dress_train_03824,B00816HLAC,B00BB7FJRU,is a dark green dress,is brighter
dress,train,dress_train_03825,B00BGORAHA,B00BIJGL4G,is less floral,Is very dark blue
dress,train,dress_train_03826,B008YR0AX8,B008YQV4KC,is looser and lighter,has a shorter skirt in all white.
dress,train,dress_train_03827,B00ATFWT14,B008N0L2DI,is shorter flair and open back,is purple and shorter
dress,train,dress_train_03828,B008BVA3HU,B00CD49XG8,is yellow with black pattern,is yellow and patterned
dress,train,dress_train_03829,B00BJZ9WNQ,B008ZYMPE2,has a multicolored striped skirt,iss eparate solid top with striped bottom
dress,train,dress_train_03830,B005JD4RRA,B005P781OA,is gold with longer sleeves and is more fitted,is gold and shiny
dress,train,dress_train_03831,B00BNXYJG4,B006UTFZRI,has more ruffles and print concentrated lower on the skirt,has thinner shoulder straps and ruffled bodice
dress,train,dress_train_03832,B00DECZ03S,B004PEHPDM,is a shiny blue v neck below the knee lenght,is blue and black
dress,train,dress_train_03833,B007FHE3IQ,B001GUFWHE,has a looser fit in solid purple,is purple and short.
dress,train,dress_train_03834,B00B1V5TWG,B00EARUGF8,has a red top,is lighter
dress,train,dress_train_03835,B0071DSEDY,B00AFGV5R6,is more grey with shorter sleeves,has more greys
dress,train,dress_train_03836,B007G68AE4,B004L2KJZY,is a white dress with floral pattern,The desired product is shorter and less colorful.
dress,train,dress_train_03837,B00B8QNPH0,B00AJJAQ3S,is dark dreen,is blue
dress,train,dress_train_03838,B00E0M08MO,B005GYSX0O,This dress is longer and is black,has spaghetti straps and is black
dress,train,dress_train_03839,B0073ESJ8Q,B00CY9A8QG,is long flair sleeved and fitted,is black with a white frilly top and sleeves
dress,train,dress_train_03841,B0051USZFQ,B004PEB1GE,is below knee sleeveless with florals,is a pink and white floral pattern
dress,train,dress_train_03842,B005R13MW0,B00CYP42EE,v shaped neck with short sleeves and a flowery bright colour,has floral patterns
dress,train,dress_train_03843,B00858BC88,B008BH9ZIC,black and white stripped short dress,is shorter and is striped
dress,train,dress_train_03844,B007RKTRPA,B0081503Z8,has a darker color and frills,is darker and more revealing
dress,train,dress_train_03846,B008DSPNGC,B0087YZZD8,is dark red and longer hemline,is red and not printed
dress,train,dress_train_03847,B009G8F9K8,B009EMNJ5I,black and pink design long dress,Is more solidly red and shows more legs
dress,train,dress_train_03849,B0068NR7RC,B009GEDVJI, straps,It is more colorful and not on piece
dress,train,dress_train_03850,B004GCIF0A,B005EVNEV2,is purple colored and more shiny,has purple top
dress,train,dress_train_03851,B00ARHOQM4,B009DMEWRI,is solid blue with no sleeves,is blue and sleevless
dress,train,dress_train_03853,B008BKYQXS,B007WOL93O,has no sleeves,is white
dress,train,dress_train_03854,B0043W9ZHU,B003VSVG6U,is shorter,is purple and short.
dress,train,dress_train_03855,B004NHJBRO,B004RKVF80, black,in light colored
dress,train,dress_train_03856,B00DP4WHK4,B00BFFAA1S,has longer sleeves,is raspberry colored and longer sleeved
dress,train,dress_train_03857,B008PJYITW,B00BANN8YG,has less a plunging neckline and thinner straps,is orange with thinner straps
dress,train,dress_train_03858,B004QZBD88,B005CJKODM,has a blue bottom color,has a blue bottom
dress,train,dress_train_03859,B00FE9T22Y,B00CMLTYXO,is much longer,is longer and more colorful with stripes
dress,train,dress_train_03860,B009S33RDM,B00BWIEUC8,is more see through,is solid black with a sash
dress,train,dress_train_03861,B00AYZEIJ0,B00BMS4LVS,is less revealing,has more blues and whites in a floral print.
dress,train,dress_train_03862,B007ZP0DFA,B0062EE8Q0,is longer and more beachy,is blue and white and ankle length
dress,train,dress_train_03865,B00CKQMZNC,B007CLF4C4,is a bright solid color with sheer,is purple and covers the neck
dress,train,dress_train_03866,B00AKF4NVM,B008E65TR6,is longer and has prints,Is more colorful and longer
dress,train,dress_train_03867,B0090KHAU4,B007XCGWS2,is more blue and airy,is more kinky
dress,train,dress_train_03868,B006WJ0YPY,B009S3GL3K,Is shorter and has embellishments.,is shorter and has lace
dress,train,dress_train_03869,B0085F3QOE,B003N69BO4,is a solid blue with thicker straps,Blue denim color that has bottom ruffle
dress,train,dress_train_03870,B0020HRSL0,B005Q8X2UG,Has lace and an asymmetrical hemline,less strappy and patterned
dress,train,dress_train_03871,B005ERT4OW,B004P5PAJM,is more business with sleeves,Is blue with a red belt
dress,train,dress_train_03872,B00BBQCWY4,B004ZF6TS8,is solid white in color,is pure white
dress,train,dress_train_03873,B007P04D74,B008H7U1K2,has longer sleeves and a looser fit,has long sleeves and a wider v-neckline
dress,train,dress_train_03874,B0092QK10M,B00AJJAGD8,is striped with long sleeves,is more stripped and long-sleeved
dress,train,dress_train_03875,B00FLMQ7EK,B007SOT6RY,has no sleeves and darker,Is more revealing and colorful
dress,train,dress_train_03876,B00CH0E1DI,B00982TSFE,is longer in length and sleeveless,is warmer
dress,train,dress_train_03877,B00CBV4KQQ,B003AM874G,is lighter and has shorter sleeves,is mint green with no sleeves
dress,train,dress_train_03878,B00CMSRMSQ,B00E00IURQ,Is more complex and less monochromatic,geometric pattern with bare hips
dress,train,dress_train_03879,B00AQMT1IE,B008LZSUCQ,patterned with black and red with a black belt,is a shoulderless minidress
dress,train,dress_train_03880,B005JD4RRA,B007MLVOEG,is a sleeveless compared to the other. It has a black top and white bottom.,It is very short
dress,train,dress_train_03881,B00E4FWYME,B006VHBT56,is solid black and long sleeves,shoes one sholder
dress,train,dress_train_03882,B006WJC8K8,B007PIX4XK, knee length with sheer long sleeves,is red with elbow length sleeves and short
dress,train,dress_train_03883,B00BI3BPYI,B0098MOTAI,is more flowing,is more flowing
dress,train,dress_train_03884,B003TW4N7M,B008ZAYN9Q,Less colorful,has longer sleeves
dress,train,dress_train_03886,B008FWZP5K,B00EW41B30,Is brighter and strapless,is a mint green
dress,train,dress_train_03887,B006TQUERS,B007WPHPMW,multi colored and sexy,has a brown and white pattern
dress,train,dress_train_03888,B009PYPGJW,B007ZYSFQU,is black with shorter sleeves,has shorter sleeves and is black with a pattern
dress,train,dress_train_03889,B00BFX86U2,B00CSS7ZBY,is blue and sleeveless,Is blue with a black belt
dress,train,dress_train_03890,B000OUHTBO,B008VIU2V0,is longer and has one sided straps,Is all black and off the shoulder
dress,train,dress_train_03891,B007WWRFXY,B00A846RTG,is darker and has shorter sleeves,is darker and made of leather
dress,train,dress_train_03892,B003FMU2NA,B007CFE4E4,is multi colored,is purple
dress,train,dress_train_03893,B00BCP94PO,B00D4C605U,has no print with more flared bottom,is white and is more flowing
dress,train,dress_train_03894,B00FMB2R62,B00BMAPBWO,is more grey with a lower neckline,is darker
dress,train,dress_train_03895,B0067ID05Q,B00BMO2F8S,has less print and longer sleeves,is longer sleeved and looser fitted
dress,train,dress_train_03897,B004IK9BLC,B009AFABUU,is strapless,is more golden
dress,train,dress_train_03898,B009MQBJ80,B007P04D74,is patterned,more black and dressier.
dress,train,dress_train_03899,B007Q1H0U4,B00CJOFHXK,is tighter and darker,is looser fitted and is darker in color
dress,train,dress_train_03900,B007L9XAWS,B00E9CECW2,is blue in color and longer, striped and green
dress,train,dress_train_03901,B009LGQPKI,B00CFXU7TY,is written Jones New York,There is nothing to compare
dress,train,dress_train_03902,B009PNEAUE,B009DMAH9K,is black and white with no sleeves,has black front and white behind.
dress,train,dress_train_03904,B009DMF5S8,B00BGBLQ1E,has sheer bell sleeves,is black with long sleeves
dress,train,dress_train_03905,B00APLSV2I,B00APK50YG,plain grayish blue color,is solid gray and has straps
dress,train,dress_train_03906,B008PQIE8G,B003XIHXW4,is dark blue colored and has longer sleeves,black and long sleeved.
dress,train,dress_train_03907,B00CF2VYP6,B007WA2U7W,is tighter and has a striped bottom,is shorter
dress,train,dress_train_03908,B00A0IEA3K,B006PF0ZPO,has short sleeves and is red.,red and has belt
dress,train,dress_train_03909,B009LIK4XA,B006PHCC8U,is red with shorter sleeves,is much brighter in color
dress,train,dress_train_03910,B00E36QG82,B00CW9N89M,is lighter in color and has a tiered skirt,is white with lace and has sleeves
dress,train,dress_train_03911,B004A7XTKM,B002TKJM76,has a full skirt and sleevless,is strapless and is shorter
dress,train,dress_train_03912,B005LC4NPA,B00BBF4QO4, with a thick pink belt,has more flowing sleeves
dress,train,dress_train_03913,B0070ZBP4I,B00AU1U46O,has a different pattern and is tighter,is white with a black cross
dress,train,dress_train_03915,B007HES2I4,B0051KWWGO,is shorter and lighter and has shorter sleeves,has straps and is grey
dress,train,dress_train_03916,B007G69200,B009G8F9K8,is solid red withe long sleeves,The dress is all red and longer
dress,train,dress_train_03917,B00B87L544,B00D1HF3LK,is more accessorized,is not a dress and is different color
dress,train,dress_train_03918,B008H68NQM,B003AQB3X4,is yellow, on the left.
dress,train,dress_train_03919,B00BBUR51A,B0071BF2E0,Less colorful,is black and longer
dress,train,dress_train_03921,B005H67B86,B0051MRA1O, and is a brighter color,has a deeper blue.
dress,train,dress_train_03923,B008PQIE8G,B005M2A9BG, white,has longer sleeves and lighter with pattern
dress,train,dress_train_03924,B008HQKQB2,B00CMOSAIG,has no sleeves and no print on the skirt,is solid black and sleeveless
dress,train,dress_train_03925,B008DS1R5I,B008S9MJK4,is stripped and shorter,has wide straps and vertical stripes
dress,train,dress_train_03926,B006P127YU,B00AG421CK,has spaghetti straps in a solid color,is black with spaghetti straps
dress,train,dress_train_03928,B009P8WQ50,B00CIAJ4KC,is pale green with straps and sexier, Longer but only at the back.
dress,train,dress_train_03930,B008PHPA3C,B005541UQO,is solid black with small straps,More revealing and one color
dress,train,dress_train_03931,B007RB7C88,B00AE2QCUG,has a flair at waist,looks two pieced and not belted.
dress,train,dress_train_03932,B0039UUHRY,B0039UUI1Y,solid colored black, sleeveless
dress,train,dress_train_03934,B008BKY3BS,B00EYPSU4A,is blue with one strap,is turquoise
dress,train,dress_train_03935,B007520NXU,B008FXMUWU,is shorter and has a pleated skirt,is gold and shorter
dress,train,dress_train_03936,B005GYGK4A,B00BRBU0NI,is sexier and brighter at the bottom,is more colorful on the bottom
dress,train,dress_train_03937,B00CY8XXSM,B00DJZPWLU,is longer and lighter,is green and white
dress,train,dress_train_03939,B00DMP0FGO,B00DUH1ZA4,is shorter and patterned with off the shoulder straps,is shorter
dress,train,dress_train_03940,B007SPL7MU,B0091JHH1G,is complicated blue and black pattern,has more patterns and is darker
dress,train,dress_train_03941,B00194G2RQ,B00B5MJ4CM,is solid black with a v neck,is long-sleeved and tighter
dress,train,dress_train_03942,B00E6UO95M,B00E68XAKE,tie dye black and red dress,red and blue with stripes
dress,train,dress_train_03943,B00BYNEA12,B00A8FA1LU,is less defined,is white with a belt
dress,train,dress_train_03944,B00E3U0VK2,B00ALT38KE,is grey and black form fitted dress,is black and white and tighter
dress,train,dress_train_03945,B00CRLQ9HI,B00CME80W2,Is more blue and less bright,is darker and cooler
dress,train,dress_train_03946,B00DLAA3CQ,B00D19UA52,is pink on top with a white skirt,is white and pink and less revealing
dress,train,dress_train_03947,B008ZXZRRK,B00AX35G4O,is more revealing,Is sexy with round neck and no sleeves.
dress,train,dress_train_03948,B0076R8DCC,B007HXPZXK,has no straps with large black belt, green strapless dress.
dress,train,dress_train_03949,B00A3HF79Y,B00ETADEM8,is more casual with a scoop neckline,is black with long sleeves
dress,train,dress_train_03950,B00BKWY64I,B00B7DOPTG,is longer and dark toned, sleeveless
dress,train,dress_train_03951,B0050W76WS,B004PSQP98,IS BLACK WITH WHITE FLOWERS AND TANK TOP STYLE,has no sleeves and more art
dress,train,dress_train_03952,B00ATFWT14,B00A7CZVJQ,is less revealing and much darker,is darker and has longer sleeves
dress,train,dress_train_03953,B004MW4ZL2,B00CEYYAVU,is more summery,has contrast hem and loose waist
dress,train,dress_train_03954,B00FNZO4KO,B00CY8UOGG,has no straps and solid black,is darker and has shorter sleeves
dress,train,dress_train_03955,B0096NAMF0,B0058TYVY4,is boho printed mini dress and has long loose sleeves,has less green
dress,train,dress_train_03956,B005MN4WKY,B004U6AM58,less revealing with brown shoes,is chocolate brown and sleeveless
dress,train,dress_train_03957,B00EIX7WB0,B00EIX6XWY,is sleeveless and solid blue,has short sleeves and lower neckline
dress,train,dress_train_03958,B004EPXWIY,B003BT5SI6,has higher neckline and a lighter color,is solid white in color
dress,train,dress_train_03959,B00BQ12TB0,B00AN96E6W,is shorter and solid green,is solid green and shorter
dress,train,dress_train_03960,B000XPGMBS,B001PQF1TI,is light shader,is more colourfull
dress,train,dress_train_03962,B000VHIPI6,B00754LS5A,longer and sleevless,is less darker
dress,train,dress_train_03963,B00DJ7BI2A,B009UZR90U,is sleeveless with two slits,is black and more revealing
dress,train,dress_train_03964,B0074HOB0C,B007HCQ6RU,is floral and brighter,has more designs and more color
dress,train,dress_train_03965,B006J3Y80A,B006GV42EM,is solid tan and has shorter sleeves, solid green and bow at waist
dress,train,dress_train_03966,B005J29V4K,B006TTA2AY,has long hem and white with embellishment on top,is white and longer in length
dress,train,dress_train_03967,B0036MEGEK,B004RH4USA,Is dark grey with long sleeves.,deeper neck and grey
dress,train,dress_train_03968,B005JR1ISW,B0039RH3O2,has an empire waist and is light blue,is a brighter color
dress,train,dress_train_03970,B003U6XV2A,B0044BD1TS,is more fitted and is gathered,Is more form fitting and more solid.
dress,train,dress_train_03971,B007JCDLJ4,B0083CQHL8,is a black maxi skirt,dark and just a long skirt
dress,train,dress_train_03972,B00BOEMDF6,B00CFP62N2,is coloured but shorter,is flowery and sexy
dress,train,dress_train_03974,B00CRR1YAE,B00C8SAYDK,is less elegant and lighter,Less exposed at the sleeves
dress,train,dress_train_03975,B0028AD76Y,B001IKKHLI,is blue with thin straps,is solid blue and longer
dress,train,dress_train_03976,B00CD49XG8,B008BVA3HU,is black in color,is darker and belted
dress,train,dress_train_03977,B0093ZDQM2,B007U2A2Z4,is lighter colored with longer skirt,is lighter and has thing strips
dress,train,dress_train_03978,B005FUMTS6,B0098BUONK,has sleeves and light colored,is light blue and looser fitted
dress,train,dress_train_03979,B00CG79NFI,B00684UKK2,has a black belt and is fluffy,is shorter and has straps
dress,train,dress_train_03980,B008BUK8F8,B007H0R31U,Has a light top and dark bottom,Is a separate top and skirt and the top is tan
dress,train,dress_train_03981,B00DR7EKRW,B00DR7EKR2,Is a long multi colored orange/green dress.,is exactly the same!
dress,train,dress_train_03982,B00741MD2Q,B00C17ZRLW,has a light blue and brown retro pattern,is pink and has a higher neck
dress,train,dress_train_03983,B00DQ5R8S8,B00FG92VRU, long sleeved and u shaped neck,is fitted and short and less colorful
dress,train,dress_train_03984,B005PSKTRQ,B0062ZTICI,is gray and sleeveless,is grey and belted.
dress,train,dress_train_03985,B00CN0UT4C,B009S3E9KW, solid black with a printed waistline,has multiple colors
dress,train,dress_train_03986,B00AV1YPZY,B00901DX90,has no sleeves and is more fitted,is shorter and has white top
dress,train,dress_train_03987,B00AIXFL58,B00AIXJFQO,is blue with black straps around the waist,Has a blue section and no zipper
dress,train,dress_train_03988,B00CH37YG6,B00CQUJBA2,is more brightly colored and longer,is yellow with floral patterns
dress,train,dress_train_03989,B00CLF9RKG,B00CDRFGZW,is a little more form-fitting and darker in color.,is darker and longer
dress,train,dress_train_03990,B00H3QRPPW,B00DTICP8A, sleeveless with more blues,is silver and more revealing
dress,train,dress_train_03991,B0089AHJ34,B005FDSPW2,is black v-neck mid thigh dress,has a V neck
dress,train,dress_train_03994,B00EVQVGSY,B00ATFX10W,has no straps and sleeves,is shorter
dress,train,dress_train_03995,B002YX01MS,B008B5AWBI,has no sleeves and lighter color,is lighter and less revealing
dress,train,dress_train_03996,B002SSUKXO,B00A6SG4EC,is black with images on it,is short sleeved and longer
dress,train,dress_train_03997,B00715FYU8,B007WA2QYO,is dark golden color and longer sleeves,is a solid color
dress,train,dress_train_03998,B002QAZQGK,B007CMDOXE,longer and flowered,is a print pattern
dress,train,dress_train_03999,B008G0HR1Q,B00DJ4FSEC,Has a green striped top and green bottom.,is sleeveless and mint clored
dress,train,dress_train_04000,B005EVNHD2,B005SN1M74,is brown with white boxes,is more fitted with a different print
dress,train,dress_train_04001,B00CXVD8EY,B009KJADMC,has longer sleeves,has more of a sleeve
dress,train,dress_train_04002,B007H3JN88,B00A96WD8C,Is white with longer sleeves,is lighter
dress,train,dress_train_04003,B0091QS2YU,B0091QS6CI,is red with designs on it,is less of a wedding dress and red
dress,train,dress_train_04004,B002Z7ETPS,B006ZWEE6S,Has ruffles and is a short pink dress.,is red with no straps
dress,train,dress_train_04005,B004P5PSTY,B008DS3OGI,Is more skimpier and girly,is green and strapless
dress,train,dress_train_04006,B00COV7K5Q,B00CZVVWQI,has wider straps and is solid blue,is longer
dress,train,dress_train_04007,B009RUK9VO,B004IGJ580,is brighter and shinier,is red and sleeveless
dress,train,dress_train_04008,B007Y3CO3C,B0093UH9IY,is more angular,is black with long sleeves
dress,train,dress_train_04009,B005KGHT5S,B007K4YUFK,is blue with shorter sleeves,Dark Color
dress,train,dress_train_04010,B00FO7C6QK,B00CYIOR4Q,is more transparent,has sheer sleeves and all black
dress,train,dress_train_04011,B007WASNW8,B008FZPQR4,solid black with white dots and collar,is more patterned
dress,train,dress_train_04012,B003TW4N7M,B006J42TDC,red in color,Is bright red and has a full tulle skirt
dress,train,dress_train_04013,B008B411W8,B004LX0F0W,is of a slightly different color,is shorter and lighter colored
dress,train,dress_train_04014,B00EKX00L2,B00EA8L2A0,is white and blue in color,is blue with floral patterns
dress,train,dress_train_04015,B008CWPPT4,B003ZFLA0Q,This dress is a beautful white color with spaghetti straps,the dress is white and skinnier straps
dress,train,dress_train_04016,B00AFOMGB2,B0060GGMZA,red with much shorter sleeves,is tighter and has less color
dress,train,dress_train_04017,B004CMF336,B008CEXWP6,is lighter and shinier,Is shinier and shorter
dress,train,dress_train_04018,B00DBDT6GC,B00CF5GJTO,is longer and has yellow,more yellow and longer
dress,train,dress_train_04019,B0059406V0,B0076JADBO,much fuller plus sized,is longer in length and more frill
dress,train,dress_train_04020,B0088MDDVU,B009DCLB54,has shorter sleeves and is one solid color,is more pink with shorter sleeves
dress,train,dress_train_04021,B003QJP7G4,B00CC24T24,is a darker blue with yellow shoulder straps,is shorter and more summery
dress,train,dress_train_04022,B007Z6D9FA,B00CAKLPLG,is black green and blue toned,is more blue and more colorblock
dress,train,dress_train_04023,B00D6RYKZA,B00E3XBQ26,Shorter and not ethnic looking,fully pink skirt and strapless
dress,train,dress_train_04024,B00BB0Z6WU,B004QF0SUW, with horizontal stripes and is much paler cream,has no sleeves and is white colored
dress,train,dress_train_04026,B00BL9EL40,B00B5MILEO,has long sleeves sexy mini and white color,is white with longer sleeves
dress,train,dress_train_04027,B00DBD6BF6,B00DBDB2FU,stripped black and white long dress,is darker and striped
dress,train,dress_train_04028,B004PEHOYC,B00936I4EQ,is black and white with straps,has a paisley pattern
dress,train,dress_train_04029,B0074H8JR8,B0062ZTFBW,is darker and has longer sleeves,is red with texture
dress,train,dress_train_04031,B008IGJD4W,B00926L2KA,is longer and a solid color,longer and not as bright
dress,train,dress_train_04032,B008AMFQWM,B0085F3QOE,is teal and patterned,is lighter in color and has no sleeves
dress,train,dress_train_04033,B0067M3LGA,B0073ESKUI,is a red tone,is red and more bright
dress,train,dress_train_04034,B00DJZPRMO,B00D50203M,is belted and has covered shoulders,has a belted waist and sleeves
dress,train,dress_train_04035,B00FLMQ7EK,B00CBP4H06,Is more flowing and black,is darker and sleeveless
dress,train,dress_train_04036,B009ASCEJS,B009KXNOKQ,Blue and has longer sleeves,has longer sleeves
dress,train,dress_train_04037,B004TLEUR0,B007H3JNNS,has a floral design,has a floral print and is sleeveless.
dress,train,dress_train_04038,B00C7CF89C,B00DZ1BADW,is blue and strapless,is blue and black and sleeveless
dress,train,dress_train_04039,B003WOKTIY,B008E6CNHK,has a v neck and is looser fitting more casual,black
dress,train,dress_train_04040,B004ISL0IG,B007RTGO3O,has sleeves with ruffles,has a black skirt and white top
dress,train,dress_train_04041,B008CWPPT4,B00AZYXWA6,is reddish pink in color and longer,is much longer
dress,train,dress_train_04042,B00AAHQ674,B00CKXPMQ2,is a sleevless black,black with a gold top
dress,train,dress_train_04043,B005Z9559C,B004M18ETW,is red floor lenght and one shoulder free,is a longer dress with a longer flowy sleeve
dress,train,dress_train_04044,B006LFF9FE,B009S3IDUY,is more flowery,is fashionable and bold
dress,train,dress_train_04045,B006OR79WK,B00BBU8VF4,is shorter and casual,is loose and elegant
dress,train,dress_train_04046,B00C6OHO0W,B00BAD4B2E,has no sleeves and is patterned,is less sleeved and less fitted
dress,train,dress_train_04047,B00A36M400,B00AUAPDHU,has longer sleeves and is black,is solid black with sheer long sleeves
dress,train,dress_train_04048,B009CRGDG2,B00ATZ38P0,is a lighter color exposing chest area,is blue with a cutout neckline
dress,train,dress_train_04049,B007WASS5K,B008P39VUY,is more sexy,is an animal print and is much longer
dress,train,dress_train_04051,B007XTKXPS,B007V0L9DY,is shiny and sleeveless,is shorter and leather
dress,train,dress_train_04052,B008B0G5FU,B0050CADBY,is a bit more revealing,is shorter
dress,train,dress_train_04053,B003COZ89O,B007RUZ7I6,is shinier,is shinier and more low cut
dress,train,dress_train_04055,B0088OZ1A4,B005D9MU4W,more white and has a halter strap,is more lighter and shorter
dress,train,dress_train_04056,B005189A20,B009ES4O2E,is more black,is black and thinner
dress,train,dress_train_04057,B009UZLR26,B00BL9E2ZI,is less modest and more blue,has a fited waist and is sleeveless
dress,train,dress_train_04058,B004FPYVSI,B00AZ81R7W,is longer and more revealing upwards,has spaghetti straps and is much longer
dress,train,dress_train_04059,B009QTU7HM,B004T06HGS, with a v neck.,has shorter sleeves
dress,train,dress_train_04060,B0097J1VJE,B00BNSLHXC,Is a long ruffled gown., and sleeveless
dress,train,dress_train_04061,B00740VYFE,B00F8NHE62,has longer sleeves and is more formal,is dark green and has long sleeves
dress,train,dress_train_04062,B00D76N4TS,B0089AJG26,is sexier and western,has shorter sleeves
dress,train,dress_train_04063,B006361DNI,B00AIIVUP8,is sexier and has arm straps,more revealing
dress,train,dress_train_04064,B00AO1VMS4,B005FEGBHW,has long sleeves and a shorter hem with V-neck,is darker and has longer sleeves
dress,train,dress_train_04065,B00E9R4BQ4,B00AW6MWLM,is black in color,is darker
dress,train,dress_train_04066,B009QTU7HM,B009ANAG98,has shorter sleeves and is black with pattern,is black and more conform fitted
dress,train,dress_train_04067,B0041D7YUQ,B0060Q7MTK,is longer with no sleeves,is longer
dress,train,dress_train_04068,B00A3UTL20,B00A3UTQDO,has longer sleeves,is more black and flowy.
dress,train,dress_train_04069,B002Z7FXBM,B0074H86XA,satin sea blue cardigan with striped dress,has a blue coat and stripes
dress,train,dress_train_04070,B0068NR7RC,B007PNQ71G,has graphic designs,is sleeveless and has a floral pattern
dress,train,dress_train_04071,B003DKXLBO,B008VPXVTS,is above knee lenght and more form fitting,is loose fitting and floral
dress,train,dress_train_04072,B00F9YP0U2,B00EBAB4M8,is red with no sleeves,is red with short sleeves
dress,train,dress_train_04073,B00CG05S68,B00D9J1W3S,has a longer hem and lighter green,has no sleeves and is lighter colored
dress,train,dress_train_04074,B00AYZEIJ0,B00BPBBSDG,is a black and white dress with a smaller belt,has a floral print
dress,train,dress_train_04075,B00DLWNQXC,B00BCLKEFM,is a darker shade with collar and yellow belt on waist,is in green with a collar.
dress,train,dress_train_04076,B007C4BTYS,B009FEC37U,is not strapless and a lighter color,has white in place of the red.
dress,train,dress_train_04077,B00BI1ZLMW,B00AIXHL4C,has a hi-lo skirt and shorter sleeves,is much more neutral in color
dress,train,dress_train_04078,B007CDY5R2,B005940YOO,has a black belt on waist and brown toned,is a tan color
dress,train,dress_train_04079,B000LXB5WI,B007JX9BO2,is more modest and blue,Is blue and longer
dress,train,dress_train_04080,B000NPQD4O,B000UM2SRG,is more flared and has narrower neckline,is blue
dress,train,dress_train_04081,B003TW4OTO,B00318DF46,is all blue and floor length.,is much longer
dress,train,dress_train_04082,B006NU5T0W,B006ZU6H1K,Is a brighter sheath dress.,is shorter and pink
dress,train,dress_train_04083,B00D4AEIAQ,B009B0MFJO,Is red and less revealing,Is more conservative and red
dress,train,dress_train_04084,B00CZ589VA,B00BQ741WE,is yellow with straps,is lighter colored and more casual
dress,train,dress_train_04086,B008LRMYRQ,B00BY0J8L2,Is a black and white short dress,is black an white and more fitted
dress,train,dress_train_04087,B0032S1A2E,B00CBM808E,is darker, longer in length and sleeves
dress,train,dress_train_04088,B00683THKM,B003ILQNHM,is white with polka dots,the dress is white and more revealing
dress,train,dress_train_04089,B008QW6AVW,B008RK72O2,has a ribbon,Longer and more plain
dress,train,dress_train_04090,B00EXEU65S,B00FRAQDFO,has a defined waste with pattern on top,Monochromatic and pleated
dress,train,dress_train_04091,B008RK6XLA,B00BN7FRGQ,is more blue,more blue
dress,train,dress_train_04092,B005Z4JT26,B009AMLAY4,has blue and white stripes,is striped white and blue
dress,train,dress_train_04093,B004O5H7IK,B007WA2Z0O,is blue with flowing sleeves,is V-necked and blue
dress,train,dress_train_04094,B006FRRC12,B0085J2ULA,has a red top,is patterned and loose
dress,train,dress_train_04095,B00EW3JLVU,B00FM5I8GQ,has shorter knee and mix red color,is black
dress,train,dress_train_04096,B0058CASVG,B00CY2GEN4,has longer sleeves with a turtle neck,is long sleeved and flowy
dress,train,dress_train_04097,B00AQUBPDU,B00AOZN7GA,I want the same color but strapless.,is more revealing
dress,train,dress_train_04098,B008ZSN6DC,B00EIQI4GO,is brighter with long sleeves,is brown shades and long sleeves
dress,train,dress_train_04099,B00CF1ZH28,B00CF1WL0O,has a single sleeve,has a longer sleeve on one side
dress,train,dress_train_04100,B004071WF6,B003U6XW2O,has shorter sleeves,has shorter sleeves
dress,train,dress_train_04101,B007XLHLHE,B008I5Q3CS,has a v shaped neck,has larger flowery designs
dress,train,dress_train_04102,B0043T2OLM,B004CFUPEU,has straps instead of sleeves and is pink,is more revealing
dress,train,dress_train_04103,B00AKOSXEQ,B009GEOXBS,is black and white in color and slightly shorter,is black and white and strapless
dress,train,dress_train_04104,B0067LQGYK,B008I27TGU,Is a dark red sleeveless dress.,red
dress,train,dress_train_04105,B00DJL20AK,B007MERN3O,is shorter with chevron prints,has more v shaped patterns
dress,train,dress_train_04106,B00CG60LMS,B00D839GWE,has a collar with black and white polka dots,is black with small white dots
dress,train,dress_train_04107,B006PRAZ7U,B009PNEYZK,has sleeves on both shoulders,has a more mesh neckline
dress,train,dress_train_04108,B00BOZ5GX6,B00B7QRJ8W,is off one shoulder and one long sleeve,one sleeved and lacey
dress,train,dress_train_04110,B00BM0T4S6,B007WA1G40,has a black belt and longer sleeves,is darker
dress,train,dress_train_04111,B008RK6XLA,B008F1HKV8,black and white sleeved dress,has white and black stripes in a unique pattern.
dress,train,dress_train_04112,B00CD7YOU0,B00DYW2VGM,This dress has different colors,white with color and more contry
dress,train,dress_train_04113,B008AJ092M,B0058MIAS4,Is blue and has a halter top.,is blue white shorter sleeves
dress,train,dress_train_04114,B004EBUT7A,B00B2H8VGA,Is lighter in color and has straps in front.,is lighter in color and more coverage
dress,train,dress_train_04115,B00B0BZM60,B002S1653K,is printed and v-necked,has a belt
dress,train,dress_train_04118,B009CH5AKC,B00AQMUNEK,is olive green with longer sleeves,Is a darker red
dress,train,dress_train_04119,B00CTA0NEW,B004XV1SJY,has sleeves with v neck and pockets,is darker and has short sleeves
dress,train,dress_train_04121,B008KKNW20,B00AM96CAG,is looser and is grey,looser and flowing
dress,train,dress_train_04122,B009S3FZVY,B007WPHSZQ,is dark purple,has v neck and is blue color
dress,train,dress_train_04123,B00A13GQ7M,B005LAMJTY,has shoulder straps and bolder,has green yellow and black and two shoulder straps.
dress,train,dress_train_04124,B00BGM35XK,B00BDGPO4W,is a strapless,is blue black and white with no straps
dress,train,dress_train_04125,B00BI8SCB2,B00EDZYFK4,has a more modest neckline and is solid black,is black with buttons
dress,train,dress_train_04126,B0089EC91C,B008958XHA,Is black,is darker and has long sleeves
dress,train,dress_train_04127,B00F3PXWAC,B00DTFTNMY,is shorter with a print,Is sexier and more flashy
dress,train,dress_train_04128,B000VHIPI6,B00B7SJ1IG,more white,is animal-like and lighter
dress,train,dress_train_04129,B00DEPBLDI,B00BJ75IDW,is darker and doesn't have buttons,has no buttons
dress,train,dress_train_04130,B008CQKKE0,B00A9SQMRI,is white with flowy sleeves,has shorter hemline with shiny red belt
dress,train,dress_train_04131,B0058TET8W,B009DM96LK, has no sleeves,bronze and no shoulders
dress,train,dress_train_04132,B00C931A8C,B00CY93TJY,has less revealing and on sleeves,is black
dress,train,dress_train_04133,B00CIQFIAG,B00CIQDHJU,perfect,is identical
dress,train,dress_train_04134,B00DJ803SE,B00CZBCJVA,is similar but one same length around bottom.,Is more  ruched and layered
dress,train,dress_train_04135,B00BDGPSZ2,B00B9R6LTM,is shorter and darker in color with sleeves,has quarter length sleeves and a striped skirt to the knee
dress,train,dress_train_04136,B008UH8R0K,B008CEJMGO,has a shorter skirt with more pleats,is red and shorter
dress,train,dress_train_04137,B00EW3JLVU,B00DP6ZJF2,has a geometric pattern,has a bright checkered pattern
dress,train,dress_train_04138,B00A0IEA3K,B00591MFM6,Is sleevless and brown.,It is more plain and and has no sleeves
dress,train,dress_train_04139,B0040QDX6S,B009772PS2,has long sleeves and stripes,is longer sleeved and stripped.
dress,train,dress_train_04140,B00BJMPM1A,B00CQN643G,is black with a white stripe pattern on top,is darker in color
dress,train,dress_train_04141,B00CF1ZH28,B00CF204YS,Is a lighter floral print dress.,is solid black and more revealing
dress,train,dress_train_04142,B00CF0AMN8,B004RUBBVG,is shorter with larger flowers printed,is a little more pink with more white and shorter skirt.
dress,train,dress_train_04143,B00CMTD5GS,B00CMSE784, more revealing,is off one shoulder and pink
dress,train,dress_train_04144,B00BOEM4SM,B007NLX4Y8,has olive green as the main color,is more full and longer length
dress,train,dress_train_04145,B00B9R5BXE,B00BGM2WH0,is more revealing and has straps,is beige and black and stylish
dress,train,dress_train_04146,B004Z2VIBY,B004NKA3KU, and has a shorter hemline,is dark colored with no sleeves
dress,train,dress_train_04147,B009CMYAPI,B009AO2EL0,Is sexier and more elegant,is more darker
dress,train,dress_train_04148,B0073ESKUI,B0073ESKW6,is white with orange trim and halfsleeves,Has more colors and shows less skin
dress,train,dress_train_04149,B005OORSGG,B004BR3RG2,more revealing and purple in color,is solid purple
dress,train,dress_train_04150,B000H7H1I0,B00B70CKTQ,is yellow,is more revealing
dress,train,dress_train_04151,B008HXAZNY,B007TOHGJ8,is darker in color and not assymetrical,is black and sleeveless
dress,train,dress_train_04152,B009IUL3Y0,B008OZSN8O,has straps and more ruffles,Is more ruffled and elegant
dress,train,dress_train_04153,B008OVOKQM,B009XNTS12,has a red blouse with a black skirt,has longer sleeves and a black bottom
dress,train,dress_train_04154,B008VHE8WA,B00A42FQJY,is shorter with longer sleeves,is 3/4 sleeved and shoter
dress,train,dress_train_04156,B0092Z2HSC,B005RUNGWC,is longer with a halter top,is sleeveless and below the knee
dress,train,dress_train_04157,B00AKQBDKU,B007MLM256,has long sleeves and is short,is a dress with long sleeves
dress,train,dress_train_04158,B0054QYA1K,B008BM0GLM,is shorter and blue,Less satin and shorter
dress,train,dress_train_04160,B004Q7DECY,B0058ZNTNM,scoop neck and more flowered,yellow and black and longer sleeves
dress,train,dress_train_04161,B007N6ZJNM,B0087OSWHO,is black,is darker and has shorter sleeves
dress,train,dress_train_04162,B005189A20,B005INFLZS,has straps is a slim fit and is darker,only black and shorter
dress,train,dress_train_04163,B00B719R6Y,B007XCGVR4,Long sleeved and has a pattern.,Has longer sleeves
dress,train,dress_train_04164,B00BNLB2CU,B00935MPJM,is much shorter,is shorter and v necked
dress,train,dress_train_04165,B0070P0ZLM,B0051XXS8W,does not have sleeves and is gold,is a yellow color with no jacket
dress,train,dress_train_04166,B008I5Q3CS,B007IXDC7U,has a multi color,has a more paisley print
dress,train,dress_train_04167,B008WE7QB2,B003AGM892,is longer with floral pattern,has a floral print and longer dress.
dress,train,dress_train_04168,B007IXDC7U,B007IXDESW,is solid black with no patterns on it,is a solid black and is one shoulder
dress,train,dress_train_04169,B0041D7ZPU,B002LSI86M,This dress doesnt have sleeves,is strapless and solid purple
dress,train,dress_train_04170,B002PY5S1K,B004DULO3K,Is red and black with ruffles.,Shorter and less flowery
dress,train,dress_train_04171,B008BWODAM,B007ZIPZPU,is darker and has shorter sleeves,is darker in color
dress,train,dress_train_04172,B00CW65VWC,B00E9WRJGS,is longer with a different floral print,is much longer
dress,train,dress_train_04173,B002SSUKXO,B00A3HKXSY,is purple and sleeveless,sleeveless
dress,train,dress_train_04174,B008WYC388,B00CJB273G, with a white bow belt,Is solid black and sleeveless.
dress,train,dress_train_04175,B004FLJJ8O,B004HB3CVM, sleeveless and more fitted, and has shorter sleeves
dress,train,dress_train_04176,B008PJHPHE,B007TWJFNU, red and white. With a black belt.,has two plain colors
dress,train,dress_train_04177,B0012ZHRIK,B00115EWHK,Blue and slits on side,is blue with shorter straps
dress,train,dress_train_04178,B00CZ7NX3C,B00CW92VD6,is a long blue and purple dress,is purple and blue-green
dress,train,dress_train_04179,B00935MSN0,B007908Y4I,is lighter with no print,is solid white
dress,train,dress_train_04181,B004FO8ZDG,B002IXK5D4, printed,is more white
dress,train,dress_train_04182,B0097J0XFC,B00AUQGBYI,has straps,is less flowy and less revealing
dress,train,dress_train_04183,B005GYGK4A,B005GYGK2W,is black with a white belt,is black and more revealing
dress,train,dress_train_04186,B0051N2N2E,B004U4R0OG,is long loose white and less shiny,all white and much longer
dress,train,dress_train_04187,B00GI1MNXM,B00ASQFW8Q,is more fitted and sparkly, more loose fitting and has a floral pattern
dress,train,dress_train_04188,B00CA7R0FY,B00CLDPSPG,Is longer with colorful stripes.,Has a striped pattern
dress,train,dress_train_04189,B00B3Y6S9Y,B00318COMU,has no straps with strips,is multi-colored and strapless
dress,train,dress_train_04190,B007EXQ6ZO,B007C61GVM,is light blue in color,is in a lighter blue.
dress,train,dress_train_04191,B00B95R92M,B00CLZN202,is more black and revealing,is all black with spaghetti straps
dress,train,dress_train_04192,B00AY5ZUCO,B00AD95LDO,more revealing and has polka dots,is black and has polka dots
dress,train,dress_train_04193,B0051MR9D8,B00AKQBDKU,is rachel palley and white,is not a clothing item
dress,train,dress_train_04194,B002XUL9IC,B0039ITJOI,is lighter in color and has buttons on front,is black and more revealing
dress,train,dress_train_04195,B0096NIFI6,B009QW3ZR8,has longer sleeves and strips,is solid black and short sleeve
dress,train,dress_train_04196,B00921LKI4,B005XDCWG4,is red with two straps,is darker in color
dress,train,dress_train_04197,B009NPBOR6,B00FENR57O,is solid black with design on shoulders,Is solid black with capped sleeves.
dress,train,dress_train_04198,B007M4EV5W,B00ETK4T2C,is shorter and not strapless,has turtleneck and short sleeves
dress,train,dress_train_04199,B00EZQGL1W,B008YRAAFQ,has spaghetti straps. It also dark blue with flower print,has longer sleeves
dress,train,dress_train_04201,B0079WSJFK,B005T8EEKA,is beige colored,is light colored and ruffled
dress,train,dress_train_04202,B006O4K9C0,B00A89070Q, and form fitted,is mint color and short sleeves
dress,train,dress_train_04203,B004RUBBVG,B0084ENJZC,has a longer hemline and a halterneck,has more colors and is longer
dress,train,dress_train_04204,B00EDS5Q0O,B005JISVW2, and slightly longer,is shorter
dress,train,dress_train_04205,B004JU2BAY,B008HQKP0O,has both shoulders covered and tighter waistline,has a higher neckline and no belted waist
dress,train,dress_train_04206,B007XD6DEE,B007WA1C8U,is shorter and more modest,has one shoulder strap and is longer
dress,train,dress_train_04207,B00CIQP6C6,B00CIQNITY,is black and purple and is made of a silky fabric,has shorter sleeves
dress,train,dress_train_04208,B0058XWABQ,B00F1ZFBIU,is more colorful and longer,has a solid teal blue coloring.
dress,train,dress_train_04209,B004S64LH0,B005GA9DAC,sleeved dark blue dress,is shorter
dress,train,dress_train_04210,B006WM44AM,B005PHRIWQ,is dark purple and more shiny,is deep purple and much more flowing top
dress,train,dress_train_04211,B005X4PFE4,B006Q97R0U,is darker with a single strap on the left shoulder,is black and cream and has one shoulder
dress,train,dress_train_04212,B008006EU2,B006MPVXAS, with a floral pattern,is red and form fitting
dress,train,dress_train_04213,B009PA4EN0,B004OVDO5Y,The black dress looks more fashion,is lighter colored and patterned
dress,train,dress_train_04214,B009017BRA,B007WA3GBG,is less fashionable,is less blue and more two colored
dress,train,dress_train_04215,B002TYZH6W,B004JU2BOK,is a solid black dress,is black with a red belt
dress,train,dress_train_04216,B007FP4YBO,B00B5T8GQ0,black and loose,is see through
dress,train,dress_train_04219,B00AIXI3JY,B00E00HDXI,has buttons on the front side,is blue and less revealing
dress,train,dress_train_04220,B00BYNDWIE,B00BYN0XU4,is purple with a purple belt,is purple
dress,train,dress_train_04221,B009KJADMC,B00G4KJANI,is longer,has no sleeves
dress,train,dress_train_04222,B007IUXZZW,B006WQXY7M,Is less stripped and more complex,has no sleeves with multiple dots
dress,train,dress_train_04223,B0094GCKLI,B007XD6H9A,is blue and white and has short sleeves,is flared
dress,train,dress_train_04224,B004I6PIPY,B004ICCRVQ,is a fine black and white strip with loose sleeves,has sleeves and a striped pattern
dress,train,dress_train_04225,B00AKTTX8G,B007RBJJ0W,shorter,is more bold
dress,train,dress_train_04226,B00CHSEO7I,B00CFU74SY,is messier,is patterned and lighter in color
dress,train,dress_train_04227,B007G52O3S,B00A560X38,is black with white stripes, blue and white strapless
dress,train,dress_train_04228,B00AMGU12Y,B009ZRARE8,is black and white checked pattern, with larger coloring.
dress,train,dress_train_04229,B00DR3U110,B008U4K50I,is black and has longer sleeves,is solid black in color
dress,train,dress_train_04230,B008DS19Q0,B007WASWOW,is solid black,is darker in color
dress,train,dress_train_04231,B003YFIS3Y,B004TJLCSM,is longer and darker,is less form-fitting and more subdued
dress,train,dress_train_04232,B005VTUDF2,B007L86YMC,has longer sleeves and is two-colored,is black and white
dress,train,dress_train_04233,B007Z37CJC,B005XDB9WC,is longer with a brighter pattern and no sleeves,is much longer
dress,train,dress_train_04234,B00AJ4KFIO,B00426C1DM,is shorter and brighter,shorter and striped
dress,train,dress_train_04235,B004TLF1MI,B009VDSJLY,is blue and green with half sleeves,has brighter colors
dress,train,dress_train_04236,B00CA7R8EC,B00CA7R3SI,Is more revealaing and more blue,is brighter and more revealing
dress,train,dress_train_04237,B00BGD115S,B00BWTJK3G,is half sleeved,geometric pattern with belt
dress,train,dress_train_04238,B003ULNDK0,B00BXXHXXA,Is darker with long lace sleeves.,is long sleeved and black lace
dress,train,dress_train_04239,B0024NJVVK,B004QTQ8EI,is floral print round neckline and loose fit,has a black white and red floral design.
dress,train,dress_train_04240,B008500CPA,B00CQ7WYD6,has an open neck and shoulders and a little design,is strapless and royal blue
dress,train,dress_train_04241,B005UXSVVM,B005UXSV0S,is shorter with long sleeves,has longer sleeves and is shorter
dress,train,dress_train_04242,B00CW9IVXU,B008595LR0,is light pink shade,is more formal
dress,train,dress_train_04243,B00665Q19M,B0073O9GK6,is longer with stripes,has shorter sleeves and longer
dress,train,dress_train_04244,B005KQWIYK,B00935MSN0,has no sleeves and is purple,is purple and has patterns
dress,train,dress_train_04245,B002A63QW6,B000VL04LS,is more white and tight,is lighter in color
dress,train,dress_train_04246,B006ZU1K1M,B006ZU1K0S,has a longer neckline and is shorter,is a shorter dress in white.
dress,train,dress_train_04249,B009NCHCAM,B007Y1AMUG,is teal and shorter,is darker colored
dress,train,dress_train_04250,B00BXB7S5A,B00CGYK6AW,Is more colorful and whimsical,is in all white with white straps up top and no waist band.
dress,train,dress_train_04251,B0085IY30C,B0078LJ20S,is color block pattern and less sleeves,has more colors in it
dress,train,dress_train_04252,B008AM8BKQ,B00E6NKCV4,is belted and has no sleeves,is sleeveless with a brown belt
dress,train,dress_train_04253,B007H1Y646,B008YQXFBI,is more elegant,is white
dress,train,dress_train_04254,B009S3HW7Y,B009S3GCYS,is more attractive,is black and more elegant
dress,train,dress_train_04255,B0062EE8Q0,B007ZP0BES,striped white and blue maxi dress with slit,has a side slit and is striped.
dress,train,dress_train_04256,B008CE9CF0,B008E4ZWKM,does not have a cowl neck,has a more circular neckline
dress,train,dress_train_04257,B009PYPGJW,B0091E3O7M,is sleeveless and more red,is sleeveless and a darker color
dress,train,dress_train_04258,B00CY93TJY,B00CY8Y6C4,is pink and white,is more multi colored
dress,train,dress_train_04259,B00EIQK9WQ,B008ZSN7M2,Is brighter with a cowl neck.,is very yellow and not krueger like
dress,train,dress_train_04260,B0062GLBDQ,B0062GI4MW,has short sleeves and a v shaped neck,has shorter sleeves and is dark orange
dress,train,dress_train_04261,B00A16F97C,B00AG3ZHUO,body con long sleeved black dress,Is more black and has longer sleaves
dress,train,dress_train_04262,B008DGYVU8,B008BRFA5Y,has shorter sleeves and is longer,is sleeveless
dress,train,dress_train_04263,B00AOC82HW,B00AFV47E4,is long and darker, strapless and black.
dress,train,dress_train_04264,B00DZ1BCYO,B00GNK2WS4,red and black knee length dress,is longer and is pink and black.
dress,train,dress_train_04265,B00APFF1JA,B00EPRPRH0, is paler in colour,it is more tight
dress,train,dress_train_04266,B00E9045S0,B00GPGOBXK,is a lighter blue and has stripes,is less sleeved
dress,train,dress_train_04267,B0032RJNOM,B00773ZFOY,has a dantelle top and a belt with a bowtie,has a lighter waist belt and more sheer
dress,train,dress_train_04268,B007WATZ9S,B007WAFBEQ,has no straps with black and white flowers,is sleeveless full skirted floral print dress
dress,train,dress_train_04269,B004Q7DECY,B004V749EQ,is much more patterned and colourful,is a print
dress,train,dress_train_04270,B006OP693M,B0039UUIA0,short white dress with black strips,is white and shorter
dress,train,dress_train_04271,B00BG0TSY2,B00BMO2Z5Q,Is more black and more basic.,is more solid colored
dress,train,dress_train_04272,B002WB07H6,B00GS445NA,is shorter and has laced sleeves,is much cuter and light
dress,train,dress_train_04273,B007WA21XA,B00862LY3Q,is less clothing and more of a mask,is a mask
dress,train,dress_train_04274,B008TS2HP6,B00ALR3XAQ,has long sleeves and is pink in color,is pink and patterned with longer sleeves
dress,train,dress_train_04275,B0083CII6K,B0073ISRX4,Is  more skimpy and flowing,is darker red
dress,train,dress_train_04276,B007TOHGJ8,B007LS372C,Shorter and more less plain,is white with floral design
dress,train,dress_train_04277,B008YR07D6,B001P2IS4M,is solid black in color,Is black in color
dress,train,dress_train_04278,B00BC05Z0W,B00DL8U94U,is green in color,It is more green
dress,train,dress_train_04279,B008RK72O2,B008QW6AVW,has no belt and is purple,purple with no belt
dress,train,dress_train_04280,B00A83SN9O,B00D503P5Y,is long and is light blue,is light blue and longer
dress,train,dress_train_04281,B00D6RYKZA,B00G7SO4TM,has a maroon top half and heavier material,has a magenta top half with flowey sleeves
dress,train,dress_train_04282,B0093GYDW8,B001E764X0,is less revealing with tank top,is more pleated
dress,train,dress_train_04283,B00926L2KA,B00E81C6PE,is more white and has sleeves,With short sleeves
dress,train,dress_train_04284,B0080ENUNW,B00B187JSG,has long sleeves,Has longer sleeves and is pink
dress,train,dress_train_04285,B0097IWXM4,B0097J0XHU,is a long formal gown,a white wedding like dress and is much longer
dress,train,dress_train_04286,B0081833NY,B008JGNB1W,is brighter in color and pattern,is orange and yellow and sleeveless
dress,train,dress_train_04287,B008EMCCFC,B007HC3LUA,is solid white,is white and has a tighter skirt
dress,train,dress_train_04288,B003VWLPH6,B004I5A7SS,Is darker with belted waist.,is black
dress,train,dress_train_04289,B00AB2M9IS,B00BGSRVOI,is less shiny,is blue and shorter
dress,train,dress_train_04290,B00EIX7A08,B007HKH8NI,is a solid black black and not red,is black with no ruffles
dress,train,dress_train_04291,B000Y3M52Y,B002VLAKDS, short sleeves and print,is purple and long
dress,train,dress_train_04292,B005KBRHRS,B004IPR0D8,a floral sleeveless dress above the knee, slimming
dress,train,dress_train_04293,B00EFJ5OJ4,B002NVGA30,is purple floor lenght,is purple and has no leopard patterns
dress,train,dress_train_04294,B00684UXP4,B007Y8X6Y8,is short sleeves and buttons up,Much more casual and revealing with buttons down the front.
dress,train,dress_train_04295,B00CFMMHWU,B00BJ8IXHE,has sleeves and a floral pattern,is shorter and a darker color
dress,train,dress_train_04296,B00B1YKGG2,B00A8NVGH0,is dark colored and has longer sleeves,is blue with sleeves
dress,train,dress_train_04297,B00AKTTX8G,B003S9W1CK,is long sleeved and turtleneck collar,has no  straps and is shorter and turquoise
dress,train,dress_train_04298,B008UBRPKY,B00BQX45CE,has a darker color and no sleeves,is solid black with a tank top
dress,train,dress_train_04299,B009EON5DM,B00921LGU6,has longer sleeves,Longer and more formal
dress,train,dress_train_04300,B00DURZ7BW,B00C40T5DC,is longer,is the same
dress,train,dress_train_04301,B004JQONUY,B003AM89IU,lighter color and a denim fabric,blue denim button up dress.
dress,train,dress_train_04302,B00AYKTS5Y,B0085961GK,has longer sleeves,is solid grey
dress,train,dress_train_04303,B009PYPGJW,B00A2ZNTA6,floral knee length dress, shorter sleeved and two tones
dress,train,dress_train_04304,B009NCHAPY,B009NCH7L6,is mint green in color,has frills
dress,train,dress_train_04305,B008TQNC4I,B00BXXNMGW,is blue with shorter sleeves,is red with frills
dress,train,dress_train_04306,B00GVX1P4A,B00B95R92M,is a black dress with no sleeves,is brown with no patterns
dress,train,dress_train_04307,B00A8YXHKS,B008BHJJBK,sleeveless and pink colored,is pink with shorter sleeves
dress,train,dress_train_04308,B008GSEIL0,B0084XZGZ4,Pattern is different,is shorter in length and brighter in color
dress,train,dress_train_04309,B00C6PPH8M,B007FH44RG,is black colored and shorter length,is black with a gold panel round neck
dress,train,dress_train_04310,B003ILQMUA,B003ILFZTY,is way more sexier,is lacier and has shorter sleeves
dress,train,dress_train_04311,B004LVNO0C,B008BHRZFM,is white with writing on it,is less formal
dress,train,dress_train_04312,B008G3LFEI,B00CJB2OH0, pink and shiny design,is shorter and has longer sleeves
dress,train,dress_train_04313,B008YRA7PO,B009NCFK7O,is a bolero,it is more monochromatic.
dress,train,dress_train_04314,B00DBD6BF6,B00DBD76KK,is more fitting,has a slim silhouette and a scoup neckline
dress,train,dress_train_04315,B0057UI7SK,B0079EJFBK,Is printed and tie dyed.,is more colorful and less dull
dress,train,dress_train_04316,B004Y6ZWHW,B0088OX4H6,has a darker color and a pattern on the top part,has a fire design
dress,train,dress_train_04317,B00E0OK2HS,B00CL5XO82,is more white and blue patterned,is a light soft blue.
dress,train,dress_train_04318,B00B7DOKTQ,B002SQJQBI,is shorter with short sleeves,it is gray
dress,train,dress_train_04319,B006OP693M,B003QCKB4O,Is belted and more pink,is frilly and pink with no sleeves
dress,train,dress_train_04320,B009YSOCGW,B00BGZRO3O,is a longer,is red and long
dress,train,dress_train_04321,B0094PFF7K,B008SFQD6Y,is purple with one free shoulder,is edgy and more revealing
dress,train,dress_train_04322,B008ODSHA0,B008ODSCVO,shorter sleeves and lower neck,It has no sleeve and more black
dress,train,dress_train_04323,B00BELXGSM,B006WVH2PW,is sleeveless and solid colored,light color
dress,train,dress_train_04324,B00B52AZ3Y,B00B52BJXY,is more solid and has long sleeves,is less colorful and has long sleeves
dress,train,dress_train_04325,B009DM7BCQ,B0042NOJEY,is tighter and glittering,is black and tighter
dress,train,dress_train_04326,B00AIYCMG8,B009YJNBEU,body con short pink dress,is in peach pink with black lining.
dress,train,dress_train_04327,B0093OFTFK,B00CIQP6C6,is shorter sleeves and has floral,red
dress,train,dress_train_04328,B00DEJY1FY,B007537TG8,black with larger white dots, belted
dress,train,dress_train_04330,B00CIQP6C6,B00CI35G88,longer sleeves and solid black,grey and one colored
dress,train,dress_train_04331,B002LHVTCS,B007FG0WI2,has a more cleavage exposure,is blue and strapless
dress,train,dress_train_04332,B0074H8JR8,B007RM3CFE,has no sleeves and is lilac,is purple and sleeveless
dress,train,dress_train_04333,B009DMMTPA,B00ATCG9SQ,has exposed mid section and is black,is black with a cutout waste
dress,train,dress_train_04334,B00CA7QU1E,B00CHQ98L2,Is more blue and thinner straps.,It is more blue and less red
dress,train,dress_train_04335,B00AHOXFEC,B00C4NV95G,is longer and teal colored,is longer
dress,train,dress_train_04336,B0058YSWG2,B009LIK4XA,is longer and ligther and has longer sleeves,has longer sleeves and brighter colour
dress,train,dress_train_04337,B005KLV20Q,B003BIERHK,Brighter and not frumpy,is pink and more stylish
dress,train,dress_train_04338,B005J29V4K,B007N0AJB0,is simpler in design,is blue and short
dress,train,dress_train_04339,B00AX35BHG,B00BQ97EQ2,Is coral color with asymmetrical hem line.,is pink and see through
dress,train,dress_train_04340,B00833D6NO,B00CINI7RU,is lighter and has shorter sleeves,has thin straps and is more loose
dress,train,dress_train_04341,B00DHPJ0UQ,B00AHMJ3ZY,has one color and is shorter,has short sleeves and is shorter
dress,train,dress_train_04342,B00FFXY5US,B00FFXY3EQ,brighter blue color,is a shade of teal
dress,train,dress_train_04343,B00BBUR8K8,B000CD04CE,Is black,is black with long sleeves
dress,train,dress_train_04344,B007JLQFEI,B00741MJSO,is white colored and has sleeves,is tan with cap sleeves
dress,train,dress_train_04345,B006Y5KPPK,B00AJ9FXPY,is more of a blueish purple color,is lighter and has longer sleeves
dress,train,dress_train_04346,B00CLDPSPG,B00DZ19W1O,has small stripes,is more looser
dress,train,dress_train_04347,B002ZG8MIE,B004JQOL7Y,is black fitted printed dress and sleeveless,has a white pattern
dress,train,dress_train_04348,B00DQ449W2,B009KIL2IW,is red and has a bow on it,is red with black/white belt
dress,train,dress_train_04349,B00DVPNURG,B005J6AXWK,purple colored and thicker sleeved, a darker color and has straps
dress,train,dress_train_04350,B0084DKHUI,B00BX9MZK0, gold,is white and faded peach
dress,train,dress_train_04351,B00EJ1QYQA,B00D8PM8YU,is a lighter color and has no sleeves,Brighter and shorter sleeves
dress,train,dress_train_04352,B008KKNFCC,B00C50YB80,is sleeveless,has no sleeves and is flowing
dress,train,dress_train_04353,B005VLYIKG,B00A7N0HR6,has longer sleeves and brighter colors,has longer sleeves and art pattern
dress,train,dress_train_04354,B0056JJC7C,B005IH14BY,is shorter with straps and a flaired bottom,Is shorter with V-neck and shoulder straps.
dress,train,dress_train_04355,B009ANVHJG,B00898B6PI,has a dark green,is more flowery and sexy
dress,train,dress_train_04356,B00DJL20AK,B007JCDLJ4,is shorter with a floral pattern,is shorter and tigher fitting
dress,train,dress_train_04357,B00EIX9G32,B00CHV6UOK,is blue and shorter,is dark blue and solid color and has cap sleeves
dress,train,dress_train_04359,B00DVPNILO,B00DW40HFE,Has a vintage pattern and long sleeves,has a lot more colors in it
dress,train,dress_train_04360,B002AS57KI,B00C6KR7A8,is more fitting,Longer and loose sleeves
dress,train,dress_train_04361,B008CPTBIC,B008YCDCVK,is brown and cream patterned,has longer sleeves and is longer
dress,train,dress_train_04362,B003U6Y7QE,B0028Y5EKW,is light green and has one long sleeve,is lighter and flowy with sleeves
dress,train,dress_train_04364,B00FI0LUII,B00H0CNNSC,is a blue and black,is bluer
dress,train,dress_train_04366,B00D8RZKPC,B00D8RZKJ8,is exactly,is identical
dress,train,dress_train_04367,B0083CII6K,B003TLN20M,is a black dress,is black
dress,train,dress_train_04368,B009S3HPTE,B00A3Q8A1M,is shorter and lighter,is more turquoise and has no neck
dress,train,dress_train_04369,B00DI4U6WM,B00DSIXTVI,Lighter and not as see through,fits looser around the waist.
dress,train,dress_train_04370,B00F2SGB94,B005GQPE5E,More blue and lesser ornament,strapless
dress,train,dress_train_04371,B00FM5K2ZG,B009ZCLU9Y,is a white and black dress,is black bottomed and white topped.
dress,train,dress_train_04372,B00CC6ZGYK,B00E9ELN2M,is short,is more revealing and textured
dress,train,dress_train_04373,B00902B29C,B00901MLNO,has a striped bottom,is black and striped
dress,train,dress_train_04374,B00BL063PO,B0087YZJ1Q,is a long print dress,the disered product has more color
dress,train,dress_train_04375,B0096NI7YS,B00CZ6FPU2,is solid red,red and contempary
dress,train,dress_train_04376,B007N6CLWY,B0098BUXPE,is a two color with sleeves, and animal print
dress,train,dress_train_04377,B00CD630R4,B00B1YKH9I,has no straps and is yellow,yellow and more fluffy
dress,train,dress_train_04378,B0085FITZA,B00D3F7DF4,Is shorter with a bright stripe pattern.,has shorter sleeves and orange stripes
dress,train,dress_train_04379,B009UU80M6,B00G4KIP2U,is long flowy,is silver and black lace
dress,train,dress_train_04380,B0052RCZOK,B004K6LS3I,is black spaghetti strapped and form fitting short dress,has no sleeves
dress,train,dress_train_04381,B00FZAEC5Y,B00F14KL7W,is pink and knee length,is all pink in color with a design cuff around the neck.
dress,train,dress_train_04382,B009UZLR26,B008MZDJGC,emerald green more fitted with hip cut outs,green and tighter
dress,train,dress_train_04383,B00GIEE0XU,B007POACQQ,is silky and classy,has shiny full skirt maxi and sleeveless bodice
dress,train,dress_train_04384,B007RGMHA6,B00867V5UI,is solid white in color with gold accessory,is in all white.
dress,train,dress_train_04385,B005CN9A2Y,B006GDN9FS,orange in color with long sleeves,Is blue and skin tight on arms.
dress,train,dress_train_04386,B0085967R8,B007WACR0W,slim straps and u shaped neck,is strapless and bow at waist
dress,train,dress_train_04387,B008BPV244,B00DE6MIJ8,Is long with a paisley pattern.,is patterned and strappy
dress,train,dress_train_04389,B00EYNVM8I,B00GMRNQ1U,is black with a lace top,is black and floaty
dress,train,dress_train_04390,B005RYO4DS,B005RYOEOM,is shorter and darker,is two toned and top fitted
dress,train,dress_train_04392,B00D3ECZBW,B00D0XJ9LK, with matching belt,has striped on the bottom with a solid top
dress,train,dress_train_04394,B0051N2M3O,B0055OH23Y,Is a dark blue sheath dress.,is blue and more casual
dress,train,dress_train_04395,B00ASISMTA,B00BG5PASU,is white and dress length to the knees,is white and shorter
dress,train,dress_train_04397,B003725S0U,B007UMKY3O,has short sleeves and is shorter,is short sleeved and solid purple
dress,train,dress_train_04398,B00A3HF8FW,B00A3HF79Y,Is more revealing and less belted,only has 1 sleeve and no belt
dress,train,dress_train_04399,B007FHE3IQ,B005LC6R86,Has spaghetti straps, has straps and is full skirted
dress,train,dress_train_04400,B00BKTMVBQ,B005ZWDS3E,is shorter and lighter,is shorter and lighter
dress,train,dress_train_04401,B00CWSL250,B000GA9P3W,shorter and black,is a solid dark color and a bit shorter
dress,train,dress_train_04402,B0030MI3AE,B0060OU0P0,is a pink formal dress,is pink and less casual
dress,train,dress_train_04403,B005F1YLUY,B0035EABHU,light pink colored and embellished,Is much pinker
dress,train,dress_train_04404,B00CIPLGAS,B007HI744S,is red in color with a single strap, darker
dress,train,dress_train_04405,B00CBM6VSA,B000HCJ9HQ,Is a white strapless dress,is all white is not bell shaped
dress,train,dress_train_04406,B00CQSTQCW,B00DJZPTO0,is brighter and more colorful,is more red
dress,train,dress_train_04407,B009EOLHNW,B007RFJT5I,has a black belt and black and white stripes,has striped and a belt
dress,train,dress_train_04408,B00ANR3EQM,B00CG60I4E,is tighter and has a different design,is black with a white pattern
dress,train,dress_train_04409,B009ZG2CKG,B005915366,is a black dress with no cleavage exposed,has long sleeves and more form fitting
dress,train,dress_train_04411,B008A4RHC2,B007JTQLG2,is solid black and sleeveless,is solid black
dress,train,dress_train_04412,B004TLF1MI,B003BIER4I,is silky and has less white,It is more patterned and shorter
dress,train,dress_train_04413,B00BYFEYRA,B009JY640I,more fitted and striped,is pink with stripes and skirt is a little shorter
dress,train,dress_train_04414,B009H4PY5G,B007RUZ3X0,is less revealing,is a solid color is is more fitted
dress,train,dress_train_04415,B00BJ0O3YO,B00CIQN9MU,is louder,has less revealing and is black color
dress,train,dress_train_04416,B00BNMK298,B00ATG2SAK,is black, solid gray and longer
dress,train,dress_train_04417,B004P8IQZ4,B003U6HA86,is darker with a more geometric pattern,Is black with red
dress,train,dress_train_04418,B00AFS3H52,B0070T8RXG,is solid black in color,is black with no bow
dress,train,dress_train_04419,B008N230YU,B009GN3BC6,Is longer with straps.,is less revealing and longer
dress,train,dress_train_04420,B007XD6TR0,B008OVNJVE, and is sleeveless.,is pink with long sleeves
dress,train,dress_train_04421,B00CS0YYU2,B00B7WLRZC,is a royal blue almost purple color,is more blue and puffy
dress,train,dress_train_04422,B007WA4CQ4,B007WA48E0,is more colorful,is longer and green
dress,train,dress_train_04423,B00CIPLGAS,B00ATZ3GYI,is red colored, spghetti straps
dress,train,dress_train_04424,B0042ET3NK,B003EEM0A2,is blue with thin straps, fitted top with squared neck
dress,train,dress_train_04425,B008AEE2AW,B008IBLXG8,is polka dot,is black with white dots
dress,train,dress_train_04426,B009S3IEO4,B006WJQQAG,is a longer length and open shoulders,is strapless and black and white
dress,train,dress_train_04427,B00CW67BW0,B00CVTL0CK,has spagetti straps,has spaghetti straps
dress,train,dress_train_04428,B00AVWKDTK,B0058J5KNK,long sleeved long dress,Has longer sleeves and is red
dress,train,dress_train_04429,B007P1M4BK,B004XBD298,Is darker with a paisley print.,is more green and white
dress,train,dress_train_04430,B00DD7W2HQ,B0093OFTFK,is long and slim,longer
dress,train,dress_train_04431,B0094N8PX8,B0037Z7LOI,is less formal,is shorter and sleeveless
dress,train,dress_train_04432,B00730UJIS,B006W1VGOU,is slimmer and more monochrome,is white and grey
dress,train,dress_train_04433,B0091DZV10,B004LVNNLM,Is more revealing and ruffled,is a sleeveless dress
dress,train,dress_train_04434,B0080E6XEU,B00AIITPVE,Has longer sleeves  and more flowing,has polka dots and is red
dress,train,dress_train_04435,B005ZWDS3E,B0085JEB4O,has a bold geometric pattern and longer sleeves,is multi colored and has longer sleeves
dress,train,dress_train_04436,B008NFLVRU,B00DQCC3XG,is black and shorter,is shorter
dress,train,dress_train_04437,B00BI8SCB2,B00AMYTGVS,is sexy and has no sleeves,has more gold and more designs
dress,train,dress_train_04438,B00ESQLF56,B00DFXGDSC,is louder,is black with floral print
dress,train,dress_train_04439,B005DVJGP6,B007HES2I4,Is shorter with 3/4 sleeves.,has shorter sleeves
dress,train,dress_train_04440,B00FF784X8,B00BUKDMUY,shorter sleeves and is greener,has no sleeves and is green colored
dress,train,dress_train_04441,B0084DJPU6,B00DECZ03S,Is lighter colored and has no pattern,is less revealing and blue in color
dress,train,dress_train_04442,B008MVST6G,B008MVSU6K,is a black skirt with white stripes,is two toned and darker
dress,train,dress_train_04443,B005H67B86,B0037UZVOA,is shorter with a slit,is strapless and shorter
dress,train,dress_train_04444,B0080E5N0K,B008DS1R5I,Is darker with white background.,is darker with a belted waist
dress,train,dress_train_04445,B0050A70S0,B00509C1Y4,is teal with half sleeves,has three quarter length sleeves and is solid teal
dress,train,dress_train_04446,B00B9LWKQG,B00BIGF17C,is more sea green blue,is turquoise and not transparent
dress,train,dress_train_04447,B002TLRB6Y,B00C2USM2O,is blue and yellow patterned,is multicolor floral pattern and sleeveless
dress,train,dress_train_04448,B007WACXG0,B008PHPQ5O,has a feather print in blue and salmon,Is shorter and not striped
dress,train,dress_train_04449,B0058ZYM38,B00B1SJVN2,is a long loose blue dress,is lighter blue and solid
dress,train,dress_train_04450,B008A4RHC2,B007P5GL42,is dark golden colored and more shiny,The dress is gold and shorter
dress,train,dress_train_04451,B002WVUC9Y,B0083690HW,is solid blue and longer hemline,is longer
dress,train,dress_train_04452,B0089I96Z0,B008VIRHPO,is blue with longer length,is longer
dress,train,dress_train_04453,B00BTUZB4U,B00BSMTV8Q,is a blue blouse and white skirt,is more brighter and revealing
dress,train,dress_train_04454,B00DGE417K,B00DO9OMQW,has shorter sleeves and less colorful,is orange with shorter sleeves
dress,train,dress_train_04455,B003D8C0UY,B00A86RE1O,is long sleeved and scoop neck,is blue and long sleeves
dress,train,dress_train_04456,B00CY9F6OA,B007SD83I8,black with white small dots,has a polka dot pattern
dress,train,dress_train_04457,B006W1Y9YO,B006LFF9FE,its white and ping and shoulder free,is lighter in color
dress,train,dress_train_04458,B0093ANHDU,B00BEIN4YQ,has three quarter sleeves and bright,the dress is yellow and white with longer sleeves
dress,train,dress_train_04459,B00DYI6KKO,B00DMSENKA,is pink with a pink belt,is pink
dress,train,dress_train_04460,B00AKMLQRO,B008X8A5WE,does not have a belt and is more flowy,has straps and a striped pattern with more pink in the print and no waist bow.
dress,train,dress_train_04461,B004FEE206,B0026CH81O,has more pockets,is lighter and less form-fitting
dress,train,dress_train_04462,B0091S553O,B005G1ZEH2,is a solid color and has shorter sleeves,is Blue and sleeveless
dress,train,dress_train_04463,B00FFBEY88,B00CTQ8BGI,is white and more revealing,is more off the shoulder
dress,train,dress_train_04464,B007WAFBEQ,B007WAEHGY,Longer and less revealing,is longer
dress,train,dress_train_04465,B00ANVR0LI,B00CBERKDS,has cap sleeves and more solid colors,is solid red and black with cap sleeves
dress,train,dress_train_04466,B00CN3YPIU,B00CR6BQL2,has black and white stripes with short sleeves,Is more striped and more comfortable.
dress,train,dress_train_04467,B00BT9AY7U,B0089K3E9C,has no stripes,is darker and has no stripes
dress,train,dress_train_04468,B00CAA4WU2,B008UWI3BI,is black and striped open back,Darker in color a little longer.
dress,train,dress_train_04469,B00DGO6NBW,B00EKQGM2K, a darker color and thicker belt,is longer
dress,train,dress_train_04470,B008QFSW8I,B00B2TPGOI,is more revealing,has a checked top.
dress,train,dress_train_04471,B006ZPQFEO,B005DN7X9U,Little bit looser and more neck area,has shorter sleeves
dress,train,dress_train_04472,B007SOU9QG,B007SOUAGU,is of a different color,has more black and brown
dress,train,dress_train_04473,B005SMZW26,B009LUJQ7S,u shaped neck and has no slit.,is white black and red
dress,train,dress_train_04474,B00BL4T93S,B00CMU59AC,is red and floor lenght,is red and floor length
dress,train,dress_train_04475,B00F4MWWSM,B00FNZO4KO,has more flared skirt and is solid red,is more red and plain
dress,train,dress_train_04476,B004A7XTRK,B004LVNVB4,is lighter colored and sleeveless,has shorter sleeves and brighter color
dress,train,dress_train_04477,B004HIMKE0,B001GS7OAY,is shorter with animal print,is shorter and more like a cocktail dress
dress,train,dress_train_04478,B00DZ19V3S,B00D3PLC3S,is lighter and casual,is striped and longer
dress,train,dress_train_04479,B0032RJYMI,B0054DADDC,its more solid color and one halter,is a darker pink
dress,train,dress_train_04480,B002Z7FXBM,B004LP2G9S,more peach with a pleated skirt,less professional and more pink
dress,train,dress_train_04481,B009UU80M6,B00B5MJSJQ,has long sleeves,Has longer sleeves
dress,train,dress_train_04482,B0063TYDAK,B000NP3L8A,in pink and longer length,is longer
dress,train,dress_train_04483,B00CB92J48,B00CC5YAKM,has long sleeves,is more dark red
dress,train,dress_train_04484,B008VPXVTS,B00ARA8YJ2,is long sleeved and bright with some print,is long sleeved and dark pink
dress,train,dress_train_04485,B0094PFF7K,B007Z0NTN8,it is more loose on top and colored more as a top and skirt,is a solid top and metallic skirt
dress,train,dress_train_04486,B00DBD76KK,B00DBD84JW,is black and white striped,Is more striped
dress,train,dress_train_04487,B00361FMPS,B005NI05SQ,is longer sleeved and red,is red with long sleeves
dress,train,dress_train_04488,B009RVDEMO,B009A3W37G,is lighter colored and stripier,is neon green and grey stripes above the knee
dress,train,dress_train_04489,B005EVNHD2,B004R9PEOM,is a black and white dress  with no sleeves,has shorter sleeves
dress,train,dress_train_04490,B005J29V4K,B006GF8E3S,is more fitted and brown,is brown and form fitting
dress,train,dress_train_04491,B00B8GYG78,B008VIWJZ2,has a tie up fitted top with a flare bottom,is longer and purple
dress,train,dress_train_04492,B00A13GQ7M,B00525WRCC,is blue and shiny,is shiny and more dressy
dress,train,dress_train_04493,B00CQSRVLK,B0072IL48U,is black in color,is black
dress,train,dress_train_04494,B00GGGFM64,B00EHAG0NA,is plain black with a v shaped neckline,is black and shiny
dress,train,dress_train_04495,B00385WM5A,B005C8WI14,Is longer with a blue and black print,more patterned and strappy
dress,train,dress_train_04496,B00622AK7I,B005PU7VUM,is more formal,is more tribal and more burgundy
dress,train,dress_train_04497,B007HI744S,B007RIKT0Y, and strap.,is a lot shorter in solid black.
dress,train,dress_train_04498,B00CWZACPE,B00E62D2S0,more shiny and gold,is white
dress,train,dress_train_04499,B008OIKPYQ,B0072NLOU8,is lighter and more concealing,is white and less revealing
dress,train,dress_train_04500,B00DDHBRLS,B00EKZYP8O,is a gold dress,is a plain color
dress,train,dress_train_04501,B00BAR35JK,B00C12LB8U,has a deeper neckline and is darker,is black with straps
dress,train,dress_train_04502,B0060I62YE,B00C6XKYKK,has no sleeves, longer and has no sleeves
dress,train,dress_train_04503,B00AIWH88C,B00GD71S6Y,is longer and more royal,is a solid blue color
dress,train,dress_train_04504,B00C31JB9K,B00CG716WQ,has short sleeves and solid colored,is pink with very short sleeves and no pattern
dress,train,dress_train_04505,B009XEPWO8,B008BBCV84,is light blue in color,is shorter and flowing
dress,train,dress_train_04506,B00ARHO5HK,B0058FOSC8,Is sleeveless and geometric printed,has black and brown patterns
dress,train,dress_train_04507,B00EISEAMY,B00CHSEXZG,is a darker color,Has a darker design on the bottom
dress,train,dress_train_04508,B007HHEDF2,B009H1S1D6, and is multicolored, tan
dress,train,dress_train_04509,B007GP6I5I,B003TJA2AM,is two toned and fitted,Has more stripes and more shoulder material
dress,train,dress_train_04510,B00CJDHFDG,B003M9FAGU,is black and is looser fitted from waist down,is black with cap sleeves
dress,train,dress_train_04512,B008PQIE8G,B003VQRPP8,is brown,is strapless and black
dress,train,dress_train_04513,B008R527HY,B008R4Y0D4,is belted and has longer sleeves,is belted and has longer sleeves
dress,train,dress_train_04514,B008I2VXU8,B0084OF18A,is lighter,is blue
dress,train,dress_train_04515,B006GV42EM,B00943P1VW,Is darker with sheer shoulders., and pleated
dress,train,dress_train_04516,B00FFXYD6E,B00EP47H76,is shorter and with less print,is longer and lighter
dress,train,dress_train_04517,B007Q0YI5K,B007SL5JP0,Is black and has long sleeves.,It is more black and has longer sleeves
dress,train,dress_train_04518,B008QPBZFU,B00BJE3TIG,is teal with a long belt,is green and bow at waist
dress,train,dress_train_04520,B00AEB9U60,B00AITNIAW,has no straps and is white,white and strapless
dress,train,dress_train_04521,B007WASNQE,B008FZA43U,is a waist dress sleeveless,has a zipper detail and cinched waist
dress,train,dress_train_04522,B007ETZG3G,B000M4KUD6,more tan and pants,are pants
dress,train,dress_train_04523,B008OW2YQ4,B006PA7KMA,short sleeved and belted,is two parts
dress,train,dress_train_04524,B007TYML98,B005EIK7SS,is multi-coloured,is a lighter color and is strapless
dress,train,dress_train_04525,B0073149OC,B006WWVIU6,is more patterned and sheerer, patterned with shorter sleeves
dress,train,dress_train_04526,B0066CUWUO,B00767OUTM,is darker red and is more chic,is more work attire and darker in color
dress,train,dress_train_04527,B00CY953HU,B002UD653Q,is more green and white in pattern,is much shorter
dress,train,dress_train_04528,B009MB2V1E,B004Q9T84A,is a floral halter dress,is blue
dress,train,dress_train_04529,B00ASZ9HVA,B0056JJ3LW,is shorter and sleeveless,much shorter and darker
dress,train,dress_train_04530,B00BNN3BA4,B007U1GIAS,has a shorter and tighter skirt,more slimming and all black
dress,train,dress_train_04531,B008BHCT58,B004M8RTIC,is shorter and fancier,reveals more shoulder and is white
dress,train,dress_train_04532,B00BBUR8K8,B004EHZC08,is more baggy,has wider neckline and is more drab
dress,train,dress_train_04533,B005F1OFXM,B00746F7C4,has a shorter hem all the way aroung and shorter sleeves,is a tigher fitting dress in white.
dress,train,dress_train_04535,B003725CWY,B0072DJFWM,Is a black vinyl short dress.,is all black and has a thin and thicker strap.
dress,train,dress_train_04536,B00GD92A2I,B00CUX5WUI,strapless and more fitted,blue with shorter sleeves
dress,train,dress_train_04537,B00D6RYKZA,B00E7X7T14,Has more coverage and is more chic,Teal blue
dress,train,dress_train_04538,B008PQIE8G,B0055TB2RQ,is more childish,silkier and geometric pattern
dress,train,dress_train_04540,B004WC6AHO,B0079YL0TA,is two toned and shorter,is open neck and belted waistline
dress,train,dress_train_04541,B0082995UM,B008BRLVJ8,has straps and is darker with a dotted pattern,It is dotted and less plain
dress,train,dress_train_04542,B00CDZCIDC,B00AQ4VCIE,is sleeveless and pink and black printed,has no sleeves and an animal print
dress,train,dress_train_04543,B00ASWWFP8,B0097J0XFC,Looser and fluffier,is longer and more elegant
dress,train,dress_train_04544,B004ZRV4DG,B00CTLIKUU,is pink and black with no sleeves,is shorter with pink detail on upper part
dress,train,dress_train_04545,B008P5Q78Q,B0080E51Z2,has a white strap near waist,is two toned and open necked
dress,train,dress_train_04546,B00901GS0G,B008X1JL4Y,Is a grey striped tunic.,is striped and long sleeved
dress,train,dress_train_04547,B0085966OW,B008DS1YK6,A short black dress with cutout sleeves.,has more black
dress,train,dress_train_04548,B004FFLUN2,B004T6S92C,has spaghetti straps and a solid black bottom,is solid black and tiny straps
dress,train,dress_train_04549,B008BHJ9ME,B0055P79M2,is more colorful and revealing,is strapless and has a flared skirt
dress,train,dress_train_04550,B00B89PJ4E,B00B89QGEG,is solid black with a half strap,is black and doesn't have sleeves
dress,train,dress_train_04551,B00CGDKAZE,B00CE5DGUA,has red long knee and no sleeves, and shades of orange
dress,train,dress_train_04552,B004J8I3H6,B004R9PFDW,is red with thin straps,is red
dress,train,dress_train_04553,B005FOQ6QS,B007BZF7ZK,is longer,more open and longer
dress,train,dress_train_04554,B00CTA0NEW,B006TPTYE8,strapless and light colored,is white with no straps
dress,train,dress_train_04555,B006VHBT56,B005TESOYQ,one shoulder blue top tight on botton,is more blue and sleeveless
dress,train,dress_train_04556,B005PZWANK,B007E9XJYE,is a short orange polka dot skirt,is black and not ruffled
dress,train,dress_train_04557,B00CIPLGAS,B0080DL1UC,has bigger sholder straps,is black with a V neck
dress,train,dress_train_04558,B005J29V4K,B004I5BSV8,is yellow and strapless,is lighter in color
dress,train,dress_train_04559,B009CMYAPI,B009RV9EAA, is lighter in color,Is less  patterned
dress,train,dress_train_04560,B0098BVDZI,B00CTHP5OS,black in color,is darker in color
dress,train,dress_train_04561,B0032Z8JQ2,B00243FOIY, longer with floral print,is spaghetti strap and lighter multicolored
dress,train,dress_train_04562,B006TAKSBQ,B008DGFV0W,is gray and shiny,is sleeveless and tighter
dress,train,dress_train_04563,B008EQ06I8,B00GYL56PS,has longer sleeves and more stripes,is long sleeved and striped and fitted
dress,train,dress_train_04564,B00BM9KPSK,B00A64TFH4,Is more whimsical and has more coverage,is black with long sleeves
dress,train,dress_train_04565,B00CHURMFC,B00COV7XKI,is a sleeveless,is black and longer
dress,train,dress_train_04566,B005GYGK2W,B008BWOCIU,is white with straps and a u shaped neck,has flowered textures and a scoop neck and is white
dress,train,dress_train_04568,B008TZXL2M,B009YSOCGW,has a Chinese neckline,Much shorter
dress,train,dress_train_04569,B007Y3CO3C,B006LAMLQ4,is black and shorter,is black
dress,train,dress_train_04570,B0076ZZIT0,B0076ZYMBA,is lavender colored, strappy and flowing
dress,train,dress_train_04571,B00BKRMJLK,B00AFRBMM8,Is more black and chic,is black with a thinner waist belt
dress,train,dress_train_04572,B00FGD88AA,B00DMP0FGO,has longer hem,is yellow and long
dress,train,dress_train_04573,B006MRH63O,B006VB284S,is less sporty and solid black,is much longer and lighter in color
dress,train,dress_train_04574,B006J04I4E,B006VVFZ84,has no sleeves and an orange and white pattern,has a red print and no sleeves
dress,train,dress_train_04575,B0009Y2LN6,B008PRHLJS,is tighter and more black,is tighter fitting
dress,train,dress_train_04576,B00APYBNR0,B003YJGB48,is more of a dress,is black and sleeveless.
dress,train,dress_train_04578,B005KILUWO,B00590GRVC,is stripped on top and purple,is belted and more colorful
dress,train,dress_train_04581,B004IWRIMY,B007ZYSBKU,has white designs with longer sleeves,is black with thicker sleeves
dress,train,dress_train_04582,B006WJ7JK2,B006WWQY28,is solid black,is navy blue
dress,train,dress_train_04583,B008V5OJTO,B00499DH58,is blue shiny short dress,is more playfully colored and has thinner straps
dress,train,dress_train_04584,B009ZRKV6W,B004EHY4K2,is darker and more sexy,is solid black.
dress,train,dress_train_04585,B00858S4M0,B007WAFN4E,is pale with short sleeves,Is brown in color with shorter sleeves
dress,train,dress_train_04586,B005OPE42Q,B00C62F7Y4,is more striped and is longer,is white with pattern and longer
dress,train,dress_train_04587,B008GXL2UU,B00BNXYJG4,has brighter floral patterns,is lighter and sleeveless
dress,train,dress_train_04588,B008OC8IF0,B007E9KXZM,one shoulder short white dress,Is more blue and has 2 shoulders
dress,train,dress_train_04590,B00606F0PI,B004EWG4JG,is lighter in color,is brighter in color
dress,train,dress_train_04591,B00ALWPNGI,B00CMXK95E,is gray with tank top sleeves,is sleeveless gray and no belt
dress,train,dress_train_04592,B007WA2Y8M,B007WAFK6U,has shorter sleeves and is blue,looser fitting botttom in deep royal blue.
dress,train,dress_train_04593,B004DUM9QG,B009L9ZP56,has a defined bust and is longer,is a longer.
dress,train,dress_train_04594,B00E5O5UCA,B00CR4L57Y,is darker and flower printed,is patterned and more colorful
dress,train,dress_train_04595,B005F1YLUY,B002AVZ57K,is less flared and is less ruffled,is pink and shiny
dress,train,dress_train_04597,B00D357MPA,B00CSY2XWO,is a coloful sixties print with sleeves,is multi-colored with longer sleeves
dress,train,dress_train_04598,B00C65Y800,B005S7ROGI,has shorter sleeves and stripes,is striped with shorter sleeves
dress,train,dress_train_04599,B00APPBO78,B0098QQAHO,is white and shorter with short sleeves,is a white tunic
dress,train,dress_train_04600,B00DDY3MNM,B008BWOC76, sleeveless,is longer
dress,train,dress_train_04602,B004NRNCA6,B004SKFLDY,is light tan in color,is shorter and tan with a black belt
dress,train,dress_train_04603,B00AQTODZ8,B00AT9HNDO,is brightly colored,is lighter and sleeveless
dress,train,dress_train_04604,B00E3GFPFW,B00ATX4ZKO,is solid grey in color, strapped top
dress,train,dress_train_04605,B00AAUXG74,B004Q7DROO,has no sleeves and is yellow,has no sleeves and a lighter print
dress,train,dress_train_04606,B003BT5ZGQ,B00153X5QM,is beige with a design and short sleeves, tight and sexy
dress,train,dress_train_04607,B00G7H3BQU,B00F4MXHW2,Is more red and chic,is red with short sleeves
dress,train,dress_train_04608,B008G5VVDQ,B007KSGAG8,is plain in color,is two-tone yellow with longer sleeves
dress,train,dress_train_04609,B00ABBZVDY,B005JJ21UY,is turtle necked,has shorter sleeves and a higher neck
dress,train,dress_train_04610,B00BI3WXJ4,B00A7HPMO0,is black with a design on top,has a colored pattern top and black skirt
dress,train,dress_train_04611,B007JLQFEI,B006LFOX4M,has longer sleeves in a red color,has more pink and longer sleeves
dress,train,dress_train_04612,B0073EX0NU,B0087D760E,black and grey no sleeved dress, colorful pattern
dress,train,dress_train_04613,B008DS1R5I,B008IBMXFI, and a longer hemline,is white and floaty with long sleeves
dress,train,dress_train_04614,B00A3HMAI0,B00AA8J0CG,is more revealing and darker,is brown and has an open back.
dress,train,dress_train_04615,B005VG51SO,B004LZ5V0O,is white colored and strapless,is strapless and white
dress,train,dress_train_04616,B00EWDHU18,B0051BZ4YA,pick i color with flowers, flowing
dress,train,dress_train_04617,B00AE337U8,B003ILTM5C,is solid black,It is less colorful and and more plain
dress,train,dress_train_04618,B005J29V4K,B0075NK0ZK,is solid white,open back
dress,train,dress_train_04619,B00AYXA7TM,B008K4IA14,is green and has longer sleeves,is blue with long sleeves
dress,train,dress_train_04620,B008UAEP0I,B008UAEELI,strapless and purple printed,has no straps and is longer
dress,train,dress_train_04621,B004QTQ8FW,B004NRO7N2,Lighter and not Asian looking,Is lighter in color with spaghetti straps
dress,train,dress_train_04622,B00CPYIJH0,B006UCR1I6,dark purple short dress with bow belt,is longer
dress,train,dress_train_04623,B008BHRZFM,B008MP2JCC,is yellow and tying belt on waist,more yellow with no print
dress,train,dress_train_04624,B00B3JKFRA,B00CRNKD6E,is black and white patterned,has long sleeves with white and black patterns
dress,train,dress_train_04626,B0058P6TES,B003U2T08S,is solid black and looser fitting,is black and fuller
dress,train,dress_train_04627,B00FTGZDXY,B00919K4P2,is white and shorter,Is darker blue and more fitted
dress,train,dress_train_04628,B005CV18LW,B007I0044W,is lighter,is lighter in color and less skimpy
dress,train,dress_train_04629,B00DGE417K,B003Z9L5F2,is black and does not have straps,more black and more open on top
dress,train,dress_train_04630,B0087RFRHY,B008FC2LLQ,has sheer sleeves,is solid red
dress,train,dress_train_04631,B008V5OKTI,B002SQJQ2C, with ragged hem and more print,is shorter with a silver belt sash
dress,train,dress_train_04632,B008UAEXZK,B008UAE5NU,is multi-colored pattern,has no straps with colorful patterns
dress,train,dress_train_04633,B003XYQFRC,B008VHE8WA,Has a pink and white vintage print,is in floral pink colorings.
dress,train,dress_train_04634,B008SMUFO8,B008SCI8T2,is teal colored,is looser and a brighter color
dress,train,dress_train_04635,B00DO9MMOQ,B00D3RBPXS,is shorter,is whiter and shorter
dress,train,dress_train_04636,B008H7IIKC,B0091X91ZM,is longer and has shorter sleeves,is longer
dress,train,dress_train_04637,B008200YHE,B0075NK230,is less revealing and is multicolored,is covered neck line and striped black white
dress,train,dress_train_04638,B007R1V7PM,B00DN48P3Y, is brighter red,has more black and white
dress,train,dress_train_04639,B005OAYTHG,B00A8E8W1M,Its beige and has short sleeves,has quarter length sleeves and structured
dress,train,dress_train_04640,B0056JJC7C,B0055946FQ,less bulky skirt with floral print,Is more  whimsical and colorful
dress,train,dress_train_04643,B006TAKSBQ,B007M8P3WI,is longer and flowery red, patterned
dress,train,dress_train_04644,B008BHS3UI,B00DDJMRZQ,is plain and has sleeves,light pink and has a black belt
dress,train,dress_train_04645,B003XZWE3A,B00DM0RNMI,sleeved silver dress,is a darker grey pink with a tighter fit.
dress,train,dress_train_04646,B004AH7ZHU,B00604KXRK,is animal print tight tunic top sleeveless,is tan and has a lower neckline
dress,train,dress_train_04647,B004PEB0QK,B0055422PM,is light pink colored, and pink print
dress,train,dress_train_04648,B008ERGCGW,B007PAD11S,is a blue tank dress with red belt,has blue top and striped bottom
dress,train,dress_train_04649,B00DMP0FGO,B00G4LDX08,is short and mid-length sleeves,is multicolored
dress,train,dress_train_04650,B008OW80JE,B0072CLDAU,has one sleeve and is darker in colour,has off shoulder and is brown color
dress,train,dress_train_04651,B00EZK65TQ,B009NQUV2E,is darker  with a belted waist,is black and longer length
dress,train,dress_train_04652,B006W1TYE4,B00E8IU7YY,has thicker straps,is brighter shades of color and classy
dress,train,dress_train_04653,B00BT8N1BC,B00GN7I1PU,is black,is in black only.
dress,train,dress_train_04654,B004YHIRJG,B004L2KKHQ,is printed and less shiny,is black and white and less shiny
dress,train,dress_train_04655,B00DUH1ZA4,B00FGD88AA,is black and longer sleeves,has longer sleeves and is dark colored
dress,train,dress_train_04656,B007QSN7EK,B00AOGVGWQ,has a u shaped neck and is darker and longer,longer
dress,train,dress_train_04657,B000W71GMC,B000RQ2Z14,has shorter sleeves, longer and red in colour.
dress,train,dress_train_04658,B005ACHE0C,B004SNBKFY,is sleeveless  and is lighter color,is wrap around and sleeveless and lighter colored
dress,train,dress_train_04659,B0075NK230,B0089I9NFS,is more black with white spots,has no shoulders
dress,train,dress_train_04660,B00A13GIP2,B00DHX3LJE,is more colorful and slimmer,is longer and more patterned
dress,train,dress_train_04661,B007WAEN86,B007NCGPV6,a halter top white dress,is in solid white without sleeves.
dress,train,dress_train_04662,B009ESAI4M,B00BM1TBXS,Has sheer sleeves and a black dress,is all black with spotted transparent sleeves
dress,train,dress_train_04663,B008G3LZIE,B0079EIAIY,has short sleeves. It zips down the front,has shorter sleeves and is pink
dress,train,dress_train_04664,B007N1LUP8,B00FOL0OCY,is black and without collars,black
dress,train,dress_train_04665,B00741MS5I,B00CAKLMS2,is solid black with longer sleeves,is black and white and has two straps
dress,train,dress_train_04666,B007PNQ71G,B005KQWIYK,has sleeves and is less beachy,is darker and has short sleeves
dress,train,dress_train_04667,B00A8NVGH0,B00B1YKGG2,is light blue and strapless,sleeveless belted short floral dress
dress,train,dress_train_04668,B000NPTS8M,B0006HJ8FU,is long and has a side slit,is longer
dress,train,dress_train_04669,B00EDES1K0,B00GNDS53C,is a solid black with short sleeves,is solid in color and form-fitting
dress,train,dress_train_04670,B00BUZLP5S,B00CQNVS28,is more casual and comfortable with bird print,is yellow with black patterns
dress,train,dress_train_04671,B004PED414,B004PE9EOK,is longer and is not strapless,has sleeves and is paler and longer
dress,train,dress_train_04672,B007Y2KQHO,B007KZNLS6,Is more white and fitted,is white and shorter
dress,train,dress_train_04673,B00CL0XWC0,B002VLFSPI,u shaped neck dress with sleeves and flowery color,has vibrant floral patterns
dress,train,dress_train_04674,B008KKNW20,B00AXYEEHI,is red in color and longer sleeves,is red with sleeves
dress,train,dress_train_04675,B008BRFJDC,B001Q3KVQ8,is a black halter top dress. With embroidery along the ends, only.
dress,train,dress_train_04676,B0074H8JR8,B000PCYP6S,is solid black in color,is black and short sleeved
dress,train,dress_train_04677,B004VT7U1S,B00DCD0M5K, with a turtleneck,is not a dress
dress,train,dress_train_04678,B00DR7GMTG,B00C9UOD6Q,floral white and black dress with black belt,is a white color with floral print accentuated with black.
dress,train,dress_train_04679,B0088B3262,B006MRH080,is strappless,is strapless
dress,train,dress_train_04680,B007RBJJ0W,B007OWG2T0,is longer,has a longer hem line
dress,train,dress_train_04681,B00CO6L494,B00EUGDXR2,is blue with a black belt,is more teal colored
dress,train,dress_train_04682,B001GS7OEU,B0038H9HP6,is shorter and shinier,is only a jacket and shirt.
dress,train,dress_train_04683,B00A6WAFLG,B00A6ETW9U, and light grey,It is less colorful and more stripped
dress,train,dress_train_04684,B005VG51SO,B007XD9LW0,has no sleeves and is lighter,is silver shiny and has off shoulder
dress,train,dress_train_04685,B0071UJRSS,B006TP29CC,has a lighter design,is lighter in color
dress,train,dress_train_04686,B00AA6FAOU,B00AHOXFEC,is blue with no straps,is strapless and brighter color blue
dress,train,dress_train_04687,B0089DK5NM,B007SVCT12,is plaid with no sleeves,light color
dress,train,dress_train_04688,B0085MGQUS,B0058XIAOC,has a lower neck and solid beige,is sleeveless and v necked
dress,train,dress_train_04689,B006Q97NY0,B004FPYVRE,is a white floral dress,is royal blue.
dress,train,dress_train_04691,B00DP4X3U2,B00CIETF8O,is black with straps,is black with straps
dress,train,dress_train_04692,B009ZWLVZC,B00FPHQVCY,has a tighter fit in green lace,is brighter in color
dress,train,dress_train_04693,B0072QSQH4,B004XDJR1S,is a short pink floral dress,is more see through
dress,train,dress_train_04694,B00D991JFO,B00B0QNCY4,yellow top and grey skirt dress,is longer
dress,train,dress_train_04695,B008R527JW,B008R527HY,brown and more uniform colorwise,is shorter
dress,train,dress_train_04696,B00BCT0094,B00C886ZJW,is white,is lighter in color and is longer in length
dress,train,dress_train_04697,B00COQF6AW,B00EKX0MZQ,is darker,is dark brown with gold pattern
dress,train,dress_train_04698,B00DBP8B7U,B00AVGH2PY,has a slit and is a darker color,has more pink and a longer slit
dress,train,dress_train_04699,B0077Q4ORK,B00AWNZ4YW,has more gray and white,has a shorter sleeve and gray color
dress,train,dress_train_04700,B00CHURMFC,B00BMWT0V0,is plain black and straight,is a darker color
dress,train,dress_train_04701,B009NIN73W,B004GBERG2,Is darker with one shoulder,is grey
dress,train,dress_train_04702,B00BRBEBE2,B00CSBF0MC,is short and solid pastel yellow,is shorter and less colorful
dress,train,dress_train_04703,B004HIMKZY,B0044UJ18Y,has longer sleeves and is solid black, purple
dress,train,dress_train_04704,B00BJMPM1A,B00BZV2XJE,is an ombre black,is black and silver
dress,train,dress_train_04706,B0040V7GQQ,B004ECI7WI,is a shiny orange strapless dress,is red
dress,train,dress_train_04708,B000WQ0ERG,B0014507CG,is darker in color and more shiny,More red and gleaming
dress,train,dress_train_04709,B00AKOUZPQ,B005QJYF9M,A long shirt with more colorful with sleeves.,is blue with long sleeves
dress,train,dress_train_04710,B00CIZVX2O,B00E3UZQ0W,is strapless,is white and sleeveless
dress,train,dress_train_04711,B006TAKSBQ,B003HIWWL2, white and gold design,is more patterned
dress,train,dress_train_04712,B005FUMN6O,B007UM53BM, plain and strapless,is longer and stylish
dress,train,dress_train_04713,B00B8B687Y,B009XEBCAQ,Is more lacey and frilly,is more slutty
dress,train,dress_train_04714,B005FOPOFW,B000ITOOFU,Is shorter,has a v neck
dress,train,dress_train_04715,B004U9L29U,B004U9YUG2,is leopard printed and has one strap,is off one shoulder and solid prined
dress,train,dress_train_04716,B009S3I7FU,B006ZUO5PK,is solid cream,is more formal and floor length
dress,train,dress_train_04717,B0062Z3TAK,B009WQRQ64,Is strapless with a looser bottom.,has no sleeves and is more wimsy
dress,train,dress_train_04718,B008AEE2AW,B008FY9OK0,has floral pattern and longer length,is floor length and printed
dress,train,dress_train_04719,B0073YIIUU,B0054N0TF4,solid pink and longer,is longer and pink
dress,train,dress_train_04720,B009ZRKV6W,B008CQKKE0,is black colored and longer length, round neckline
dress,train,dress_train_04721,B0063R8BIW,B00B002KFW,Is black and white. More sexier,is more darker and revealing
dress,train,dress_train_04722,B008596OMQ,B009NPBOR6,is white and a body con,is lighter colored and plain
dress,train,dress_train_04723,B00EIX7A08,B00BUWXQ26,is black colored,Is black
dress,train,dress_train_04724,B000VHIPI6,B005GVSEG0,more pink and longer sleeves,It is more lose and long sleeved
dress,train,dress_train_04725,B004TLEUR0,B007IS27GM,Is a back sleeveless dress,is in solid black.
dress,train,dress_train_04726,B003VQQZU4,B0031RFWT8,is a no sleeved solid pink color,shows more skin and has more pink
dress,train,dress_train_04727,B001LDAOEM,B0061YBA3A,is a pair of see-through gloves,are lace gloves
dress,train,dress_train_04728,B007NA02HG,B00D6AP2J0,is looser with a vneck,is yellow and free flowing
dress,train,dress_train_04729,B004M18ETW,B003H4PWPO,Is short with spagetti straps,has shorter sleeves and  more revealing
dress,train,dress_train_04730,B00CQHZQ1S,B00BVYCQHE, and darker,has more of a wedding look to it
dress,train,dress_train_04731,B0094G6TME,B0029B5JK4,is leather and has a zipper in front,is more revealing with leather
dress,train,dress_train_04732,B0060I62YE,B008R77VSC,is black colored,is solid black a square neck line
dress,train,dress_train_04733,B004MPQFC6,B0078KOTHU, gold colored,is blue with silver stripes
dress,train,dress_train_04734,B00A3Q8G8Y,B007WPHUYU,is blue and shorter,is shorter and teal
dress,train,dress_train_04735,B00B2IYC0I,B005GNVHVC,is a red V neck dress,Is solid red and V-necked
dress,train,dress_train_04736,B00AYXA7TM,B00BSNKK62,is belted and stripped,is longer
dress,train,dress_train_04737,B00CWRU5BS,B00DAUF2FA,is tighter and darker,short and short sleeved with white and black.
dress,train,dress_train_04738,B004QF0QXQ,B008GRR7UA,has sleeves and with red and black,chevron and long sleeved.
dress,train,dress_train_04739,B00E3G3BDA,B00AI6V028,orange brown dress with belt,is color-blocked and has a belt
dress,train,dress_train_04740,B004EHU0U0,B00CANBBIU, and less revealing,Has white stripes and more filled top.
dress,train,dress_train_04741,B00BEU0W9O,B008CPSJR6,is black and short,is black and shorter
dress,train,dress_train_04742,B00ABBZVDY,B00D8YNKXY,has shorter sleeves and stripes,is pink with straps
dress,train,dress_train_04743,B007CJO4W2,B00DW1MW4G,is more halter top and darker color,is sleeveless and has an animal print
dress,train,dress_train_04744,B00DJZPRMO,B00D5033UQ,is floral patterned,is floral and more colorful
dress,train,dress_train_04745,B0077Q4ORK,B008X3D1U2,has a higher neckline and is more casual,Is shorter and sexier
dress,train,dress_train_04746,B004H8FEC0,B00974EMJ0, wider straps in brown print,brown print
dress,train,dress_train_04747,B00BEIN4YQ,B00DURAMP8,is solid black,Is black and less printed.
dress,train,dress_train_04748,B000VHIPI6,B00B7Q48PO,has no straps and is longer,is less evening and more fun
dress,train,dress_train_04749,B00BHG5NS0,B00CC2K1VM,its more colorful and loose fit,has thin straps and colorful stripes
dress,train,dress_train_04750,B003TIULIG,B003YRCY28,lighter and shinier,is shiney
dress,train,dress_train_04751,B007PO9H2G,B00A52LPZM,has even hem and has sequins,is a royal blue with a sheer overlay
dress,train,dress_train_04752,B00ELV4GZ4,B00DJB54J4,is shorter and more colorful print,is shorter and has shorter sleeves
dress,train,dress_train_04753,B00BUKKAY0,B00B9B3PJ2,is black and white with no sleeves,thinner material with pattern
dress,train,dress_train_04754,B0098QQAHO,B0072NKNIC,less revealing,blue and less tight fitting
dress,train,dress_train_04755,B00CEJF11I,B00A9VAPYQ,has a deeper neck and is more casual,is a dark blue grey color.
dress,train,dress_train_04756,B00CTQ8BGI,B00D712JJE,is a multicolored dress,is more multi colored
dress,train,dress_train_04757,B0013R0I88,B006O02KQC,is pink shade, and more revealing
dress,train,dress_train_04759,B00CZVH72Q,B00DPM9WAY,is shorter more patterned,is lighter and has patterns
dress,train,dress_train_04760,B008RX9C7O,B009T547Z6,is red and tight,is all red
dress,train,dress_train_04761,B008MVSU6K,B00385WICM,blue in color with less cleavage,Is more blue and ruffled
dress,train,dress_train_04763,B00CJTAK50,B00BUKJWLC,is a sleeveless dress with frills,is sleeveless and tiered.
dress,train,dress_train_04764,B0099A1I12,B008BMQ78I,is over one shoulder and pink,is off one shoulder and fitted
dress,train,dress_train_04765,B007CVN2NM,B00730QYY6,is dark blue with one shoulder strap,is one shoulder and a darker color
dress,train,dress_train_04766,B008FY9G0I,B009IS69GO, casual and less revealing,is black and shorter
dress,train,dress_train_04767,B004GUTNJO,B00590KP2E,3/4 sleeved short black dress,darker black and longer sleeves
dress,train,dress_train_04768,B009CRGDG2,B008H1Y5RI,has longer sleeves and is more see-thru,black with a bird print and has long sleeves.
dress,train,dress_train_04769,B00BT8N1DA,B00C4OMS00,Has more of a collar and fitted,isthe same
dress,train,dress_train_04770,B00BUKL2QU,B00BJF8E6C,Is a cream color collared dress,no product shown
dress,train,dress_train_04771,B00DL8U94U,B008ALCSH4, cap sleeved,is more orange with an round neckline
dress,train,dress_train_04772,B008G0CJLO,B00CMSRQZU,has no sleeves with light pink and beige in it,Is is less monochromatic and shorter sleeves
dress,train,dress_train_04773,B0088MPGH4,B00COQ7RZY,is black and white with straps,blue striped and no sleeves
dress,train,dress_train_04774,B00E7X7T14,B00D6RYKZA,has a yellow and pink print,has a more transparent skirt and no sleeves
dress,train,dress_train_04775,B009XIR152,B00EKT7OM4,has more lace,is darker
dress,train,dress_train_04776,B0072BCE8G,B008UT7D8A,is cropped neck black dress with pink and blue motif,is black with short sleeves
dress,train,dress_train_04777,B0046EC748,B005FLWZAC,is shorter,has a different neckline
dress,train,dress_train_04778,B00APFF1CW,B00C45JBVI,is short and orange,is more colorful and shorter
dress,train,dress_train_04782,B0081P9SEA,B000TGKJ88, and white dress. With a lace bow belt.,red with a v neck
dress,train,dress_train_04783,B00BQS4X3U,B00EH54QBS,Is more fitted and sexy,is more revealing
dress,train,dress_train_04784,B00B2HV4KU,B00ATN3H1C,has longer sleeves and is darker,is a darker color and has sleeves
dress,train,dress_train_04785,B00C31JB9K,B00DZ1977I,is shorter and darker,is above the knee with a floral pattern
dress,train,dress_train_04786,B0030MI3AE,B006MOS456,has longer sleeves and solid white,is shorter and lighter and has longer sleeves
dress,train,dress_train_04788,B00GMSZ3BA,B008P3Z1KS,Is green and longer,is green and more loose-fitting
dress,train,dress_train_04789,B004J254Z6,B0056F24M6,Is darker and less patterned,is plain black and much more simple
dress,train,dress_train_04791,B00CDZCIDC,B00E00M45K,less covered and spaghetti strap bright green color,is greener and no sleeves
dress,train,dress_train_04792,B0072IKU30,B00CY94LAU,has longer sleeves and a green and yellow pattern,is more colorful and has long sleeves
dress,train,dress_train_04793,B0090KHQOE,B0090KHIBK,has longer sleeves and peek a boo neck,is black with longer sleeves
dress,train,dress_train_04794,B00109US84,B00144G7O4,has no ribbon around the waist,is light purple
dress,train,dress_train_04795,B00DQG1V80,B0071DPNAG,is white and has shorter sleeves,is white and v neck
dress,train,dress_train_04796,B0051SQLA4,B00BMU41O8,Is a white peasant dress.,is short sleeve and has print
dress,train,dress_train_04797,B00FJIXNB6,B008IHM9WY,no straps short black dress,is black and has a scoop neck.
dress,train,dress_train_04798,B00BX9ACOG,B00BMIY1L8,Is longer with foil fabric pattern.,is solid black with floral design
dress,train,dress_train_04799,B00CSS7ZBY,B00CS3P7IM,is light red colored and longer,is pink and long.
dress,train,dress_train_04800,B0062FN12G,B0062FUAV6,is green and goes down past the calf,is much longer and colorful
dress,train,dress_train_04801,B00CWTXSQA,B00A64TYUW,Is less revealing and has long-sleeves,all black and longer
dress,train,dress_train_04802,B009PYPGJW,B009VJ1TBA,the black dress looks less revealing and too loose,is black and white
dress,train,dress_train_04803,B003RRWX30,B0080EMFGU,has no straps and is brown,is a signature
dress,train,dress_train_04804,B008BUK8F8,B007ZZCHOK,has one strap and is teal,is teal and has 1 shoulder strap
dress,train,dress_train_04805,B008E2PMC2,B007WHU8E2,Has longer sleeves and is more lacy.,lacey and has sleeves
dress,train,dress_train_04806,B002XUL9IC,B0039ITHIQ,Is shorter with a halter top,cap sleeve red print
dress,train,dress_train_04807,B00BHG5NS0,B00CI42PYU,is flowery with small straps,is much shorter and strapless
dress,train,dress_train_04808,B00BELXGSM,B00BQ7XLPM,is black without cap sleeves,black and has no pattern
dress,train,dress_train_04809,B00144G78A,B003VQO7IG,has more lace and is shorter,shorter and more red
dress,train,dress_train_04810,B008LRMYRQ,B00CFMM8H4,is navy blue,is longer and less colourful
dress,train,dress_train_04811,B0073114DG,B009S3GTRS,has no sleeves and a multi-colored pattern,has more animal patterns and is less black
dress,train,dress_train_04812,B007H3JNNS,B002Z7FXBM, and tight fitting,has longer sleeves and is lighter
dress,train,dress_train_04813,B00AETZZKC,B00B1KB4OO,is red with a white strip and longer,is longer and is red and white
dress,train,dress_train_04814,B00A7HGPOQ,B00BJSR9AQ,has straps and the bottom is slanted,more angular with belt
dress,train,dress_train_04815,B00EXK96OE,B00A760PHK,is a short party dress,is much shorter and more sexy
dress,train,dress_train_04817,B00CO6KO0E,B00ARAXBAE,shorter dress with u shape neck,is much shorter and lighter in color
dress,train,dress_train_04818,B00EETM826,B00C6SV5CG,is lighter and longer and has shorter sleeves,is longer and has floral
dress,train,dress_train_04819,B00ES83OGW,B0098BVDZI,has two straps and is more flowing,is brown with straps
dress,train,dress_train_04820,B00A760PHK,B000MPSVMM, has a halter neck,has short sleeves and white/grey piping
dress,train,dress_train_04821,B00CO2O83C,B006Q97B0G,is a pattern dress,is an orange and red floral pattern and has a straight neckline.
dress,train,dress_train_04822,B0085MGYD2,B0053WG4KA,has no sleeves,is black with thin straps
dress,train,dress_train_04823,B007UM52J0,B0089I9LWI,the pink dress is short and too tight,Is shorter and more ruched
dress,train,dress_train_04824,B009LIFFX4,B00B2IYC0I,Darker and multicolored,has a blue shoulder jacket and black and white dress.
dress,train,dress_train_04825,B00CTT4GEQ,B00E8159T4,is solid gray and longer,is plain dark gray
dress,train,dress_train_04826,B0098QGAWE,B00CXVMD22,has lace details and more than one color,Is more fitted and plain
dress,train,dress_train_04827,B003U6XV2A,B004071W38,is metallic and shorter,has a shiny peach coloring to it.
dress,train,dress_train_04828,B00D9SL5PY,B0081U5T70,is more brown and has thin straps, short skirt and black top.
dress,train,dress_train_04829,B0074LAZYE,B00BUZHBGA,is rose and form fitting skirt,is lighter in color with a decorative flap
dress,train,dress_train_04830,B0093UGICW,B00B4Z0UYG,is white,is white with black belt
dress,train,dress_train_04831,B00A7HP736,B009F0YWVE,is looser with no straps and shinier,has no sleeves
dress,train,dress_train_04832,B00A36MTLE,B00A36LFL4,has a v-neck and floral print skirt,is long sleeve and not a flared top
dress,train,dress_train_04833,B009AO2HKI,B00AKO80D0,had shoulder straps,is sleeveless and rounded neckline
dress,train,dress_train_04834,B002RZ3DRI,B00DQAPN6W,is a dress and sleeveless,is weird
dress,train,dress_train_04835,B007908FUG,B003F7899Y, purple at bottom and is more fitted,fits a little looser.
dress,train,dress_train_04836,B008BHI0G0,B008P5Q78Q,more black and shorter,has longer sleeves and a slimmer fit and is more black
dress,train,dress_train_04837,B005UEVJ06,B00D4DOZ2O,is longer and only one color,is longer and more revealing
dress,train,dress_train_04838,B003AM7QYI,B007IRNY0G,is longer and darker in color,is black striped and s much longer
dress,train,dress_train_04839,B009ESAI4M,B0081OYSVE,has turquoise,is more artsy and short sleeved
dress,train,dress_train_04840,B00DFN56R6,B00382EFDK,is shinier and shorter and lavender colored,is below the knee and lilac in color
dress,train,dress_train_04841,B007ZZCHOK,B0092UBN0K,dress with a belt and small sleeves,has more of a mosiac print
dress,train,dress_train_04842,B0062FMSIY,B0099DC430,is blue with different straps,is more blue with a higher neckline
dress,train,dress_train_04843,B00B3QB7GQ,B00C6P72DA,is solid black and longer with halter neck,is 3/4 sleeve blue patterned
dress,train,dress_train_04844,B00E0M2IF4,B002FZZ1JS,has spaghetti straps and a higher waistline,is more stylish
dress,train,dress_train_04846,B007Y2KQHO,B005DWZ6AY,has longer sleeves,has longer sleeves and print
dress,train,dress_train_04847,B0091JHH1G,B008UGYRGE,is blue and has small sleeves,Is more solid of a color
dress,train,dress_train_04848,B00CIAHZ8A,B00CLF542G,is more revealing and contrast,is black and beige off the shoulder top and form fitting
dress,train,dress_train_04849,B007Y1ALFC,B005KIM1IG,is darker blue,is more royal blue
dress,train,dress_train_04851,B00CF1VSU8,B00CF1Y29W,3,is silver and black with an animal print
dress,train,dress_train_04853,B00AZYXWA6,B008CWPPT4,has even length and is less draped,is shorter with sleeves
dress,train,dress_train_04854,B00CAA4WU2,B004P5PSTY,has more lace and has longer hem,is a striped
dress,train,dress_train_04855,B005ETRFSM,B001UEN2ZU,is green and is a tie,is a tie and solid green
dress,train,dress_train_04856,B006WJC8K8,B0099DCR8W,more longer and solid purple color,is purple and less flowing
dress,train,dress_train_04857,B00BNBGJD2,B00BOYS9L8,is blue and black in color,is more blue
dress,train,dress_train_04858,B009L7B46C,B003E1YCJC,is longer and has fewer sleeves,Is longer with a pencil fit and squared collar
dress,train,dress_train_04859,B0037UZWUS,B0037UZRUS,Is less bright and more ruched, solid color no insert
dress,train,dress_train_04860,B0032GVRNS,B00AQEAUVO,more fitted and short sleeved,is silver with shorter sleeves
dress,train,dress_train_04861,B00AU1U46O,B007P1PS9A,is solid  blue and tighter,is blue and more sexy
dress,train,dress_train_04862,B00450WQMG,B00CM046FG,is more floral,has larger shoulder straps and is mostly floral
dress,train,dress_train_04863,B00AYCL55S,B00C6DYCSU,is shorter and light colored,is above the knee.
dress,train,dress_train_04864,B00CL0URZU,B008BPUV1E,shorter and black,is shorter and black
dress,train,dress_train_04865,B00AUQFOTQ,B0097J1VJE,has no straps with a silver belt,has less up top around the arms.
dress,train,dress_train_04866,B00BWBOIDG,B00B907IBE,has a black skirt and is more fitted,is black and white form fitting
dress,train,dress_train_04867,B008PQIE8G,B00AU9YLZQ,is more white and a solid color,is much lighter in color
dress,train,dress_train_04868,B0080F02HS,B005PU81EC,has a design and is longer,is much longer
dress,train,dress_train_04870,B008A4RHC2,B0065CWUVE,is a solid color,is a few inches sghorter and is structured at the waist
dress,train,dress_train_04871,B006TAKSBQ,B00CDGT8NO,Blue and more business oriented,is in solid royal blues.
dress,train,dress_train_04872,B00BP407TO,B00BNV7904,black and light blue short dress,no comparision with words
dress,train,dress_train_04873,B00AFVIY9I,B00BPI3M8S,is pink with long sleeves and more professional,is pink
dress,train,dress_train_04874,B0032P8C0A,B00BOHAOU4,one shouldered blue maxi dress,is blue and  a bit longer
dress,train,dress_train_04875,B008MC4UE0,B00D4EIJQ6,is pinker and longer,is longer and has shorter sleeves
dress,train,dress_train_04876,B004U88WKI,B007G4MFZG,has longer sleeves,is longer sleeved and paisley pattern
dress,train,dress_train_04877,B00D68E1Y4,B00CTKMK4S,has multi-colored patters and sleeves,is multicolored
dress,train,dress_train_04878,B00DB9LXFI,B007G10FRE,has shorter sleeves and is lighter in color,Is white and shorter
dress,train,dress_train_04879,B002ZPH5NI,B000FHHNXA,is black in color,is black
dress,train,dress_train_04880,B00DA2XA0C,B00EW0YKW8,Longer Maxi small strip tank dress,is longer and has a bit stripe
dress,train,dress_train_04881,B00H3QRPPW,B00DV962KO,Is more shiny and more sexy,is black with blue and shiny
dress,train,dress_train_04882,B00754LS5A,B006RTUTXG,is blue with floral pattern and longer sleeves,has sleeves and is more flowing
dress,train,dress_train_04883,B00AOC82HW,B00D12ATUU,black dress with no sleeves and no pockets,is sleeveless and black
dress,train,dress_train_04884,B008I2VSAS,B008QW0CPW,is teal colored,has longer sleeves
dress,train,dress_train_04885,B00EWLJGU8,B009NCHB26,has cap sleeves and is blue,is blue
dress,train,dress_train_04886,B00E4GRFO0,B00DE8L2FW,has lace top and bottom,is pink with black lace
dress,train,dress_train_04888,B00DWPDDE0,B00B0QC772,is blue with longer sleeved with white collar,is blue colored with a white collar
dress,train,dress_train_04889,B009FID8JI,B00B9LWKQG,is more purple and fitted,is green and less revealing
dress,train,dress_train_04890,B0077DL0BQ,B00A82GC98,is an offwhite spagetti strap dress with black in the top, sleeveless shirtdress
dress,train,dress_train_04891,B004B587S2,B005LC8QRQ,has black,has no sleeves with stripe patterns
dress,train,dress_train_04892,B009QW45OA,B0096NM8KC,is darker and has more color contrast,is a shirt skirt combo not a dress
dress,train,dress_train_04893,B009N9YUP0,B007F8I0OS,is beige colored,is pink and less flattering
dress,train,dress_train_04894,B00E89OZ7I,B00APSSVWG,is light pink,is pink colored and no sleeves
dress,train,dress_train_04895,B00777ZF7W,B009JG2HIE,Is darker and more fitted,is maroon and more form-fitting
dress,train,dress_train_04896,B003TW4N7M,B002TKJL22,is black and silver striped,shiny and striped
dress,train,dress_train_04897,B0053W3ZCK,B005G0RC78,is shorter with polka dot design,is more sexual
dress,train,dress_train_04898,B007V0B22M,B007V0B9UM,is dark purple colored and has longer sleeves,is brighter in color
dress,train,dress_train_04899,B008CFE9ES,B005OORSGG,is more black,is black and sleeveless
dress,train,dress_train_04900,B0070YILD2,B004QVYQJA, floral patterned,is more revealing with straps
dress,train,dress_train_04901,B008ATH876,B006MRH63O,is less intimate,is straight hemed and black
dress,train,dress_train_04902,B002QUR3FW,B006U8TJQW,is green and more of a garden wear,is more green in color with flowers and less revealing
dress,train,dress_train_04903,B008I2VXU8,B008VPNVDO,has longer sleeves and different pattern,has less floral patterns and is more conservative
dress,train,dress_train_04904,B00DPHI0K2,B00FM7CMBQ,Is darker with long lace sleeves.,is black with longer sleeves
dress,train,dress_train_04905,B005LX711C,B006WQWBEY,has straps and is green and black,Blue
dress,train,dress_train_04906,B00BFFAA1S,B00CEIUZ60,is bright and long,is pink and blue with straps
dress,train,dress_train_04907,B00DDB5XUK,B00E0XESGK,is green,is blue with a black belt
dress,train,dress_train_04908,B008XEETO8,B005PK0OB0,is dark blue with shorter hemline,is blue with long sleeves and a shorter hemline
dress,train,dress_train_04909,B00BU9TA1A,B00BNBGJD2,has a purple bohemian pattern,has patterns all over
dress,train,dress_train_04910,B004LX0ESK,B00869HBB8,All black and more formal,is a solid color
dress,train,dress_train_04912,B008BHHWLE,B009COQMR0,is black and white striped,is striped and has shorter sleeves
dress,train,dress_train_04914,B007WATYK8,B0094G6TME,Has long lace sleeves.,is long sleeved and has lace
dress,train,dress_train_04915,B004JF56QU,B004M8T7UA,is longer and lighter,white and with buttons at the bust
dress,train,dress_train_04916,B007R2AZPO,B00A3PMRTO,has longer sleeves with solid black color,is more of a professional dress with sleeves
dress,train,dress_train_04917,B009EQBTOC,B009EQBY5Q,is white with a black collar,is whiter
dress,train,dress_train_04918,B007Q0Y6YS,B007XTKXPS,is sexier and see through,black and with sleeves
dress,train,dress_train_04919,B0054DADDC,B00DEKZPR6,has longer sleeves and is tighter,has longer sleeves and is brighter colored
dress,train,dress_train_04920,B007WPHBGW,B006YYR4UK,has thin straps and is black,is darker in color
dress,train,dress_train_04921,B00CQAVR2W,B00GA9EAFQ,Is long-sleeved and more classy,is more plain
dress,train,dress_train_04922,B007BA3RAM,B009C35YCU,is brighter,Is a dress
dress,train,dress_train_04923,B00B7GJGOM,B00BHG5NS0,has cheetah prints,is cheetah-pattern design
dress,train,dress_train_04924,B00AWM6F8C,B00ASWX7VO,has more ruffles,is longer and fluffier arm
dress,train,dress_train_04925,B00EEJU2TC,B00CFSX110,has floral pattern,floral patterns and longer
dress,train,dress_train_04926,B0098QGAWE,B008BKYE6C,has straps and v necked,is magenta and has a V neck
dress,train,dress_train_04928,B00B7DOPTG,B008V5OJTO,Is blue and shorter,is shorter in length and lacey
dress,train,dress_train_04929,B0091QVUHQ,B006VDQVVW,is floor lengh,is blue and long
dress,train,dress_train_04930,B00E00INWI,B000WEAF4A,has longer sleeves and is darker colored like black,is black with a sheer neck
dress,train,dress_train_04931,B008S9O2W2,B007UMHRXY,is dark purple with tank top,is in purple coloring.
dress,train,dress_train_04932,B0052WOHLO,B004HIMKZY,is more tight fitting and has red on it,is sleeveles
dress,train,dress_train_04933,B0071I2NPY,B00FAFI8YU,is darker and has more lace,Is darker and more elegant.
dress,train,dress_train_04934,B003TJ8YBQ,B006BTJGXQ,is long and is red and black with one strap,has a red top
dress,train,dress_train_04935,B00FFXYIRI,B008PC5E6U,is less fitted,strapless
dress,train,dress_train_04936,B006MOS4DS,B007Q345JG,Is more frilly and less fitted,is looser with flare hemline
dress,train,dress_train_04937,B006W1VGOU,B0072QTITO,is black with blue peacock tail patterns,is black with peacock feathers
dress,train,dress_train_04938,B002EANOY8,B002H0LDTI,is short and is white,is shorter and white
dress,train,dress_train_04939,B008XEEWHC,B00858C822,has flowers and is free,It is more flowery and longer sleeves
dress,train,dress_train_04940,B00385WM5A,B005DC3A34,Is a vintage print boho dress,More of a shirt than a dress
dress,train,dress_train_04941,B007EDUZQK,B007Y79YCM,is a lighter color and has embroidery,has pockets and comes in white.
dress,train,dress_train_04942,B006W6AGZK,B00AXU1Y0W,is a black and white tight short skirt, has a collar and a belt
dress,train,dress_train_04943,B00CY8RFSQ,B00DJZPRMO,is in a size petite,Is more chic and less revealing
dress,train,dress_train_04944,B00B7XBFA8,B00B5P11DO,Is a gold bubble dress.,is light yellow only
dress,train,dress_train_04945,B008VPXTRM,B00FBSEYU8,looks like a homeless person's shirt,is longer and red and white
dress,train,dress_train_04946,B008WE7QB2,B001VY1WEW,is a black dress that has a halter top tie,is see through
dress,train,dress_train_04947,B005NKAII6,B004XDJMN6, white and black stripes,is beige and longer
dress,train,dress_train_04948,B003JQK7M8,B004M18A4Q,is lighter and has longer sleeves,is blue in colour
dress,train,dress_train_04949,B00BY5T8OO,B0088HSTHS, long,is blue with ruffles
dress,train,dress_train_04950,B004JXVVCK,B004TSC2DM,looks quite simple,is wrap over
dress,train,dress_train_04951,B0036MEHQ2,B0036MEBBI,is brightly colored,has vertical stripes and is lighter colored
dress,train,dress_train_04952,B0081U5T70,B000KHRQCS,is blue and shorter,is brighter in color with longer sleves
dress,train,dress_train_04953,B008YR3AAS,B00BVX26ZC,is red with one strap,is over one shoulder and has a bow
dress,train,dress_train_04955,B005FVPVF8,B007V0B8IU,v neck maroon short dress,is red and shiny
dress,train,dress_train_04956,B003UD9HPS,B003VX1HNW,has more details,has no sleeves and with different colors
dress,train,dress_train_04958,B006PA7XX6,B0015PWIMC,darker blue with no pattern,is sleeveless
dress,train,dress_train_04959,B005M0RJJS,B007CLF81Q,is blue and no sleeves,is longer and blue with a round neck
dress,train,dress_train_04960,B00BM1TBXS,B00858RS0Y,A black vinyl short dress,is very similar without fish nets up top.
dress,train,dress_train_04961,B004R9PFDW,B008596PRK,is a lighter color and shorter,is black with pink robe
dress,train,dress_train_04962,B00BUJEBB4,B00C0K5VD4,is pink in color and shorter with longer sleeves,is above the knee and pink
dress,train,dress_train_04963,B008CQB4HC,B00FAMLQC4,has a lower neck and no sleeves,is sleeveless with a v neck
dress,train,dress_train_04964,B003FST6AO,B007TZZKRC,has longer sleeves and is white,Has long puffy sleeves
dress,train,dress_train_04965,B00CX8EZTY,B00ALZNAPQ,has yellow small floral prints, belted straighter skirt
dress,train,dress_train_04966,B003GSLCHI,B0080ELXMC,Is darker with a belted waist.,is one color
dress,train,dress_train_04967,B00CQNVS28,B00A137PYK,is darker and has sleeves,has 3/4 sleeves
dress,train,dress_train_04968,B009NI9SB2,B007EECFR6,is more of a solid color,is darker in color and more dressy
dress,train,dress_train_04969,B00CY07Z98,B00BJSE54Y,black leather and strapless,is strapless and leathery
dress,train,dress_train_04970,B005SN1N9G,B008BOWZPU,has no sleeves and is floral,is sleveless
dress,train,dress_train_04971,B008Z5SUTK,B007RGMWCO,is sleevless and blue with three layers of blue fringe,is a darker purple and less vintage
dress,train,dress_train_04972,B00DDY3MNM,B008BWODAM,is white and has a different pattern, sleeveless
dress,train,dress_train_04973,B00BAR35JK,B009CMYBMA, without sleeves and longer.,darker with wider skirt
dress,train,dress_train_04974,B008596N18,B008ZYZNYQ,is solid black,is much shorter
dress,train,dress_train_04975,B004I5A7SS,B003VWOX6Q,is blue and flowy,is light blue and less form fitting
dress,train,dress_train_04976,B00DHDC1LS,B00BXTA8IG,Is more satin and chic,is yellow and has longer sleeves
dress,train,dress_train_04977,B008409RPW,B0074DZQYQ,has long sleeves and is gray,is longer with long sleeves
dress,train,dress_train_04978,B009EOLHNW,B009EON5DM,has a different pattern,has a different print with more blues.
dress,train,dress_train_04979,B00B95R92M,B00BCT0094,is blue and grey striped,is blue and grey striped
dress,train,dress_train_04980,B009SHH2I4,B005Y8GEL2,Has a ruffle top and a floral pattern.,is shorter and more open
dress,train,dress_train_04981,B007KRZ4KC,B00BIY38OM,has a royal blue,is blue with sleeves
dress,train,dress_train_04982,B00C6KR7A8,B00H8K52US,is short with pink shade,is pink and red
dress,train,dress_train_04983,B00CC3Z8Y6,B00EOBPMR2,is blue with thin straps,has straps and is more blue
dress,train,dress_train_04984,B00BUWXQ26,B00D4CD2YM,is striped,Is over the knee with ruched waist and cowl neck.
dress,train,dress_train_04985,B00CA84FGU,B00CTHJ2UQ,is blue in color,is more colorful and patterned
dress,train,dress_train_04986,B00C2VGL7G,B00BD1MTJ0,Is more fitted and darker.,is solid blue
dress,train,dress_train_04989,B0095D4I6U,B006GJIXQ2,Has a brighter pattern,has more pattern and colors
dress,train,dress_train_04990,B009S5Y2FM,B005R4QUF8,is shorter with sleeves,Is shorter with button front
dress,train,dress_train_04991,B00BC04OT0,B008U7Y6JG,Is more whimsical and belted,is more casual and patterned
dress,train,dress_train_04992,B005M0RJJS,B007WRDPME,white and black short dress,has straps and has more patterns
dress,train,dress_train_04993,B004U9YVZ2,B003YYNDS0,this blue one is less revealing long length,is darker and longer
dress,train,dress_train_04995,B008LVG8GU,B0052Z9GGM,Is a long red gypsy skirt.,has a red color to it.
dress,train,dress_train_04996,B0030DG6X4,B003TJA806,has a pattern,has more pattern with purple and blue
dress,train,dress_train_04997,B003XYQFRC,B00B8B687Y,is lighter,longer
dress,train,dress_train_04998,B007NKX1DI,B005WLGN4O,is a spaghetti strap coral dress,has a white top
dress,train,dress_train_05000,B005541VZY,B0070YILD2,has a higher neckline with a polka dot print,is a tye dye pattern
dress,train,dress_train_05001,B00CAA4WU2,B007RUZ7X6,is a more colorful skirt dress with sleeves,is short sleeved and printed
dress,train,dress_train_05002,B00BOEMDF6,B00BOEMIV0,Is darker and shorter,is more blue and has bigger flowers
dress,train,dress_train_05004,B00DJB54J4,B00ELV528Y,This dress doesnt have a color pattern,has long sleeves and is lighter in color
dress,train,dress_train_05005,B0058P6TES,B005D9II2K,has a leopard print pattern,has more of a cheetah print
dress,train,dress_train_05006,B009QW3ZR8,B00BS7HBHE,has a wide belt and shorter sleeves,is blue and longer in length
dress,train,dress_train_05007,B00F2BITHI,B00COJ7SJQ,Is brighter and has longer sleeves,Has longer sleeves and is brighter
dress,train,dress_train_05008,B00EDSOB6E,B00915L5R2,is red and black in color,is more red
dress,train,dress_train_05009,B00978X288,B00B30HWGG,long sleeved knee length black dress,is in all black with thin sleeves.
dress,train,dress_train_05010,B007WA1RV2,B00E1JNRJC,has pinstripes and buttons,is dark  with a white and black color
dress,train,dress_train_05011,B00F4WM6PG,B00FF784X8,has longer sleeves and is solid black,is black with long sleeves
dress,train,dress_train_05012,B007Q0Y6YS,B004W4YRNG,is beltess, more casual with longer sleeves
dress,train,dress_train_05013,B0080QPYHU,B005GV8FEG,is solid navy blue,is blue and is more simple
dress,train,dress_train_05014,B00AYKTS5Y,B00CO9W93Q,is longer,is much longer
dress,train,dress_train_05015,B006TAKSBQ,B0043227IY,has a single strap with no sleeves,is more blue colored
dress,train,dress_train_05016,B00763VR88,B00B7DOISE,Is white and longer,is much lighter in color
dress,train,dress_train_05017,B007RMHUKW,B006PEN25K,is longer with thicker straps and yellow,is yellow and knee length and a high neckline
dress,train,dress_train_05018,B002U0LMVE,B002U0LMQE,is strapless,is strapless and is more fitted
dress,train,dress_train_05021,B00AQ4VCIE,B00AODCB3M,is solid cream with sheer sleeves,is white and has a belt
dress,train,dress_train_05022,B004SYQ7YM,B000WNPYQU,is longer and rust colored,Is longer and more elegant
dress,train,dress_train_05023,B005FUEWF4,B006CSUG12,no sleeve short white dress,is white and has no sleeves
dress,train,dress_train_05024,B00AQ75DG8,B00CH6UKDW,has more rouching and is silver,is striped with a deep v neckline
dress,train,dress_train_05026,B009PA4EN0,B008PFKH7I,more casual with print,has a print and no sleeves
dress,train,dress_train_05027,B00B1WQEXS,B00CHV7NNM,has shorter sleeves and is solid blue,is blue and has shorter sleeves
dress,train,dress_train_05028,B007XNP82M,B008YSF884,is more revealing but stylish,is colorful with one strap and one sleeve
dress,train,dress_train_05030,B004SG6YYI,B00DCCMDSK,This dress has a denim feel,the dress is blue and white with no sleeves
dress,train,dress_train_05032,B00BJZAAG4,B00HABAVT2,has longer sleeves and a scoop neck,is sparkly with long sleeves
dress,train,dress_train_05033,B00A3Z8TJQ,B00CDZCIDC,is more frilly,is green and has wide round neck
dress,train,dress_train_05034,B006363MT6,B0061FHVSM,has a gold and black print and is not fitted,is printed and sleeveless
dress,train,dress_train_05035,B008DGXO7E,B003U6IBZC,is shorter and darker,is shorter and darker
dress,train,dress_train_05036,B004P8IQZ4,B004P8IQXG,is darker,has more black in the design print.
dress,train,dress_train_05037,B004AM5KBI,B00F4IN2DU,is red with a v-neck,is in solid red.
dress,train,dress_train_05038,B008HQYOS8,B004JU2BAY,has no straps and is grey,is grey  and sleeveless with an orange belt
dress,train,dress_train_05039,B00C2ULP7S,B007M8SUAU,is longer and less pattern,strapless and long
dress,train,dress_train_05040,B00AD95LDO,B00A3UTGMK,has longer sleeves and lower neckline,has longer sleeves
dress,train,dress_train_05041,B00B1H3P4O,B00D8PVM4M,is black and blue and has an open midsection,is a cutout dress
dress,train,dress_train_05043,B00DLWNPWY,B00DLWNQXC,is exactly the same,is identical.
dress,train,dress_train_05045,B00ARHNXWI,B00DH8YRWO,is more brown,is much wider
dress,train,dress_train_05046,B006IN83FW,B007GOQ1C4,one shouldered black dress,more black and shear
dress,train,dress_train_05048,B00CUX5WUI,B00DWPDV56,has a cleaner neckline in solid black,is black and has a smoother neckline
dress,train,dress_train_05049,B0071AKP8E,B004XIGD24,the white dress is more fashion,is white and short
dress,train,dress_train_05050,B009WPTHK8,B00C87DY6U,printed and shorter,is more casual and light in color
dress,train,dress_train_05051,B003ZSHHKK,B008CLSV28,is the same,has no fishnet around the top.
dress,train,dress_train_05052,B00BWBOIDG,B008Y344T8,Is brigher and more colorful,has straps and is more colorful
dress,train,dress_train_05053,B00CF2VYP6,B008VHEEQA,is red with full length zipper on front,is red and is more form fitting
dress,train,dress_train_05054,B005KP3VHE,B002U0LMVE,is shorter with v neck,is shorter and has gold in it
dress,train,dress_train_05055,B00DE8KJII,B00E4GQPMI,is a halter and longer,is blue and red and has many patterns
dress,train,dress_train_05056,B0036DDYZQ,B006GJJ44M,has a round neckline,is more shiny and more gray
dress,train,dress_train_05057,B0094PFF7K,B004LX0ESK,is monochromatic,is black
dress,train,dress_train_05058,B006PBDPF0,B004CR5N18,has longer sleeves a bolder pattern,has stripes
dress,train,dress_train_05059,B00CJOFHXK,B00GP1Q35O,is more black and sleek,is longer
dress,train,dress_train_05060,B00CIUJ5A6,B0087YZUW4,is yellow and is more simple,is red and has short sleeves
dress,train,dress_train_05061,B003FGW928,B008AXY4F6, has ruffles,is much less revealing
dress,train,dress_train_05062,B00B8GYG78,B0092YQO5U,is similar but mainly black with white patterns.,Is more sexy and not monochromatic
dress,train,dress_train_05063,B00B5ASMBI,B009414R46,is white black and turquoise,Is more colorful and less solid.
dress,train,dress_train_05064,B00APLVNNC,B00APJIMMO,Is more flowing and blue,is dark navy patterned and is much longer
dress,train,dress_train_05065,B008PHQEDW,B009JY5ABM,is more formal and conservative,is darker and one-toned
dress,train,dress_train_05066,B008VPNVDO,B009NDC7V0,orange short dress with sleeves,Is a solid color and brighter.
dress,train,dress_train_05067,B00AXDBFIU,B00FJH5HR0,is off white with long sleeves,has longer sleeves
dress,train,dress_train_05068,B00896JQUC,B007IWO21G, a floral pattern top and white silk skirt. With a brown leather belt,has longer sleeves and more sparkly
dress,train,dress_train_05069,B004EPXWO8,B004EPXWJI,has more white and no sleeves.,has no sleeves and a striped pattern
dress,train,dress_train_05070,B00D2ZK7UI,B00EJ1QYQA,is longer with longer sleeves,is much longer and darker in color
dress,train,dress_train_05072,B007CVN2NM,B00925CX9A,is black short and open back,more revealing and shinier
dress,train,dress_train_05073,B00EFAT7UA,B00CEIU7I6,is more revealing,is multi-colored and more flowy
dress,train,dress_train_05074,B00AJNFC3I,B00CL79E9I,Is more whimsical and blue,is blue with more pattern
dress,train,dress_train_05076,B007MLLZ54,B00BTDROGU,the desired product is Rachel pally not a dress,it says rachel pally
dress,train,dress_train_05077,B009NCHCRA,B009NCHCBQ,A little darker and has no belt,has no belt
dress,train,dress_train_05078,B002X79YW8,B007HI6OKI,is more colorful and formal,is purple with no patterns on it
dress,train,dress_train_05079,B008XFB080,B007VXUXMO,is black with skull designs,has a different design in similar coloring.
dress,train,dress_train_05080,B0085IY406,B004ZIGJDU,is longer and has a green pattern,the dress is longer and has a floral design
dress,train,dress_train_05081,B0078LJ5JQ,B00CLF4TTK,is sexier and short,is shorter
dress,train,dress_train_05082,B0076FD1CQ,B005XYKL2K,is white and blue and shorter,Is more fitted and short
dress,train,dress_train_05083,B00CLV9I90,B00CF3BT9Q,hot pink tight fitting dress,has sleeves
dress,train,dress_train_05084,B005LX711C,B007WR2Y94,has a hi lo skirt and is lighter,is pale grey
dress,train,dress_train_05085,B00BT8N1D0,B00AQC19O8,has no lace and is a darker color,is blacker and longer sleeved
dress,train,dress_train_05086,B00A9YNDTM,B0099UY1NE,has a shorter length,more summer like and shorter.
dress,train,dress_train_05087,B006BNPCQW,B007FOHLME,its more colorful print same style though,has brighter colors
dress,train,dress_train_05088,B00ET5HA1O,B00DIETZCY,is sleeveless and white,has straps and white
dress,train,dress_train_05089,B00BFF9YOM,B00E0OR3T8,more red with less lace,Is brighter and less fitted.
dress,train,dress_train_05090,B001N450MU,B0052WOHLO,sleeved black dress with black belt,is solid black with short sheer sleeves
dress,train,dress_train_05091,B00AQMXCYS,B00D65U3Y4,is shorter,is a sleeveless form fitting high-low maxi
dress,train,dress_train_05092,B00CI06YAK,B00CI08RSW,has polka dots,is more patterned
dress,train,dress_train_05093,B00367P52M,B00367UW5W,is a pink halter,v neck and more pink
dress,train,dress_train_05094,B00ACSDQFQ,B00B26VMP8,is black with more at shoulder and sleeve,shiny
dress,train,dress_train_05095,B00A6SI2E2,B00E1JNCM4,is a solid pink and has shorter sleeves,is pink with a bow around the waste
dress,train,dress_train_05096,B005GV8FEG,B00754LYCM,is lighter colored and has shorter sleeves,is more blue and less revealing
dress,train,dress_train_05097,B008GQ2KZI,B00CXQFQK8,is white with floral print and round neck line,is lighter in color
dress,train,dress_train_05098,B00AE337U8,B003IEYEFW,is black and pale,Is black in color low neck line
dress,train,dress_train_05100,B008CUX57U,B0066U29X4,is bright red with gathered front,is brighter in color and less dressy
dress,train,dress_train_05101,B007H3JNNS,B007Z3VDJC,has asymetrical hem and is red,is red and layered
dress,train,dress_train_05102,B008VEPP9I,B000MK37S0,is a long emerald green dress,is blue with long sleeves
dress,train,dress_train_05103,B0072IKV9S,B00D5023FC,is white and floral printed,is longer and white with a pattern
dress,train,dress_train_05104,B00AKUSYDK,B004GGTRJ4,A long blue striped dress.,has more stripes and more blue
dress,train,dress_train_05105,B008Z91E3U,B00853314G,has longer sleeves and collar,has long sleeves and belt
dress,train,dress_train_05107,B00ANK7H3A,B007Q0Y6YS,is solid white with open neck,is white with a lower neckline
dress,train,dress_train_05108,B00EYFS0QI,B007WAT804, more fitted,shorter with shoulders
dress,train,dress_train_05110,B00EDM39MM,B00EVPPG5Y, with cut off sleeves,is blue with long sleeves
dress,train,dress_train_05111,B007Y7MJ4M,B00GN6FLG8,has longer sleeves,the dress is black and white with long sleeves
dress,train,dress_train_05112,B00ASQFW8Q,B00996PK5Q,has less sleeves and more gold metallic,is shiny
dress,train,dress_train_05113,B00CJ7WAVE,B00CII5X9K,is the same as provided,String sleeved more light blue
dress,train,dress_train_05114,B009M5YK9G,B008P711XU,is blouse and skirt,is for adults
dress,train,dress_train_05115,B00C7PAYRA,B00D8DNTRM,Is a long black patterned dress.,is longer and black and white print
dress,train,dress_train_05116,B00AKOUB82,B001UHE0LC,is orange colored and belted,is more colorful and longer
dress,train,dress_train_05117,B00DR7EKRW,B006MQM1N0,is shorter and black,is short
dress,train,dress_train_05118,B008UWJHFO,B00CW3ZGHU,lighter color,is flowy and not see through
dress,train,dress_train_05119,B00A0K0KLY,B009GGWYO4,is exactly,is exactly the same!
dress,train,dress_train_05120,B008ODSHA0,B007ADFPD2,has open shoulders and belted,has no shoulders and has two straps at the top
dress,train,dress_train_05121,B005FSOEJK,B007FHZV2I,Is dark navy blue,has horizontal stripes
dress,train,dress_train_05122,B008CQJ9D8,B00747N2Z2,is shorter and lighter,has a round neckline and is green and patterned
dress,train,dress_train_05123,B00B03ATSY,B00AQ8ANLW,is solid white,is white with thick sleeves
dress,train,dress_train_05124,B00CB7TO1G,B00CII3TWS,Yellow and more conservative,is longer
dress,train,dress_train_05125,B00EB5RRU6,B00A7PAUNA,is shorter,White one-sleeved strap with ruffled short bottom
dress,train,dress_train_05126,B00FO7C6QK,B00DSGN0NW,More bright,flared
dress,train,dress_train_05127,B00DSQQQ7Y,B00D31C2JK,is blue and shorter, with a turtleneck
dress,train,dress_train_05128,B008LVG8GU,B00FVGQ6OW,is a long purple spaghetti strap dress.,shorter and sleeveless with a wider skirt
dress,train,dress_train_05129,B00480AS5K,B006WOFU6W,is red with colorful designs, dropped to one side with longer skirt
dress,train,dress_train_05130,B0065WE3J6,B003MP97RW,is lighter and has shorter sleeves,is more brightly colored
dress,train,dress_train_05131,B004FPZJWK,B004PE707I,is longer and more metallic gold,is more revealing and plain
dress,train,dress_train_05133,B007RAEKQG,B0073ESK5I,is dark colored and sleveless,is darker
dress,train,dress_train_05134,B002AS57KI,B009QQIK88,is purple in color,has feathered ruffles around the bottom
dress,train,dress_train_05136,B006VB27J4,B008YE1XFK,is shorter,is shorter
dress,train,dress_train_05137,B00C2VGL7G,B004ZWQFQC,is darker in color and strapless,is strapless and black
dress,train,dress_train_05138,B007P50UBC,B0077965KG,is yellow and has a pattern,is more yellow and has flowers
dress,train,dress_train_05139,B0072NJYQE,B0072NKJBI,Is more pink and less patterned,is pink with spagetti straps and smaller floral pattern
dress,train,dress_train_05140,B007KZNAM8,B007KZN4O2,is plain red,Is more plain and red
dress,train,dress_train_05141,B002NZNL6K,B004I8W7LU,is white and lighter blue in color,is shorter
dress,train,dress_train_05142,B008RIT65C,B009237TKK,is less floral and more vintage,is tan and has a round neck
dress,train,dress_train_05143,B007G52O3S,B00BPGDXUC,is less revealing with sleeves,is brown and flared with short sleeves
dress,train,dress_train_05144,B0073IW08W,B006Z3H180,has straps and less ruffles,is more open and flowing
dress,train,dress_train_05145,B00816HLAC,B00B3PUFX8,is a dark green dress,is brighter
dress,train,dress_train_05147,B00DQZISFK,B00BT0P7LC,Is shorter and more floral,is white with flowers
dress,train,dress_train_05148,B00FP6ARGG,B00FQPJWRG,longer sleeves and a brighter pattern,is long-sleeve and vintage
dress,train,dress_train_05149,B00AD95LDO,B009NVZUK2,Black with red cherry pattern and a deep V neck line,has v-neck and is red color
dress,train,dress_train_05150,B007RBHQGG,B0070ZCAV0,is more yellow and has no sleeves,is more revealing and lighter in color
dress,train,dress_train_05151,B00CMOSAIG,B006J43C9C,has thicker straps,has spaghetti straps
dress,train,dress_train_05152,B0078IW7NU,B00E15LZA4,is blue and has a side slit,Is blue
dress,train,dress_train_05153,B00CIQO48S,B00DDLTDEM,is blue and longer hemline, purple and button up
dress,train,dress_train_05154,B0092Z2HSC,B003FGWERS,is black sleevless mid thigh dress,has no sleeves
dress,train,dress_train_05155,B007OVV37C,B002SL81SM,is darker and more image patterns,has thin straps
dress,train,dress_train_05156,B00BQZAX2I,B00CIZ9JPM,Sexier and less shoulder,has a tank top with no belt
dress,train,dress_train_05157,B005GU6GCU,B008OGPPD4,is shorter with more prints, much shorter
dress,train,dress_train_05158,B009KQVPPY,B0087Y2838,is more revealing,is darker and has longer sleeves
dress,train,dress_train_05159,B00CF5EI9C,B00EO984B0,is long knee black robe,has black and white stripes only.
dress,train,dress_train_05160,B00DM2H6EQ,B00CIQD646,perfect,is identical
dress,train,dress_train_05161,B008UWI3BI,B00DEPCA7O,the less transparent,is shorter and more bright
dress,train,dress_train_05163,B005DDW39K,B0060Q81JU,is more red and longer,is red and more sexy
dress,train,dress_train_05164,B007W9ZGL0,B007WASFYO,is purple in color, above the knee and gray and black
dress,train,dress_train_05165,B004Q7DECY,B001T4YZ2A,has thinner straps and is not tight,Has short sleeves and waist tie-belt.
dress,train,dress_train_05167,B009LGQPKI,B00B87L544,is less modest and shinier,is a form-fitting evening dress and is solid black
dress,train,dress_train_05168,B00AYKTS5Y,B008IGHSNA,is more blue,is purple with a rounder neckline
dress,train,dress_train_05169,B00EECCZ08,B00AMGU12Y,has animal print design,has an animal print
dress,train,dress_train_05170,B008545YKY,B00AZ8313U,has a brighter colored and blue,is more colorful and strapless
dress,train,dress_train_05171,B004MYFJYC,B005NIUYLE,has a large cleavage with no sleeves,Is more checkered and short sleeved
dress,train,dress_train_05172,B00B5MJBPC,B00BC9QW5K, not as long,is orange with long sleeves
dress,train,dress_train_05173,B00BTR1FNE,B00BWYRQOQ,has more of a sleeve and is less see through,is more frivolous and less revealing
dress,train,dress_train_05174,B00DS162JG,B00ENX4NJO,is long in length and stripped print,is green and longer
dress,train,dress_train_05175,B00AETZZKC,B008XODZWA,Is a light red with a lower cut top,is more revealing
dress,train,dress_train_05176,B007WASFYO,B00DZUMGP4,its black and shorter,is black with a brooch
dress,train,dress_train_05177,B00BBLD1LC,B005JO4E3G,has long sleeves,is tighter
dress,train,dress_train_05178,B00DILGDMC,B00E43Y1ZE,is a more loose blue dress,is blue and smaller v print
dress,train,dress_train_05179,B00DRCJ4HI,B008BOWXP2,is blue with v neck and above knee lenght,is blue and shorter and more fashionable
dress,train,dress_train_05180,B0070YILD2,B004J20TI8,is over one shoulder and nlack,is more revealing
dress,train,dress_train_05181,B00BAW2QZO,B0071N0U4U,has spaghetti straps and a light blue print,is shorter with no belt and spaghetti straps
dress,train,dress_train_05182,B00CK2BPB4,B00EJZWJA6,is shorter and is more feathery,Is orange and more  fitted
dress,train,dress_train_05183,B00D2D4V52,B00B02V600,is a strapless maxi dress,is solid black
dress,train,dress_train_05184,B00ATTIRDE,B00ET7QBE4,is black and has short sleeves,is dark
dress,train,dress_train_05185,B008DS1R5I,B00CEVZJEA,all black and shorter skirt,has shoulder straps and no stripes
dress,train,dress_train_05186,B007WATZQG,B009EQDHEW,has prints on it with green shade,has pattern and is has blue
dress,train,dress_train_05187,B0096NI7YS,B00BTLE41K,is lighter with no sleeves,is light green and has lace neck
dress,train,dress_train_05188,B008O7JPA2,B008MB1YNG,has straps and a different pattern,Light & Dark color
dress,train,dress_train_05189,B0091S553O,B0091S4O6I,is red with black designs,is red
dress,train,dress_train_05191,B005NKB6YQ,B004YR18TC,Is longer and more satin,is darker in color and is is longer in length
dress,train,dress_train_05192,B00BV4RQ7O,B00C77BPRG,has contrast trim and is shinier,Is more colorful and floral
dress,train,dress_train_05193,B0032AMWYW,B002PJ5EIC,is black and blue striped with a crimped bottom,is more colorful and printed
dress,train,dress_train_05194,B008RCLPSY,B009C36NX4,is longer and is a darker color,is blue with a different neckline
dress,train,dress_train_05195,B009R7SBCG,B007PVA6LK,is not revealing any cleavage,is less revealing
dress,train,dress_train_05197,B005D9II2K,B00AAZVAA4,is white with ruffles,is white and fitted looser
dress,train,dress_train_05198,B00CJH3F7C,B00DVG6LNK,is a short boho design,is much shorter
dress,train,dress_train_05199,B0036DE0KY,B004XDJH36,more sleeves,is lighter and more floral
dress,train,dress_train_05200,B002EANOY8,B005H3GRRA,is shorter and dark colored printed,is shorter with a different design
dress,train,dress_train_05201,B00BNN8QGI,B00B76OUUC,is opened front and tighter,is black and more form fitting
dress,train,dress_train_05202,B00BV4RQ7O,B00B5BB3GI,is more pique,has a longer pleated skirt
dress,train,dress_train_05203,B00DCCA21A,B00CD7YOU0,has more bright colors and is shorter,is more colorful
dress,train,dress_train_05204,B004PSOMJ8,B0057A6APM,Has a black top and floral bottom,is more blue
dress,train,dress_train_05205,B00DB9IVK8,B00DP8PGIU,Is longer and more girly,is longer and large floral printed
dress,train,dress_train_05206,B006W5WOSI,B008PQIE8G,is two toned with lace,Is shorter and less patterned.
dress,train,dress_train_05207,B00EIX9G32,B00COV7SP8,is longer and tighter,is purple with stripes
dress,train,dress_train_05208,B002G5RKFA,B0070P0ZLM,is blue colored,It is more blue and less satin
dress,train,dress_train_05209,B003RRWD4O,B003YDYR5E,has longer sleeves and more black,is all black and longer sleeves
dress,train,dress_train_05210,B00CORDX7E,B00CZGIWMU,is a lighter color and is more sheer,is not as tight and has spaghetti straps
dress,train,dress_train_05211,B006MPVXAS,B005A3M0QO,is a darker red and less sleeve,is a darker red
dress,train,dress_train_05212,B00DBMI43O,B00DBMI3OY,is identical,is exactly this item.
dress,train,dress_train_05213,B008ADDADS,B00DDFBSE6,is colorful and clingy less flowy,has striped coloring and not in purple.
dress,train,dress_train_05214,B0090KHAU4,B0090KH8XI, sleeveless,Is more colorful and has longer  sleeves
dress,train,dress_train_05215,B005UXSVVM,B0047Y0D2K,Has long sleeves and a short skirt.,is shorter
dress,train,dress_train_05216,B0071BF0S8,B007AR2XBA,is less modest and is two colors,is much shorter and less fitted
dress,train,dress_train_05217,B008CCY3RE,B009ANAMCE,is black with a mesh top and sleeveless,has no sleeve and is black color
dress,train,dress_train_05218,B007CVUSCU,B007CVUSH0,Is darker.,is black
dress,train,dress_train_05219,B004HWWJZ6,B004HWYHVA,is identical,same product
dress,train,dress_train_05221,B008BRFCDO,B0073PZRD0,Red and black knee length dress,is more brightly colored
dress,train,dress_train_05222,B003AKJK1C,B004OA08SG,this dress is less revealing,is 3/4 sleeve and red
dress,train,dress_train_05223,B00927391Y,B00926L00C,is shorter and lighter color,Is pink and shorter
dress,train,dress_train_05224,B009OIVFHG,B008I2VO98,is black and tan striped,covers the shoulders and is more casual
dress,train,dress_train_05225,B009UZLGKY,B00DBTNIMY,Has shorter sleeves and a flared skirt.,has more polka dots
dress,train,dress_train_05226,B0066CUYHK,B009T6MO2I,is maroon,is red
dress,train,dress_train_05227,B002U0LMVE,B005EWM566,is short mini and shiny black,is yellow with a tie belt
dress,train,dress_train_05228,B0058V5FNS,B004IF6T26,Is a strapless cream dress with a flower,flower graphic and lighter
dress,train,dress_train_05229,B008DGYVU8,B008A6027C,has a more scooped neck and is multi-colored,is color block
dress,train,dress_train_05230,B007OH16YQ,B0077I12IM,Is more skimpy and sexier,is brown with no sleeves
dress,train,dress_train_05232,B007FQ04MG,B009HMSRQ6,no strap white dress,is much lighter in color
dress,train,dress_train_05233,B00A83SN9O,B00DBZXSGO,is purple and sleeveless,too old-fashioned
dress,train,dress_train_05234,B00AOC7ZXY,B007FKALOS,the black dress is more fashionable,has ruffled hem
dress,train,dress_train_05235,B0076IKKBS,B005GNVHO4, and beige and brown skirt.,lighter color
dress,train,dress_train_05236,B00F0B5DGU,B003ILC4I4,sweater type black dress with pockets,is in all white with different shoulder straps.
dress,train,dress_train_05237,B00E3QWDIE,B00BNMIUD8,is more green and striped,green striped with long sleeves
dress,train,dress_train_05238,B00BPBBSDG,B00DYW0O2U,Its shorter with shoulders semi covered,Is shorter all around with belt
dress,train,dress_train_05239,B007ZYSFQU,B007GAFWB4, floral pattern,is a simple pattern
dress,train,dress_train_05240,B007FP788K,B00921C0SI,is red and shorter,has longer sleeves and is shorter and red
dress,train,dress_train_05241,B00BG0TSY2,B0096IXRCA,has longer sleeves and a blue tone,are shades of blue
dress,train,dress_train_05242,B007IXDC7U,B008HXAZM0,has pink prints,Has a more springtime floral pattern
dress,train,dress_train_05243,B00434FIBA,B0085F3RFC,Is a light blue with patterned bottom.,is more colorful
dress,train,dress_train_05244,B00D357MPA,B00CWL0VFY,has no straps and white chevron print,is red and white
dress,train,dress_train_05245,B00DQ449W2,B00BLQ67YU,is darker in color,grey and has softer fabric
dress,train,dress_train_05246,B00DQCC3XG,B00A7I7KPS,Is sexier and more revealing,is fitted
dress,train,dress_train_05247,B00AEY1AFG,B00E1QBGIO,Has a cold shoulder top.,has one strap and no belt
dress,train,dress_train_05248,B00A1HXBNK,B00DPJJ57C,is red and shorter in length,has more red and is shorter
dress,train,dress_train_05249,B00E3QXI9C,B003E27SMO,more vintage and flared,is more flowy and less revealing
dress,train,dress_train_05250,B0065URZ7U,B00DNJYQ7S,is more casual,has longer sleeves
dress,train,dress_train_05251,B008BOM4I8,B005940PES,is warmer and stripped,is striped and less colorful
dress,train,dress_train_05252,B003MRUZSK,B009APXBE8,is longer and black colored,is black and longer
dress,train,dress_train_05253,B00DGG77VK,B007GJ44JQ,is lighter and has shorter sleeves,has a cheetah pattern
dress,train,dress_train_05254,B001DOKB60,B005EMJSX4, and no straps,is shorter and pink
dress,train,dress_train_05255,B005Z4JT26,B009AMLH8S,is sleeveless and more revealing,is pink with polka dots
dress,train,dress_train_05256,B007WA1C8U,B007WAU1FU,is shorter and brighter,is blue
dress,train,dress_train_05257,B005KQWIYK,B004LRBIJA,is grey and ruffeled,Is more elegant and grey
dress,train,dress_train_05258,B003I4DZR0,B00763WB3I,is white and yellow with spaghetti straps,is  brighter and and beautiful
dress,train,dress_train_05259,B00BR5MQRW,B00CIEPZ38,has shorter sleeves and free at the waist,is a darker color
dress,train,dress_train_05260,B0062FN12G,B006ZQZT3Q,is seethrough,is green with black lace overlay
dress,train,dress_train_05261,B003COZFCO,B003YFIS3Y,Is colored only in various shades of blue,Is blue in color
dress,train,dress_train_05262,B00BNV7904,B003A2JHUE,is black and white and does not cover the shoulders,is more artsy and less geometric
dress,train,dress_train_05264,B003QCKB4O,B005KOZ5WY,is short sleeve with print,is black and has sleeves
dress,train,dress_train_05265,B002CJFNEK,B002CIIQUO,has no sleeves and more rouching,is a pink tube dress
dress,train,dress_train_05266,B00DO9LGXE,B00EJYE6T4,is blue red and white and has short sleeves,Has longer sleeves and is shorter
dress,train,dress_train_05267,B00908O0F4,B00CIBOMZ8,is red with longer sleeves,is red
dress,train,dress_train_05268,B008JBP5KC,B0084XZCGC,is yellow and short,is shorter and has yellow with a tie at the waist
dress,train,dress_train_05269,B00B89Q76I,B00COH9AUS,the black dress is more mature, and ankle length
dress,train,dress_train_05270,B00BMOURII,B00BMOTF18,Purple and ruffles,is purple with short straps
dress,train,dress_train_05271,B00CPT1GKC,B00CA7ISD2,is a plain black dress with a closed front,is sleeveless and black
dress,train,dress_train_05272,B00724PKSE,B0071RWH4W,has wide straps and different pattern,is more vivid and colorful
dress,train,dress_train_05274,B00CORDX7E,B00B51IDWU,has straps and a small emblem,the dress is black with a strap
dress,train,dress_train_05277,B00D4C605U,B00EZ7GUZ8,is more fitted with a cutout waste,white
dress,train,dress_train_05278,B00773ZFOY,B00DI25N7W,is longer and has a solid color,is much paler
dress,train,dress_train_05279,B00E0M2IF4,B007MO65A6,Is more white and belted,is white
dress,train,dress_train_05280,B00DEPURG0,B00D2CV22S,is a blue dress,is black and blue with  rounded neckline
dress,train,dress_train_05281,B007G102ZO,B007F3RTJA,is longer and has longer sleeves,is all white with black belt
dress,train,dress_train_05282,B00AMX1G44,B0007V760O,has short sleeves,It is a lighter purple and with strap
dress,train,dress_train_05283,B00CL0KUU2,B008P2V8DS,is sleeveless and more colorful,is pink and more revealing
dress,train,dress_train_05284,B007Y37RPW,B0073114DG,is black with a large slit,is black and a leg cut out
dress,train,dress_train_05285,B006YLW0XE,B006D5VXDE,black and sexy,is solid black and less revealing
dress,train,dress_train_05286,B002YD95KW,B004H4WHWO,is sexier and more revealing,Dark blue sleeveless with black belt
dress,train,dress_train_05287,B00BUMLJIE,B005IR3L6A,Has a dark blue top and printed skirt,is black with longer sleeves
dress,train,dress_train_05288,B008BPUV1E,B0063TYDAK,Is a strapless dress with a straight hemline.,is shorter and more formed
dress,train,dress_train_05289,B004XBC8FW,B003TEGZCQ,has an animal print and covers the shoulders,is less revealing
dress,train,dress_train_05290,B00AG3ZHUO,B008OPMM40, shorter and fitted,is all black and has a v neck
dress,train,dress_train_05291,B0091EZWKE,B00BL063PO,is white with black designs,is more brighter
dress,train,dress_train_05292,B009UZLR26,B00CY93TEY,has no straps with red toned strips,has a pattern and short sleeves
dress,train,dress_train_05293,B00CAGM3JI,B006M9EO3C,has thin straps and is blue,is more kinky
dress,train,dress_train_05294,B0066CUS6M,B009ANVFZW,Less revealing and more monochrome,is black with white pattern
dress,train,dress_train_05295,B007Y368XY,B00AXDBFIU,is red in color and is larger,is two-toned and bright
dress,train,dress_train_05296,B00CY07TP8,B00D2D3WHA,less fitted and v-neck,A solid black short dress
dress,train,dress_train_05297,B008E65ZSE,B00741MILM,is a sleeveless dress. Slightly shorter than the other,patterned skirt
dress,train,dress_train_05298,B00BI4KFDO,B00CMEN80Q,is a black and white graphic dress,is black and white
dress,train,dress_train_05299,B00CTT4FFG,B00CYSOGIS,is much more louder,has a shorter skirt and multicolored print
dress,train,dress_train_05300,B006MPCCPS,B005X95SKU,Is shorter,Is sexier and shorter
dress,train,dress_train_05301,B008BHS9HK,B00DWPDDE0,is a blue dress with arrow pattern stripes going down the frame. It's also shorter,is red with short sleeves
dress,train,dress_train_05302,B008BPUYPC,B005GPLLYI,is solid and has short sleeves, patterned and more flowing and longer
dress,train,dress_train_05303,B0051N7U7W,B005UER162,is slimmer and more elegant,is more red and tight
dress,train,dress_train_05304,B004071WF6,B005MWM5XQ,has bell sleeves and v-neck cut,is black with shorter sleeves
dress,train,dress_train_05305,B008DS1LTA,B00B67E2UA,has no sleeves and darker in color,is sleeveless and not belted
dress,train,dress_train_05306,B007CDYHBG,B0073ETM9Q,its black and white with high neckline,is darker and has bigger straps
dress,train,dress_train_05307,B004PSQP98,B007794IK0,is red and black striped,has stripes in black and pink only.
dress,train,dress_train_05308,B008OZSN8O,B00ACB157Y,Has a brighter color and is fitted.,is strapless and blue
dress,train,dress_train_05310,B0058P6U7E,B00GI1MNXM,is more revealing,long-sleeved and flowing
dress,train,dress_train_05312,B008006EU2,B00A1CI1P8,Less revealing and more black.,has longer sleeves and a more subtle pattern
dress,train,dress_train_05313,B007HIL14W,B005XIDI0S,Is longer with stripes,It drapes to the floor with only stripes in black and white.
dress,train,dress_train_05314,B00C9W3KNQ,B00CZ589VA,has a flowery design,is more green with floral accent
dress,train,dress_train_05315,B005TEO7V0,B00EZHW2XW,is more solid and brighter, shiny
dress,train,dress_train_05316,B004WZQPN0,B004U88W4Y,is with white with pale stripes and a v neck,has sleeves and is grey and white striped
dress,train,dress_train_05317,B007CVUSCU,B007CVURMQ,Is darker.,is black
dress,train,dress_train_05318,B007XD9LC0,B00DO9LGXE,is a high low  dress,has seethrough parts
dress,train,dress_train_05320,B00A1L7A56,B005CONM86,is white with black square spots,is black and white with polkadots
dress,train,dress_train_05321,B007XDE70G,B00C40THWG,has shorter sleeves and more fitted,has short sleeves and a little longer
dress,train,dress_train_05324,B00CRNKQG6,B007BZFWK0,is dark grey and longer hem line,is less revealing and more professional
dress,train,dress_train_05325,B00D8RZKI4,B00D8RZKP2,has a black skirt,is black
dress,train,dress_train_05329,B007FP4YBO,B00B9Z4CTA,Has longer sleeves and is less shiny,is darker and has longer sleeves
dress,train,dress_train_05330,B00B5MJBPC,B00B93UDRW,long sleeves and black, white and blue
dress,train,dress_train_05331,B007JEGB3U,B0057TDYV6,has a v-neck and blue print,is longer and more patterned
dress,train,dress_train_05332,B007NLX4Y8,B00DVHOZKU,is shorter with wider straps,Goes higher up on the chest
dress,train,dress_train_05333,B004UJIXV0,B005C2CDYC,is white with wider shoulder straps,is lighter
dress,train,dress_train_05334,B00CGYK8OG,B00BXB7S78,is white with long lace,Is lighter colored and less revealing
dress,train,dress_train_05335,B008DGYVU8,B0085U96NO,has bell sleves,shorter sleeves and tighter skirt
dress,train,dress_train_05336,B00AZ824SI,B0080Q6XKW,is above knee and flower print,is shorter in length with a dark print
dress,train,dress_train_05337,B007P50UBC,B006EY9VWE,is shiny,is metallic greenish brown
dress,train,dress_train_05338,B00BE8QUME,B00F61CW2C,has more print,Is lighter and more floral.
dress,train,dress_train_05339,B00144G7O4,B004IGO774,Has straps and not as colorful,The desired product has small butterfly sleeves
dress,train,dress_train_05341,B005OHAQNU,B004MYFJYC,is black and white in appearance,has more white component
dress,train,dress_train_05342,B00E1ZS3E0,B00BJ0O3YO,has a lighter colored skirt,has two straps and a patterned skirt
dress,train,dress_train_05343,B00BIPL352,B00CV18M6U,is diagonally striped pattern,is more black
dress,train,dress_train_05345,B008N05AEU,B00C11OI1S,is more revealing,Is sexier and ruched
dress,train,dress_train_05346,B0024807AY,B007AMT6ZG,n/a,they are the same
dress,train,dress_train_05347,B0050JBX66,B00BKW3NJM,is white colored and sleeveless,the dress is silver with no sleeves
dress,train,dress_train_05348,B006YLW0XE,B00BIFRDYC,is blue with a collar and is more plain,is grey and longer
dress,train,dress_train_05349,B00BNMK298,B002M5KUZ6,is cream with no straps and no sleeves,The dress is more revealing and shorter
dress,train,dress_train_05350,B004KPL0W8,B0036ZALF0,Is a short black strapless dress,is strapless and fuller
dress,train,dress_train_05351,B00CC62GH0,B00C1WM3WI,is less revealing,is pink with longer sleeves
dress,train,dress_train_05352,B00AEB9U60,B00AEB738M, with purples and longer sleeves,is long
dress,train,dress_train_05353,B0091SH5FK,B00EECCZ08,has white in it,is lighter in color
dress,train,dress_train_05354,B004I7IUG2,B00D4D4DJE,is tighter fitting,is more straight
dress,train,dress_train_05356,B00AHOXFEC,B009S3I4M6,Has a ruffled hemline,identical (same product)
dress,train,dress_train_05357,B00A4MTLRC,B00A4MTQGS, gray,is a shinier material
dress,train,dress_train_05358,B0080E7E9S,B008BHS3UI,is more black and less stripy,has a patterned skirt and is sleeveless
dress,train,dress_train_05359,B005NI05TA,B0042RU7EQ,3/4 sleeved short black dress,is in solid black with thin arms.
dress,train,dress_train_05360,B0046XRKNC,B00385WOW6,Is shorter with long sleeves., shorter cocktail dress with feathered hemline
dress,train,dress_train_05361,B009IO08JC,B00CW65VWC,is lighter,has a paisley pattern
dress,train,dress_train_05363,B0072DJFWM,B0092PKY9G, and purple,is navy blue with a white belt
dress,train,dress_train_05364,B00B5HJMTC,B00BNJXODW,is a green tank top,is brighter in color
dress,train,dress_train_05365,B008R527JW,B008FEOZD6,Is darker with asymmetric hemline.,is all black with longer sleeves
dress,train,dress_train_05366,B000NPTS8M,B000AN2C1C,Offers more coverage,is less revealing and flowing
dress,train,dress_train_05368,B003U6HA86,B001GCVGU4,Is shorter with longer sleeves,is silver with straps
dress,train,dress_train_05369,B007FP788K,B00ASIHRT6,has longer sleeves,has a shorter skirt and sleeves
dress,train,dress_train_05370,B00GI1V66M,B0089NBBHQ,is black with short sleeves,Is black & longer
dress,train,dress_train_05371,B009WU0Y4G,B005QSQCMG,is more revealing,Is white and more revealing
dress,train,dress_train_05372,B00E0WP2Y8,B00591JN8A,Is more animal-like and has more coverage,a knee length animal print dress
dress,train,dress_train_05373,B008KKZ5VQ,B00FU1GPWG,has shorter and Crochet black,sheerer material with shallower neck
dress,train,dress_train_05374,B008J261E0,B009NB70WI, and a white undershirt, a belt
dress,train,dress_train_05375,B005AWVFQG,B00751B2S6,is longer with strips,is longer and striped.
dress,train,dress_train_05376,B00BJA0H08,B00BBLLEFC,has a less cleavage exposure,is one length aand londer
dress,train,dress_train_05378,B00CTNXRII,B00E96Y7G4,has halter straps. With a blue skirt,has a purple and orange striped skirt and broader strips
dress,train,dress_train_05379,B00EPZOAHU,B00CAMHP22,is golden colored and shorter,is yellow and shorter
dress,train,dress_train_05380,B009311NDK,B007U3P7QC,is more of a skater dress,has no sleeves and is lighter coloured
dress,train,dress_train_05381,B007CLSXNG,B0009FH4A0,has ne sleeves and a geometric pattern,is a patterned a line dress with no sleeves
dress,train,dress_train_05382,B00FP6ARGG,B00FOXWGJQ,does not have sleeves,has long sleeves and leopard pattern
dress,train,dress_train_05383,B00DFXGDSC,B00GHKV5L0,is solid black with cutouts,is in solid black and more straps instead of a full design.
dress,train,dress_train_05384,B008BHCSGI,B00372605W,is strapless,plain black
dress,train,dress_train_05385,B00FFXYD6E,B00BMAPLV0,is grey and black. It's also shorter,is black and silver
dress,train,dress_train_05386,B009VH61RO,B0089XUFLY,is a short brown pleated dress,is brown with short sleeves
dress,train,dress_train_05387,B004OBZ9PC,B00CPTEZJG,this black dress look more feminime and mature, is a maxi dress
dress,train,dress_train_05388,B008546GG0,B008545ZWG,is more transparent,is lighter in color
dress,train,dress_train_05389,B00BTPUIJ8,B004IK9CRA, shorter and patterned.,is a black and white dress
dress,train,dress_train_05391,B0058FQLVO,B00BSU24UK,is more geometric and less colorful,is black and white with a geometric print
dress,train,dress_train_05392,B00767QEWI,B005HMNTKY,is shorter and lighter pink,is in a solid cream color.
dress,train,dress_train_05393,B00DHKYE52,B007KRZ4KC,has a u shaped neck and is brighter,is lighter color and rounded neck
dress,train,dress_train_05396,B00FNZN4BY,B00G7H39YY,has longer sleeves with a print,has longer sleeves and stripes
dress,train,dress_train_05397,B00740VYFE,B0089AHKSI,is black and more professional,Is more simple and black
dress,train,dress_train_05398,B00CJDHFDG,B0054GX868, and strapless,is shorter and darker
dress,train,dress_train_05399,B009CRGDG2,B004JZWJF6,is more revealing and red and white,is more colorful
dress,train,dress_train_05400,B00DW39KU8,B007WA3IWI,has a v shaped neck with no collars,is tan with a black rope belt
dress,train,dress_train_05401,B0098BUJ4O,B0084XZETM,has shorter sleeves and a belt,is darker in color
dress,train,dress_train_05402,B009KDPKZ8,B009PNEAUE,Is more striped and fitted,is blue striped
dress,train,dress_train_05403,B008V5M72K,B005GQPE72,the purple color,is purple
dress,train,dress_train_05404,B00CIGLQUC,B008S1CRSQ,is floral blue with a neck strap,has more blues and blacks to the print.
dress,train,dress_train_05405,B00B3VX9YO,B00I0XXRJU,is more white and purple pattern like,More colorful and has sleeves
dress,train,dress_train_05406,B00DDJOEYS,B00BYQL5RG,is dotted on the upper part and a plain bottom,is shorter and has a black skirt
dress,train,dress_train_05407,B003VWOXAC,B0057UI7SK, and black,has a lighter purple.
dress,train,dress_train_05408,B004IK9BYY,B00ANK7AVO,says maggy london,is text
dress,train,dress_train_05409,B0091SH5FK,B00F5XX4E6,is black with v neck and short sleeves,darker and has longer sleeves
dress,train,dress_train_05410,B0074H8JR8,B002TYZGX6,Is lighter with ruffled fabric.,is crimped and sleeveless
dress,train,dress_train_05411,B0078KOTHU,B004MPQFHG,is longer and has a pattern,is longer and darker
dress,train,dress_train_05412,B007P1PNUO,B007TYZUBY,has stripes,is strapless with strips
dress,train,dress_train_05413,B005VIA4S4,B005V3FJ3E,has sholders,is black and patterned
dress,train,dress_train_05415,B00D992SEA,B00B903K3E,is more see through, strapless and more patterned
dress,train,dress_train_05416,B004GZ7SDM,B00ECF339E,is shoter and more revealing,It is more pleated and less tight
dress,train,dress_train_05417,B00FI0LTXE,B00GKC1KC4,is red and has long sleeves,is red with a keyhole neckline
dress,train,dress_train_05418,B00AXVEVYC,B00ASISMTA,is blue colored and longer length,is longer and dark blue
dress,train,dress_train_05419,B00AVPXRT0,B00EDRAXLW,is darker red with shorter skirt,is shorter and red
dress,train,dress_train_05420,B004W1G728,B004PFKIOE,has tank top and stripes,has a scoope-style neckline and a fuller skirt
dress,train,dress_train_05421,B0042VIH8K,B005G16AIO,is sleeveless and beltless,Is a little longer and shows more on top
dress,train,dress_train_05422,B004NHJBQK,B004XDJKX8,has a more defined bust and is lighter,is yellow with frills
dress,train,dress_train_05423,B00AWNI084,B00AWNGGJO,is less revealing,is blue
dress,train,dress_train_05424,B002VLFSPI,B00BYGPB1C,is mainly white with a floral pattern,is sleeveless and white with a sparser floral pattern
dress,train,dress_train_05425,B004I5A7SS,B003VWLPH6,is yellow in color,is brighter in color
dress,train,dress_train_05426,B004LLISF8,B004LLIRX6,has a higher neckline with a red and white print,has a red floral print
dress,train,dress_train_05427,B008IGJD4W,B008Z5TBRU,sequined gold dress with short sleeves,is shiny
dress,train,dress_train_05428,B008YCDCVK,B008CQ9GKY,has longer sleeves and is shorter,Shorter and non plus size
dress,train,dress_train_05429,B00BJMMXTY,B00EV5AGRM,Blue and shiny,is a more blue tone
dress,train,dress_train_05430,B00EOBPMR2,B00E4SUGE4,is longer and lighter,is pink and strappy
dress,train,dress_train_05431,B0084JU6JE,B0081ZKNNA,is gray with no sleeves,is grey and sleeveless
dress,train,dress_train_05432,B00ADUHCP8,B00FGNAA74,is longer and has an empire waist,is blue and long
dress,train,dress_train_05433,B00EIVHW9E,B00FLB926Q,More whimsical and romantic,has more layers
dress,train,dress_train_05434,B004ISL0IG,B008CUX57U,is black with short sleeves,is black with a red belt
dress,train,dress_train_05435,B00E62MFMY,B00BUK9SKM,is red and has floral patterns on it,has a brighter color and more floral pattern
dress,train,dress_train_05436,B003VWLPH6,B00CTY975E,is light blue,blue
dress,train,dress_train_05437,B00FVTN84U,B009WSPQ00,has sleeves and collar,is purple with a low cut neck line
dress,train,dress_train_05438,B00A8E8Z0U,B00A890C3S,is darker with short sleeves and a v neck,is purple with sleeves
dress,train,dress_train_05439,B002ECOKNA,B004UJIXV0,is dark black,should be darker in color and more floral
dress,train,dress_train_05440,B00BI3CC3G,B008542K88,is longer with blue toned,Is longer and blue
dress,train,dress_train_05442,B007GB209U,B003X686N6,is yellow with a black belt,is flowy and printed
dress,train,dress_train_05443,B00CHSEXZG,B008UCNHIW,is shorter with straps,is red with black trim and sleeveless
dress,train,dress_train_05445,B003ILMRTU,B003IM3LXK,is brighter in color,is pink and more revealing
dress,train,dress_train_05446,B00DP3BMWO,B00CIV276Y,is light teal blue in color with a belt,is turqoise with an orange belt
dress,train,dress_train_05447,B0036Z6HNK,B004LC1BVA,has straps and is blue colored,is blue and has short sleeves
dress,train,dress_train_05448,B007WATZ9S,B007WAD7PG,is white,more flared and white
dress,train,dress_train_05449,B0074P3UWE,B00BFDU3MQ,has floral prints without sleeves,is longer and has a floral pattern
dress,train,dress_train_05450,B0091GQV3E,B008DSPNGC, more formal,it is more colorful and less plain
dress,train,dress_train_05451,B0080EMFGU,B0063U1Q9U,is solid red with straps,is red with sleeves
dress,train,dress_train_05452,B002O176LO,B0058W6Q5S,has brighter colors and thinner straps,is more revealing
dress,train,dress_train_05453,B009OCO9XO,B008VPNQCK,A paisley long sleeved short dress, is belted and is navy blue
dress,train,dress_train_05454,B00DPENKUA,B00EE1R73E,is plain black and longer,is much longer
dress,train,dress_train_05456,B00A8FA3RW,B00A8F9ZBW,is pink and long sleeved,Pink and longer arms
dress,train,dress_train_05457,B00BWIJ0PK,B00APFF1CW,is brighter and without a flower on the chest,Is blue and more elegant
dress,train,dress_train_05458,B006OI1PSI,B00EH5FKCC,Is more  pink and evening,has one long sleeve and a red and pink color
dress,train,dress_train_05459,B0058CASVG,B00DDYS9R6,has more stripes and a tighter, pink
dress,train,dress_train_05460,B0071DSEDY,B008XCAN2W,has no sleeves,is white and has floral design
dress,train,dress_train_05461,B00AKMM6HI,B00CY0D466,is sleevless. It frays out from top to bottom unlike the other,Looking stylish
dress,train,dress_train_05462,B00DY0HFKG,B00DWX5GCE,is blue in color,no jacket and sleeves
dress,train,dress_train_05463,B00D5Z17UE,B007618GC0,is lighter and longer,is longer
dress,train,dress_train_05464,B00BMO2I8U,B00BEVZ0H2,has a pastel print,has more colors and brighter
dress,train,dress_train_05465,B00DHX3LJE,B00H2URITC,is a black dress with gold,is black and tan
dress,train,dress_train_05466,B008CFE9ES,B003U8YNUM,is more revealing and elegant,is blue with a waterfall hem and is strapless
dress,train,dress_train_05467,B003YJGB48,B0084XXH00,is solid white with a belt,is white with a belt
dress,train,dress_train_05468,B006O4KA8S,B007V0BHAE,has thin straps,it is rainbow colored with spaghetti straps
dress,train,dress_train_05470,B006363MT6,B007S3V8QC,is darker and has shorter sleeves,has no gold highlights
dress,train,dress_train_05471,B0086URH7U,B005G16BBK,has wide straps and is darker,is sleeveless and v necked
dress,train,dress_train_05472,B00B70CKTQ,B00ACKD6EK,has thin straps and more squid,is blue with an octopus
dress,train,dress_train_05474,B00GB2XQ66,B00G7015AG,is longer and darker,is longer and blue
dress,train,dress_train_05475,B00EWLJGU8,B00979QTHS,has sleeves with print on white,is black with sleeves
dress,train,dress_train_05476,B00FI0LUCY,B00FI0LV64,is the same,is the same product
dress,train,dress_train_05477,B00307RLL6,B009AMPBDU,is more formal with short front and longer back,has longer back and is dark grey
dress,train,dress_train_05478,B00DY6210Y,B00FEDHH18,is a solid color olive,is olive and solid color
dress,train,dress_train_05479,B00DQG1V80,B008XC960M,is a formal dress,Has no sleeves and a lighter color
dress,train,dress_train_05480,B00FOLJMBS,B00E5ZASNA,is more form fitting with a higher neckline,is lighter and has longer sleeves
dress,train,dress_train_05481,B007XD531S,B00E4FWYME,is lighter colored with longer sleeves,has frills
dress,train,dress_train_05483,B00A1L7A56,B00CEKI6VE,has sleeves,is less kinky
dress,train,dress_train_05484,B00CYGTFPY,B00999CL2I,is a brighter pink with straps,has straps
dress,train,dress_train_05485,B008BOWXP2,B005EVNHD2,is long sleeved with prints,is brown with a black belt and sleeves
dress,train,dress_train_05487,B00BT9AY7U,B009YMA3DY,more evening and structured,is a short
dress,train,dress_train_05488,B00AOC9QEA,B00F0B5DGU,Is a short sweatshirt dress.,has a hood
dress,train,dress_train_05489,B0079EHMVK,B008QWFVLC,is lighter and has longer sleeves,is all black
dress,train,dress_train_05490,B00BYN092Q,B00A8FA2JG,has a black belt and darker pink,is more brighter
dress,train,dress_train_05491,B008S9JN08,B007WASFI0,is teal colored,is sleeveless and striped colored
dress,train,dress_train_05492,B009EOLFUW,B009EONGHC,More hugging and blue,is more teal colored
dress,train,dress_train_05493,B00BP3I0E4,B00BQ2RZS6,is black,is black with long sleeves
dress,train,dress_train_05494,B002HGDVCE,B003ZQCU8G,Is less revealing,is black with an image of a city
dress,train,dress_train_05495,B002A63QW6,B0009PDO0Y,long brown halter dress,is not as deep of a red with straps.
dress,train,dress_train_05496,B00AA6F44Q,B00DZEZJAY,is black with straps and is longer,Is darker in color and longer
dress,train,dress_train_05497,B00DSQQQ7Y,B00AEYZ3WW,is solid colored,tighter and darker
dress,train,dress_train_05498,B00E5BQBBC,B00E1MDLU4,light pink with one long sleeve,is more lacy
dress,train,dress_train_05499,B0090JSKRW,B005BP8MYA,black dress looks more casual,is lacier
dress,train,dress_train_05502,B004OA08SG,B003AKJK1C,is long and purple dress,is longer and solid purple with straps
dress,train,dress_train_05504,B00BB3E73Q,B00BOZK7L2,Is solid white and sleeveless.,is white with no sleeves
dress,train,dress_train_05506,B002TKJM76,B004A7XTRK,is less revealing,has sleeves and a floral print.
dress,train,dress_train_05507,B00BAR35JK,B00DSR1UQK,has black and white strips,Has horizontal stripes in black and white
dress,train,dress_train_05508,B00AFOMNI8,B0060ROCF6,has a black accent on the neck line,has a different neckline
dress,train,dress_train_05509,B00EXEU65S,B009QW3YJC,is solid silver with short sleeves,Longer sleeve grey dress
dress,train,dress_train_05510,B003725CWY,B004M17IEY,is teal colored and more shiny,is shiny and blue
dress,train,dress_train_05511,B009N21RO4,B00CZVH72Q,has shorter sleeves,is lighter in color and sleeves are longer
dress,train,dress_train_05512,B0058TET8W,B009DMF5S8,is longer and golder,is more shiny
dress,train,dress_train_05513,B008CQB4HC,B00ARCVEO2,is cream and sleeveless,is a light color and sleeveless
dress,train,dress_train_05514,B00EB5RRU6,B008YQUZ2K,is purple,is purple colored with no sleeves
dress,train,dress_train_05515,B00BIGF17C,B006ZU1JYU,is shorter and beige, longer
dress,train,dress_train_05516,B00CD4M9MI,B00CFUDMI0,has longer sleeves and dark colored,has sleeves and is slightly darker
dress,train,dress_train_05517,B00FFXY5US,B00BFF9RHQ,tan and black and ties at the waist,is  more formal
dress,train,dress_train_05518,B005LC3GEY,B00BDGN6AQ,is tan and less revealing,is longer and lighter in color
dress,train,dress_train_05519,B00CIV276Y,B00DP3BMWO,is animal print with sleeves,is yellow and has a zipper
dress,train,dress_train_05520,B009LHGZKW,B0062KIBWG,is longer wth longer sleeves and a belted waist,is longer and has 3/4 sleeves
dress,train,dress_train_05521,B00GHKV5L0,B007WATQV0,is red with a silver belt,is red with a silver stripe
dress,train,dress_train_05522,B0041HQ46M,B004O76KAE,it has a printed skirt and it is floor lenght,has more light blue
dress,train,dress_train_05523,B0029NY8EA,B006Y6FI10,is black with a v-neck and three-quarter length sleeves,is see through
dress,train,dress_train_05524,B00EYNVM8I,B00G4D1N7G,More classy and long-sleeve,More black and longer sleeves
dress,train,dress_train_05525,B008ZXZRRK,B00FDO1FC0,has a cheetah print and long sleeves,is fitted with long sleeves and all over animal print.
dress,train,dress_train_05526,B001WAKYXK,B002SQKN4M,is more dark colored and plain,is black with gold trim
dress,train,dress_train_05527,B001GCVGI6,B004P8IR2Q,this orange dress looks more bold,has more patterns and is longer
dress,train,dress_train_05528,B007ZP0DFA,B0075ARM86,has spaghetti straps and a shorter hemline,is light orange and more revealing
dress,train,dress_train_05529,B002HRFARW,B001WAKYXK,has spaghetti straps brighter color,is multi-colored and has two straps.
dress,train,dress_train_05530,B00D1G5HVW,B00DC8NSNS,is darker with a looser skirt,is black with a mesh top
dress,train,dress_train_05531,B0067M3LGA,B0087CHJ20,is darker and bolder,is more colorful with short sleeves
dress,train,dress_train_05533,B003YKG4Y4,B006Q97MOQ,is purple and green with a deep v neck,Purple and green splash of colors
dress,train,dress_train_05534,B0039ITI44,B007KCWX24,is black with thin straps,Is a black
dress,train,dress_train_05535,B0071UXHPC,B008PD5CAW,is longer and more transparent,is less black and longer
dress,train,dress_train_05536,B00CI08RSW,B00E8CMS88,is solid black,solid black
dress,train,dress_train_05537,B00CY8RFSQ,B007GSGDPU,high cit and yellow,yellow and more conservative
dress,train,dress_train_05539,B00BZ8GPVO,B008R724AW,has longer sleeves and more dark colored,has longer sleeves
dress,train,dress_train_05540,B008BRM2GY,B0086TJ5VC,is more casual,White with two blue designed stripes string neck top
dress,train,dress_train_05541,B007MF6EBU,B005GHINYC,Is more floral and more fitted,has a rose pattern
dress,train,dress_train_05542,B00AFPZBUY,B00AFVJ0C8,less skirt and more shorts with narrower stripes,is blue and green and sleeveless
dress,train,dress_train_05543,B006NU62NA,B006ZU1M38,is darker with a neck strap,is more open and patterned
dress,train,dress_train_05544,B004IF6T26,B00AK14EQU,Is more fitted and cap sleeves,is black with sleeves
dress,train,dress_train_05545,B0060OU0P0,B004FPIBPW,is more gray,is white but otherwise identical
dress,train,dress_train_05546,B00C7PAYRA,B00B8XQDAO,is less sexy and more trashy,has a halterneck
dress,train,dress_train_05547,B00FZ4KDPI,B00DUGA3SA,is a blue floral design,is a print
dress,train,dress_train_05548,B00A4A9246,B00CE4H29C,is shorter with a sheer top,is shorter and less formal
dress,train,dress_train_05549,B007CJM3XY,B0082GUCYI,has sequence collar and shoulder trim,Is collared and pink
dress,train,dress_train_05550,B00DLKDTMM,B00E5K1GHC, polka dot dress. With halter straps,is blue with a higher neck
dress,train,dress_train_05551,B004RLHBNM,B004Z0OS1S,is darke and shorter,is navy
dress,train,dress_train_05552,B007N6ZJNM,B0088VTRHA,is red and does not have sleeves,is red with no sleeves
dress,train,dress_train_05553,B004U90IKY,B004U9YVZ2,is more revealing and lighter, shorter at the waist down
dress,train,dress_train_05554,B00B89PJ4E,B00B89IDK6,is dark colored and floral,is a darker color and has a floral pattern
dress,train,dress_train_05556,B005FOE5XO,B004OYUJFY,Has a tank top neckline.,is sleeveless
dress,train,dress_train_05557,B004HEXG24,B0020HRSL0,Is solid black. It flows out more,has no sleeves and is dark colored
dress,train,dress_train_05558,B006IN83FW,B009L1LK80,has longer sleeves and blue colored,has long sleeves and is darker
dress,train,dress_train_05559,B00DW39KU8,B00858V18O,is brown and black,is darker and has more pattern
dress,train,dress_train_05560,B00EYNW1CO,B003BKX134,is black with red dots,is has with red dots
dress,train,dress_train_05561,B003TW4OTO,B00CY0CQIS,is pink with straps and is shorter,is red with straps
dress,train,dress_train_05562,B008VILBSI,B00BOZ5GX6,is shorter with cap sleeves and a black print,is blue with a white strip on waist and sleeveless
dress,train,dress_train_05563,B0090KHN7E,B009OCO9XO,has long sleeves,Is is more plain and has longer sleeves
dress,train,dress_train_05564,B009NCHCRA,B00FLMQ7EK,is more grey toned,is lighter grey with no belt
dress,train,dress_train_05565,B0071UXHPC,B0081CXL1E,Is a pink wrap dress.,is pink has more elegant
dress,train,dress_train_05566,B004RM9OZE,B00DIGHJ70,is a shorter skirt with no shoulders exposed,is more sleeved and shorter
dress,train,dress_train_05568,B00EIVHW9E,B00COAD6IM,is off the shoulder with frontal print and on hemline,is shorter and strapless
dress,train,dress_train_05569,B00740VZKS,B0091QF7WA,has longer sleeves and is solid red,is red with long sleeves
dress,train,dress_train_05571,B002PEXJJS,B002PEH0RK,2,has a more closed neckline
dress,train,dress_train_05572,B0063U1O1U,B003RRWX30,Is darker and shorter.,is darker in color and shorter
dress,train,dress_train_05573,B00AW8XGH4,B00870UX8Y,is black and white and is high low,is two solid colors and has an asymetrical skirt
dress,train,dress_train_05574,B0053Y6UKC,B009K7G69I,has center panel and straps,is tighter and a bit longer
dress,train,dress_train_05575,B00C62F7Y4,B007XXL5RO,Is a blue and black striped maxi dress.,has stripes that are bold with blue on the dress.
dress,train,dress_train_05576,B008ZXTX84,B00CJQGOHG,is a blue dress,is a blue floral print with mid length sleeves.
dress,train,dress_train_05577,B00CLPGF38,B00DEECQW4,has a black top and a white with black print short skirt,has black and white
dress,train,dress_train_05578,B00E0OR3T8,B00FEW7C9Q, red and less patterned,is short sleeved
dress,train,dress_train_05579,B00DZ1977I,B00BP42B66,is warmer and has longer sleeves,is a long sweater
dress,train,dress_train_05580,B008M4QLLI,B006P5OVFE,sweater type dark green dress,is in solid black with a similar design.
dress,train,dress_train_05581,B008M4QLLI,B00CX4IMYM,Has short sleeves and striped pattern.,has shorter sleeves an horisontal grey/pink stripes
dress,train,dress_train_05583,B00EYZVSQ2,B009001XCU,has a pink and white pattern,Is solid white in color and is much simpler.
dress,train,dress_train_05584,B004KPL0W8,B0058T1N0Y,has sleeves and a v shaped neck,is short sleeved and fitted
dress,train,dress_train_05585,B007Y2KQHO,B008R9FCCC, shorter and more fitted,is in a swirled design print in pink and white.
dress,train,dress_train_05586,B004HFQRJ2,B003ZYDB7M,is the same color but with longer sleeves,Has longer sleeves
dress,train,dress_train_05587,B00CY942GS,B00F4MYOE2,is cream and black in color,is white with black lace
dress,train,dress_train_05588,B00263Z072,B007MF6EBU,has an animal print,has more animal print
dress,train,dress_train_05589,B0090SF7WE,B00BW88S9E,is identical,has even hemline  and more pleats
dress,train,dress_train_05590,B0096NAMF0,B0065WE3J6,is more like a sweater with solid color,Is blue
dress,train,dress_train_05591,B004KNX4QA,B0051895KW,is black and is shorter in length,is solid black
dress,train,dress_train_05593,B008OZSN8O,B006GHDPKI,has one sleeve and a purple print,has one long sleeve
dress,train,dress_train_05594,B00A4AN2JC,B006J431UM,has floral print and not so sexy,is black with floral patterns
dress,train,dress_train_05595,B00B1OSP8S,B00DQ51R2G,has a lighter color and is less revealing, tan and sleeveless
dress,train,dress_train_05596,B007SRJ3CE,B00870V1IK,light pink sleeved dress,pink with pattern
dress,train,dress_train_05597,B00CFXUOS8,B0091QQ1OI,is black and white patterned,has more designs
dress,train,dress_train_05598,B004HFQRJ2,B004GXAARU,A log sleeve grey a line dress,is in a bluer grey with sleeves.
dress,train,dress_train_05599,B003QJR0N2,B003XCJQAM,is much more flowy and with a different pattern,has a lighter pattern and more casual
dress,train,dress_train_05600,B00B30VYYC,B007W9ZGL0,is white with red and black colors,the dress is many colors and shorter
dress,train,dress_train_05601,B005D9II2K,B009UZSZBW,is revealing with pink tone,is snall straps and hot pink
dress,train,dress_train_05602,B00FQAN0R4,B00C4NV6LS,has straps and more solid black,is black
dress,train,dress_train_05603,B004U9L29U,B009P3WCOA,is longer,is longer
dress,train,dress_train_05604,B00DQG1V80,B00CL0KUU2,is white and has half sleeves,Is more white and longer
dress,train,dress_train_05605,B00CMXJZSQ,B00B52C7IA,is long and dark blue.,is in all blue with a longer front of the skirt.
dress,train,dress_train_05606,B007SV9DBQ,B0036TG93Y,is more casual with less sleeves,has a gathered neckline
dress,train,dress_train_05607,B00AM1U4R6,B009HG2R3G,is darker and single strap,is green with one sleeve
dress,train,dress_train_05608,B009ESAI4M,B009COQU2C,is black micro mini dress with lace mid sleeves,is black with sheer sleeves
dress,train,dress_train_05609,B006UCPPXE,B00AHOZRH0,is sleeveless with more design around bust,is more see through
dress,train,dress_train_05610,B00AFVIY9I,B00D83K0TM,is red and less fitted,is red
dress,train,dress_train_05611,B005G16BBK,B006JXMTP6,short sleeved and striped printed,is multi-colored and shorter
dress,train,dress_train_05612,B004PE9DVE,B004NHHMS4,Is darker and more fitted,It is more black and tight
dress,train,dress_train_05613,B007MLLZ54,B004KNX4QA,Has a black and white pattern.,is white and with black patterns
dress,train,dress_train_05614,B00DWVNGDC,B00B1H3P4O,is colorful print and v neck short dress,is pink and red
dress,train,dress_train_05615,B006U8TJQW,B006DLK4O2,has a different pattern and more of a scoop neck,has more golden colors
dress,train,dress_train_05616,B00CFXU7TY,B00967OCW0,Is darker with long sleeves.,is more of a dress
dress,train,dress_train_05617,B0045KDJYU,B005LVJWQ6,more covered up with long sleeves,Is blue and has sleeves
dress,train,dress_train_05618,B007VE51IE,B007PKEDPG,has longer sleeves and more gauze,has long sleeves and is flowy
dress,train,dress_train_05619,B007XCGWS2,B0090KHE5A,blue dress with a belt,Is blue with a grey underlay
dress,train,dress_train_05620,B00B1TO7VC,B00BYNDWIE,is black with blue half sleeves,is more black
dress,train,dress_train_05621,B002HRFARW,B004SKFLY8,is more loosely fitted and longer,has two straps only in black.
dress,train,dress_train_05622,B00BNJXODW,B00E5O5UCA, grey,is orange tie dye
dress,train,dress_train_05623,B0036MEHQ2,B00A9Q7CSI,has longer sleeves with green design in center,is long sleeved and metallic peacock colors.
dress,train,dress_train_05624,B006ZQQ606,B006ZUA9DC,is white with a colorful pattern,has a floral design and is more colorful
dress,train,dress_train_05626,B00C0RKZQK,B007GSFEN2,is longer and black in color, a darker color and more form fitting
dress,train,dress_train_05627,B0091GQSAK,B00791C4MK,is blue with ruffles,is light blue and more revealing
dress,train,dress_train_05629,B000H7H1I0,B0076OD2K8,is tighter and short and blue in color,is shorter and more form fitting
dress,train,dress_train_05630,B00BM0U29Q,B0075N3X54,has longer sleeves and is dark blue,Is blue with longer sleeves
dress,train,dress_train_05631,B00APLSV2I,B00APLVKXU,Longer length and white,is much longer
dress,train,dress_train_05632,B00AVGH2PY,B00DBP8B7U,has no straps and is classy,is yellow and strapless
dress,train,dress_train_05633,B008P43JOC,B00BWW32U0,is shinier red,red and revealing
dress,train,dress_train_05634,B00A760T6C,B0046ECPFE,is purple with only one strap,is shiny and purple and only covers one shoulder.
dress,train,dress_train_05635,B002SNALOM,B0036MEGEK,is less shiny and light colored,is a lighter red and not a halter top
dress,train,dress_train_05636,B00DAU5VWY,B00BLMORFU,green and longer skirt,is green and more slim
dress,train,dress_train_05637,B00ECAZ658,B00BZSXYFY,is black and white,is a few different colors
dress,train,dress_train_05638,B00DJB54J4,B00D2ZK7UI,is yellow with a less exposed neck line,is less revealing
dress,train,dress_train_05639,B007FIVUYK,B009VRTY8C,has a neck strap and is long,is longer with stripes and less casual
dress,train,dress_train_05640,B00AYWXFLK,B00B7I3AKG,is not written London times,is floral white and above the knees.
dress,train,dress_train_05641,B004LWZM1U,B005FIRUGY,Is more girly and less revealing,is more frilly and less revealing
dress,train,dress_train_05642,B007R9JSDC,B006OMFGTI,is a longer black halter top dress,is solid blue and longer
dress,train,dress_train_05643,B009XJO6BI,B0098NURY4,is red colored and fitted,More red and one piece
dress,train,dress_train_05645,B008AKHNMU,B009VJAQYQ,is white on top,is less recealing
dress,train,dress_train_05646,B00AD95LDO,B00A3UTOTU,has longer sleeves and lower neckline,has longer sleeves
dress,train,dress_train_05647,B0029XRJ6Y,B00FYCMREQ,is darker and longer,is longer
dress,train,dress_train_05649,B0076FD1CQ,B00CL9FXNC,is looser and has more flow.,much shorter with cross pattern
dress,train,dress_train_05650,B0073VE2X0,B007RKTONA,has longer sleeves with black toned,is more black and professional
dress,train,dress_train_05651,B00B7GJGOM,B00BEW8ZO6,is striped,less flowery and more lines
dress,train,dress_train_05652,B00CHR4M76,B00BZD0T5W,is shiner with one should strap,is shiny and shorter
dress,train,dress_train_05654,B00A3Q8G8Y,B0062FMZ5A,long floral print dress,is a blue printed fabric.
dress,train,dress_train_05655,B009L7B46C,B00936AW4G,Is a darker dress with pattern on top.,is black with a neck pattern
dress,train,dress_train_05656,B008UAEXZK,B0083WZBOW,is pink with no straps,is shorter and strapless
dress,train,dress_train_05657,B007WA2Z0O,B009PFKUU6,has a light brown and white color,is more neutral colored
dress,train,dress_train_05658,B007WA1C8U,B009PMBF44,Shorter and has buttons,is shorter and tighter with white buttoms.
dress,train,dress_train_05659,B0037UZWUS,B00A885RCK,has more pink and tighter fitting on top,is more revealing
dress,train,dress_train_05660,B00652V90C,B00DO4GHR4,is darker with a v shaped neck,The dress is black and red and shorter
dress,train,dress_train_05661,B008SCGZVK,B007D6HXLS,one shoulder long sleeved pink dress,has one long sleeve
dress,train,dress_train_05662,B00FMB2R62,B00EPQR8IC,is more orange and more revealing,is lighter and more patterned
dress,train,dress_train_05663,B00BR9KQX4,B008IGRMV8,has a floral print and longer sleeves,is light coloured with orange pattern and black belt
dress,train,dress_train_05664,B005PSKTRQ,B007FPDMBW,is blue and is sleeveless,has blue and smaller shoulders
dress,train,dress_train_05666,B00CIQE186,B004ISKT9W,is louder and brown,has longer sleeves
dress,train,dress_train_05667,B006GV42EM,B006J3YAD0,is more patterned with a shorter skirt,is patterned with spaghetti straps
dress,train,dress_train_05668,B0073114DG,B006WXNZHO,is long and brighter,has more blues and whites without a leg slit.
dress,train,dress_train_05669,B00DMP0FGO,B00DDB5XUK,is shorter and darker,Is short and black and white with chevron pattern
dress,train,dress_train_05670,B008OVCI0C,B00APG4A32,no sleeves and belted,is white and more revealing
dress,train,dress_train_05671,B00BM1QDWU,B004BX98O6,is brown with lower neckline,two tones and fitted
dress,train,dress_train_05672,B007P00QTS,B007XIWNS4,is red in color,Is more red
dress,train,dress_train_05673,B008YQVHK4,B00DF0UQ24,does not have straps with lots of ruffles,is bright purple
dress,train,dress_train_05674,B00BB7FN6C,B007D25A6M,strapless and beige,is green with texture
dress,train,dress_train_05675,B007V0B8IU,B007RUZ6NM,is solid black with open sleeved on shoulder,is black with sleeves
dress,train,dress_train_05677,B00DFXGDSC,B00BN0V5QY,is black in colour and is more patterned,is a colorful print with straps
dress,train,dress_train_05678,B004SG6YYI,B00BR5MQRW,Is a lighter color,is lighter and has longer sleeves
dress,train,dress_train_05679,B00CIETF8O,B00CA915S0,Is beltless and has a medium neckline,Is not belted
dress,train,dress_train_05680,B006T73FG4,B009EMNO2G,White and shiny,is white with thicker sleeves
dress,train,dress_train_05681,B00FKIACNW,B00FATNA8U,Is less revealing and more casual,is shorter and lighter
dress,train,dress_train_05682,B00E98XFF6,B004I41FDU,is dark blue and sleeveless,Is blue and less fitted
dress,train,dress_train_05683,B004SYQ7YM,B00GBNC3IM,is longer and darker in color,Is longer and more whimsical
dress,train,dress_train_05685,B00CW92VD6,B00BSKJ6BA,is much lighter and more flowing,much brighter and colorful
dress,train,dress_train_05686,B0080E699O,B00AV1YPZY,is darker colored with long sleeves,is darker and has longer sleeves
dress,train,dress_train_05687,B009LV1NAK,B007ZQ6SLW,Is more revealing and striped,is black and white striped and more casual
dress,train,dress_train_05688,B00ASISMTA,B00A2KM0P6, black and grey stripes,has a wider skirt and cap sleeves with a high neckline
dress,train,dress_train_05690,B009VDSJLY,B008R07I64,is black and has longer sleeves, short and tight
dress,train,dress_train_05691,B00C886ZJW,B00E0OK2HS,is shorter with thicker straps,Is shorter and a less revealing neckline
dress,train,dress_train_05692,B00CH35T9U,B00CH38QMC,Is an asymmetrical patterned dress,is shorter
dress,train,dress_train_05694,B008AKSKRW,B002MGPDF2,Is more intimate and satin,is more elegant
dress,train,dress_train_05695,B00DJZP7LK,B00G7H2WME,is a long sleeve short dress,has longer sleeves
dress,train,dress_train_05696,B000WPZ65C,B000XLB0XC,is longer and less revealing,Is darker red
dress,train,dress_train_05697,B00AFC4VVC,B00CLDANDI,has longer sleeves,is long sleeve and crew necked
dress,train,dress_train_05698,B00B6DHGAW,B0087BPK3G,shorter sleeves and orange,pink and less flowing
dress,train,dress_train_05699,B00D8PM8YU,B00CX4237O,is lighter and shorter,is shorter and pink
dress,train,dress_train_05700,B007WATBHO,B008P5OFHQ,is a longer length and has halter top,blue and yellow
dress,train,dress_train_05701,B0020HRSL0,B004HEXG1A,is black and white prints,is a green white and black pattern with no ruffles.
dress,train,dress_train_05702,B00BW8J5JG,B00BGHYYDU,has long sleeve and stripes,is striped and has long sleeves.
dress,train,dress_train_05703,B0091GQV3E,B008DSPOHA,Is more whimsical and colorful,it is more colorful and sleeveless
dress,train,dress_train_05704,B00EW3JLVU,B00G5S2W2K,is black with laced sides,is more simple and black
dress,train,dress_train_05705,B008XFB080,B00D8VVWHS,is a sleeveless short black dress. With a skull on the back.,is black with a skull on the back
dress,train,dress_train_05706,B00CFPNRWQ,B00ED6LJ5M,Is lighter with a floral print.,is more open and white
dress,train,dress_train_05707,B006H2F5Z0,B007Y0MC14,is spaghetti strapped scarf dress and stripped,is shorter
dress,train,dress_train_05708,B0032S1A2E,B00GS9OMDI,is red,has sleeves and is a brighter color
dress,train,dress_train_05709,B00BEW8ZO6,B00BMO2I8U,is shorter and single colored,no pattern and multi-colored
dress,train,dress_train_05710,B004VQBV1Q,B00BBUR51A,is a blue heels shoe,is a high heel
dress,train,dress_train_05711,B004HN75SQ,B002GYOV1W,has a green and white floral pattern,is lighter with more green
dress,train,dress_train_05712,B00DWVNGDC,B006WUM8BG,is more form fitting and revealing,Is more revealing and sexy
dress,train,dress_train_05713,B0080E3NY8,B004HD4US4,Is darker with a ruffled skirt.,is black and shorter
dress,train,dress_train_05714,B0037UZWUS,B004DC9Z2U,is blue,is longer and blue with a pattern
dress,train,dress_train_05715,B006LFF9FE,B00BKRN24I,Shorter and colors are in sections,has more pattern and is more casual
dress,train,dress_train_05717,B00DQDO4G4,B00C5TO0MI,has no straps,Is teal and a dress
dress,train,dress_train_05718,B007Z3V4GO,B005J29SRA,is light grey with a v neck,is more revealing
dress,train,dress_train_05719,B00B2IY1KY,B0076IKKBS,is black and grey in color,is darker toned
dress,train,dress_train_05720,B008UGYRGE,B007SPL7MU,is a light blue with thin straps,has a lighter blue
dress,train,dress_train_05721,B005M8QFN6,B002M3SL7W,is black and white and longer,is black and white and more form fitting
dress,train,dress_train_05722,B0054GX8PY,B005KOYZPM,shiny black dress with no sleeves,shorter and dark black
dress,train,dress_train_05723,B00CIQEHTY,B00CKQMZNC,is a multi colored dress,Is pretty similar with a different strap.
dress,train,dress_train_05724,B0071AKP8E,B004XIGMA2,is pink in color,is pink
dress,train,dress_train_05725,B006MOS4M4,B005KHNHUS,is gray with stribe design,is darker
dress,train,dress_train_05726,B0084DQV58,B000JL93LM, and sleeveless,has a jacket
dress,train,dress_train_05728,B007XR4KI6,B007VOHB64,is floral yellow and longer,is longer in length and is yellow
dress,train,dress_train_05729,B004IF6T26,B0099E8YQ0, layers and is black in color,is much brighter in color
dress,train,dress_train_05730,B00811YRZ4,B00COYHY7W,is sleeveless and darker,is black
dress,train,dress_train_05731,B007ISDNYC,B00A6DRYVY,is darker,is more floral
dress,train,dress_train_05732,B00BUK5WZ2,B00BUKCDWM,is a lighter mint green color,is a less shiny pale green
dress,train,dress_train_05733,B008VIU2V0,B005N7GPO0,is green in color with two straps,cap sleeved
dress,train,dress_train_05734,B008OVOV8Y,B008FY9WKM,is a half strap,It is more colorful and has sleeves
dress,train,dress_train_05735,B009PNEAUE,B009DM7KWC,is strapless and sleeveless and tighter,is more revealing and darker
dress,train,dress_train_05736,B003VWNDE4,B005P77ZAG,is shorter and sparkly,Is shorter and sequence
dress,train,dress_train_05737,B00DMP0FGO,B00DUH1ZO0, lighter-colored with small straps,is a print and fitted above the knee
dress,train,dress_train_05738,B00EPQ4O2U,B00A6YKVRC,A short grey and black flannel print,is cross striped with black and white.
dress,train,dress_train_05739,B0028AD76Y,B002KHN8A0,is a blue dress,is more revealing
dress,train,dress_train_05741,B00AE2QCUG,B00AU1U4PA,is belted and more official,is blue with a belt
dress,train,dress_train_05743,B0083CO8ZA,B001GCVGI6,is black and has longer sleeves,is solid black with a gold belt
dress,train,dress_train_05744,B0031M9YRO,B0032Z87XW,is a more solid color,is simple
dress,train,dress_train_05745,B0067FRZH8,B008BHJ9ME,has longer sleeves,has longer sleeves and lighter pattern
dress,train,dress_train_05746,B004XIG06I,B0071AKP8E,is a high low dress no straps,has a long train and no straps
dress,train,dress_train_05747,B00ARNR9A4,B0095R1U1M,is black and long sleeved,black and long sleeved
dress,train,dress_train_05748,B008BHS3UI,B007UM52J0,Is longer with a paisley pattern.,is more blue with a printed bodice
dress,train,dress_train_05749,B00EARUGF8,B006ORW8YO,more black and higher neckline,has no leggings
dress,train,dress_train_05750,B00DQNDOFQ,B00AZXG448,is longer with skull prints,has skull pattern
dress,train,dress_train_05751,B0058YSWG2,B007OZNMWW,has ruffled skirt and shorter sleeves,Has shorter sleeves and a ruffled bottom.
dress,train,dress_train_05752,B006OP693M,B004H7T7I8,is teal and more revaling.,is much shorter
dress,train,dress_train_05753,B005F1OFXM,B00746TBMG, is shorter,shorter with a brightly colored pattern
dress,train,dress_train_05755,B00CIQEV5Y,B00A0IEF9Y,has cheetah prints and open v neck,is sexier with print and v neck
dress,train,dress_train_05756,B007WA4CQ4,B00AFDISU6,Is more white and more revealing,is a light blue with shorter sleeves.
dress,train,dress_train_05757,B00CGTC1SW,B008VIZHC4,is red with lace on it,is redder and shorter
dress,train,dress_train_05758,B00AWBPK0W,B0073MEKE0,has a v shaped neckline and no sleeves,has no sleeves and black color
dress,train,dress_train_05759,B007RBHQGG,B004TFWGUE, is patterned,is more straight black
dress,train,dress_train_05760,B00FFXY3EQ,B00A13G4RY,is more blue and strapless,Has stripes and no straps or arms
dress,train,dress_train_05761,B0073ESE3G,B00CFM71CG,is dark blue with green designs,is a dark blue robe
dress,train,dress_train_05762,B00DLK1G2C,B00EJXZ9T6,is darker,is similar
dress,train,dress_train_05763,B00ATTIRDE,B00821TA0A,is pink with no sleeves,is solid pink
dress,train,dress_train_05764,B007J2YA5I,B00AVWKDTK,is shorter and darker,has spaghetti straps and is a brighter color
dress,train,dress_train_05766,B00GOITRZG,B00BLHU9G6,Is black and has a pattern,lighter and thinner
dress,train,dress_train_05767,B0033PRQ7E,B007C4BERK,has a more modest neck and a different pattern,Has more green shows less sking
dress,train,dress_train_05769,B004EU7P9Q,B004AZAK24,is more pink,is pink and no ripples
dress,train,dress_train_05770,B00B1JY9B0,B002PZ94KA,Is beige color and shorter.,is tropical patterned
dress,train,dress_train_05771,B0040QDX6S,B006UCJ2II,is longer and has floral,is longer in purple colors and two straps around the shoulders.
dress,train,dress_train_05772,B00CIQP6C6,B00E1ZS3E0,Is more revealing and more  pink,is halter and longer
dress,train,dress_train_05773,B0080E6XEU,B00AFVIOVG, darker and has both straps,has an all black top.
dress,train,dress_train_05774,B006J42UHW,B00313IZ0U,Has a pink top and back skirt.,Less monochromatic and less embroidery
dress,train,dress_train_05775,B006TAKSBQ,B0073DKO30,is red,is red with straps
dress,train,dress_train_05777,B00BUUFHAW,B003VI94U0,is blue with a boxy neck,is lighter and warmer
dress,train,dress_train_05778,B004XYPNA6,B003RKNK16,is more revealing,is shorter and a line
dress,train,dress_train_05779,B00936I4EQ,B007RUZ5U6,has a shinier top that appears silver,has a shiny top material and an uneven neckline
dress,train,dress_train_05780,B00EDQ5962,B0075N3YAI,is black with v shaped neck,is solid black
dress,train,dress_train_05781,B00BJA0H08,B00D7O1HXU,has abstract prints,is more billowy and patchwork
dress,train,dress_train_05782,B00EJRX3Y0,B00AIXO8WU,is white and black stripes,a shirt
dress,train,dress_train_05783,B005SVSPMQ,B00BSNJT7S,has caped shoulder sleeves and is cobalt blue,is shorter and a solid blue color
dress,train,dress_train_05784,B00BB7OYIK,B004FPZJWK,is gray with two sleeves,is silver and sexy
dress,train,dress_train_05786,B00C3UAXYI,B005UXXJP0,is much sexier and slimmer,is one shoulder and has an animal pattern
dress,train,dress_train_05787,B00DIGHJ70,B00CLV9I90, with polka dots,has a pink design added to it with the addition of strapless features.
dress,train,dress_train_05788,B00BDGN6AQ,B00B3QB7GQ,one shouldered beige dress,the dress is more revealing and has flowers
dress,train,dress_train_05789,B008YR1258,B00DU7WE5E,has an afican print with halter straps,is bright yellow color with no sleeves
dress,train,dress_train_05790,B00726HLCU,B009KM5F3Q,has spagetti straps and shorter fringe,has smaller straps and is a darker color
dress,train,dress_train_05791,B002ZG7MQW,B005Q7HTYW,has cap sleeves and a dark pattern,has a v neckline
dress,train,dress_train_05792,B00C2G3YKS,B00CMEZ44Y,has a rectangular shapes neck and is more colorful,is orange and blue and has strapes
dress,train,dress_train_05793,B009R3CYLO,B004PVTU24,is shorter and with less bare shoulders,is blue with straps
dress,train,dress_train_05795,B0045KDJYU,B00CJDHFDG,has longer sleeves and white,is much lighter in color
dress,train,dress_train_05796,B007H3JKW2,B002VLCTIW,floral print dress in multicolor,is red and much shorter
dress,train,dress_train_05797,B0065W77AS,B007V0B65K, has a shorter hemline,is more flowing
dress,train,dress_train_05798,B0072VSPFC,B00DQ3DS2A,more embellished and greener,is blue with thick straps
dress,train,dress_train_05799,B007NKXKWU,B005UEVP6E,is grey in color and more longer sleeves,has more colors in it
dress,train,dress_train_05800,B005RYOALE,B0095FP8PI,is darker, yellow
dress,train,dress_train_05801,B00B0BZM60,B0096IPX0E,has black lace and is a body con,has lace detail and more form fitting
dress,train,dress_train_05802,B00A3Q8A1M,B00AA6F7G6,has straps and is salmon colored,is v neck and coral
dress,train,dress_train_05803,B00B02V600,B00B7PFGZ6,a sleeveless orange dress,is orange and shorter
dress,train,dress_train_05804,B00DR7GMTG,B007ZYKK1I,has a black and white striped top and black sirt,is black and white
dress,train,dress_train_05805,B0039ITJOI,B002XUL9IC,is floor lenght and shoulder free,is longer and strapless
dress,train,dress_train_05807,B00ELV4GZ4,B0089I9JOI,is shorter with no sleeves,is shorter and small straps
dress,train,dress_train_05808,B00B1YKH9I,B00A7HG686,Is a white vintage style short ruffle dress.,shows more legs
dress,train,dress_train_05809,B0030KF444,B003HG9IK2,is black with pockets on the side,is black and shorter in length
dress,train,dress_train_05810,B002TYZH6W,B0070SSQ06,is longer with orange and black stripes,is long and patterned
dress,train,dress_train_05811,B009MIMVNA,B009LM7BWS,is black, and has striped
dress,train,dress_train_05812,B004WZQPN0,B00BRCG24I,Has a longer length and a print.,is longer in length and a variety of colors
dress,train,dress_train_05813,B0009Y2LN6,B005BITW7I,is longer and  sleeveless,is longer and black
dress,train,dress_train_05814,B00901MNSC,B009M1V0AM, two-toned and less tight,has long-sleeves and pink
dress,train,dress_train_05815,B00E5O5UCA,B00B5HJMTC,is a darker color,is brown
dress,train,dress_train_05816,B005P781OA,B009GE2XGU,has no sleeves with a v neck,has two different colors top and bottom
dress,train,dress_train_05817,B007R9JSDC,B0073W7MEU,is darker,is darker in color
dress,train,dress_train_05818,B007ZQ6SLW,B007IDWMJO,is solid pink and longer,maxi dress in peach with straight hem
dress,train,dress_train_05819,B008FVERDW,B00698P5WU,has longer sleeves and is warmer,is light purple
dress,train,dress_train_05820,B004LLISF8,B007IS283E,is shorter and blue shade,is green and blue
dress,train,dress_train_05821,B00FGNAA74,B00B2TO536,is a yellow tube dress,is orange
dress,train,dress_train_05822,B00CY942GS,B00CY8RYX2,is less revealing and is not green.,is dark blue with white around the waist
dress,train,dress_train_05823,B007XCGWS2,B009OCNXFE,is lighter,Is less revealing and is peach
dress,train,dress_train_05824,B00B1KB4OO,B00BR3C2J6,is more fitting and thinner straps,the dress is cream color and more revealing
dress,train,dress_train_05826,B00CL0KUU2,B0091M5G1G,is spaghetti strapped and light blue,is blue and shorter
dress,train,dress_train_05827,B009S3FZVY,B006WJKGFW,has straps with large floral design towards bottom,is spaghetti strapped and has a lighter bottom
dress,train,dress_train_05828,B004M8RTIC,B0031M9YRO,Is more colorful with multi color print.,is blue and less revealing
dress,train,dress_train_05829,B00CLF4KJY,B004M5ITH0,is blue white and green and longer,is blue and white with shorter sleeves
dress,train,dress_train_05830,B00EETM826,B00FTV2XO6,has longer sleeves and is purple,is longer and long-sleeve
dress,train,dress_train_05831,B00CRNKQG6,B00E38FAGE,Is more fitted and has longer sleeves,is more sexual
dress,train,dress_train_05832,B008CQB4HC,B0073ESG70,is black without sleeves,is darker
dress,train,dress_train_05833,B008OZSN8O,B006J3Y80A,is longer and a light colored pattern,Has longer sleeves
dress,train,dress_train_05834,B00AD11UB4,B005T98SP6,is pink on top and skirt is black with round close neck line,has darker colors
dress,train,dress_train_05836,B00DGGFPZK,B00COU9YBU,is a more abstract design,has less of a busy pattern
dress,train,dress_train_05837,B00CIAJ4KC,B00D6U4L9M,sexier,is blue and off one shoulder
dress,train,dress_train_05838,B0090KHJIW,B006Y608S8, with spaghetti straps.,is shorter and has a lower neckline
dress,train,dress_train_05839,B00485C9I4,B003M2YC7U,is less black,Is a lighter color with no waistline.
dress,train,dress_train_05840,B008AEEF72,B005WN58S4,is more diagonal and has exposed shoulder,The desired product is a completely different style than the provided product
dress,train,dress_train_05841,B00876BSHI,B00A9VARLM,is shorter with thick straps,is much shorter
dress,train,dress_train_05842,B005S01A2O,B008KFIVIA,has a larger floral print,is longer
dress,train,dress_train_05843,B00DEEAYJG,B00F60YZF0,is red and is more plain,is slightly darker
dress,train,dress_train_05844,B0074R3NS8,B007WPMA54,is sort sleeves and more sparkle,is shiny and has longer sleeves
dress,train,dress_train_05845,B007ABAIEK,B007ABAWJ6,short sleeved patterned dress,is darker and has sleeves
dress,train,dress_train_05846,B007U3P4LU,B00F9AJ6U6,has a elegant style,is more ethnic
dress,train,dress_train_05847,B009LM7BWS,B009JG2AR2,is black with white stripes,is more sailor like
dress,train,dress_train_05848,B008PCHXYG,B008AM6QP8,is spaghetti strapped blackdress,is a dress with spaghetti straps
dress,train,dress_train_05849,B00BV49WYY,B007RLQVLC,is a dress and is not a logo,is multi coloured and not text
dress,train,dress_train_05851,B002QAW5FU,B0075D4O48,is more fitting and has two colors,is more slim and more formal
dress,train,dress_train_05852,B00AKTTX8G,B0088XZU42,is longer,is longer and long-sleeved
dress,train,dress_train_05853,B0097IYBBA,B00BJGN4NO,Is more beige with ruffled sleeves,It is less white and has shoulder
dress,train,dress_train_05855,B008006EU2,B00575VQWO,is darker and has longer sleeves,Has slightly longer sleeves
dress,train,dress_train_05856,B008409RPW,B004KPKTRU,has a deeper neckline and is lighter,is white and strappy
dress,train,dress_train_05857,B00CTA0NEW,B008HSWRJO,is more grey,has a belt
dress,train,dress_train_05858,B00BGJLRLK,B0056BKGIY,I want a dress with shoulders and black,is in black with v neck.
dress,train,dress_train_05859,B008UWI3BI,B00F3JZ40E,is shorter,is above the knee and tan colored
dress,train,dress_train_05860,B00AG42396,B00DSPMKB6,has a shorter hemline and shoulder cut outs,Is shorter
dress,train,dress_train_05861,B005VG51SO,B004RTXYV2,has no straps or sleeves,is strapless and fluffy bottom half
dress,train,dress_train_05862,B009NCHCAM,B00422MUHS,Is a short blue dress with long sleeves,has a lighter purple color.
dress,train,dress_train_05863,B0069TCQ3A,B0070ZBP4I,is a blue ,is more brighter
dress,train,dress_train_05864,B005Z4JT26,B009AMK77A,is white and sleeveless,is white and small straps
dress,train,dress_train_05865,B006QII0FC,B007U63FOA,round and shorter,Has longer sleeves and is less fitted
dress,train,dress_train_05866,B007R63LT2,B00850T28S,is much longer,is a maxi and is more fitted
dress,train,dress_train_05867,B00APE0XGM,B008FELTXK,is a solid gray with a smaller neck line,is long sleeve and shiny gray
dress,train,dress_train_05868,B007Z0NTFQ,B005P780VY,is one sleeved,is black and bares only one shoulder
dress,train,dress_train_05869,B007WPHUYU,B006WJIK2I,is long,is a grey and red color that drapes to the floor.
dress,train,dress_train_05870,B00BLV66OQ,B00DK60DBC,is slimmer and longer,is longer and thinner
dress,train,dress_train_05872,B00DLADAKS,B005FMSS7A,has pink and white stripes,has striped design in pink and white only.
dress,train,dress_train_05873,B008OW2YQ4,B0050SKS7W,has bright colors and cap sleeves,has prints and is shiny
dress,train,dress_train_05874,B00DLKDTMM,B005BNYEYE,is a longer sleeved tan dress,is black with floral print
dress,train,dress_train_05875,B00B5MJSJQ,B009UU80M6,has no sleeves and is lighter,is longer
dress,train,dress_train_05876,B0060I62YE,B008F3YL86,is long sleeved and brighter colored,long sleeve round neck
dress,train,dress_train_05877,B007WASWOW,B00E0GPEQU,has sleeves and lacy neckline,is red with lace detail
dress,train,dress_train_05878,B0080EMFGU,B005SOD6V8,has sleeves and is shorter,Shorter with longer sleeves
dress,train,dress_train_05879,B006W8T1N6,B008CGXP8I,Is more fitted and white,Is more fitting with a belt and no ruffles.
dress,train,dress_train_05880,B00BLMORFU,B00BSW48ZM,fuller,has sleeves and is a brighter color
dress,train,dress_train_05881,B007FP788K,B00BFPTEC4,Is less girly and more monochromatic,is just pants
dress,train,dress_train_05882,B009S3FEEC,B00D5KRQNQ,is floor length with split and pink bodice.,is black silver and pink and more formal
dress,train,dress_train_05883,B008UWXSH2,B005VFQU62,is more twisted and and less geometric,Is shorter and more casual
dress,train,dress_train_05884,B008E5Q0LG,B004JQONUY,is a dark short dress with long sleeves,is more flowy with a pattern
dress,train,dress_train_05885,B00FFXYD6E,B00A9VAOXI,is gren and red colorful print,has more red and green
dress,train,dress_train_05886,B007RKTP3E,B004MKNOIE,has multi-colored horizontal stripes,has multi colored stirpes
dress,train,dress_train_05887,B004RH4USA,B0018Q0WZS,is longer and darker in color,longer with shorter sleeves
dress,train,dress_train_05888,B00D6RYKZA,B008BB3C3W,is belted and shorter,is shorter with different straps and a different print
dress,train,dress_train_05889,B00ENX4NJO,B00C7JEVB6,is black and partially backless dress,is black with a revealing back
dress,train,dress_train_05890,B00GNDS53C,B00GFLTA5E,has longer sleeves and is shorter,Has long sleeves and is longer
dress,train,dress_train_05891,B0090KHIBK,B008BZ4E7Q,is solid black with lace,is sexier and revealing
dress,train,dress_train_05892,B00B2EAOA4,B009NGCDYI,is black and shorter,has a shorter front and darker color
dress,train,dress_train_05893,B00BIMTRBW,B00ES83OGW,longer with a wrap around look,Black dress.
dress,train,dress_train_05894,B004L2L9SK,B00G0SF448,Has spaghetti straps and light pale colors,more ruffles and brighter
dress,train,dress_train_05895,B003TW4N7M,B00AA8JNTQ,is sleeveless in black lace,has straps and a higher neckline and no tiered skirt
dress,train,dress_train_05896,B00AU9Z5VK,B006NZYGHY,is strapless with gold sequins,has a patterned front and is dark
dress,train,dress_train_05897,B00ABBZVDY,B00D8YNRIC,is long with no straps,has shorter sleeves and less revealing
dress,train,dress_train_05899,B00DQ3DS2A,B0070J3K42,is sleeveless mini blue dress with crinolin bottom,is shorter and more  flouncy
dress,train,dress_train_05900,B00D3ECZBW,B007LARMMG, long sleeved and has a v-neck collar, is more loose fitting and is a darker color
dress,train,dress_train_05901,B00EOBPMR2,B00B7QPWUO,has purple print in dress,is patterned and darker
dress,train,dress_train_05902,B00814KITU,B00741MS5I,has cap sleeves and a printed bottom,has a patterned front
dress,train,dress_train_05903,B00C3WP1ES,B00D2D0Y6M,is white and black in color and longer.,more elegant and white
dress,train,dress_train_05904,B007P1PPT8,B00FN3NVIM,is red and longer,has more red and longer length
dress,train,dress_train_05905,B002SL81SM,B007OVV37C, more fitted with lace 3/4 length sleeves.,It is dotted and less colorful
dress,train,dress_train_05906,B00144G7O4,B001WAM21W,is white and lacy,is white and black and shorter
dress,train,dress_train_05908,B00C4OMRUQ,B002IQZJYQ,is brighter with no sleeves and straps,Is gold in color and sleeveless
dress,train,dress_train_05909,B009SKNLVS,B00D8GXLJ0,shorter and less formal, blue
dress,train,dress_train_05910,B00DSDMNCE,B00DZUN91O,Is shorter and more patterned,is a shorter skirt with white polka dots
dress,train,dress_train_05911,B007HKH8NI,B00CE06QS4,is longer with a checkerboard pattern on the front,is longer and contains a checkerboard print
dress,train,dress_train_05912,B0058V5FNS,B00B6CX544,is more patterned,has a more busy looking pattern
dress,train,dress_train_05913,B00CXVMD22,B00CO6L494,is a bright color with lace,Is pink and texured
dress,train,dress_train_05914,B00CAA4WU2,B00BNO6UKQ,is solid red and only one shouldered,has more red
dress,train,dress_train_05915,B005LC23ES,B008YIH0CG,has a more modest top with shorter hemline in green,has flowers and is turquoise
dress,train,dress_train_05916,B007WAD292,B00BM0LF5G,is solid peach with sheer cover,monochromatic and room y
dress,train,dress_train_05917,B00AJNGW4G,B00CZ9K48W,is red and yellow with polka dots,has red bottom and business top with a tan jacket with arms.
dress,train,dress_train_05918,B00CGTC1SW,B002ZG8RWU,has a v neck and is solid black,has a v-neck and is a solid color
dress,train,dress_train_05919,B00CANBBIU,B00B9R6GOC,is fashionable,has a dark red animal print and sleeves
dress,train,dress_train_05921,B003TJA806,B0030DG6X4,is darker,is less colorful and belted
dress,train,dress_train_05922,B00DJHQJRO,B00BR6QL7W,Is longer and strapless,is strapless and a darker beige
dress,train,dress_train_05923,B007Y2CU3M,B005HF2JZW,is dark brown colored,is burgundy stripped and cowl neck
dress,train,dress_train_05924,B007WACXG0,B007SRJ3CE,is solid grey,is purple
dress,train,dress_train_05925,B005MKBNX6,B00CEJWOHW,its long with blue and pink stripes with  no sleeves, has sleeves and a v neckline and patterned
dress,train,dress_train_05926,B004IWRILU,B007WXIZ00, made of sheer silk,is more brighter
dress,train,dress_train_05927,B00D5033UQ,B00C931A8C,is black shades,has more black in it
dress,train,dress_train_05928,B0061K4F7M,B0084ZTU36,has short pink mini and no sleeves,magenta with no v neck
dress,train,dress_train_05929,B00BUUFHAW,B006XM5Z72,dress with a beach front on its design,has more of an island print
dress,train,dress_train_05930,B009R7SBCG,B009MJLEYQ,has no sleeves,is sleeveless and higher but neckline
dress,train,dress_train_05931,B007J2YA5I,B007974HLA,is solid orange,is more of an orange color
dress,train,dress_train_05932,B004PFKIOE,B005KYVNL6,is a short sleeve black dress,is tigher and darker
dress,train,dress_train_05933,B006PA7U98,B00GAGWHO0,is more vertical and more stark,is black and white and tight
dress,train,dress_train_05934,B00FLB926Q,B00G2XH4BM,uneven long purple dress,has no black stripes.
dress,train,dress_train_05935,B0096NMDBG,B005MN4UCO,is solid black,is black and 3/4 sleeves
dress,train,dress_train_05936,B0091S4VUM,B008E663JY,A more colorful sheath dress.,magenta with belt
dress,train,dress_train_05937,B00B2FSFPE,B004X0VXQI,is solid blue,is blue and more revealing
dress,train,dress_train_05938,B007HNF8EG,B00DJ803SE,is black and white,is darker
dress,train,dress_train_05939,B008KDNH54,B00COQ4XGK,is orange and sleeveless,More orange and shorter sleeves
dress,train,dress_train_05940,B0062FMQOU,B005G0RBKG,is less revealing and a different design,shoulder straps and darker
dress,train,dress_train_05941,B008CEXWP6,B00BNT81US,is blue and less shiny.,is blue color and no sleeves
dress,train,dress_train_05942,B008CTQHEE,B00880EZ6Y, white black and green dress,is multi-colored and less shiny
dress,train,dress_train_05943,B0062FMQOU,B00BKRMIPM,is a fitted patterned dress,is printed
dress,train,dress_train_05944,B007P50UBC,B005H3EV14,is strapless,is more sexy
dress,train,dress_train_05945,B003EQ5548,B004HHO3EQ,Is lighter and looser.,is light brown
dress,train,dress_train_05946,B00BPNVE1A,B00CBUSXEC,has shorter sleeves and light colored, and more solid brown
dress,train,dress_train_05947,B008CV60QM,B00A0IEA3K,has cheetah print design with shorter sleeves,is black with white
dress,train,dress_train_05948,B00FN3NVIM,B00EV7R8UI,is grey colored,is lighter in color and is more form fitting
dress,train,dress_train_05949,B00AW8XAA2,B008BMXNBM,is shorter and has long sleeves,is navy
dress,train,dress_train_05950,B0097TUOV0,B002RL7Z9O,looks less bold and color is too dark,has a lower neck line
dress,train,dress_train_05951,B00CG716WQ,B00CTT50PU,Is the same dress.,is sexy and elegant
dress,train,dress_train_05952,B007FPNSKW,B005068APG,is darker and more revealing,Is black
dress,train,dress_train_05953,B005V5E2O4,B00C4OMRUQ,has more lace,Longer sleeves and more smart
dress,train,dress_train_05954,B00E0WP2Y8,B0091COEXW,short sleeved red dress with black belt,more red
dress,train,dress_train_05955,B00CGYP4GI,B00CE8UBA0,is longer below knee and a solid color purple,is purple
dress,train,dress_train_05956,B0036TG1H8,B008MMQE1M,has longer sleeves and is darker in color,is darker colored and has a v neck
dress,train,dress_train_05957,B003DO56SG,B004LQ251G,is more visually stylistic,is lighter teal blue and white with rounded neck line
dress,train,dress_train_05958,B00109US84,B0006VN9EW,Is purple and more simple,is shorter and a brighter color
dress,train,dress_train_05959,B005KGHT5S,B009CSI5F8,has shorter sleeves and is tighter,Is red with black lace and shorter sleeves
dress,train,dress_train_05960,B006J431UM,B003TW4K2A,is black colored and shorter in length,It is more black and less flowery
dress,train,dress_train_05961,B00BI588U0,B00B7PFHQE,Is darker with a floral pattern.,is less see through
dress,train,dress_train_05962,B00CGYK75Q,B00CGYJYC8,is orange with a ruffled skirt,is orange colored
dress,train,dress_train_05963,B00AFK1TXW,B00GHHOY7A,long sleeves black dress,has longer sleeves and more formal
dress,train,dress_train_05964,B00AKMM6HI,B00AO9S0Q8,is looser fitting with patterns,has short sleeves and less revealing
dress,train,dress_train_05965,B007V0LCUY,B00DCTLPSM,N/A,is not a clothing item
dress,train,dress_train_05967,B009RLGYHQ,B005ACHE0C,is less fitted with longer sleeves,has longer sleeves and is darker
dress,train,dress_train_05968,B00FPRL2AU,B005QYFJM4,Has a halter top and is floral.,Is more vintag
dress,train,dress_train_05969,B007HCQ6RU,B0074HPFDY,is brown with short sleeves,is tan with longer sleeves
dress,train,dress_train_05970,B0084JU6JE,B0052WS53K, brighter,is a striped sweater
dress,train,dress_train_05971,B004LVNO8Y,B007FOF35G,is red with one shoulder strap,is red-pink and covers one shoulder
dress,train,dress_train_05972,B005SN7E8A,B00480AS5K,short sleeved green dress,is more green and has short sleeves
dress,train,dress_train_05973,B009S3E9KW,B006WX6JO0,is shorter with spaghetti straps, darker colored and patterned
dress,train,dress_train_05974,B00B1AV0QG,B00EETM826,is blue and lenght is above the knee,is darker and has sleeves
dress,train,dress_train_05975,B00DSQQQ7Y,B00724PDMW,is more fitting,is solid blue and form fitting
dress,train,dress_train_05976,B00ADRIN72,B00849NI1C,is a floral print dress,has a tighter fit
dress,train,dress_train_05977,B008YQW44C,B00BT919G0,is white with lace sleeves,is solid white with sleeves
dress,train,dress_train_05978,B0067M3LGA,B0067LQEFG,is more solid and with higher neckline,is solid red with a high neckline
dress,train,dress_train_05979,B007520NXU,B00CFXUD2U,has a v shaped neck and is brighter and floral,is more floral
dress,train,dress_train_05981,B00BWA72S0,B002Q4UJCM,is plaid with buttons and short sleeves,Is blue and green check
dress,train,dress_train_05982,B009K677EM,B00E8CJYNU,is shorter and darker and has longer sleeves,is more blue with longer sleeves
dress,train,dress_train_05983,B00DJGCPD2,B00A2DDV92,is more colourful,is strapless and a brighter color
dress,train,dress_train_05984,B008OTJTH4,B00B53H8R4,is solid gray and has longer sleeves,is grey with longer sleeves
